grid_0,grid_1,grid_2,grid_3,grid_4,grid_5,grid_6,grid_7,grid_8,grid_9,grid_10,grid_11,grid_12,grid_13,grid_14,grid_15,score_normalized,action
0.00006103515625000,0.00000000000000000,0.00000000000000000,0.00006103515625000,0.00000000000000000,0.00000000000000000,0.00000000000000000,0.00000000000000000,0.00000000000000000,0.00000000000000000,0.00000000000000000,0.00000000000000000,0.00000000000000000,0.00000000000000000,0.00000000000000000,0.00000000000000000,0.00000000000000000,2
0.00000000000000000,0.00000000000000000,0.00000000000000000,0.00000000000000000,0.00000000000000000,0.00000000000000000,0.00000000000000000,0.00000000000000000,0.00000000000000000,0.00006103515625000,0.00000000000000000,0.00000000000000000,0.00006103515625000,0.00000000000000000,0.00000000000000000,0.00006103515625000,0.00000000000000000,0
0.00000000000000000,0.00000000000000000,0.00000000000000000,0.00000000000000000,0.00000000000000000,0.00000000000000000,0.00000000000000000,0.00000000000000000,0.00000000000000000,0.00000000000000000,0.00006103515625000,0.00006103515625000,0.00000000000000000,0.00000000000000000,0.00000000000000000,0.00012207031250000,0.11649500072266981,2
0.00000000000000000,0.00000000000000000,0.00000000000000000,0.00000000000000000,0.00000000000000000,0.00000000000000000,0.00000000000000000,0.00000000000000000,0.00000000000000000,0.00006103515625000,0.00000000000000000,0.00012207031250000,0.00000000000000000,0.00000000000000000,0.00000000000000000,0.00012207031250000,0.15904041823988749,1
0.00000000000000000,0.00000000000000000,0.00000000000000000,0.00000000000000000,0.00000000000000000,0.00000000000000000,0.00000000000000000,0.00000000000000000,0.00006103515625000,0.00000000000000000,0.00006103515625000,0.00012207031250000,0.00000000000000000,0.00000000000000000,0.00000000000000000,0.00012207031250000,0.15904041823988749,2
0.00000000000000000,0.00000000000000000,0.00000000000000000,0.00000000000000000,0.00000000000000000,0.00000000000000000,0.00000000000000000,0.00006103515625000,0.00012207031250000,0.00012207031250000,0.00000000000000000,0.00000000000000000,0.00012207031250000,0.00000000000000000,0.00000000000000000,0.00000000000000000,0.18565722538447280,2
0.00000000000000000,0.00000000000000000,0.00000000000000000,0.00000000000000000,0.00006103515625000,0.00000000000000000,0.00000000000000000,0.00000000000000000,0.00000000000000000,0.00000000000000000,0.00000000000000000,0.00000000000000000,0.00024414062500000,0.00012207031250000,0.00000000000000000,0.00006103515625000,0.22036988245565323,1
0.00000000000000000,0.00000000000000000,0.00000000000000000,0.00000000000000000,0.00006103515625000,0.00000000000000000,0.00000000000000000,0.00000000000000000,0.00006103515625000,0.00000000000000000,0.00000000000000000,0.00000000000000000,0.00024414062500000,0.00012207031250000,0.00000000000000000,0.00006103515625000,0.22036988245565323,1
0.00012207031250000,0.00012207031250000,0.00000000000000000,0.00006103515625000,0.00024414062500000,0.00006103515625000,0.00000000000000000,0.00000000000000000,0.00000000000000000,0.00000000000000000,0.00000000000000000,0.00000000000000000,0.00000000000000000,0.00000000000000000,0.00000000000000000,0.00000000000000000,0.23299000144533963,1
0.00024414062500000,0.00006103515625000,0.00012207031250000,0.00000000000000000,0.00024414062500000,0.00006103515625000,0.00000000000000000,0.00000000000000000,0.00000000000000000,0.00000000000000000,0.00000000000000000,0.00000000000000000,0.00000000000000000,0.00000000000000000,0.00000000000000000,0.00000000000000000,0.25308565664631461,1
0.00048828125000000,0.00012207031250000,0.00012207031250000,0.00000000000000000,0.00006103515625000,0.00000000000000000,0.00000000000000000,0.00000000000000000,0.00000000000000000,0.00000000000000000,0.00000000000000000,0.00000000000000000,0.00000000000000000,0.00000000000000000,0.00000000000000000,0.00000000000000000,0.28737931160013147,2
0.00000000000000000,0.00000000000000000,0.00000000000000000,0.00000000000000000,0.00000000000000000,0.00000000000000000,0.00006103515625000,0.00000000000000000,0.00048828125000000,0.00000000000000000,0.00000000000000000,0.00000000000000000,0.00006103515625000,0.00012207031250000,0.00012207031250000,0.00000000000000000,0.28737931160013147,1
0.00048828125000000,0.00012207031250000,0.00006103515625000,0.00000000000000000,0.00006103515625000,0.00000000000000000,0.00012207031250000,0.00000000000000000,0.00006103515625000,0.00000000000000000,0.00000000000000000,0.00000000000000000,0.00000000000000000,0.00000000000000000,0.00000000000000000,0.00000000000000000,0.28737931160013147,3
0.00000000000000000,0.00000000000000000,0.00000000000000000,0.00000000000000000,0.00000000000000000,0.00000000000000000,0.00000000000000000,0.00006103515625000,0.00048828125000000,0.00000000000000000,0.00006103515625000,0.00000000000000000,0.00012207031250000,0.00012207031250000,0.00012207031250000,0.00000000000000000,0.29264580927874856,1
0.00048828125000000,0.00012207031250000,0.00006103515625000,0.00006103515625000,0.00012207031250000,0.00000000000000000,0.00012207031250000,0.00006103515625000,0.00000000000000000,0.00000000000000000,0.00000000000000000,0.00000000000000000,0.00000000000000000,0.00000000000000000,0.00000000000000000,0.00000000000000000,0.29264580927874856,3
0.00048828125000000,0.00012207031250000,0.00012207031250000,0.00000000000000000,0.00024414062500000,0.00006103515625000,0.00000000000000000,0.00000000000000000,0.00000000000000000,0.00000000000000000,0.00000000000000000,0.00000000000000000,0.00000000000000000,0.00000000000000000,0.00000000000000000,0.00006103515625000,0.30647484845620920,2
0.00000000000000000,0.00000000000000000,0.00048828125000000,0.00024414062500000,0.00000000000000000,0.00006103515625000,0.00024414062500000,0.00006103515625000,0.00000000000000000,0.00000000000000000,0.00000000000000000,0.00000000000000000,0.00000000000000000,0.00000000000000000,0.00000000000000000,0.00006103515625000,0.31441512086208029,1
0.00000000000000000,0.00006103515625000,0.00048828125000000,0.00024414062500000,0.00000000000000000,0.00000000000000000,0.00024414062500000,0.00012207031250000,0.00000000000000000,0.00000000000000000,0.00000000000000000,0.00000000000000000,0.00000000000000000,0.00000000000000000,0.00006103515625000,0.00000000000000000,0.31808083647977498,0
0.00000000000000000,0.00006103515625000,0.00048828125000000,0.00024414062500000,0.00000000000000000,0.00000000000000000,0.00024414062500000,0.00012207031250000,0.00000000000000000,0.00000000000000000,0.00006103515625000,0.00000000000000000,0.00000000000000000,0.00006103515625000,0.00000000000000000,0.00000000000000000,0.31808083647977498,0
0.00000000000000000,0.00006103515625000,0.00048828125000000,0.00024414062500000,0.00006103515625000,0.00000000000000000,0.00024414062500000,0.00012207031250000,0.00000000000000000,0.00000000000000000,0.00000000000000000,0.00006103515625000,0.00000000000000000,0.00000000000000000,0.00000000000000000,0.00006103515625000,0.31808083647977498,2
0.00006103515625000,0.00000000000000000,0.00000000000000000,0.00000000000000000,0.00000000000000000,0.00000000000000000,0.00000000000000000,0.00024414062500000,0.00000000000000000,0.00000000000000000,0.00048828125000000,0.00012207031250000,0.00006103515625000,0.00006103515625000,0.00024414062500000,0.00012207031250000,0.32156982095238212,3
0.00006103515625000,0.00006103515625000,0.00000000000000000,0.00000000000000000,0.00024414062500000,0.00000000000000000,0.00000000000000000,0.00000000000000000,0.00048828125000000,0.00012207031250000,0.00000000000000000,0.00000000000000000,0.00012207031250000,0.00024414062500000,0.00012207031250000,0.00000000000000000,0.32489833444081878,1
0.00006103515625000,0.00006103515625000,0.00012207031250000,0.00000000000000000,0.00024414062500000,0.00012207031250000,0.00000000000000000,0.00000000000000000,0.00048828125000000,0.00024414062500000,0.00000000000000000,0.00000000000000000,0.00012207031250000,0.00000000000000000,0.00006103515625000,0.00000000000000000,0.32489833444081878,3
0.00012207031250000,0.00012207031250000,0.00000000000000000,0.00000000000000000,0.00024414062500000,0.00012207031250000,0.00012207031250000,0.00000000000000000,0.00048828125000000,0.00024414062500000,0.00000000000000000,0.00000000000000000,0.00012207031250000,0.00006103515625000,0.00000000000000000,0.00000000000000000,0.32808049142565582,1
0.00012207031250000,0.00024414062500000,0.00012207031250000,0.00000000000000000,0.00024414062500000,0.00024414062500000,0.00000000000000000,0.00000000000000000,0.00048828125000000,0.00006103515625000,0.00000000000000000,0.00006103515625000,0.00012207031250000,0.00000000000000000,0.00000000000000000,0.00000000000000000,0.33405356229710709,0
0.00000000000000000,0.00012207031250000,0.00024414062500000,0.00012207031250000,0.00000000000000000,0.00000000000000000,0.00000000000000000,0.00048828125000000,0.00000000000000000,0.00000000000000000,0.00048828125000000,0.00012207031250000,0.00000000000000000,0.00000000000000000,0.00006103515625000,0.00012207031250000,0.34713089505274169,2
0.00000000000000000,0.00000000000000000,0.00012207031250000,0.00000000000000000,0.00000000000000000,0.00000000000000000,0.00024414062500000,0.00012207031250000,0.00000000000000000,0.00000000000000000,0.00048828125000000,0.00048828125000000,0.00000000000000000,0.00012207031250000,0.00006103515625000,0.00024414062500000,0.35176495171654149,2
0.00000000000000000,0.00000000000000000,0.00000000000000000,0.00012207031250000,0.00000000000000000,0.00006103515625000,0.00024414062500000,0.00012207031250000,0.00000000000000000,0.00000000000000000,0.00000000000000000,0.00097656250000000,0.00000000000000000,0.00012207031250000,0.00006103515625000,0.00024414062500000,0.36780431267197494,1
0.00000000000000000,0.00006103515625000,0.00024414062500000,0.00024414062500000,0.00000000000000000,0.00012207031250000,0.00006103515625000,0.00097656250000000,0.00000000000000000,0.00000000000000000,0.00006103515625000,0.00024414062500000,0.00000000000000000,0.00000000000000000,0.00000000000000000,0.00000000000000000,0.37131445076894559,0
0.00006103515625000,0.00048828125000000,0.00000000000000000,0.00000000000000000,0.00012207031250000,0.00006103515625000,0.00097656250000000,0.00000000000000000,0.00006103515625000,0.00024414062500000,0.00000000000000000,0.00000000000000000,0.00000000000000000,0.00000000000000000,0.00000000000000000,0.00006103515625000,0.37786195473383560,3
0.00000000000000000,0.00000000000000000,0.00000000000000000,0.00000000000000000,0.00006103515625000,0.00048828125000000,0.00006103515625000,0.00000000000000000,0.00012207031250000,0.00006103515625000,0.00000000000000000,0.00000000000000000,0.00006103515625000,0.00024414062500000,0.00097656250000000,0.00006103515625000,0.37786195473383560,0
0.00006103515625000,0.00000000000000000,0.00000000000000000,0.00000000000000000,0.00006103515625000,0.00048828125000000,0.00000000000000000,0.00000000000000000,0.00012207031250000,0.00006103515625000,0.00006103515625000,0.00000000000000000,0.00006103515625000,0.00024414062500000,0.00097656250000000,0.00006103515625000,0.37786195473383560,2
0.00012207031250000,0.00048828125000000,0.00006103515625000,0.00006103515625000,0.00012207031250000,0.00006103515625000,0.00097656250000000,0.00000000000000000,0.00006103515625000,0.00024414062500000,0.00000000000000000,0.00000000000000000,0.00000000000000000,0.00000000000000000,0.00006103515625000,0.00000000000000000,0.37941030069554071,1
0.00000000000000000,0.00000000000000000,0.00000000000000000,0.00000000000000000,0.00000000000000000,0.00048828125000000,0.00006103515625000,0.00006103515625000,0.00024414062500000,0.00006103515625000,0.00097656250000000,0.00000000000000000,0.00006103515625000,0.00024414062500000,0.00006103515625000,0.00006103515625000,0.38241103769359880,3
0.00000000000000000,0.00006103515625000,0.00000000000000000,0.00000000000000000,0.00000000000000000,0.00048828125000000,0.00006103515625000,0.00000000000000000,0.00024414062500000,0.00006103515625000,0.00097656250000000,0.00000000000000000,0.00006103515625000,0.00024414062500000,0.00006103515625000,0.00012207031250000,0.38386600957008149,2
0.00006103515625000,0.00000000000000000,0.00000000000000000,0.00000000000000000,0.00048828125000000,0.00006103515625000,0.00006103515625000,0.00000000000000000,0.00024414062500000,0.00006103515625000,0.00097656250000000,0.00000000000000000,0.00006103515625000,0.00024414062500000,0.00006103515625000,0.00012207031250000,0.38386600957008149,3
0.00006103515625000,0.00000000000000000,0.00000000000000000,0.00000000000000000,0.00048828125000000,0.00006103515625000,0.00006103515625000,0.00000000000000000,0.00024414062500000,0.00012207031250000,0.00097656250000000,0.00000000000000000,0.00006103515625000,0.00024414062500000,0.00006103515625000,0.00012207031250000,0.38529231017595905,0
0.00006103515625000,0.00006103515625000,0.00006103515625000,0.00012207031250000,0.00048828125000000,0.00012207031250000,0.00097656250000000,0.00000000000000000,0.00024414062500000,0.00024414062500000,0.00006103515625000,0.00006103515625000,0.00006103515625000,0.00000000000000000,0.00000000000000000,0.00000000000000000,0.38529231017595905,1
0.00006103515625000,0.00012207031250000,0.00000000000000000,0.00000000000000000,0.00048828125000000,0.00006103515625000,0.00006103515625000,0.00000000000000000,0.00024414062500000,0.00012207031250000,0.00097656250000000,0.00012207031250000,0.00006103515625000,0.00024414062500000,0.00006103515625000,0.00006103515625000,0.38529231017595905,2
0.00006103515625000,0.00012207031250000,0.00000000000000000,0.00000000000000000,0.00048828125000000,0.00012207031250000,0.00000000000000000,0.00000000000000000,0.00024414062500000,0.00012207031250000,0.00097656250000000,0.00012207031250000,0.00006103515625000,0.00024414062500000,0.00012207031250000,0.00012207031250000,0.38806326723978962,1
0.00006103515625000,0.00012207031250000,0.00000000000000000,0.00000000000000000,0.00048828125000000,0.00012207031250000,0.00006103515625000,0.00000000000000000,0.00024414062500000,0.00012207031250000,0.00097656250000000,0.00012207031250000,0.00006103515625000,0.00024414062500000,0.00024414062500000,0.00000000000000000,0.39073204561418512,1
0.00006103515625000,0.00000000000000000,0.00000000000000000,0.00012207031250000,0.00048828125000000,0.00012207031250000,0.00006103515625000,0.00000000000000000,0.00024414062500000,0.00024414062500000,0.00097656250000000,0.00000000000000000,0.00006103515625000,0.00024414062500000,0.00024414062500000,0.00012207031250000,0.39330591372331464,3
0.00006103515625000,0.00012207031250000,0.00000000000000000,0.00006103515625000,0.00048828125000000,0.00012207031250000,0.00006103515625000,0.00000000000000000,0.00048828125000000,0.00097656250000000,0.00000000000000000,0.00000000000000000,0.00006103515625000,0.00048828125000000,0.00012207031250000,0.00000000000000000,0.40277341788971349,3
0.00006103515625000,0.00012207031250000,0.00006103515625000,0.00000000000000000,0.00048828125000000,0.00012207031250000,0.00006103515625000,0.00000000000000000,0.00048828125000000,0.00097656250000000,0.00000000000000000,0.00006103515625000,0.00006103515625000,0.00048828125000000,0.00012207031250000,0.00000000000000000,0.40277341788971349,3
0.00000000000000000,0.00006103515625000,0.00012207031250000,0.00006103515625000,0.00000000000000000,0.00048828125000000,0.00012207031250000,0.00006103515625000,0.00006103515625000,0.00048828125000000,0.00097656250000000,0.00006103515625000,0.00000000000000000,0.00006103515625000,0.00048828125000000,0.00012207031250000,0.40277341788971349,1
0.00006103515625000,0.00006103515625000,0.00024414062500000,0.00012207031250000,0.00000000000000000,0.00097656250000000,0.00097656250000000,0.00006103515625000,0.00000000000000000,0.00006103515625000,0.00048828125000000,0.00012207031250000,0.00000000000000000,0.00006103515625000,0.00000000000000000,0.00000000000000000,0.41404997322446430,2
0.00000000000000000,0.00000000000000000,0.00000000000000000,0.00000000000000000,0.00000000000000000,0.00006103515625000,0.00024414062500000,0.00012207031250000,0.00012207031250000,0.00097656250000000,0.00097656250000000,0.00006103515625000,0.00006103515625000,0.00012207031250000,0.00048828125000000,0.00012207031250000,0.41499307990413908,3
0.00000000000000000,0.00000000000000000,0.00000000000000000,0.00000000000000000,0.00006103515625000,0.00024414062500000,0.00012207031250000,0.00006103515625000,0.00012207031250000,0.00195312500000000,0.00006103515625000,0.00000000000000000,0.00006103515625000,0.00012207031250000,0.00048828125000000,0.00012207031250000,0.42861813863478132,0
0.00006103515625000,0.00024414062500000,0.00012207031250000,0.00006103515625000,0.00012207031250000,0.00195312500000000,0.00006103515625000,0.00012207031250000,0.00006103515625000,0.00012207031250000,0.00048828125000000,0.00000000000000000,0.00000000000000000,0.00000000000000000,0.00000000000000000,0.00006103515625000,0.42861813863478132,1
0.00006103515625000,0.00024414062500000,0.00012207031250000,0.00006103515625000,0.00012207031250000,0.00195312500000000,0.00006103515625000,0.00012207031250000,0.00006103515625000,0.00012207031250000,0.00048828125000000,0.00006103515625000,0.00000000000000000,0.00000000000000000,0.00000000000000000,0.00006103515625000,0.42861813863478132,1
0.00006103515625000,0.00024414062500000,0.00012207031250000,0.00006103515625000,0.00012207031250000,0.00195312500000000,0.00006103515625000,0.00012207031250000,0.00006103515625000,0.00012207031250000,0.00048828125000000,0.00012207031250000,0.00000000000000000,0.00000000000000000,0.00000000000000000,0.00006103515625000,0.42939022503429886,1
0.00006103515625000,0.00024414062500000,0.00012207031250000,0.00006103515625000,0.00012207031250000,0.00195312500000000,0.00006103515625000,0.00012207031250000,0.00006103515625000,0.00012207031250000,0.00048828125000000,0.00012207031250000,0.00006103515625000,0.00006103515625000,0.00000000000000000,0.00000000000000000,0.42939022503429886,0
0.00006103515625000,0.00024414062500000,0.00012207031250000,0.00006103515625000,0.00012207031250000,0.00195312500000000,0.00006103515625000,0.00012207031250000,0.00006103515625000,0.00012207031250000,0.00048828125000000,0.00012207031250000,0.00012207031250000,0.00000000000000000,0.00006103515625000,0.00000000000000000,0.43015416261260325,1
0.00006103515625000,0.00024414062500000,0.00012207031250000,0.00006103515625000,0.00012207031250000,0.00195312500000000,0.00006103515625000,0.00012207031250000,0.00006103515625000,0.00012207031250000,0.00048828125000000,0.00012207031250000,0.00012207031250000,0.00006103515625000,0.00000000000000000,0.00006103515625000,0.43015416261260325,3
0.00006103515625000,0.00024414062500000,0.00012207031250000,0.00006103515625000,0.00012207031250000,0.00195312500000000,0.00006103515625000,0.00012207031250000,0.00006103515625000,0.00012207031250000,0.00048828125000000,0.00012207031250000,0.00012207031250000,0.00012207031250000,0.00000000000000000,0.00006103515625000,0.43091012158475012,1
0.00006103515625000,0.00024414062500000,0.00012207031250000,0.00006103515625000,0.00012207031250000,0.00195312500000000,0.00006103515625000,0.00012207031250000,0.00006103515625000,0.00012207031250000,0.00048828125000000,0.00012207031250000,0.00000000000000000,0.00006103515625000,0.00024414062500000,0.00006103515625000,0.43239875839590441,2
0.00006103515625000,0.00024414062500000,0.00012207031250000,0.00006103515625000,0.00012207031250000,0.00195312500000000,0.00006103515625000,0.00024414062500000,0.00006103515625000,0.00012207031250000,0.00048828125000000,0.00006103515625000,0.00000000000000000,0.00006103515625000,0.00024414062500000,0.00012207031250000,0.43385739543669705,1
0.00006103515625000,0.00024414062500000,0.00012207031250000,0.00006103515625000,0.00012207031250000,0.00195312500000000,0.00006103515625000,0.00024414062500000,0.00006103515625000,0.00012207031250000,0.00048828125000000,0.00006103515625000,0.00006103515625000,0.00024414062500000,0.00012207031250000,0.00006103515625000,0.43385739543669705,1
0.00006103515625000,0.00024414062500000,0.00012207031250000,0.00006103515625000,0.00012207031250000,0.00195312500000000,0.00006103515625000,0.00024414062500000,0.00012207031250000,0.00012207031250000,0.00048828125000000,0.00012207031250000,0.00006103515625000,0.00024414062500000,0.00012207031250000,0.00000000000000000,0.43528721800122366,2
0.00006103515625000,0.00024414062500000,0.00012207031250000,0.00006103515625000,0.00024414062500000,0.00195312500000000,0.00006103515625000,0.00024414062500000,0.00006103515625000,0.00012207031250000,0.00048828125000000,0.00012207031250000,0.00006103515625000,0.00024414062500000,0.00012207031250000,0.00000000000000000,0.43668934249562624,3
0.00000000000000000,0.00024414062500000,0.00012207031250000,0.00006103515625000,0.00006103515625000,0.00195312500000000,0.00006103515625000,0.00006103515625000,0.00024414062500000,0.00012207031250000,0.00048828125000000,0.00024414062500000,0.00012207031250000,0.00024414062500000,0.00012207031250000,0.00012207031250000,0.43738034930594472,3
0.00006103515625000,0.00024414062500000,0.00012207031250000,0.00000000000000000,0.00006103515625000,0.00195312500000000,0.00006103515625000,0.00012207031250000,0.00024414062500000,0.00012207031250000,0.00048828125000000,0.00024414062500000,0.00012207031250000,0.00024414062500000,0.00012207031250000,0.00012207031250000,0.43806482167505195,1
0.00000000000000000,0.00024414062500000,0.00012207031250000,0.00006103515625000,0.00012207031250000,0.00195312500000000,0.00006103515625000,0.00012207031250000,0.00024414062500000,0.00012207031250000,0.00048828125000000,0.00024414062500000,0.00012207031250000,0.00024414062500000,0.00012207031250000,0.00012207031250000,0.43874288203078743,3
0.00012207031250000,0.00024414062500000,0.00012207031250000,0.00006103515625000,0.00024414062500000,0.00195312500000000,0.00006103515625000,0.00012207031250000,0.00012207031250000,0.00012207031250000,0.00048828125000000,0.00024414062500000,0.00006103515625000,0.00024414062500000,0.00012207031250000,0.00012207031250000,0.43874288203078743,3
0.00012207031250000,0.00024414062500000,0.00012207031250000,0.00006103515625000,0.00024414062500000,0.00195312500000000,0.00006103515625000,0.00012207031250000,0.00024414062500000,0.00048828125000000,0.00024414062500000,0.00000000000000000,0.00006103515625000,0.00024414062500000,0.00024414062500000,0.00006103515625000,0.44139333516348861,1
0.00012207031250000,0.00024414062500000,0.00012207031250000,0.00006103515625000,0.00024414062500000,0.00195312500000000,0.00006103515625000,0.00012207031250000,0.00000000000000000,0.00024414062500000,0.00048828125000000,0.00024414062500000,0.00006103515625000,0.00006103515625000,0.00048828125000000,0.00006103515625000,0.44395015423160800,1
0.00012207031250000,0.00024414062500000,0.00012207031250000,0.00006103515625000,0.00024414062500000,0.00195312500000000,0.00006103515625000,0.00012207031250000,0.00024414062500000,0.00048828125000000,0.00024414062500000,0.00000000000000000,0.00012207031250000,0.00048828125000000,0.00006103515625000,0.00006103515625000,0.44457549214832565,3
0.00000000000000000,0.00000000000000000,0.00012207031250000,0.00006103515625000,0.00012207031250000,0.00024414062500000,0.00006103515625000,0.00006103515625000,0.00048828125000000,0.00195312500000000,0.00024414062500000,0.00012207031250000,0.00012207031250000,0.00097656250000000,0.00006103515625000,0.00006103515625000,0.45168622751863602,2
0.00012207031250000,0.00024414062500000,0.00012207031250000,0.00012207031250000,0.00048828125000000,0.00195312500000000,0.00006103515625000,0.00012207031250000,0.00012207031250000,0.00097656250000000,0.00024414062500000,0.00006103515625000,0.00006103515625000,0.00000000000000000,0.00006103515625000,0.00000000000000000,0.45224842384899039,0
0.00012207031250000,0.00024414062500000,0.00012207031250000,0.00024414062500000,0.00048828125000000,0.00195312500000000,0.00006103515625000,0.00006103515625000,0.00012207031250000,0.00097656250000000,0.00024414062500000,0.00000000000000000,0.00006103515625000,0.00000000000000000,0.00006103515625000,0.00006103515625000,0.45335988390099285,0
0.00012207031250000,0.00024414062500000,0.00012207031250000,0.00024414062500000,0.00000000000000000,0.00048828125000000,0.00195312500000000,0.00012207031250000,0.00000000000000000,0.00012207031250000,0.00097656250000000,0.00024414062500000,0.00000000000000000,0.00006103515625000,0.00006103515625000,0.00012207031250000,0.45445453483776205,2
0.00006103515625000,0.00024414062500000,0.00012207031250000,0.00024414062500000,0.00000000000000000,0.00048828125000000,0.00195312500000000,0.00012207031250000,0.00000000000000000,0.00012207031250000,0.00097656250000000,0.00024414062500000,0.00012207031250000,0.00006103515625000,0.00006103515625000,0.00012207031250000,0.45445453483776205,2
0.00006103515625000,0.00024414062500000,0.00012207031250000,0.00024414062500000,0.00000000000000000,0.00048828125000000,0.00195312500000000,0.00012207031250000,0.00000000000000000,0.00012207031250000,0.00097656250000000,0.00024414062500000,0.00006103515625000,0.00012207031250000,0.00012207031250000,0.00012207031250000,0.45499571428325924,0
0.00006103515625000,0.00000000000000000,0.00012207031250000,0.00024414062500000,0.00000000000000000,0.00024414062500000,0.00195312500000000,0.00012207031250000,0.00000000000000000,0.00048828125000000,0.00097656250000000,0.00024414062500000,0.00012207031250000,0.00024414062500000,0.00012207031250000,0.00012207031250000,0.45659539074168198,3
0.00006103515625000,0.00012207031250000,0.00024414062500000,0.00000000000000000,0.00024414062500000,0.00195312500000000,0.00012207031250000,0.00006103515625000,0.00048828125000000,0.00097656250000000,0.00024414062500000,0.00000000000000000,0.00012207031250000,0.00024414062500000,0.00024414062500000,0.00000000000000000,0.45764253252895482,1
0.00000000000000000,0.00006103515625000,0.00012207031250000,0.00024414062500000,0.00024414062500000,0.00195312500000000,0.00012207031250000,0.00006103515625000,0.00000000000000000,0.00048828125000000,0.00097656250000000,0.00024414062500000,0.00012207031250000,0.00000000000000000,0.00012207031250000,0.00048828125000000,0.45969243699456497,0
0.00000000000000000,0.00006103515625000,0.00012207031250000,0.00024414062500000,0.00024414062500000,0.00195312500000000,0.00012207031250000,0.00006103515625000,0.00000000000000000,0.00048828125000000,0.00097656250000000,0.00024414062500000,0.00000000000000000,0.00006103515625000,0.00024414062500000,0.00048828125000000,0.46069602206505511,2
0.00006103515625000,0.00006103515625000,0.00000000000000000,0.00024414062500000,0.00000000000000000,0.00195312500000000,0.00024414062500000,0.00006103515625000,0.00000000000000000,0.00048828125000000,0.00097656250000000,0.00024414062500000,0.00024414062500000,0.00006103515625000,0.00024414062500000,0.00048828125000000,0.46168588246451692,3
0.00012207031250000,0.00024414062500000,0.00000000000000000,0.00006103515625000,0.00195312500000000,0.00024414062500000,0.00006103515625000,0.00000000000000000,0.00048828125000000,0.00097656250000000,0.00024414062500000,0.00000000000000000,0.00024414062500000,0.00006103515625000,0.00024414062500000,0.00048828125000000,0.46217578222737710,0
0.00012207031250000,0.00024414062500000,0.00006103515625000,0.00000000000000000,0.00195312500000000,0.00024414062500000,0.00006103515625000,0.00000000000000000,0.00048828125000000,0.00097656250000000,0.00024414062500000,0.00006103515625000,0.00024414062500000,0.00006103515625000,0.00024414062500000,0.00048828125000000,0.46217578222737710,0
0.00006103515625000,0.00012207031250000,0.00024414062500000,0.00006103515625000,0.00000000000000000,0.00195312500000000,0.00024414062500000,0.00006103515625000,0.00048828125000000,0.00097656250000000,0.00024414062500000,0.00006103515625000,0.00024414062500000,0.00006103515625000,0.00024414062500000,0.00048828125000000,0.46217578222737710,1
0.00006103515625000,0.00012207031250000,0.00048828125000000,0.00012207031250000,0.00048828125000000,0.00195312500000000,0.00048828125000000,0.00006103515625000,0.00024414062500000,0.00097656250000000,0.00006103515625000,0.00048828125000000,0.00000000000000000,0.00006103515625000,0.00000000000000000,0.00000000000000000,0.46644177424087818,1
0.00000000000000000,0.00012207031250000,0.00000000000000000,0.00000000000000000,0.00006103515625000,0.00195312500000000,0.00006103515625000,0.00012207031250000,0.00048828125000000,0.00097656250000000,0.00097656250000000,0.00006103515625000,0.00024414062500000,0.00006103515625000,0.00006103515625000,0.00048828125000000,0.47003357658094003,2
0.00006103515625000,0.00012207031250000,0.00006103515625000,0.00012207031250000,0.00048828125000000,0.00195312500000000,0.00097656250000000,0.00006103515625000,0.00024414062500000,0.00097656250000000,0.00006103515625000,0.00048828125000000,0.00000000000000000,0.00006103515625000,0.00000000000000000,0.00006103515625000,0.47003357658094003,1
0.00006103515625000,0.00012207031250000,0.00006103515625000,0.00012207031250000,0.00048828125000000,0.00195312500000000,0.00097656250000000,0.00006103515625000,0.00024414062500000,0.00097656250000000,0.00006103515625000,0.00048828125000000,0.00012207031250000,0.00006103515625000,0.00000000000000000,0.00000000000000000,0.47047027421718407,1
0.00006103515625000,0.00012207031250000,0.00000000000000000,0.00006103515625000,0.00048828125000000,0.00195312500000000,0.00006103515625000,0.00012207031250000,0.00024414062500000,0.00097656250000000,0.00097656250000000,0.00006103515625000,0.00012207031250000,0.00006103515625000,0.00006103515625000,0.00048828125000000,0.47047027421718407,3
0.00000000000000000,0.00006103515625000,0.00012207031250000,0.00006103515625000,0.00048828125000000,0.00195312500000000,0.00006103515625000,0.00012207031250000,0.00000000000000000,0.00024414062500000,0.00195312500000000,0.00006103515625000,0.00006103515625000,0.00012207031250000,0.00012207031250000,0.00048828125000000,0.47751732910685463,0
0.00006103515625000,0.00012207031250000,0.00006103515625000,0.00000000000000000,0.00048828125000000,0.00195312500000000,0.00006103515625000,0.00012207031250000,0.00024414062500000,0.00195312500000000,0.00006103515625000,0.00000000000000000,0.00006103515625000,0.00024414062500000,0.00048828125000000,0.00006103515625000,0.47830303466322133,0
0.00000000000000000,0.00006103515625000,0.00012207031250000,0.00006103515625000,0.00048828125000000,0.00195312500000000,0.00006103515625000,0.00012207031250000,0.00006103515625000,0.00024414062500000,0.00195312500000000,0.00006103515625000,0.00006103515625000,0.00024414062500000,0.00048828125000000,0.00006103515625000,0.47830303466322133,1
0.00006103515625000,0.00012207031250000,0.00006103515625000,0.00006103515625000,0.00048828125000000,0.00195312500000000,0.00006103515625000,0.00012207031250000,0.00006103515625000,0.00024414062500000,0.00195312500000000,0.00006103515625000,0.00006103515625000,0.00024414062500000,0.00048828125000000,0.00006103515625000,0.47830303466322133,0
0.00000000000000000,0.00000000000000000,0.00000000000000000,0.00012207031250000,0.00006103515625000,0.00012207031250000,0.00012207031250000,0.00006103515625000,0.00048828125000000,0.00195312500000000,0.00195312500000000,0.00012207031250000,0.00012207031250000,0.00048828125000000,0.00048828125000000,0.00012207031250000,0.48098772330023848,2
0.00006103515625000,0.00012207031250000,0.00012207031250000,0.00012207031250000,0.00048828125000000,0.00195312500000000,0.00195312500000000,0.00006103515625000,0.00012207031250000,0.00048828125000000,0.00048828125000000,0.00024414062500000,0.00000000000000000,0.00000000000000000,0.00006103515625000,0.00000000000000000,0.48173683646681903,2
0.00000000000000000,0.00006103515625000,0.00012207031250000,0.00024414062500000,0.00006103515625000,0.00048828125000000,0.00390625000000000,0.00006103515625000,0.00000000000000000,0.00012207031250000,0.00097656250000000,0.00024414062500000,0.00000000000000000,0.00000000000000000,0.00000000000000000,0.00006103515625000,0.49590530141821049,2
0.00006103515625000,0.00012207031250000,0.00024414062500000,0.00006103515625000,0.00006103515625000,0.00048828125000000,0.00390625000000000,0.00006103515625000,0.00012207031250000,0.00097656250000000,0.00024414062500000,0.00000000000000000,0.00006103515625000,0.00000000000000000,0.00000000000000000,0.00000000000000000,0.49590530141821049,0
0.00006103515625000,0.00000000000000000,0.00000000000000000,0.00000000000000000,0.00012207031250000,0.00012207031250000,0.00024414062500000,0.00000000000000000,0.00012207031250000,0.00048828125000000,0.00390625000000000,0.00000000000000000,0.00006103515625000,0.00097656250000000,0.00024414062500000,0.00012207031250000,0.49651548343972102,0
0.00006103515625000,0.00012207031250000,0.00024414062500000,0.00012207031250000,0.00024414062500000,0.00048828125000000,0.00390625000000000,0.00000000000000000,0.00006103515625000,0.00097656250000000,0.00024414062500000,0.00000000000000000,0.00000000000000000,0.00000000000000000,0.00006103515625000,0.00000000000000000,0.49712056461142423,2
0.00012207031250000,0.00000000000000000,0.00024414062500000,0.00000000000000000,0.00006103515625000,0.00012207031250000,0.00390625000000000,0.00000000000000000,0.00024414062500000,0.00048828125000000,0.00024414062500000,0.00000000000000000,0.00006103515625000,0.00097656250000000,0.00006103515625000,0.00012207031250000,0.49712056461142423,3
0.00000000000000000,0.00006103515625000,0.00012207031250000,0.00024414062500000,0.00000000000000000,0.00006103515625000,0.00012207031250000,0.00390625000000000,0.00000000000000000,0.00024414062500000,0.00048828125000000,0.00024414062500000,0.00006103515625000,0.00097656250000000,0.00006103515625000,0.00012207031250000,0.49712056461142423,0
0.00006103515625000,0.00012207031250000,0.00024414062500000,0.00024414062500000,0.00000000000000000,0.00024414062500000,0.00048828125000000,0.00390625000000000,0.00000000000000000,0.00097656250000000,0.00006103515625000,0.00024414062500000,0.00000000000000000,0.00006103515625000,0.00000000000000000,0.00012207031250000,0.49801880671139198,1
0.00000000000000000,0.00006103515625000,0.00012207031250000,0.00048828125000000,0.00000000000000000,0.00024414062500000,0.00048828125000000,0.00390625000000000,0.00000000000000000,0.00097656250000000,0.00006103515625000,0.00024414062500000,0.00000000000000000,0.00006103515625000,0.00006103515625000,0.00012207031250000,0.49919938193286323,0
0.00000000000000000,0.00006103515625000,0.00012207031250000,0.00048828125000000,0.00000000000000000,0.00024414062500000,0.00048828125000000,0.00390625000000000,0.00000000000000000,0.00097656250000000,0.00006103515625000,0.00024414062500000,0.00006103515625000,0.00000000000000000,0.00012207031250000,0.00012207031250000,0.49949154141589686,3
0.00000000000000000,0.00000000000000000,0.00012207031250000,0.00048828125000000,0.00000000000000000,0.00006103515625000,0.00048828125000000,0.00390625000000000,0.00006103515625000,0.00024414062500000,0.00006103515625000,0.00024414062500000,0.00006103515625000,0.00097656250000000,0.00012207031250000,0.00012207031250000,0.49949154141589686,0
0.00012207031250000,0.00048828125000000,0.00000000000000000,0.00006103515625000,0.00006103515625000,0.00048828125000000,0.00390625000000000,0.00000000000000000,0.00006103515625000,0.00024414062500000,0.00006103515625000,0.00024414062500000,0.00006103515625000,0.00097656250000000,0.00024414062500000,0.00000000000000000,0.50007234624655317,1
0.00006103515625000,0.00012207031250000,0.00048828125000000,0.00006103515625000,0.00000000000000000,0.00006103515625000,0.00048828125000000,0.00390625000000000,0.00006103515625000,0.00024414062500000,0.00006103515625000,0.00024414062500000,0.00000000000000000,0.00006103515625000,0.00097656250000000,0.00024414062500000,0.50007234624655317,0
0.00012207031250000,0.00012207031250000,0.00097656250000000,0.00006103515625000,0.00006103515625000,0.00006103515625000,0.00006103515625000,0.00390625000000000,0.00000000000000000,0.00024414062500000,0.00097656250000000,0.00048828125000000,0.00000000000000000,0.00006103515625000,0.00000000000000000,0.00000000000000000,0.50373806186424774,3
0.00006103515625000,0.00024414062500000,0.00097656250000000,0.00006103515625000,0.00000000000000000,0.00006103515625000,0.00012207031250000,0.00390625000000000,0.00000000000000000,0.00024414062500000,0.00097656250000000,0.00048828125000000,0.00000000000000000,0.00000000000000000,0.00000000000000000,0.00006103515625000,0.50455826796245939,1
0.00006103515625000,0.00024414062500000,0.00097656250000000,0.00006103515625000,0.00006103515625000,0.00012207031250000,0.00390625000000000,0.00000000000000000,0.00024414062500000,0.00097656250000000,0.00048828125000000,0.00000000000000000,0.00006103515625000,0.00000000000000000,0.00000000000000000,0.00006103515625000,0.50455826796245939,1
0.00000000000000000,0.00000000000000000,0.00000000000000000,0.00006103515625000,0.00012207031250000,0.00024414062500000,0.00097656250000000,0.00000000000000000,0.00024414062500000,0.00012207031250000,0.00390625000000000,0.00000000000000000,0.00006103515625000,0.00097656250000000,0.00048828125000000,0.00012207031250000,0.50509995366099181,0
0.00012207031250000,0.00024414062500000,0.00097656250000000,0.00006103515625000,0.00024414062500000,0.00012207031250000,0.00390625000000000,0.00012207031250000,0.00006103515625000,0.00097656250000000,0.00048828125000000,0.00000000000000000,0.00000000000000000,0.00000000000000000,0.00000000000000000,0.00006103515625000,0.50509995366099181,3
0.00012207031250000,0.00024414062500000,0.00097656250000000,0.00006103515625000,0.00024414062500000,0.00012207031250000,0.00390625000000000,0.00012207031250000,0.00000000000000000,0.00006103515625000,0.00097656250000000,0.00048828125000000,0.00006103515625000,0.00000000000000000,0.00000000000000000,0.00006103515625000,0.50509995366099181,1
0.00012207031250000,0.00024414062500000,0.00097656250000000,0.00006103515625000,0.00024414062500000,0.00012207031250000,0.00390625000000000,0.00012207031250000,0.00006103515625000,0.00006103515625000,0.00097656250000000,0.00048828125000000,0.00000000000000000,0.00006103515625000,0.00000000000000000,0.00006103515625000,0.50509995366099181,3
0.00012207031250000,0.00024414062500000,0.00097656250000000,0.00006103515625000,0.00024414062500000,0.00012207031250000,0.00390625000000000,0.00012207031250000,0.00012207031250000,0.00097656250000000,0.00048828125000000,0.00000000000000000,0.00012207031250000,0.00000000000000000,0.00012207031250000,0.00000000000000000,0.50563761565888499,3
0.00012207031250000,0.00024414062500000,0.00097656250000000,0.00006103515625000,0.00024414062500000,0.00012207031250000,0.00390625000000000,0.00012207031250000,0.00024414062500000,0.00097656250000000,0.00048828125000000,0.00000000000000000,0.00012207031250000,0.00000000000000000,0.00012207031250000,0.00000000000000000,0.50617131329262921,3
0.00012207031250000,0.00024414062500000,0.00097656250000000,0.00006103515625000,0.00024414062500000,0.00012207031250000,0.00390625000000000,0.00012207031250000,0.00000000000000000,0.00024414062500000,0.00097656250000000,0.00048828125000000,0.00000000000000000,0.00000000000000000,0.00006103515625000,0.00024414062500000,0.50670110459578521,2
0.00012207031250000,0.00024414062500000,0.00097656250000000,0.00006103515625000,0.00024414062500000,0.00012207031250000,0.00390625000000000,0.00012207031250000,0.00024414062500000,0.00097656250000000,0.00048828125000000,0.00000000000000000,0.00006103515625000,0.00024414062500000,0.00000000000000000,0.00006103515625000,0.50670110459578521,3
0.00000000000000000,0.00024414062500000,0.00006103515625000,0.00000000000000000,0.00012207031250000,0.00012207031250000,0.00097656250000000,0.00006103515625000,0.00048828125000000,0.00097656250000000,0.00390625000000000,0.00012207031250000,0.00006103515625000,0.00024414062500000,0.00048828125000000,0.00006103515625000,0.50774919405578467,3
0.00006103515625000,0.00000000000000000,0.00024414062500000,0.00006103515625000,0.00000000000000000,0.00024414062500000,0.00097656250000000,0.00006103515625000,0.00048828125000000,0.00097656250000000,0.00390625000000000,0.00012207031250000,0.00006103515625000,0.00024414062500000,0.00048828125000000,0.00006103515625000,0.50826760209916222,0
0.00006103515625000,0.00024414062500000,0.00006103515625000,0.00000000000000000,0.00024414062500000,0.00097656250000000,0.00006103515625000,0.00006103515625000,0.00048828125000000,0.00097656250000000,0.00390625000000000,0.00012207031250000,0.00006103515625000,0.00024414062500000,0.00048828125000000,0.00006103515625000,0.50826760209916222,1
0.00006103515625000,0.00024414062500000,0.00012207031250000,0.00006103515625000,0.00024414062500000,0.00195312500000000,0.00390625000000000,0.00012207031250000,0.00048828125000000,0.00024414062500000,0.00048828125000000,0.00006103515625000,0.00006103515625000,0.00000000000000000,0.00006103515625000,0.00000000000000000,0.51253030910311526,2
0.00006103515625000,0.00006103515625000,0.00012207031250000,0.00000000000000000,0.00024414062500000,0.00024414062500000,0.00390625000000000,0.00006103515625000,0.00048828125000000,0.00195312500000000,0.00048828125000000,0.00012207031250000,0.00006103515625000,0.00024414062500000,0.00006103515625000,0.00006103515625000,0.51253030910311526,2
0.00000000000000000,0.00000000000000000,0.00012207031250000,0.00012207031250000,0.00006103515625000,0.00048828125000000,0.00390625000000000,0.00006103515625000,0.00048828125000000,0.00195312500000000,0.00048828125000000,0.00012207031250000,0.00000000000000000,0.00006103515625000,0.00024414062500000,0.00012207031250000,0.51397680014442881,3
0.00000000000000000,0.00000000000000000,0.00006103515625000,0.00024414062500000,0.00006103515625000,0.00048828125000000,0.00390625000000000,0.00006103515625000,0.00048828125000000,0.00195312500000000,0.00048828125000000,0.00012207031250000,0.00000000000000000,0.00006103515625000,0.00024414062500000,0.00012207031250000,0.51445261065748038,1
0.00000000000000000,0.00000000000000000,0.00006103515625000,0.00000000000000000,0.00006103515625000,0.00048828125000000,0.00390625000000000,0.00024414062500000,0.00006103515625000,0.00195312500000000,0.00048828125000000,0.00006103515625000,0.00048828125000000,0.00006103515625000,0.00024414062500000,0.00024414062500000,0.51492531381440898,1
0.00006103515625000,0.00000000000000000,0.00000000000000000,0.00000000000000000,0.00006103515625000,0.00048828125000000,0.00390625000000000,0.00024414062500000,0.00006103515625000,0.00195312500000000,0.00048828125000000,0.00006103515625000,0.00048828125000000,0.00006103515625000,0.00048828125000000,0.00006103515625000,0.51586155857195914,0
0.00012207031250000,0.00048828125000000,0.00390625000000000,0.00024414062500000,0.00006103515625000,0.00195312500000000,0.00097656250000000,0.00012207031250000,0.00048828125000000,0.00006103515625000,0.00006103515625000,0.00000000000000000,0.00000000000000000,0.00000000000000000,0.00000000000000000,0.00000000000000000,0.51815052127788552,3
0.00000000000000000,0.00006103515625000,0.00000000000000000,0.00000000000000000,0.00012207031250000,0.00048828125000000,0.00390625000000000,0.00000000000000000,0.00006103515625000,0.00195312500000000,0.00097656250000000,0.00024414062500000,0.00048828125000000,0.00006103515625000,0.00006103515625000,0.00012207031250000,0.51815052127788552,0
0.00000000000000000,0.00000000000000000,0.00006103515625000,0.00006103515625000,0.00000000000000000,0.00012207031250000,0.00048828125000000,0.00390625000000000,0.00006103515625000,0.00195312500000000,0.00097656250000000,0.00024414062500000,0.00000000000000000,0.00048828125000000,0.00012207031250000,0.00012207031250000,0.51837548622556717,1
0.00000000000000000,0.00000000000000000,0.00006103515625000,0.00006103515625000,0.00006103515625000,0.00012207031250000,0.00048828125000000,0.00390625000000000,0.00000000000000000,0.00195312500000000,0.00097656250000000,0.00024414062500000,0.00006103515625000,0.00048828125000000,0.00012207031250000,0.00012207031250000,0.51837548622556717,0
0.00000000000000000,0.00000000000000000,0.00006103515625000,0.00012207031250000,0.00006103515625000,0.00012207031250000,0.00048828125000000,0.00390625000000000,0.00000000000000000,0.00195312500000000,0.00097656250000000,0.00024414062500000,0.00000000000000000,0.00006103515625000,0.00048828125000000,0.00024414062500000,0.51904621609359769,0
0.00006103515625000,0.00012207031250000,0.00006103515625000,0.00000000000000000,0.00006103515625000,0.00012207031250000,0.00048828125000000,0.00390625000000000,0.00195312500000000,0.00097656250000000,0.00024414062500000,0.00000000000000000,0.00006103515625000,0.00048828125000000,0.00024414062500000,0.00000000000000000,0.51904621609359769,1
0.00000000000000000,0.00006103515625000,0.00012207031250000,0.00006103515625000,0.00006103515625000,0.00012207031250000,0.00048828125000000,0.00390625000000000,0.00000000000000000,0.00195312500000000,0.00097656250000000,0.00024414062500000,0.00006103515625000,0.00006103515625000,0.00048828125000000,0.00024414062500000,0.51904621609359769,2
0.00006103515625000,0.00006103515625000,0.00012207031250000,0.00006103515625000,0.00006103515625000,0.00012207031250000,0.00048828125000000,0.00390625000000000,0.00000000000000000,0.00195312500000000,0.00097656250000000,0.00024414062500000,0.00000000000000000,0.00012207031250000,0.00048828125000000,0.00024414062500000,0.51926841861238326,2
0.00000000000000000,0.00012207031250000,0.00012207031250000,0.00006103515625000,0.00006103515625000,0.00012207031250000,0.00048828125000000,0.00390625000000000,0.00006103515625000,0.00195312500000000,0.00097656250000000,0.00024414062500000,0.00000000000000000,0.00012207031250000,0.00048828125000000,0.00024414062500000,0.51948994109179270,2
0.00000000000000000,0.00000000000000000,0.00024414062500000,0.00006103515625000,0.00006103515625000,0.00012207031250000,0.00048828125000000,0.00390625000000000,0.00006103515625000,0.00195312500000000,0.00097656250000000,0.00024414062500000,0.00006103515625000,0.00012207031250000,0.00048828125000000,0.00024414062500000,0.51993096249363069,1
0.00024414062500000,0.00006103515625000,0.00000000000000000,0.00006103515625000,0.00006103515625000,0.00012207031250000,0.00048828125000000,0.00390625000000000,0.00006103515625000,0.00195312500000000,0.00097656250000000,0.00024414062500000,0.00006103515625000,0.00012207031250000,0.00048828125000000,0.00024414062500000,0.51993096249363069,1
0.00000000000000000,0.00006103515625000,0.00024414062500000,0.00012207031250000,0.00006103515625000,0.00012207031250000,0.00048828125000000,0.00390625000000000,0.00006103515625000,0.00195312500000000,0.00097656250000000,0.00024414062500000,0.00006103515625000,0.00012207031250000,0.00048828125000000,0.00024414062500000,0.52015046960242117,1
0.00012207031250000,0.00006103515625000,0.00024414062500000,0.00012207031250000,0.00006103515625000,0.00012207031250000,0.00048828125000000,0.00390625000000000,0.00000000000000000,0.00195312500000000,0.00097656250000000,0.00048828125000000,0.00006103515625000,0.00012207031250000,0.00048828125000000,0.00000000000000000,0.52123812964193317,1
0.00006103515625000,0.00006103515625000,0.00024414062500000,0.00000000000000000,0.00000000000000000,0.00012207031250000,0.00048828125000000,0.00012207031250000,0.00012207031250000,0.00195312500000000,0.00097656250000000,0.00390625000000000,0.00012207031250000,0.00012207031250000,0.00048828125000000,0.00048828125000000,0.52145371405640450,2
0.00000000000000000,0.00000000000000000,0.00012207031250000,0.00024414062500000,0.00000000000000000,0.00012207031250000,0.00048828125000000,0.00012207031250000,0.00012207031250000,0.00195312500000000,0.00097656250000000,0.00390625000000000,0.00000000000000000,0.00006103515625000,0.00024414062500000,0.00097656250000000,0.52378370762293591,1
0.00006103515625000,0.00000000000000000,0.00012207031250000,0.00024414062500000,0.00000000000000000,0.00012207031250000,0.00048828125000000,0.00012207031250000,0.00000000000000000,0.00195312500000000,0.00097656250000000,0.00390625000000000,0.00012207031250000,0.00006103515625000,0.00024414062500000,0.00097656250000000,0.52378370762293591,3
0.00006103515625000,0.00000000000000000,0.00012207031250000,0.00024414062500000,0.00000000000000000,0.00012207031250000,0.00048828125000000,0.00012207031250000,0.00006103515625000,0.00195312500000000,0.00097656250000000,0.00390625000000000,0.00012207031250000,0.00006103515625000,0.00024414062500000,0.00097656250000000,0.52378370762293591,2
0.00006103515625000,0.00000000000000000,0.00012207031250000,0.00024414062500000,0.00000000000000000,0.00012207031250000,0.00048828125000000,0.00012207031250000,0.00012207031250000,0.00195312500000000,0.00097656250000000,0.00390625000000000,0.00012207031250000,0.00006103515625000,0.00024414062500000,0.00097656250000000,0.52399185273732718,2
0.00006103515625000,0.00012207031250000,0.00024414062500000,0.00006103515625000,0.00012207031250000,0.00048828125000000,0.00012207031250000,0.00000000000000000,0.00012207031250000,0.00195312500000000,0.00097656250000000,0.00390625000000000,0.00012207031250000,0.00006103515625000,0.00024414062500000,0.00097656250000000,0.52399185273732718,0
0.00006103515625000,0.00012207031250000,0.00024414062500000,0.00006103515625000,0.00024414062500000,0.00048828125000000,0.00012207031250000,0.00390625000000000,0.00012207031250000,0.00195312500000000,0.00097656250000000,0.00097656250000000,0.00006103515625000,0.00006103515625000,0.00024414062500000,0.00000000000000000,0.52440635588096240,2
0.00006103515625000,0.00012207031250000,0.00024414062500000,0.00006103515625000,0.00024414062500000,0.00048828125000000,0.00012207031250000,0.00390625000000000,0.00012207031250000,0.00195312500000000,0.00195312500000000,0.00006103515625000,0.00012207031250000,0.00024414062500000,0.00000000000000000,0.00000000000000000,0.52783696596504270,1
0.00006103515625000,0.00012207031250000,0.00024414062500000,0.00006103515625000,0.00024414062500000,0.00048828125000000,0.00012207031250000,0.00390625000000000,0.00024414062500000,0.00195312500000000,0.00195312500000000,0.00006103515625000,0.00000000000000000,0.00024414062500000,0.00000000000000000,0.00006103515625000,0.52823008255199155,0
0.00006103515625000,0.00012207031250000,0.00024414062500000,0.00006103515625000,0.00024414062500000,0.00048828125000000,0.00012207031250000,0.00390625000000000,0.00024414062500000,0.00390625000000000,0.00006103515625000,0.00012207031250000,0.00024414062500000,0.00006103515625000,0.00000000000000000,0.00000000000000000,0.53424583945681514,1
0.00006103515625000,0.00012207031250000,0.00000000000000000,0.00000000000000000,0.00006103515625000,0.00048828125000000,0.00024414062500000,0.00006103515625000,0.00024414062500000,0.00390625000000000,0.00012207031250000,0.00390625000000000,0.00048828125000000,0.00006103515625000,0.00006103515625000,0.00012207031250000,0.53496383580808582,2
0.00006103515625000,0.00012207031250000,0.00000000000000000,0.00000000000000000,0.00006103515625000,0.00048828125000000,0.00024414062500000,0.00006103515625000,0.00024414062500000,0.00390625000000000,0.00012207031250000,0.00390625000000000,0.00048828125000000,0.00012207031250000,0.00012207031250000,0.00006103515625000,0.53514222755248220,1
0.00012207031250000,0.00012207031250000,0.00024414062500000,0.00006103515625000,0.00024414062500000,0.00048828125000000,0.00024414062500000,0.00390625000000000,0.00048828125000000,0.00390625000000000,0.00000000000000000,0.00006103515625000,0.00000000000000000,0.00012207031250000,0.00000000000000000,0.00006103515625000,0.53567477990199019,0
0.00000000000000000,0.00012207031250000,0.00000000000000000,0.00000000000000000,0.00012207031250000,0.00048828125000000,0.00000000000000000,0.00006103515625000,0.00024414062500000,0.00390625000000000,0.00006103515625000,0.00390625000000000,0.00048828125000000,0.00012207031250000,0.00048828125000000,0.00012207031250000,0.53655375140322281,0
0.00012207031250000,0.00012207031250000,0.00006103515625000,0.00006103515625000,0.00024414062500000,0.00048828125000000,0.00048828125000000,0.00390625000000000,0.00048828125000000,0.00390625000000000,0.00000000000000000,0.00012207031250000,0.00006103515625000,0.00012207031250000,0.00000000000000000,0.00000000000000000,0.53655375140322281,3
0.00012207031250000,0.00012207031250000,0.00000000000000000,0.00006103515625000,0.00024414062500000,0.00048828125000000,0.00000000000000000,0.00006103515625000,0.00048828125000000,0.00390625000000000,0.00006103515625000,0.00390625000000000,0.00006103515625000,0.00012207031250000,0.00048828125000000,0.00012207031250000,0.53655375140322281,1
0.00024414062500000,0.00006103515625000,0.00006103515625000,0.00000000000000000,0.00024414062500000,0.00048828125000000,0.00006103515625000,0.00000000000000000,0.00048828125000000,0.00390625000000000,0.00006103515625000,0.00390625000000000,0.00006103515625000,0.00012207031250000,0.00048828125000000,0.00012207031250000,0.53690237297372312,0
0.00024414062500000,0.00012207031250000,0.00000000000000000,0.00000000000000000,0.00024414062500000,0.00048828125000000,0.00006103515625000,0.00006103515625000,0.00048828125000000,0.00390625000000000,0.00006103515625000,0.00390625000000000,0.00006103515625000,0.00012207031250000,0.00048828125000000,0.00012207031250000,0.53707605611320786,3
0.00048828125000000,0.00012207031250000,0.00012207031250000,0.00006103515625000,0.00048828125000000,0.00048828125000000,0.00048828125000000,0.00390625000000000,0.00006103515625000,0.00390625000000000,0.00000000000000000,0.00012207031250000,0.00006103515625000,0.00012207031250000,0.00000000000000000,0.00000000000000000,0.53793827492850144,0
0.00048828125000000,0.00024414062500000,0.00006103515625000,0.00000000000000000,0.00097656250000000,0.00048828125000000,0.00390625000000000,0.00000000000000000,0.00006103515625000,0.00390625000000000,0.00012207031250000,0.00000000000000000,0.00006103515625000,0.00012207031250000,0.00000000000000000,0.00006103515625000,0.53963249887898712,1
0.00048828125000000,0.00024414062500000,0.00006103515625000,0.00000000000000000,0.00097656250000000,0.00048828125000000,0.00390625000000000,0.00006103515625000,0.00006103515625000,0.00390625000000000,0.00012207031250000,0.00000000000000000,0.00006103515625000,0.00012207031250000,0.00006103515625000,0.00000000000000000,0.53963249887898712,0
0.00000000000000000,0.00048828125000000,0.00024414062500000,0.00006103515625000,0.00097656250000000,0.00048828125000000,0.00390625000000000,0.00006103515625000,0.00000000000000000,0.00006103515625000,0.00390625000000000,0.00012207031250000,0.00006103515625000,0.00006103515625000,0.00012207031250000,0.00006103515625000,0.53963249887898712,0
0.00097656250000000,0.00097656250000000,0.00024414062500000,0.00012207031250000,0.00006103515625000,0.00012207031250000,0.00781250000000000,0.00012207031250000,0.00006103515625000,0.00000000000000000,0.00012207031250000,0.00006103515625000,0.00000000000000000,0.00000000000000000,0.00000000000000000,0.00000000000000000,0.55107083792511458,0
0.00195312500000000,0.00024414062500000,0.00012207031250000,0.00000000000000000,0.00006103515625000,0.00012207031250000,0.00781250000000000,0.00012207031250000,0.00006103515625000,0.00012207031250000,0.00006103515625000,0.00006103515625000,0.00000000000000000,0.00000000000000000,0.00000000000000000,0.00000000000000000,0.55332307333005148,3
0.00000000000000000,0.00006103515625000,0.00000000000000000,0.00000000000000000,0.00000000000000000,0.00000000000000000,0.00012207031250000,0.00000000000000000,0.00195312500000000,0.00024414062500000,0.00781250000000000,0.00012207031250000,0.00012207031250000,0.00024414062500000,0.00006103515625000,0.00006103515625000,0.55373767540099206,3
0.00000000000000000,0.00006103515625000,0.00000000000000000,0.00006103515625000,0.00000000000000000,0.00000000000000000,0.00000000000000000,0.00012207031250000,0.00195312500000000,0.00024414062500000,0.00781250000000000,0.00012207031250000,0.00000000000000000,0.00012207031250000,0.00024414062500000,0.00012207031250000,0.55387535002861454,2
0.00012207031250000,0.00000000000000000,0.00000000000000000,0.00000000000000000,0.00012207031250000,0.00000000000000000,0.00000000000000000,0.00000000000000000,0.00195312500000000,0.00024414062500000,0.00781250000000000,0.00012207031250000,0.00012207031250000,0.00024414062500000,0.00012207031250000,0.00006103515625000,0.55401276328991444,3
0.00000000000000000,0.00006103515625000,0.00000000000000000,0.00012207031250000,0.00000000000000000,0.00000000000000000,0.00000000000000000,0.00012207031250000,0.00195312500000000,0.00024414062500000,0.00781250000000000,0.00012207031250000,0.00012207031250000,0.00024414062500000,0.00012207031250000,0.00006103515625000,0.55401276328991444,0
0.00000000000000000,0.00000000000000000,0.00000000000000000,0.00006103515625000,0.00000000000000000,0.00000000000000000,0.00000000000000000,0.00012207031250000,0.00195312500000000,0.00006103515625000,0.00781250000000000,0.00024414062500000,0.00012207031250000,0.00048828125000000,0.00012207031250000,0.00006103515625000,0.55483180924157149,2
0.00195312500000000,0.00006103515625000,0.00781250000000000,0.00006103515625000,0.00012207031250000,0.00048828125000000,0.00012207031250000,0.00012207031250000,0.00000000000000000,0.00000000000000000,0.00000000000000000,0.00024414062500000,0.00000000000000000,0.00000000000000000,0.00006103515625000,0.00006103515625000,0.55483180924157149,2
0.00195312500000000,0.00006103515625000,0.00781250000000000,0.00006103515625000,0.00012207031250000,0.00048828125000000,0.00012207031250000,0.00012207031250000,0.00000000000000000,0.00006103515625000,0.00006103515625000,0.00024414062500000,0.00000000000000000,0.00000000000000000,0.00000000000000000,0.00006103515625000,0.55483180924157149,2
0.00195312500000000,0.00006103515625000,0.00781250000000000,0.00006103515625000,0.00000000000000000,0.00012207031250000,0.00048828125000000,0.00024414062500000,0.00000000000000000,0.00000000000000000,0.00012207031250000,0.00024414062500000,0.00000000000000000,0.00000000000000000,0.00006103515625000,0.00006103515625000,0.55523788275345720,1
0.00195312500000000,0.00006103515625000,0.00781250000000000,0.00006103515625000,0.00000000000000000,0.00012207031250000,0.00048828125000000,0.00048828125000000,0.00006103515625000,0.00000000000000000,0.00012207031250000,0.00006103515625000,0.00000000000000000,0.00000000000000000,0.00006103515625000,0.00000000000000000,0.55577579448054026,1
0.00195312500000000,0.00006103515625000,0.00781250000000000,0.00006103515625000,0.00006103515625000,0.00012207031250000,0.00048828125000000,0.00048828125000000,0.00000000000000000,0.00000000000000000,0.00012207031250000,0.00006103515625000,0.00000000000000000,0.00000000000000000,0.00006103515625000,0.00006103515625000,0.55577579448054026,3
0.00000000000000000,0.00000000000000000,0.00781250000000000,0.00000000000000000,0.00006103515625000,0.00000000000000000,0.00048828125000000,0.00006103515625000,0.00195312500000000,0.00006103515625000,0.00012207031250000,0.00048828125000000,0.00006103515625000,0.00012207031250000,0.00006103515625000,0.00012207031250000,0.55590965011489735,3
0.00006103515625000,0.00006103515625000,0.00781250000000000,0.00006103515625000,0.00195312500000000,0.00012207031250000,0.00048828125000000,0.00048828125000000,0.00006103515625000,0.00006103515625000,0.00012207031250000,0.00012207031250000,0.00000000000000000,0.00000000000000000,0.00006103515625000,0.00000000000000000,0.55590965011489735,2
0.00000000000000000,0.00012207031250000,0.00781250000000000,0.00006103515625000,0.00000000000000000,0.00195312500000000,0.00012207031250000,0.00097656250000000,0.00000000000000000,0.00000000000000000,0.00012207031250000,0.00024414062500000,0.00006103515625000,0.00000000000000000,0.00000000000000000,0.00006103515625000,0.55749690232120963,0
0.00012207031250000,0.00781250000000000,0.00006103515625000,0.00000000000000000,0.00195312500000000,0.00012207031250000,0.00097656250000000,0.00000000000000000,0.00012207031250000,0.00024414062500000,0.00000000000000000,0.00000000000000000,0.00012207031250000,0.00000000000000000,0.00006103515625000,0.00000000000000000,0.55762761551908135,0
0.00012207031250000,0.00781250000000000,0.00006103515625000,0.00000000000000000,0.00195312500000000,0.00012207031250000,0.00097656250000000,0.00000000000000000,0.00024414062500000,0.00024414062500000,0.00006103515625000,0.00000000000000000,0.00000000000000000,0.00006103515625000,0.00000000000000000,0.00000000000000000,0.55788833588615838,2
0.00012207031250000,0.00781250000000000,0.00006103515625000,0.00006103515625000,0.00195312500000000,0.00012207031250000,0.00097656250000000,0.00000000000000000,0.00048828125000000,0.00006103515625000,0.00000000000000000,0.00000000000000000,0.00006103515625000,0.00000000000000000,0.00000000000000000,0.00000000000000000,0.55840697608917689,2
0.00000000000000000,0.00012207031250000,0.00781250000000000,0.00012207031250000,0.00000000000000000,0.00195312500000000,0.00012207031250000,0.00097656250000000,0.00006103515625000,0.00000000000000000,0.00048828125000000,0.00006103515625000,0.00000000000000000,0.00000000000000000,0.00000000000000000,0.00006103515625000,0.55853605755655700,3
0.00000000000000000,0.00000000000000000,0.00000000000000000,0.00000000000000000,0.00000000000000000,0.00006103515625000,0.00781250000000000,0.00012207031250000,0.00000000000000000,0.00012207031250000,0.00012207031250000,0.00097656250000000,0.00006103515625000,0.00195312500000000,0.00048828125000000,0.00012207031250000,0.55866490923927203,3
0.00006103515625000,0.00006103515625000,0.00781250000000000,0.00012207031250000,0.00000000000000000,0.00012207031250000,0.00012207031250000,0.00097656250000000,0.00000000000000000,0.00195312500000000,0.00048828125000000,0.00012207031250000,0.00000000000000000,0.00000000000000000,0.00000000000000000,0.00006103515625000,0.55866490923927203,3
0.00000000000000000,0.00000000000000000,0.00000000000000000,0.00012207031250000,0.00000000000000000,0.00006103515625000,0.00781250000000000,0.00097656250000000,0.00006103515625000,0.00012207031250000,0.00012207031250000,0.00012207031250000,0.00006103515625000,0.00195312500000000,0.00048828125000000,0.00006103515625000,0.55866490923927203,1
0.00000000000000000,0.00000000000000000,0.00000000000000000,0.00012207031250000,0.00006103515625000,0.00006103515625000,0.00781250000000000,0.00097656250000000,0.00000000000000000,0.00012207031250000,0.00012207031250000,0.00012207031250000,0.00012207031250000,0.00195312500000000,0.00048828125000000,0.00006103515625000,0.55879353195397174,1
0.00012207031250000,0.00000000000000000,0.00000000000000000,0.00000000000000000,0.00012207031250000,0.00781250000000000,0.00097656250000000,0.00000000000000000,0.00024414062500000,0.00012207031250000,0.00000000000000000,0.00012207031250000,0.00012207031250000,0.00195312500000000,0.00048828125000000,0.00006103515625000,0.55917803439147507,3
0.00024414062500000,0.00781250000000000,0.00097656250000000,0.00012207031250000,0.00024414062500000,0.00012207031250000,0.00048828125000000,0.00006103515625000,0.00012207031250000,0.00195312500000000,0.00000000000000000,0.00012207031250000,0.00000000000000000,0.00000000000000000,0.00000000000000000,0.00000000000000000,0.55943323928749511,3
0.00048828125000000,0.00781250000000000,0.00097656250000000,0.00012207031250000,0.00012207031250000,0.00012207031250000,0.00048828125000000,0.00006103515625000,0.00000000000000000,0.00195312500000000,0.00000000000000000,0.00012207031250000,0.00006103515625000,0.00000000000000000,0.00000000000000000,0.00000000000000000,0.55994096544575711,1
0.00048828125000000,0.00781250000000000,0.00097656250000000,0.00012207031250000,0.00000000000000000,0.00024414062500000,0.00048828125000000,0.00006103515625000,0.00006103515625000,0.00000000000000000,0.00195312500000000,0.00012207031250000,0.00000000000000000,0.00000000000000000,0.00000000000000000,0.00006103515625000,0.56019349919917094,0
0.00048828125000000,0.00781250000000000,0.00097656250000000,0.00012207031250000,0.00024414062500000,0.00048828125000000,0.00006103515625000,0.00000000000000000,0.00006103515625000,0.00195312500000000,0.00012207031250000,0.00006103515625000,0.00006103515625000,0.00000000000000000,0.00000000000000000,0.00000000000000000,0.56019349919917094,1
0.00000000000000000,0.00000000000000000,0.00000000000000000,0.00006103515625000,0.00048828125000000,0.00781250000000000,0.00097656250000000,0.00000000000000000,0.00024414062500000,0.00048828125000000,0.00006103515625000,0.00012207031250000,0.00012207031250000,0.00195312500000000,0.00012207031250000,0.00006103515625000,0.56031943644477389,3
0.00000000000000000,0.00000000000000000,0.00006103515625000,0.00006103515625000,0.00000000000000000,0.00048828125000000,0.00781250000000000,0.00097656250000000,0.00024414062500000,0.00048828125000000,0.00006103515625000,0.00012207031250000,0.00012207031250000,0.00195312500000000,0.00012207031250000,0.00006103515625000,0.56031943644477389,2
0.00000000000000000,0.00006103515625000,0.00006103515625000,0.00006103515625000,0.00000000000000000,0.00000000000000000,0.00781250000000000,0.00097656250000000,0.00024414062500000,0.00097656250000000,0.00006103515625000,0.00012207031250000,0.00012207031250000,0.00195312500000000,0.00012207031250000,0.00006103515625000,0.56131912313229215,2
0.00012207031250000,0.00000000000000000,0.00006103515625000,0.00006103515625000,0.00000000000000000,0.00006103515625000,0.00781250000000000,0.00097656250000000,0.00024414062500000,0.00097656250000000,0.00006103515625000,0.00012207031250000,0.00012207031250000,0.00195312500000000,0.00012207031250000,0.00006103515625000,0.56131912313229215,2
0.00012207031250000,0.00006103515625000,0.00006103515625000,0.00006103515625000,0.00024414062500000,0.00097656250000000,0.00781250000000000,0.00097656250000000,0.00012207031250000,0.00195312500000000,0.00006103515625000,0.00012207031250000,0.00000000000000000,0.00006103515625000,0.00012207031250000,0.00006103515625000,0.56131912313229215,2
0.00000000000000000,0.00012207031250000,0.00006103515625000,0.00012207031250000,0.00024414062500000,0.00097656250000000,0.00781250000000000,0.00097656250000000,0.00012207031250000,0.00195312500000000,0.00006103515625000,0.00012207031250000,0.00006103515625000,0.00006103515625000,0.00012207031250000,0.00006103515625000,0.56144311873203778,2
0.00024414062500000,0.00012207031250000,0.00006103515625000,0.00012207031250000,0.00012207031250000,0.00097656250000000,0.00781250000000000,0.00097656250000000,0.00006103515625000,0.00195312500000000,0.00006103515625000,0.00012207031250000,0.00006103515625000,0.00006103515625000,0.00012207031250000,0.00006103515625000,0.56144311873203778,0
0.00024414062500000,0.00012207031250000,0.00006103515625000,0.00012207031250000,0.00012207031250000,0.00097656250000000,0.00781250000000000,0.00097656250000000,0.00012207031250000,0.00195312500000000,0.00006103515625000,0.00012207031250000,0.00006103515625000,0.00006103515625000,0.00012207031250000,0.00006103515625000,0.56156690228277073,0
0.00024414062500000,0.00012207031250000,0.00006103515625000,0.00012207031250000,0.00012207031250000,0.00097656250000000,0.00781250000000000,0.00097656250000000,0.00012207031250000,0.00195312500000000,0.00006103515625000,0.00012207031250000,0.00006103515625000,0.00012207031250000,0.00012207031250000,0.00006103515625000,0.56169047450851706,3
0.00024414062500000,0.00012207031250000,0.00006103515625000,0.00012207031250000,0.00012207031250000,0.00097656250000000,0.00781250000000000,0.00097656250000000,0.00012207031250000,0.00195312500000000,0.00006103515625000,0.00012207031250000,0.00006103515625000,0.00006103515625000,0.00024414062500000,0.00006103515625000,0.56193698786267021,0
0.00024414062500000,0.00012207031250000,0.00006103515625000,0.00012207031250000,0.00012207031250000,0.00097656250000000,0.00781250000000000,0.00097656250000000,0.00012207031250000,0.00195312500000000,0.00006103515625000,0.00012207031250000,0.00006103515625000,0.00012207031250000,0.00024414062500000,0.00006103515625000,0.56205993042072067,0
0.00006103515625000,0.00012207031250000,0.00006103515625000,0.00012207031250000,0.00024414062500000,0.00097656250000000,0.00781250000000000,0.00097656250000000,0.00024414062500000,0.00195312500000000,0.00006103515625000,0.00012207031250000,0.00006103515625000,0.00012207031250000,0.00024414062500000,0.00006103515625000,0.56230519084563835,0
0.00006103515625000,0.00012207031250000,0.00006103515625000,0.00012207031250000,0.00048828125000000,0.00097656250000000,0.00781250000000000,0.00097656250000000,0.00006103515625000,0.00195312500000000,0.00006103515625000,0.00012207031250000,0.00006103515625000,0.00012207031250000,0.00024414062500000,0.00006103515625000,0.56279323256747993,1
0.00006103515625000,0.00012207031250000,0.00006103515625000,0.00012207031250000,0.00006103515625000,0.00097656250000000,0.00781250000000000,0.00097656250000000,0.00048828125000000,0.00195312500000000,0.00006103515625000,0.00012207031250000,0.00012207031250000,0.00012207031250000,0.00024414062500000,0.00006103515625000,0.56291473056268881,1
0.00006103515625000,0.00012207031250000,0.00006103515625000,0.00012207031250000,0.00006103515625000,0.00097656250000000,0.00781250000000000,0.00097656250000000,0.00048828125000000,0.00195312500000000,0.00006103515625000,0.00012207031250000,0.00024414062500000,0.00024414062500000,0.00006103515625000,0.00012207031250000,0.56315711643557287,0
0.00006103515625000,0.00012207031250000,0.00006103515625000,0.00012207031250000,0.00006103515625000,0.00097656250000000,0.00781250000000000,0.00097656250000000,0.00048828125000000,0.00195312500000000,0.00006103515625000,0.00012207031250000,0.00048828125000000,0.00006103515625000,0.00012207031250000,0.00006103515625000,0.56363946666639053,1
0.00000000000000000,0.00012207031250000,0.00006103515625000,0.00012207031250000,0.00006103515625000,0.00097656250000000,0.00781250000000000,0.00097656250000000,0.00012207031250000,0.00195312500000000,0.00006103515625000,0.00012207031250000,0.00097656250000000,0.00006103515625000,0.00012207031250000,0.00006103515625000,0.56471314390993987,0
0.00000000000000000,0.00000000000000000,0.00000000000000000,0.00000000000000000,0.00000000000000000,0.00000000000000000,0.00000000000000000,0.00000000000000000,0.00000000000000000,0.00000000000000000,0.00000000000000000,0.00000000000000000,0.00000000000000000,0.00006103515625000,0.00006103515625000,0.00000000000000000,0.00000000000000000,2
0.00000000000000000,0.00000000000000000,0.00000000000000000,0.00000000000000000,0.00000000000000000,0.00000000000000000,0.00006103515625000,0.00000000000000000,0.00000000000000000,0.00000000000000000,0.00000000000000000,0.00000000000000000,0.00012207031250000,0.00000000000000000,0.00000000000000000,0.00000000000000000,0.11649500072266981,2
0.00000000000000000,0.00000000000000000,0.00000000000000000,0.00000000000000000,0.00006103515625000,0.00000000000000000,0.00000000000000000,0.00000000000000000,0.00000000000000000,0.00000000000000000,0.00000000000000000,0.00006103515625000,0.00012207031250000,0.00000000000000000,0.00000000000000000,0.00000000000000000,0.11649500072266981,3
0.00000000000000000,0.00000000000000000,0.00000000000000000,0.00000000000000000,0.00000000000000000,0.00000000000000000,0.00000000000000000,0.00006103515625000,0.00006103515625000,0.00000000000000000,0.00000000000000000,0.00000000000000000,0.00012207031250000,0.00000000000000000,0.00000000000000000,0.00006103515625000,0.11649500072266981,3
0.00006103515625000,0.00000000000000000,0.00000000000000000,0.00012207031250000,0.00012207031250000,0.00000000000000000,0.00000000000000000,0.00000000000000000,0.00000000000000000,0.00006103515625000,0.00000000000000000,0.00000000000000000,0.00000000000000000,0.00000000000000000,0.00000000000000000,0.00000000000000000,0.15904041823988749,0
0.00000000000000000,0.00000000000000000,0.00006103515625000,0.00012207031250000,0.00000000000000000,0.00000000000000000,0.00000000000000000,0.00012207031250000,0.00000000000000000,0.00006103515625000,0.00000000000000000,0.00006103515625000,0.00000000000000000,0.00000000000000000,0.00000000000000000,0.00000000000000000,0.15904041823988749,3
0.00000000000000000,0.00000000000000000,0.00006103515625000,0.00012207031250000,0.00000000000000000,0.00006103515625000,0.00000000000000000,0.00012207031250000,0.00000000000000000,0.00000000000000000,0.00000000000000000,0.00012207031250000,0.00000000000000000,0.00000000000000000,0.00000000000000000,0.00000000000000000,0.18565722538447280,3
0.00006103515625000,0.00012207031250000,0.00000000000000000,0.00000000000000000,0.00006103515625000,0.00012207031250000,0.00000000000000000,0.00000000000000000,0.00012207031250000,0.00000000000000000,0.00000000000000000,0.00000000000000000,0.00000000000000000,0.00000000000000000,0.00000000000000000,0.00006103515625000,0.18565722538447280,3
0.00000000000000000,0.00000000000000000,0.00000000000000000,0.00000000000000000,0.00000000000000000,0.00000000000000000,0.00006103515625000,0.00000000000000000,0.00012207031250000,0.00000000000000000,0.00000000000000000,0.00000000000000000,0.00012207031250000,0.00024414062500000,0.00000000000000000,0.00006103515625000,0.23299000144533963,0
0.00024414062500000,0.00024414062500000,0.00006103515625000,0.00006103515625000,0.00000000000000000,0.00000000000000000,0.00000000000000000,0.00000000000000000,0.00000000000000000,0.00000000000000000,0.00000000000000000,0.00000000000000000,0.00000000000000000,0.00000000000000000,0.00000000000000000,0.00006103515625000,0.25308565664631461,2
0.00000000000000000,0.00000000000000000,0.00048828125000000,0.00012207031250000,0.00006103515625000,0.00000000000000000,0.00000000000000000,0.00000000000000000,0.00000000000000000,0.00000000000000000,0.00000000000000000,0.00000000000000000,0.00000000000000000,0.00000000000000000,0.00000000000000000,0.00006103515625000,0.28737931160013147,2
0.00006103515625000,0.00000000000000000,0.00000000000000000,0.00000000000000000,0.00000000000000000,0.00000000000000000,0.00000000000000000,0.00000000000000000,0.00000000000000000,0.00000000000000000,0.00000000000000000,0.00012207031250000,0.00006103515625000,0.00000000000000000,0.00048828125000000,0.00006103515625000,0.28737931160013147,2
0.00006103515625000,0.00000000000000000,0.00000000000000000,0.00000000000000000,0.00000000000000000,0.00000000000000000,0.00006103515625000,0.00000000000000000,0.00012207031250000,0.00000000000000000,0.00000000000000000,0.00000000000000000,0.00006103515625000,0.00048828125000000,0.00006103515625000,0.00000000000000000,0.28737931160013147,3
0.00006103515625000,0.00048828125000000,0.00012207031250000,0.00000000000000000,0.00012207031250000,0.00000000000000000,0.00000000000000000,0.00000000000000000,0.00006103515625000,0.00000000000000000,0.00000000000000000,0.00006103515625000,0.00000000000000000,0.00000000000000000,0.00000000000000000,0.00000000000000000,0.29264580927874856,2
0.00006103515625000,0.00048828125000000,0.00012207031250000,0.00000000000000000,0.00012207031250000,0.00000000000000000,0.00000000000000000,0.00000000000000000,0.00012207031250000,0.00000000000000000,0.00000000000000000,0.00006103515625000,0.00000000000000000,0.00000000000000000,0.00000000000000000,0.00000000000000000,0.29755497250179452,0
0.00000000000000000,0.00000000000000000,0.00000000000000000,0.00000000000000000,0.00006103515625000,0.00000000000000000,0.00000000000000000,0.00000000000000000,0.00006103515625000,0.00000000000000000,0.00000000000000000,0.00000000000000000,0.00024414062500000,0.00048828125000000,0.00012207031250000,0.00006103515625000,0.30647484845620920,3
0.00012207031250000,0.00048828125000000,0.00012207031250000,0.00006103515625000,0.00024414062500000,0.00000000000000000,0.00000000000000000,0.00000000000000000,0.00000000000000000,0.00000000000000000,0.00000000000000000,0.00000000000000000,0.00006103515625000,0.00000000000000000,0.00000000000000000,0.00000000000000000,0.31055381002007598,1
0.00000000000000000,0.00000000000000000,0.00000000000000000,0.00000000000000000,0.00012207031250000,0.00000000000000000,0.00000000000000000,0.00000000000000000,0.00024414062500000,0.00006103515625000,0.00000000000000000,0.00000000000000000,0.00006103515625000,0.00048828125000000,0.00012207031250000,0.00006103515625000,0.31055381002007598,0
0.00000000000000000,0.00000000000000000,0.00000000000000000,0.00000000000000000,0.00006103515625000,0.00000000000000000,0.00000000000000000,0.00012207031250000,0.00000000000000000,0.00000000000000000,0.00024414062500000,0.00006103515625000,0.00006103515625000,0.00048828125000000,0.00012207031250000,0.00006103515625000,0.31055381002007598,1
0.00000000000000000,0.00000000000000000,0.00000000000000000,0.00000000000000000,0.00006103515625000,0.00012207031250000,0.00006103515625000,0.00000000000000000,0.00024414062500000,0.00006103515625000,0.00000000000000000,0.00000000000000000,0.00006103515625000,0.00048828125000000,0.00012207031250000,0.00006103515625000,0.31055381002007598,0
0.00006103515625000,0.00000000000000000,0.00000000000000000,0.00000000000000000,0.00006103515625000,0.00012207031250000,0.00000000000000000,0.00000000000000000,0.00024414062500000,0.00006103515625000,0.00006103515625000,0.00000000000000000,0.00006103515625000,0.00048828125000000,0.00012207031250000,0.00006103515625000,0.31055381002007598,2
0.00006103515625000,0.00000000000000000,0.00000000000000000,0.00000000000000000,0.00006103515625000,0.00012207031250000,0.00006103515625000,0.00000000000000000,0.00024414062500000,0.00012207031250000,0.00000000000000000,0.00000000000000000,0.00006103515625000,0.00048828125000000,0.00012207031250000,0.00006103515625000,0.31441512086208029,0
0.00012207031250000,0.00024414062500000,0.00006103515625000,0.00006103515625000,0.00024414062500000,0.00048828125000000,0.00012207031250000,0.00000000000000000,0.00006103515625000,0.00006103515625000,0.00000000000000000,0.00000000000000000,0.00000000000000000,0.00000000000000000,0.00000000000000000,0.00000000000000000,0.32489833444081878,2
0.00012207031250000,0.00024414062500000,0.00012207031250000,0.00000000000000000,0.00024414062500000,0.00048828125000000,0.00012207031250000,0.00000000000000000,0.00012207031250000,0.00000000000000000,0.00000000000000000,0.00006103515625000,0.00000000000000000,0.00000000000000000,0.00000000000000000,0.00000000000000000,0.33112862237770746,0
0.00012207031250000,0.00024414062500000,0.00012207031250000,0.00000000000000000,0.00024414062500000,0.00048828125000000,0.00012207031250000,0.00000000000000000,0.00012207031250000,0.00006103515625000,0.00000000000000000,0.00000000000000000,0.00006103515625000,0.00000000000000000,0.00000000000000000,0.00000000000000000,0.33112862237770746,1
0.00012207031250000,0.00024414062500000,0.00024414062500000,0.00000000000000000,0.00024414062500000,0.00048828125000000,0.00000000000000000,0.00000000000000000,0.00012207031250000,0.00006103515625000,0.00000000000000000,0.00000000000000000,0.00006103515625000,0.00000000000000000,0.00006103515625000,0.00000000000000000,0.33686488317832303,0
0.00012207031250000,0.00048828125000000,0.00000000000000000,0.00000000000000000,0.00024414062500000,0.00048828125000000,0.00006103515625000,0.00000000000000000,0.00012207031250000,0.00006103515625000,0.00000000000000000,0.00000000000000000,0.00012207031250000,0.00000000000000000,0.00000000000000000,0.00000000000000000,0.34948500216800937,0
0.00012207031250000,0.00097656250000000,0.00006103515625000,0.00000000000000000,0.00024414062500000,0.00006103515625000,0.00000000000000000,0.00000000000000000,0.00024414062500000,0.00000000000000000,0.00006103515625000,0.00000000000000000,0.00000000000000000,0.00000000000000000,0.00000000000000000,0.00000000000000000,0.36958065736898438,2
0.00012207031250000,0.00097656250000000,0.00012207031250000,0.00000000000000000,0.00048828125000000,0.00006103515625000,0.00000000000000000,0.00000000000000000,0.00000000000000000,0.00000000000000000,0.00000000000000000,0.00006103515625000,0.00000000000000000,0.00000000000000000,0.00000000000000000,0.00000000000000000,0.37786195473383560,2
0.00012207031250000,0.00097656250000000,0.00012207031250000,0.00006103515625000,0.00048828125000000,0.00006103515625000,0.00000000000000000,0.00000000000000000,0.00000000000000000,0.00000000000000000,0.00000000000000000,0.00000000000000000,0.00006103515625000,0.00000000000000000,0.00000000000000000,0.00000000000000000,0.37786195473383560,0
0.00000000000000000,0.00000000000000000,0.00000000000000000,0.00000000000000000,0.00012207031250000,0.00000000000000000,0.00000000000000000,0.00000000000000000,0.00048828125000000,0.00097656250000000,0.00000000000000000,0.00006103515625000,0.00006103515625000,0.00006103515625000,0.00012207031250000,0.00006103515625000,0.37786195473383560,2
0.00000000000000000,0.00000000000000000,0.00000000000000000,0.00000000000000000,0.00000000000000000,0.00000000000000000,0.00000000000000000,0.00012207031250000,0.00006103515625000,0.00048828125000000,0.00097656250000000,0.00006103515625000,0.00000000000000000,0.00012207031250000,0.00012207031250000,0.00006103515625000,0.37941030069554071,0
0.00006103515625000,0.00048828125000000,0.00097656250000000,0.00012207031250000,0.00000000000000000,0.00012207031250000,0.00012207031250000,0.00012207031250000,0.00000000000000000,0.00000000000000000,0.00000000000000000,0.00000000000000000,0.00000000000000000,0.00000000000000000,0.00006103515625000,0.00000000000000000,0.38092621816796229,2
0.00006103515625000,0.00048828125000000,0.00097656250000000,0.00012207031250000,0.00024414062500000,0.00012207031250000,0.00000000000000000,0.00000000000000000,0.00000000000000000,0.00000000000000000,0.00000000000000000,0.00000000000000000,0.00006103515625000,0.00006103515625000,0.00000000000000000,0.00000000000000000,0.38386600957008149,3
0.00006103515625000,0.00048828125000000,0.00097656250000000,0.00012207031250000,0.00000000000000000,0.00000000000000000,0.00024414062500000,0.00012207031250000,0.00000000000000000,0.00006103515625000,0.00000000000000000,0.00000000000000000,0.00000000000000000,0.00000000000000000,0.00000000000000000,0.00012207031250000,0.38529231017595905,0
0.00006103515625000,0.00048828125000000,0.00097656250000000,0.00012207031250000,0.00000000000000000,0.00000000000000000,0.00024414062500000,0.00012207031250000,0.00000000000000000,0.00000000000000000,0.00000000000000000,0.00006103515625000,0.00006103515625000,0.00000000000000000,0.00000000000000000,0.00012207031250000,0.38529231017595905,1
0.00000000000000000,0.00000000000000000,0.00000000000000000,0.00006103515625000,0.00000000000000000,0.00000000000000000,0.00000000000000000,0.00024414062500000,0.00000000000000000,0.00000000000000000,0.00097656250000000,0.00006103515625000,0.00012207031250000,0.00048828125000000,0.00024414062500000,0.00012207031250000,0.38940995564142161,0
0.00006103515625000,0.00000000000000000,0.00000000000000000,0.00000000000000000,0.00024414062500000,0.00000000000000000,0.00000000000000000,0.00006103515625000,0.00097656250000000,0.00006103515625000,0.00000000000000000,0.00000000000000000,0.00012207031250000,0.00048828125000000,0.00024414062500000,0.00012207031250000,0.38940995564142161,0
0.00006103515625000,0.00000000000000000,0.00000000000000000,0.00000000000000000,0.00024414062500000,0.00006103515625000,0.00000000000000000,0.00000000000000000,0.00097656250000000,0.00006103515625000,0.00006103515625000,0.00000000000000000,0.00012207031250000,0.00048828125000000,0.00024414062500000,0.00012207031250000,0.38940995564142161,1
0.00006103515625000,0.00000000000000000,0.00000000000000000,0.00006103515625000,0.00000000000000000,0.00000000000000000,0.00024414062500000,0.00006103515625000,0.00000000000000000,0.00000000000000000,0.00097656250000000,0.00012207031250000,0.00012207031250000,0.00048828125000000,0.00024414062500000,0.00012207031250000,0.39073204561418512,3
0.00000000000000000,0.00000000000000000,0.00000000000000000,0.00012207031250000,0.00000000000000000,0.00000000000000000,0.00024414062500000,0.00006103515625000,0.00000000000000000,0.00006103515625000,0.00097656250000000,0.00012207031250000,0.00012207031250000,0.00048828125000000,0.00024414062500000,0.00012207031250000,0.39203041968522712,0
0.00012207031250000,0.00006103515625000,0.00024414062500000,0.00012207031250000,0.00000000000000000,0.00048828125000000,0.00097656250000000,0.00006103515625000,0.00000000000000000,0.00000000000000000,0.00024414062500000,0.00024414062500000,0.00000000000000000,0.00000000000000000,0.00000000000000000,0.00006103515625000,0.39455932017100315,2
0.00012207031250000,0.00006103515625000,0.00024414062500000,0.00012207031250000,0.00000000000000000,0.00048828125000000,0.00097656250000000,0.00006103515625000,0.00000000000000000,0.00000000000000000,0.00000000000000000,0.00048828125000000,0.00006103515625000,0.00000000000000000,0.00000000000000000,0.00006103515625000,0.39936655784928937,1
0.00012207031250000,0.00006103515625000,0.00024414062500000,0.00012207031250000,0.00048828125000000,0.00097656250000000,0.00006103515625000,0.00006103515625000,0.00048828125000000,0.00000000000000000,0.00000000000000000,0.00000000000000000,0.00012207031250000,0.00000000000000000,0.00000000000000000,0.00000000000000000,0.40052008686263635,3
0.00006103515625000,0.00000000000000000,0.00000000000000000,0.00000000000000000,0.00012207031250000,0.00000000000000000,0.00000000000000000,0.00000000000000000,0.00097656250000000,0.00006103515625000,0.00024414062500000,0.00012207031250000,0.00012207031250000,0.00097656250000000,0.00006103515625000,0.00006103515625000,0.40914081000141839,0
0.00006103515625000,0.00006103515625000,0.00024414062500000,0.00012207031250000,0.00012207031250000,0.00097656250000000,0.00006103515625000,0.00006103515625000,0.00097656250000000,0.00000000000000000,0.00000000000000000,0.00000000000000000,0.00012207031250000,0.00000000000000000,0.00006103515625000,0.00000000000000000,0.40914081000141839,3
0.00000000000000000,0.00012207031250000,0.00024414062500000,0.00012207031250000,0.00000000000000000,0.00012207031250000,0.00097656250000000,0.00012207031250000,0.00006103515625000,0.00000000000000000,0.00000000000000000,0.00097656250000000,0.00000000000000000,0.00000000000000000,0.00012207031250000,0.00006103515625000,0.41114460339235159,3
0.00000000000000000,0.00000000000000000,0.00006103515625000,0.00000000000000000,0.00000000000000000,0.00000000000000000,0.00024414062500000,0.00024414062500000,0.00000000000000000,0.00000000000000000,0.00097656250000000,0.00097656250000000,0.00006103515625000,0.00024414062500000,0.00012207031250000,0.00006103515625000,0.41499307990413908,0
0.00006103515625000,0.00000000000000000,0.00000000000000000,0.00006103515625000,0.00000000000000000,0.00000000000000000,0.00000000000000000,0.00048828125000000,0.00000000000000000,0.00000000000000000,0.00000000000000000,0.00195312500000000,0.00006103515625000,0.00024414062500000,0.00012207031250000,0.00006103515625000,0.43165826688761794,3
0.00000000000000000,0.00000000000000000,0.00000000000000000,0.00006103515625000,0.00000000000000000,0.00000000000000000,0.00000000000000000,0.00048828125000000,0.00012207031250000,0.00000000000000000,0.00000000000000000,0.00195312500000000,0.00012207031250000,0.00024414062500000,0.00012207031250000,0.00006103515625000,0.43239875839590441,0
0.00006103515625000,0.00000000000000000,0.00000000000000000,0.00000000000000000,0.00048828125000000,0.00000000000000000,0.00000000000000000,0.00000000000000000,0.00012207031250000,0.00195312500000000,0.00006103515625000,0.00000000000000000,0.00012207031250000,0.00024414062500000,0.00012207031250000,0.00006103515625000,0.43239875839590441,0
0.00000000000000000,0.00000000000000000,0.00000000000000000,0.00006103515625000,0.00006103515625000,0.00000000000000000,0.00000000000000000,0.00000000000000000,0.00048828125000000,0.00195312500000000,0.00006103515625000,0.00000000000000000,0.00024414062500000,0.00024414062500000,0.00012207031250000,0.00006103515625000,0.43385739543669705,2
0.00006103515625000,0.00195312500000000,0.00006103515625000,0.00012207031250000,0.00048828125000000,0.00024414062500000,0.00012207031250000,0.00000000000000000,0.00024414062500000,0.00000000000000000,0.00000000000000000,0.00000000000000000,0.00000000000000000,0.00006103515625000,0.00000000000000000,0.00000000000000000,0.43457583720244480,1
0.00006103515625000,0.00195312500000000,0.00006103515625000,0.00012207031250000,0.00048828125000000,0.00024414062500000,0.00012207031250000,0.00000000000000000,0.00024414062500000,0.00006103515625000,0.00000000000000000,0.00006103515625000,0.00000000000000000,0.00000000000000000,0.00000000000000000,0.00000000000000000,0.43457583720244480,1
0.00006103515625000,0.00195312500000000,0.00006103515625000,0.00012207031250000,0.00048828125000000,0.00024414062500000,0.00012207031250000,0.00006103515625000,0.00024414062500000,0.00006103515625000,0.00000000000000000,0.00000000000000000,0.00006103515625000,0.00000000000000000,0.00000000000000000,0.00000000000000000,0.43457583720244480,1
0.00006103515625000,0.00195312500000000,0.00006103515625000,0.00012207031250000,0.00048828125000000,0.00024414062500000,0.00012207031250000,0.00006103515625000,0.00000000000000000,0.00006103515625000,0.00024414062500000,0.00006103515625000,0.00000000000000000,0.00000000000000000,0.00000000000000000,0.00006103515625000,0.43457583720244480,1
0.00006103515625000,0.00195312500000000,0.00006103515625000,0.00012207031250000,0.00048828125000000,0.00024414062500000,0.00012207031250000,0.00012207031250000,0.00006103515625000,0.00006103515625000,0.00024414062500000,0.00006103515625000,0.00000000000000000,0.00000000000000000,0.00000000000000000,0.00000000000000000,0.43528721800122366,0
0.00000000000000000,0.00006103515625000,0.00000000000000000,0.00000000000000000,0.00006103515625000,0.00195312500000000,0.00006103515625000,0.00000000000000000,0.00048828125000000,0.00024414062500000,0.00012207031250000,0.00024414062500000,0.00006103515625000,0.00006103515625000,0.00024414062500000,0.00006103515625000,0.43668934249562624,0
0.00006103515625000,0.00012207031250000,0.00000000000000000,0.00000000000000000,0.00006103515625000,0.00195312500000000,0.00006103515625000,0.00000000000000000,0.00048828125000000,0.00024414062500000,0.00012207031250000,0.00024414062500000,0.00012207031250000,0.00024414062500000,0.00006103515625000,0.00000000000000000,0.43738034930594472,0
0.00000000000000000,0.00006103515625000,0.00000000000000000,0.00000000000000000,0.00012207031250000,0.00012207031250000,0.00006103515625000,0.00000000000000000,0.00048828125000000,0.00195312500000000,0.00012207031250000,0.00000000000000000,0.00012207031250000,0.00048828125000000,0.00006103515625000,0.00024414062500000,0.44073976491130645,2
0.00000000000000000,0.00000000000000000,0.00006103515625000,0.00006103515625000,0.00000000000000000,0.00000000000000000,0.00024414062500000,0.00006103515625000,0.00000000000000000,0.00048828125000000,0.00195312500000000,0.00012207031250000,0.00012207031250000,0.00048828125000000,0.00006103515625000,0.00024414062500000,0.44204105683388722,2
0.00012207031250000,0.00000000000000000,0.00000000000000000,0.00000000000000000,0.00024414062500000,0.00006103515625000,0.00000000000000000,0.00006103515625000,0.00048828125000000,0.00195312500000000,0.00012207031250000,0.00000000000000000,0.00012207031250000,0.00048828125000000,0.00006103515625000,0.00024414062500000,0.44268303366880529,3
0.00012207031250000,0.00000000000000000,0.00000000000000000,0.00000000000000000,0.00024414062500000,0.00006103515625000,0.00006103515625000,0.00000000000000000,0.00048828125000000,0.00195312500000000,0.00012207031250000,0.00006103515625000,0.00012207031250000,0.00048828125000000,0.00006103515625000,0.00024414062500000,0.44268303366880529,0
0.00012207031250000,0.00006103515625000,0.00006103515625000,0.00006103515625000,0.00024414062500000,0.00195312500000000,0.00012207031250000,0.00024414062500000,0.00048828125000000,0.00048828125000000,0.00006103515625000,0.00012207031250000,0.00012207031250000,0.00000000000000000,0.00000000000000000,0.00000000000000000,0.44268303366880529,3
0.00012207031250000,0.00012207031250000,0.00006103515625000,0.00000000000000000,0.00024414062500000,0.00195312500000000,0.00012207031250000,0.00024414062500000,0.00097656250000000,0.00006103515625000,0.00012207031250000,0.00000000000000000,0.00012207031250000,0.00006103515625000,0.00000000000000000,0.00000000000000000,0.44821814318727005,3
0.00024414062500000,0.00006103515625000,0.00000000000000000,0.00006103515625000,0.00024414062500000,0.00195312500000000,0.00012207031250000,0.00024414062500000,0.00097656250000000,0.00006103515625000,0.00012207031250000,0.00000000000000000,0.00012207031250000,0.00006103515625000,0.00000000000000000,0.00000000000000000,0.44939273145555531,0
0.00024414062500000,0.00012207031250000,0.00000000000000000,0.00000000000000000,0.00024414062500000,0.00195312500000000,0.00012207031250000,0.00024414062500000,0.00097656250000000,0.00006103515625000,0.00012207031250000,0.00006103515625000,0.00012207031250000,0.00006103515625000,0.00000000000000000,0.00000000000000000,0.44997295431120765,3
0.00048828125000000,0.00012207031250000,0.00024414062500000,0.00024414062500000,0.00097656250000000,0.00195312500000000,0.00000000000000000,0.00006103515625000,0.00012207031250000,0.00012207031250000,0.00006103515625000,0.00000000000000000,0.00000000000000000,0.00000000000000000,0.00000000000000000,0.00000000000000000,0.45390927867253095,1
0.00048828125000000,0.00012207031250000,0.00024414062500000,0.00024414062500000,0.00097656250000000,0.00195312500000000,0.00006103515625000,0.00006103515625000,0.00012207031250000,0.00012207031250000,0.00000000000000000,0.00000000000000000,0.00000000000000000,0.00000000000000000,0.00012207031250000,0.00000000000000000,0.45390927867253095,1
0.00000000000000000,0.00048828125000000,0.00012207031250000,0.00048828125000000,0.00006103515625000,0.00097656250000000,0.00195312500000000,0.00012207031250000,0.00000000000000000,0.00000000000000000,0.00000000000000000,0.00024414062500000,0.00000000000000000,0.00000000000000000,0.00000000000000000,0.00012207031250000,0.45764253252895482,2
0.00006103515625000,0.00048828125000000,0.00012207031250000,0.00048828125000000,0.00000000000000000,0.00097656250000000,0.00195312500000000,0.00012207031250000,0.00000000000000000,0.00000000000000000,0.00000000000000000,0.00024414062500000,0.00012207031250000,0.00000000000000000,0.00000000000000000,0.00012207031250000,0.45764253252895482,0
0.00006103515625000,0.00048828125000000,0.00012207031250000,0.00048828125000000,0.00012207031250000,0.00097656250000000,0.00195312500000000,0.00012207031250000,0.00000000000000000,0.00000000000000000,0.00000000000000000,0.00024414062500000,0.00000000000000000,0.00000000000000000,0.00006103515625000,0.00012207031250000,0.45764253252895482,1
0.00000000000000000,0.00000000000000000,0.00000000000000000,0.00048828125000000,0.00006103515625000,0.00000000000000000,0.00012207031250000,0.00012207031250000,0.00006103515625000,0.00048828125000000,0.00195312500000000,0.00024414062500000,0.00012207031250000,0.00097656250000000,0.00006103515625000,0.00012207031250000,0.45764253252895482,0
0.00000000000000000,0.00000000000000000,0.00000000000000000,0.00048828125000000,0.00006103515625000,0.00000000000000000,0.00006103515625000,0.00024414062500000,0.00006103515625000,0.00048828125000000,0.00195312500000000,0.00024414062500000,0.00012207031250000,0.00097656250000000,0.00006103515625000,0.00012207031250000,0.45867474130323976,0
0.00000000000000000,0.00000000000000000,0.00006103515625000,0.00000000000000000,0.00000000000000000,0.00000000000000000,0.00006103515625000,0.00048828125000000,0.00012207031250000,0.00048828125000000,0.00195312500000000,0.00048828125000000,0.00012207031250000,0.00097656250000000,0.00006103515625000,0.00012207031250000,0.46119264434703006,2
0.00006103515625000,0.00006103515625000,0.00000000000000000,0.00000000000000000,0.00006103515625000,0.00048828125000000,0.00000000000000000,0.00000000000000000,0.00012207031250000,0.00048828125000000,0.00195312500000000,0.00048828125000000,0.00012207031250000,0.00097656250000000,0.00006103515625000,0.00012207031250000,0.46119264434703006,0
0.00012207031250000,0.00000000000000000,0.00000000000000000,0.00000000000000000,0.00006103515625000,0.00048828125000000,0.00006103515625000,0.00000000000000000,0.00012207031250000,0.00048828125000000,0.00195312500000000,0.00048828125000000,0.00012207031250000,0.00097656250000000,0.00006103515625000,0.00012207031250000,0.46168588246451692,3
0.00000000000000000,0.00000000000000000,0.00000000000000000,0.00000000000000000,0.00012207031250000,0.00006103515625000,0.00006103515625000,0.00000000000000000,0.00006103515625000,0.00097656250000000,0.00195312500000000,0.00048828125000000,0.00024414062500000,0.00097656250000000,0.00006103515625000,0.00012207031250000,0.46644177424087818,1
0.00000000000000000,0.00000000000000000,0.00000000000000000,0.00000000000000000,0.00000000000000000,0.00006103515625000,0.00012207031250000,0.00012207031250000,0.00006103515625000,0.00097656250000000,0.00195312500000000,0.00048828125000000,0.00024414062500000,0.00097656250000000,0.00006103515625000,0.00012207031250000,0.46690061833622587,3
0.00000000000000000,0.00000000000000000,0.00000000000000000,0.00000000000000000,0.00006103515625000,0.00000000000000000,0.00012207031250000,0.00012207031250000,0.00006103515625000,0.00006103515625000,0.00195312500000000,0.00048828125000000,0.00024414062500000,0.00195312500000000,0.00006103515625000,0.00012207031250000,0.47387212968300158,2
0.00012207031250000,0.00006103515625000,0.00012207031250000,0.00012207031250000,0.00024414062500000,0.00195312500000000,0.00195312500000000,0.00048828125000000,0.00006103515625000,0.00000000000000000,0.00006103515625000,0.00012207031250000,0.00000000000000000,0.00000000000000000,0.00000000000000000,0.00000000000000000,0.47428633632777645,3
0.00000000000000000,0.00012207031250000,0.00006103515625000,0.00024414062500000,0.00000000000000000,0.00024414062500000,0.00390625000000000,0.00048828125000000,0.00000000000000000,0.00000000000000000,0.00012207031250000,0.00012207031250000,0.00000000000000000,0.00000000000000000,0.00006103515625000,0.00000000000000000,0.48746599929965201,3
0.00000000000000000,0.00012207031250000,0.00006103515625000,0.00024414062500000,0.00000000000000000,0.00024414062500000,0.00390625000000000,0.00048828125000000,0.00006103515625000,0.00000000000000000,0.00000000000000000,0.00024414062500000,0.00000000000000000,0.00000000000000000,0.00000000000000000,0.00006103515625000,0.48815128170732547,3
0.00012207031250000,0.00006103515625000,0.00024414062500000,0.00000000000000000,0.00024414062500000,0.00390625000000000,0.00048828125000000,0.00000000000000000,0.00006103515625000,0.00024414062500000,0.00000000000000000,0.00000000000000000,0.00006103515625000,0.00000000000000000,0.00000000000000000,0.00006103515625000,0.48815128170732547,0
0.00000000000000000,0.00012207031250000,0.00006103515625000,0.00024414062500000,0.00006103515625000,0.00024414062500000,0.00390625000000000,0.00048828125000000,0.00000000000000000,0.00000000000000000,0.00006103515625000,0.00024414062500000,0.00000000000000000,0.00000000000000000,0.00000000000000000,0.00012207031250000,0.48849150519458712,0
0.00012207031250000,0.00006103515625000,0.00024414062500000,0.00006103515625000,0.00006103515625000,0.00024414062500000,0.00390625000000000,0.00048828125000000,0.00006103515625000,0.00024414062500000,0.00000000000000000,0.00000000000000000,0.00012207031250000,0.00000000000000000,0.00000000000000000,0.00000000000000000,0.48849150519458712,0
0.00012207031250000,0.00006103515625000,0.00024414062500000,0.00006103515625000,0.00006103515625000,0.00024414062500000,0.00390625000000000,0.00048828125000000,0.00000000000000000,0.00000000000000000,0.00006103515625000,0.00024414062500000,0.00000000000000000,0.00006103515625000,0.00000000000000000,0.00012207031250000,0.48849150519458712,3
0.00012207031250000,0.00006103515625000,0.00024414062500000,0.00006103515625000,0.00006103515625000,0.00024414062500000,0.00390625000000000,0.00048828125000000,0.00006103515625000,0.00024414062500000,0.00000000000000000,0.00006103515625000,0.00006103515625000,0.00012207031250000,0.00000000000000000,0.00000000000000000,0.48849150519458712,1
0.00012207031250000,0.00006103515625000,0.00024414062500000,0.00006103515625000,0.00006103515625000,0.00024414062500000,0.00390625000000000,0.00048828125000000,0.00006103515625000,0.00024414062500000,0.00006103515625000,0.00000000000000000,0.00006103515625000,0.00012207031250000,0.00000000000000000,0.00006103515625000,0.48849150519458712,0
0.00000000000000000,0.00000000000000000,0.00000000000000000,0.00006103515625000,0.00012207031250000,0.00006103515625000,0.00024414062500000,0.00006103515625000,0.00006103515625000,0.00048828125000000,0.00390625000000000,0.00048828125000000,0.00012207031250000,0.00012207031250000,0.00006103515625000,0.00006103515625000,0.49016904061759492,2
0.00000000000000000,0.00006103515625000,0.00000000000000000,0.00000000000000000,0.00012207031250000,0.00006103515625000,0.00024414062500000,0.00012207031250000,0.00006103515625000,0.00048828125000000,0.00390625000000000,0.00048828125000000,0.00012207031250000,0.00012207031250000,0.00006103515625000,0.00006103515625000,0.49049993222767346,2
0.00000000000000000,0.00012207031250000,0.00000000000000000,0.00006103515625000,0.00012207031250000,0.00006103515625000,0.00024414062500000,0.00012207031250000,0.00006103515625000,0.00048828125000000,0.00390625000000000,0.00048828125000000,0.00000000000000000,0.00000000000000000,0.00024414062500000,0.00012207031250000,0.49148362682836894,3
0.00006103515625000,0.00000000000000000,0.00012207031250000,0.00006103515625000,0.00012207031250000,0.00006103515625000,0.00024414062500000,0.00012207031250000,0.00006103515625000,0.00048828125000000,0.00390625000000000,0.00048828125000000,0.00000000000000000,0.00000000000000000,0.00024414062500000,0.00012207031250000,0.49148362682836894,3
0.00006103515625000,0.00006103515625000,0.00012207031250000,0.00006103515625000,0.00012207031250000,0.00048828125000000,0.00024414062500000,0.00012207031250000,0.00006103515625000,0.00000000000000000,0.00390625000000000,0.00048828125000000,0.00006103515625000,0.00000000000000000,0.00024414062500000,0.00012207031250000,0.49148362682836894,3
0.00006103515625000,0.00012207031250000,0.00012207031250000,0.00006103515625000,0.00012207031250000,0.00048828125000000,0.00024414062500000,0.00012207031250000,0.00000000000000000,0.00006103515625000,0.00390625000000000,0.00048828125000000,0.00000000000000000,0.00006103515625000,0.00024414062500000,0.00012207031250000,0.49180857648142440,3
0.00000000000000000,0.00006103515625000,0.00024414062500000,0.00006103515625000,0.00012207031250000,0.00048828125000000,0.00024414062500000,0.00012207031250000,0.00000000000000000,0.00006103515625000,0.00390625000000000,0.00048828125000000,0.00006103515625000,0.00006103515625000,0.00024414062500000,0.00012207031250000,0.49245413182984382,1
0.00006103515625000,0.00024414062500000,0.00006103515625000,0.00000000000000000,0.00012207031250000,0.00048828125000000,0.00024414062500000,0.00012207031250000,0.00006103515625000,0.00390625000000000,0.00048828125000000,0.00006103515625000,0.00012207031250000,0.00024414062500000,0.00012207031250000,0.00000000000000000,0.49277476320086722,3
0.00006103515625000,0.00006103515625000,0.00024414062500000,0.00006103515625000,0.00012207031250000,0.00048828125000000,0.00024414062500000,0.00012207031250000,0.00006103515625000,0.00390625000000000,0.00048828125000000,0.00006103515625000,0.00000000000000000,0.00012207031250000,0.00024414062500000,0.00012207031250000,0.49277476320086722,3
0.00006103515625000,0.00006103515625000,0.00048828125000000,0.00006103515625000,0.00012207031250000,0.00048828125000000,0.00048828125000000,0.00012207031250000,0.00006103515625000,0.00390625000000000,0.00024414062500000,0.00006103515625000,0.00006103515625000,0.00012207031250000,0.00000000000000000,0.00012207031250000,0.49404327169947487,0
0.00000000000000000,0.00012207031250000,0.00048828125000000,0.00006103515625000,0.00000000000000000,0.00012207031250000,0.00097656250000000,0.00012207031250000,0.00006103515625000,0.00390625000000000,0.00024414062500000,0.00006103515625000,0.00006103515625000,0.00000000000000000,0.00006103515625000,0.00024414062500000,0.49742121889063212,3
0.00012207031250000,0.00024414062500000,0.00048828125000000,0.00006103515625000,0.00006103515625000,0.00390625000000000,0.00097656250000000,0.00012207031250000,0.00000000000000000,0.00000000000000000,0.00024414062500000,0.00006103515625000,0.00000000000000000,0.00000000000000000,0.00006103515625000,0.00024414062500000,0.49831576061979549,1
0.00000000000000000,0.00006103515625000,0.00048828125000000,0.00006103515625000,0.00000000000000000,0.00000000000000000,0.00097656250000000,0.00012207031250000,0.00012207031250000,0.00024414062500000,0.00024414062500000,0.00006103515625000,0.00006103515625000,0.00390625000000000,0.00006103515625000,0.00024414062500000,0.49831576061979549,0
0.00006103515625000,0.00048828125000000,0.00006103515625000,0.00000000000000000,0.00097656250000000,0.00012207031250000,0.00000000000000000,0.00006103515625000,0.00012207031250000,0.00048828125000000,0.00006103515625000,0.00000000000000000,0.00006103515625000,0.00390625000000000,0.00006103515625000,0.00024414062500000,0.49949154141589686,3
0.00006103515625000,0.00048828125000000,0.00012207031250000,0.00006103515625000,0.00097656250000000,0.00012207031250000,0.00006103515625000,0.00024414062500000,0.00012207031250000,0.00048828125000000,0.00000000000000000,0.00000000000000000,0.00006103515625000,0.00390625000000000,0.00000000000000000,0.00006103515625000,0.49978252638527598,2
0.00006103515625000,0.00048828125000000,0.00012207031250000,0.00006103515625000,0.00097656250000000,0.00012207031250000,0.00006103515625000,0.00024414062500000,0.00000000000000000,0.00006103515625000,0.00012207031250000,0.00048828125000000,0.00000000000000000,0.00006103515625000,0.00390625000000000,0.00006103515625000,0.49978252638527598,0
0.00006103515625000,0.00048828125000000,0.00012207031250000,0.00006103515625000,0.00097656250000000,0.00012207031250000,0.00006103515625000,0.00024414062500000,0.00006103515625000,0.00012207031250000,0.00048828125000000,0.00006103515625000,0.00006103515625000,0.00390625000000000,0.00006103515625000,0.00000000000000000,0.49978252638527598,3
0.00000000000000000,0.00006103515625000,0.00012207031250000,0.00000000000000000,0.00006103515625000,0.00048828125000000,0.00006103515625000,0.00006103515625000,0.00097656250000000,0.00024414062500000,0.00048828125000000,0.00024414062500000,0.00012207031250000,0.00390625000000000,0.00006103515625000,0.00006103515625000,0.50064852770615176,3
0.00006103515625000,0.00006103515625000,0.00012207031250000,0.00006103515625000,0.00097656250000000,0.00048828125000000,0.00006103515625000,0.00024414062500000,0.00012207031250000,0.00024414062500000,0.00048828125000000,0.00006103515625000,0.00000000000000000,0.00390625000000000,0.00006103515625000,0.00006103515625000,0.50064852770615176,2
0.00006103515625000,0.00006103515625000,0.00012207031250000,0.00000000000000000,0.00006103515625000,0.00048828125000000,0.00006103515625000,0.00006103515625000,0.00097656250000000,0.00024414062500000,0.00048828125000000,0.00024414062500000,0.00012207031250000,0.00390625000000000,0.00006103515625000,0.00012207031250000,0.50093490756004677,1
0.00012207031250000,0.00006103515625000,0.00012207031250000,0.00000000000000000,0.00012207031250000,0.00048828125000000,0.00006103515625000,0.00006103515625000,0.00097656250000000,0.00024414062500000,0.00048828125000000,0.00024414062500000,0.00012207031250000,0.00390625000000000,0.00006103515625000,0.00012207031250000,0.50122015882045745,3
0.00006103515625000,0.00012207031250000,0.00006103515625000,0.00012207031250000,0.00000000000000000,0.00012207031250000,0.00048828125000000,0.00012207031250000,0.00097656250000000,0.00024414062500000,0.00048828125000000,0.00024414062500000,0.00012207031250000,0.00390625000000000,0.00006103515625000,0.00012207031250000,0.50150429034781840,0
0.00000000000000000,0.00006103515625000,0.00000000000000000,0.00000000000000000,0.00000000000000000,0.00000000000000000,0.00006103515625000,0.00000000000000000,0.00000000000000000,0.00000000000000000,0.00000000000000000,0.00000000000000000,0.00000000000000000,0.00000000000000000,0.00000000000000000,0.00000000000000000,0.00000000000000000,3
0.00000000000000000,0.00006103515625000,0.00006103515625000,0.00000000000000000,0.00000000000000000,0.00000000000000000,0.00000000000000000,0.00000000000000000,0.00000000000000000,0.00000000000000000,0.00000000000000000,0.00000000000000000,0.00000000000000000,0.00006103515625000,0.00000000000000000,0.00000000000000000,0.00000000000000000,1
0.00000000000000000,0.00000000000000000,0.00000000000000000,0.00000000000000000,0.00000000000000000,0.00000000000000000,0.00000000000000000,0.00000000000000000,0.00000000000000000,0.00000000000000000,0.00000000000000000,0.00006103515625000,0.00000000000000000,0.00012207031250000,0.00006103515625000,0.00000000000000000,0.11649500072266981,0
0.00000000000000000,0.00000000000000000,0.00012207031250000,0.00000000000000000,0.00000000000000000,0.00000000000000000,0.00000000000000000,0.00000000000000000,0.00000000000000000,0.00000000000000000,0.00000000000000000,0.00006103515625000,0.00000000000000000,0.00000000000000000,0.00012207031250000,0.00006103515625000,0.11649500072266981,1
0.00000000000000000,0.00000000000000000,0.00000000000000000,0.00000000000000000,0.00006103515625000,0.00000000000000000,0.00000000000000000,0.00000000000000000,0.00000000000000000,0.00000000000000000,0.00000000000000000,0.00000000000000000,0.00000000000000000,0.00000000000000000,0.00024414062500000,0.00012207031250000,0.20507482022971232,3
0.00006103515625000,0.00000000000000000,0.00024414062500000,0.00012207031250000,0.00000000000000000,0.00000000000000000,0.00000000000000000,0.00000000000000000,0.00000000000000000,0.00000000000000000,0.00000000000000000,0.00000000000000000,0.00000000000000000,0.00000000000000000,0.00006103515625000,0.00000000000000000,0.20507482022971232,1
0.00006103515625000,0.00024414062500000,0.00012207031250000,0.00000000000000000,0.00000000000000000,0.00000000000000000,0.00006103515625000,0.00000000000000000,0.00000000000000000,0.00000000000000000,0.00000000000000000,0.00000000000000000,0.00006103515625000,0.00000000000000000,0.00000000000000000,0.00000000000000000,0.20507482022971232,1
0.00006103515625000,0.00024414062500000,0.00012207031250000,0.00000000000000000,0.00006103515625000,0.00000000000000000,0.00000000000000000,0.00000000000000000,0.00000000000000000,0.00012207031250000,0.00000000000000000,0.00000000000000000,0.00006103515625000,0.00000000000000000,0.00000000000000000,0.00000000000000000,0.20507482022971232,0
0.00012207031250000,0.00024414062500000,0.00012207031250000,0.00000000000000000,0.00006103515625000,0.00012207031250000,0.00000000000000000,0.00000000000000000,0.00000000000000000,0.00000000000000000,0.00000000000000000,0.00000000000000000,0.00000000000000000,0.00006103515625000,0.00000000000000000,0.00000000000000000,0.22036988245565323,3
0.00000000000000000,0.00000000000000000,0.00000000000000000,0.00000000000000000,0.00000000000000000,0.00024414062500000,0.00012207031250000,0.00000000000000000,0.00012207031250000,0.00012207031250000,0.00000000000000000,0.00000000000000000,0.00006103515625000,0.00006103515625000,0.00012207031250000,0.00000000000000000,0.22036988245565323,0
0.00000000000000000,0.00006103515625000,0.00000000000000000,0.00000000000000000,0.00000000000000000,0.00024414062500000,0.00000000000000000,0.00000000000000000,0.00012207031250000,0.00012207031250000,0.00000000000000000,0.00000000000000000,0.00006103515625000,0.00006103515625000,0.00024414062500000,0.00000000000000000,0.24373299964982600,3
0.00006103515625000,0.00000000000000000,0.00000000000000000,0.00000000000000000,0.00024414062500000,0.00006103515625000,0.00000000000000000,0.00000000000000000,0.00024414062500000,0.00000000000000000,0.00000000000000000,0.00000000000000000,0.00012207031250000,0.00024414062500000,0.00000000000000000,0.00000000000000000,0.26879730945328922,1
0.00000000000000000,0.00000000000000000,0.00000000000000000,0.00006103515625000,0.00006103515625000,0.00000000000000000,0.00000000000000000,0.00000000000000000,0.00048828125000000,0.00006103515625000,0.00000000000000000,0.00000000000000000,0.00012207031250000,0.00024414062500000,0.00000000000000000,0.00000000000000000,0.29264580927874856,2
0.00006103515625000,0.00000000000000000,0.00000000000000000,0.00000000000000000,0.00006103515625000,0.00000000000000000,0.00000000000000000,0.00000000000000000,0.00048828125000000,0.00006103515625000,0.00006103515625000,0.00000000000000000,0.00012207031250000,0.00024414062500000,0.00000000000000000,0.00000000000000000,0.29264580927874856,0
0.00006103515625000,0.00000000000000000,0.00000000000000000,0.00006103515625000,0.00000000000000000,0.00000000000000000,0.00000000000000000,0.00006103515625000,0.00000000000000000,0.00000000000000000,0.00048828125000000,0.00012207031250000,0.00000000000000000,0.00000000000000000,0.00012207031250000,0.00024414062500000,0.29755497250179452,1
0.00006103515625000,0.00000000000000000,0.00048828125000000,0.00012207031250000,0.00000000000000000,0.00000000000000000,0.00012207031250000,0.00012207031250000,0.00000000000000000,0.00000000000000000,0.00012207031250000,0.00024414062500000,0.00000000000000000,0.00000000000000000,0.00000000000000000,0.00000000000000000,0.30215222610714260,1
0.00000000000000000,0.00000000000000000,0.00000000000000000,0.00000000000000000,0.00000000000000000,0.00006103515625000,0.00000000000000000,0.00000000000000000,0.00000000000000000,0.00000000000000000,0.00048828125000000,0.00024414062500000,0.00006103515625000,0.00000000000000000,0.00024414062500000,0.00024414062500000,0.31808083647977498,2
0.00000000000000000,0.00000000000000000,0.00000000000000000,0.00000000000000000,0.00006103515625000,0.00006103515625000,0.00000000000000000,0.00000000000000000,0.00048828125000000,0.00024414062500000,0.00000000000000000,0.00000000000000000,0.00006103515625000,0.00048828125000000,0.00000000000000000,0.00000000000000000,0.33112862237770746,3
0.00000000000000000,0.00000000000000000,0.00000000000000000,0.00000000000000000,0.00012207031250000,0.00000000000000000,0.00000000000000000,0.00006103515625000,0.00048828125000000,0.00024414062500000,0.00000000000000000,0.00000000000000000,0.00006103515625000,0.00048828125000000,0.00000000000000000,0.00000000000000000,0.33405356229710709,2
0.00006103515625000,0.00000000000000000,0.00000000000000000,0.00000000000000000,0.00000000000000000,0.00000000000000000,0.00012207031250000,0.00006103515625000,0.00000000000000000,0.00000000000000000,0.00048828125000000,0.00024414062500000,0.00000000000000000,0.00000000000000000,0.00006103515625000,0.00048828125000000,0.33405356229710709,0
0.00000000000000000,0.00000000000000000,0.00000000000000000,0.00006103515625000,0.00000000000000000,0.00000000000000000,0.00012207031250000,0.00006103515625000,0.00006103515625000,0.00000000000000000,0.00048828125000000,0.00024414062500000,0.00000000000000000,0.00000000000000000,0.00006103515625000,0.00048828125000000,0.33405356229710709,2
0.00006103515625000,0.00000000000000000,0.00000000000000000,0.00000000000000000,0.00012207031250000,0.00006103515625000,0.00000000000000000,0.00006103515625000,0.00006103515625000,0.00048828125000000,0.00024414062500000,0.00000000000000000,0.00006103515625000,0.00048828125000000,0.00000000000000000,0.00000000000000000,0.33405356229710709,1
0.00006103515625000,0.00006103515625000,0.00024414062500000,0.00006103515625000,0.00012207031250000,0.00097656250000000,0.00000000000000000,0.00006103515625000,0.00012207031250000,0.00000000000000000,0.00000000000000000,0.00000000000000000,0.00000000000000000,0.00000000000000000,0.00000000000000000,0.00000000000000000,0.35612009452606780,0
0.00006103515625000,0.00006103515625000,0.00024414062500000,0.00012207031250000,0.00024414062500000,0.00097656250000000,0.00000000000000000,0.00000000000000000,0.00006103515625000,0.00000000000000000,0.00000000000000000,0.00000000000000000,0.00000000000000000,0.00000000000000000,0.00000000000000000,0.00000000000000000,0.36219771140204565,2
0.00000000000000000,0.00012207031250000,0.00024414062500000,0.00012207031250000,0.00006103515625000,0.00000000000000000,0.00024414062500000,0.00097656250000000,0.00000000000000000,0.00000000000000000,0.00000000000000000,0.00006103515625000,0.00000000000000000,0.00000000000000000,0.00000000000000000,0.00000000000000000,0.36411523846959981,3
0.00006103515625000,0.00012207031250000,0.00048828125000000,0.00012207031250000,0.00000000000000000,0.00000000000000000,0.00000000000000000,0.00097656250000000,0.00000000000000000,0.00006103515625000,0.00000000000000000,0.00006103515625000,0.00000000000000000,0.00000000000000000,0.00000000000000000,0.00000000000000000,0.37131445076894559,1
0.00000000000000000,0.00000000000000000,0.00000000000000000,0.00000000000000000,0.00000000000000000,0.00006103515625000,0.00000000000000000,0.00012207031250000,0.00000000000000000,0.00012207031250000,0.00000000000000000,0.00097656250000000,0.00006103515625000,0.00006103515625000,0.00048828125000000,0.00006103515625000,0.37131445076894559,2
0.00000000000000000,0.00006103515625000,0.00000000000000000,0.00000000000000000,0.00000000000000000,0.00000000000000000,0.00006103515625000,0.00012207031250000,0.00000000000000000,0.00000000000000000,0.00012207031250000,0.00097656250000000,0.00000000000000000,0.00012207031250000,0.00048828125000000,0.00006103515625000,0.37300768385479927,0
0.00000000000000000,0.00006103515625000,0.00000000000000000,0.00000000000000000,0.00000000000000000,0.00000000000000000,0.00006103515625000,0.00012207031250000,0.00000000000000000,0.00006103515625000,0.00012207031250000,0.00097656250000000,0.00000000000000000,0.00012207031250000,0.00048828125000000,0.00006103515625000,0.37300768385479927,3
0.00000000000000000,0.00000000000000000,0.00000000000000000,0.00000000000000000,0.00000000000000000,0.00000000000000000,0.00006103515625000,0.00012207031250000,0.00000000000000000,0.00012207031250000,0.00012207031250000,0.00097656250000000,0.00006103515625000,0.00012207031250000,0.00048828125000000,0.00006103515625000,0.37466221106030112,1
0.00000000000000000,0.00000000000000000,0.00000000000000000,0.00000000000000000,0.00000000000000000,0.00000000000000000,0.00006103515625000,0.00012207031250000,0.00000000000000000,0.00006103515625000,0.00012207031250000,0.00097656250000000,0.00006103515625000,0.00024414062500000,0.00048828125000000,0.00006103515625000,0.37786195473383560,2
0.00000000000000000,0.00000000000000000,0.00006103515625000,0.00000000000000000,0.00006103515625000,0.00012207031250000,0.00000000000000000,0.00000000000000000,0.00006103515625000,0.00012207031250000,0.00097656250000000,0.00000000000000000,0.00006103515625000,0.00024414062500000,0.00048828125000000,0.00006103515625000,0.37786195473383560,0
0.00000000000000000,0.00000000000000000,0.00000000000000000,0.00000000000000000,0.00000000000000000,0.00000000000000000,0.00006103515625000,0.00006103515625000,0.00006103515625000,0.00024414062500000,0.00097656250000000,0.00000000000000000,0.00012207031250000,0.00024414062500000,0.00048828125000000,0.00006103515625000,0.38241103769359880,1
0.00006103515625000,0.00048828125000000,0.00006103515625000,0.00012207031250000,0.00012207031250000,0.00000000000000000,0.00097656250000000,0.00000000000000000,0.00000000000000000,0.00000000000000000,0.00048828125000000,0.00000000000000000,0.00006103515625000,0.00000000000000000,0.00000000000000000,0.00000000000000000,0.38940995564142161,0
0.00006103515625000,0.00048828125000000,0.00006103515625000,0.00012207031250000,0.00012207031250000,0.00097656250000000,0.00000000000000000,0.00000000000000000,0.00048828125000000,0.00000000000000000,0.00000000000000000,0.00000000000000000,0.00006103515625000,0.00000000000000000,0.00000000000000000,0.00006103515625000,0.38940995564142161,1
0.00006103515625000,0.00000000000000000,0.00000000000000000,0.00000000000000000,0.00012207031250000,0.00000000000000000,0.00000000000000000,0.00006103515625000,0.00048828125000000,0.00048828125000000,0.00000000000000000,0.00012207031250000,0.00006103515625000,0.00097656250000000,0.00006103515625000,0.00006103515625000,0.38940995564142161,2
0.00006103515625000,0.00006103515625000,0.00000000000000000,0.00000000000000000,0.00012207031250000,0.00006103515625000,0.00000000000000000,0.00000000000000000,0.00097656250000000,0.00012207031250000,0.00000000000000000,0.00000000000000000,0.00006103515625000,0.00097656250000000,0.00012207031250000,0.00000000000000000,0.40052008686263635,3
0.00012207031250000,0.00000000000000000,0.00006103515625000,0.00000000000000000,0.00012207031250000,0.00006103515625000,0.00000000000000000,0.00000000000000000,0.00097656250000000,0.00012207031250000,0.00000000000000000,0.00000000000000000,0.00006103515625000,0.00097656250000000,0.00012207031250000,0.00000000000000000,0.40165552055521575,2
0.00012207031250000,0.00006103515625000,0.00000000000000000,0.00000000000000000,0.00012207031250000,0.00006103515625000,0.00006103515625000,0.00000000000000000,0.00097656250000000,0.00012207031250000,0.00000000000000000,0.00000000000000000,0.00006103515625000,0.00097656250000000,0.00012207031250000,0.00000000000000000,0.40165552055521575,3
0.00000000000000000,0.00006103515625000,0.00012207031250000,0.00006103515625000,0.00000000000000000,0.00000000000000000,0.00012207031250000,0.00012207031250000,0.00000000000000000,0.00000000000000000,0.00097656250000000,0.00012207031250000,0.00000000000000000,0.00006103515625000,0.00097656250000000,0.00012207031250000,0.40277341788971349,2
0.00000000000000000,0.00012207031250000,0.00024414062500000,0.00006103515625000,0.00000000000000000,0.00006103515625000,0.00195312500000000,0.00024414062500000,0.00000000000000000,0.00000000000000000,0.00000000000000000,0.00012207031250000,0.00000000000000000,0.00000000000000000,0.00000000000000000,0.00000000000000000,0.42296984917887898,2
0.00006103515625000,0.00000000000000000,0.00000000000000000,0.00000000000000000,0.00000000000000000,0.00000000000000000,0.00000000000000000,0.00006103515625000,0.00000000000000000,0.00012207031250000,0.00024414062500000,0.00024414062500000,0.00000000000000000,0.00006103515625000,0.00195312500000000,0.00012207031250000,0.42296984917887898,0
0.00000000000000000,0.00000000000000000,0.00000000000000000,0.00000000000000000,0.00000000000000000,0.00000000000000000,0.00000000000000000,0.00006103515625000,0.00012207031250000,0.00012207031250000,0.00024414062500000,0.00024414062500000,0.00006103515625000,0.00006103515625000,0.00195312500000000,0.00012207031250000,0.42296984917887898,0
0.00000000000000000,0.00000000000000000,0.00000000000000000,0.00000000000000000,0.00006103515625000,0.00000000000000000,0.00000000000000000,0.00000000000000000,0.00024414062500000,0.00048828125000000,0.00000000000000000,0.00006103515625000,0.00012207031250000,0.00195312500000000,0.00012207031250000,0.00000000000000000,0.42861813863478132,3
0.00000000000000000,0.00000000000000000,0.00000000000000000,0.00000000000000000,0.00006103515625000,0.00000000000000000,0.00000000000000000,0.00006103515625000,0.00024414062500000,0.00048828125000000,0.00006103515625000,0.00000000000000000,0.00012207031250000,0.00195312500000000,0.00012207031250000,0.00000000000000000,0.42861813863478132,0
0.00006103515625000,0.00048828125000000,0.00006103515625000,0.00006103515625000,0.00024414062500000,0.00195312500000000,0.00012207031250000,0.00006103515625000,0.00012207031250000,0.00000000000000000,0.00000000000000000,0.00000000000000000,0.00000000000000000,0.00000000000000000,0.00000000000000000,0.00000000000000000,0.42861813863478132,2
0.00006103515625000,0.00048828125000000,0.00006103515625000,0.00012207031250000,0.00024414062500000,0.00195312500000000,0.00012207031250000,0.00000000000000000,0.00012207031250000,0.00006103515625000,0.00000000000000000,0.00000000000000000,0.00000000000000000,0.00000000000000000,0.00000000000000000,0.00000000000000000,0.42939022503429886,1
0.00006103515625000,0.00048828125000000,0.00006103515625000,0.00012207031250000,0.00000000000000000,0.00024414062500000,0.00195312500000000,0.00012207031250000,0.00000000000000000,0.00000000000000000,0.00012207031250000,0.00006103515625000,0.00000000000000000,0.00000000000000000,0.00006103515625000,0.00000000000000000,0.42939022503429886,1
0.00006103515625000,0.00048828125000000,0.00006103515625000,0.00012207031250000,0.00000000000000000,0.00024414062500000,0.00195312500000000,0.00012207031250000,0.00000000000000000,0.00000000000000000,0.00012207031250000,0.00006103515625000,0.00000000000000000,0.00006103515625000,0.00000000000000000,0.00006103515625000,0.42939022503429886,0
0.00006103515625000,0.00048828125000000,0.00006103515625000,0.00024414062500000,0.00000000000000000,0.00024414062500000,0.00195312500000000,0.00012207031250000,0.00000000000000000,0.00006103515625000,0.00012207031250000,0.00000000000000000,0.00000000000000000,0.00000000000000000,0.00000000000000000,0.00006103515625000,0.43165826688761794,3
0.00006103515625000,0.00048828125000000,0.00006103515625000,0.00024414062500000,0.00000000000000000,0.00024414062500000,0.00195312500000000,0.00012207031250000,0.00000000000000000,0.00006103515625000,0.00012207031250000,0.00006103515625000,0.00000000000000000,0.00000000000000000,0.00000000000000000,0.00006103515625000,0.43165826688761794,1
0.00006103515625000,0.00048828125000000,0.00006103515625000,0.00024414062500000,0.00024414062500000,0.00195312500000000,0.00012207031250000,0.00006103515625000,0.00006103515625000,0.00012207031250000,0.00006103515625000,0.00000000000000000,0.00006103515625000,0.00000000000000000,0.00000000000000000,0.00000000000000000,0.43165826688761794,0
0.00000000000000000,0.00000000000000000,0.00006103515625000,0.00000000000000000,0.00006103515625000,0.00048828125000000,0.00006103515625000,0.00000000000000000,0.00024414062500000,0.00195312500000000,0.00012207031250000,0.00024414062500000,0.00012207031250000,0.00012207031250000,0.00006103515625000,0.00006103515625000,0.43239875839590441,0
0.00000000000000000,0.00006103515625000,0.00000000000000000,0.00000000000000000,0.00006103515625000,0.00048828125000000,0.00012207031250000,0.00000000000000000,0.00024414062500000,0.00195312500000000,0.00012207031250000,0.00024414062500000,0.00012207031250000,0.00012207031250000,0.00006103515625000,0.00006103515625000,0.43313175112718588,2
0.00000000000000000,0.00006103515625000,0.00000000000000000,0.00000000000000000,0.00006103515625000,0.00048828125000000,0.00000000000000000,0.00006103515625000,0.00024414062500000,0.00195312500000000,0.00024414062500000,0.00024414062500000,0.00012207031250000,0.00012207031250000,0.00006103515625000,0.00006103515625000,0.43457583720244480,0
0.00006103515625000,0.00000000000000000,0.00000000000000000,0.00000000000000000,0.00006103515625000,0.00048828125000000,0.00006103515625000,0.00000000000000000,0.00024414062500000,0.00195312500000000,0.00048828125000000,0.00000000000000000,0.00024414062500000,0.00012207031250000,0.00012207031250000,0.00000000000000000,0.43941464939222757,3
0.00006103515625000,0.00000000000000000,0.00006103515625000,0.00000000000000000,0.00006103515625000,0.00048828125000000,0.00006103515625000,0.00000000000000000,0.00024414062500000,0.00195312500000000,0.00048828125000000,0.00000000000000000,0.00024414062500000,0.00024414062500000,0.00000000000000000,0.00000000000000000,0.44073976491130645,0
0.00012207031250000,0.00048828125000000,0.00012207031250000,0.00000000000000000,0.00048828125000000,0.00195312500000000,0.00048828125000000,0.00000000000000000,0.00000000000000000,0.00024414062500000,0.00000000000000000,0.00000000000000000,0.00006103515625000,0.00000000000000000,0.00000000000000000,0.00000000000000000,0.44457549214832565,1
0.00012207031250000,0.00048828125000000,0.00012207031250000,0.00006103515625000,0.00048828125000000,0.00195312500000000,0.00048828125000000,0.00000000000000000,0.00006103515625000,0.00024414062500000,0.00000000000000000,0.00000000000000000,0.00000000000000000,0.00000000000000000,0.00000000000000000,0.00000000000000000,0.44457549214832565,3
0.00012207031250000,0.00048828125000000,0.00012207031250000,0.00006103515625000,0.00000000000000000,0.00048828125000000,0.00195312500000000,0.00048828125000000,0.00000000000000000,0.00000000000000000,0.00006103515625000,0.00024414062500000,0.00000000000000000,0.00000000000000000,0.00006103515625000,0.00000000000000000,0.44457549214832565,3
0.00000000000000000,0.00006103515625000,0.00000000000000000,0.00000000000000000,0.00000000000000000,0.00000000000000000,0.00012207031250000,0.00006103515625000,0.00000000000000000,0.00000000000000000,0.00195312500000000,0.00048828125000000,0.00012207031250000,0.00097656250000000,0.00012207031250000,0.00024414062500000,0.44997295431120765,2
0.00000000000000000,0.00000000000000000,0.00000000000000000,0.00006103515625000,0.00006103515625000,0.00000000000000000,0.00012207031250000,0.00006103515625000,0.00000000000000000,0.00000000000000000,0.00195312500000000,0.00048828125000000,0.00012207031250000,0.00097656250000000,0.00012207031250000,0.00024414062500000,0.44997295431120765,0
0.00000000000000000,0.00000000000000000,0.00000000000000000,0.00006103515625000,0.00000000000000000,0.00006103515625000,0.00012207031250000,0.00006103515625000,0.00006103515625000,0.00000000000000000,0.00195312500000000,0.00048828125000000,0.00012207031250000,0.00097656250000000,0.00012207031250000,0.00024414062500000,0.44997295431120765,3
0.00006103515625000,0.00000000000000000,0.00006103515625000,0.00000000000000000,0.00006103515625000,0.00012207031250000,0.00006103515625000,0.00000000000000000,0.00006103515625000,0.00195312500000000,0.00048828125000000,0.00000000000000000,0.00012207031250000,0.00097656250000000,0.00012207031250000,0.00024414062500000,0.44997295431120765,1
0.00012207031250000,0.00012207031250000,0.00012207031250000,0.00024414062500000,0.00006103515625000,0.00195312500000000,0.00048828125000000,0.00000000000000000,0.00012207031250000,0.00097656250000000,0.00012207031250000,0.00000000000000000,0.00000000000000000,0.00006103515625000,0.00000000000000000,0.00000000000000000,0.45111963038945979,3
0.00000000000000000,0.00012207031250000,0.00006103515625000,0.00000000000000000,0.00012207031250000,0.00195312500000000,0.00012207031250000,0.00000000000000000,0.00006103515625000,0.00097656250000000,0.00048828125000000,0.00000000000000000,0.00012207031250000,0.00006103515625000,0.00012207031250000,0.00024414062500000,0.45111963038945979,0
0.00000000000000000,0.00006103515625000,0.00012207031250000,0.00006103515625000,0.00000000000000000,0.00012207031250000,0.00195312500000000,0.00012207031250000,0.00000000000000000,0.00006103515625000,0.00097656250000000,0.00048828125000000,0.00012207031250000,0.00006103515625000,0.00012207031250000,0.00024414062500000,0.45111963038945979,2
0.00012207031250000,0.00006103515625000,0.00012207031250000,0.00006103515625000,0.00000000000000000,0.00012207031250000,0.00195312500000000,0.00012207031250000,0.00000000000000000,0.00012207031250000,0.00097656250000000,0.00048828125000000,0.00006103515625000,0.00000000000000000,0.00012207031250000,0.00024414062500000,0.45168622751863602,1
0.00012207031250000,0.00006103515625000,0.00012207031250000,0.00006103515625000,0.00012207031250000,0.00195312500000000,0.00012207031250000,0.00000000000000000,0.00012207031250000,0.00097656250000000,0.00048828125000000,0.00006103515625000,0.00006103515625000,0.00012207031250000,0.00024414062500000,0.00000000000000000,0.45168622751863602,0
0.00024414062500000,0.00006103515625000,0.00024414062500000,0.00012207031250000,0.00012207031250000,0.00195312500000000,0.00048828125000000,0.00000000000000000,0.00006103515625000,0.00097656250000000,0.00024414062500000,0.00000000000000000,0.00000000000000000,0.00012207031250000,0.00000000000000000,0.00006103515625000,0.45445453483776205,0
0.00000000000000000,0.00006103515625000,0.00000000000000000,0.00000000000000000,0.00024414062500000,0.00195312500000000,0.00024414062500000,0.00006103515625000,0.00012207031250000,0.00097656250000000,0.00048828125000000,0.00012207031250000,0.00006103515625000,0.00012207031250000,0.00024414062500000,0.00006103515625000,0.45445453483776205,2
0.00024414062500000,0.00006103515625000,0.00024414062500000,0.00006103515625000,0.00012207031250000,0.00195312500000000,0.00048828125000000,0.00012207031250000,0.00006103515625000,0.00097656250000000,0.00024414062500000,0.00006103515625000,0.00000000000000000,0.00012207031250000,0.00000000000000000,0.00006103515625000,0.45445453483776205,2
0.00024414062500000,0.00006103515625000,0.00024414062500000,0.00006103515625000,0.00012207031250000,0.00195312500000000,0.00048828125000000,0.00012207031250000,0.00006103515625000,0.00097656250000000,0.00024414062500000,0.00006103515625000,0.00012207031250000,0.00006103515625000,0.00000000000000000,0.00006103515625000,0.45445453483776205,2
0.00024414062500000,0.00006103515625000,0.00024414062500000,0.00006103515625000,0.00012207031250000,0.00195312500000000,0.00048828125000000,0.00012207031250000,0.00006103515625000,0.00097656250000000,0.00024414062500000,0.00006103515625000,0.00012207031250000,0.00012207031250000,0.00006103515625000,0.00000000000000000,0.45499571428325924,3
0.00024414062500000,0.00006103515625000,0.00024414062500000,0.00006103515625000,0.00012207031250000,0.00195312500000000,0.00048828125000000,0.00006103515625000,0.00006103515625000,0.00097656250000000,0.00024414062500000,0.00012207031250000,0.00012207031250000,0.00012207031250000,0.00006103515625000,0.00006103515625000,0.45499571428325924,3
0.00024414062500000,0.00006103515625000,0.00024414062500000,0.00012207031250000,0.00012207031250000,0.00195312500000000,0.00048828125000000,0.00012207031250000,0.00006103515625000,0.00097656250000000,0.00024414062500000,0.00006103515625000,0.00012207031250000,0.00012207031250000,0.00006103515625000,0.00006103515625000,0.45553287751776156,2
0.00024414062500000,0.00006103515625000,0.00024414062500000,0.00012207031250000,0.00012207031250000,0.00195312500000000,0.00048828125000000,0.00012207031250000,0.00006103515625000,0.00097656250000000,0.00024414062500000,0.00006103515625000,0.00024414062500000,0.00012207031250000,0.00000000000000000,0.00006103515625000,0.45712085521744972,0
0.00024414062500000,0.00006103515625000,0.00024414062500000,0.00012207031250000,0.00012207031250000,0.00195312500000000,0.00048828125000000,0.00012207031250000,0.00006103515625000,0.00097656250000000,0.00024414062500000,0.00006103515625000,0.00006103515625000,0.00024414062500000,0.00012207031250000,0.00006103515625000,0.45712085521744972,1
0.00024414062500000,0.00006103515625000,0.00024414062500000,0.00024414062500000,0.00012207031250000,0.00195312500000000,0.00048828125000000,0.00012207031250000,0.00012207031250000,0.00097656250000000,0.00024414062500000,0.00000000000000000,0.00006103515625000,0.00024414062500000,0.00012207031250000,0.00000000000000000,0.45918537773251189,1
0.00000000000000000,0.00024414062500000,0.00006103515625000,0.00048828125000000,0.00012207031250000,0.00195312500000000,0.00048828125000000,0.00012207031250000,0.00006103515625000,0.00012207031250000,0.00097656250000000,0.00024414062500000,0.00000000000000000,0.00006103515625000,0.00024414062500000,0.00012207031250000,0.46119264434703006,2
0.00012207031250000,0.00024414062500000,0.00006103515625000,0.00048828125000000,0.00006103515625000,0.00195312500000000,0.00048828125000000,0.00012207031250000,0.00006103515625000,0.00012207031250000,0.00097656250000000,0.00024414062500000,0.00000000000000000,0.00006103515625000,0.00024414062500000,0.00012207031250000,0.46119264434703006,0
0.00012207031250000,0.00024414062500000,0.00006103515625000,0.00048828125000000,0.00012207031250000,0.00195312500000000,0.00048828125000000,0.00012207031250000,0.00000000000000000,0.00012207031250000,0.00097656250000000,0.00024414062500000,0.00006103515625000,0.00006103515625000,0.00024414062500000,0.00012207031250000,0.46168588246451692,2
0.00000000000000000,0.00024414062500000,0.00006103515625000,0.00048828125000000,0.00006103515625000,0.00195312500000000,0.00048828125000000,0.00012207031250000,0.00024414062500000,0.00012207031250000,0.00097656250000000,0.00024414062500000,0.00006103515625000,0.00006103515625000,0.00024414062500000,0.00012207031250000,0.46266238852156150,2
0.00024414062500000,0.00006103515625000,0.00048828125000000,0.00006103515625000,0.00006103515625000,0.00195312500000000,0.00048828125000000,0.00012207031250000,0.00024414062500000,0.00012207031250000,0.00097656250000000,0.00024414062500000,0.00012207031250000,0.00024414062500000,0.00012207031250000,0.00000000000000000,0.46314574533378994,0
0.00024414062500000,0.00006103515625000,0.00048828125000000,0.00006103515625000,0.00006103515625000,0.00195312500000000,0.00048828125000000,0.00012207031250000,0.00024414062500000,0.00012207031250000,0.00097656250000000,0.00024414062500000,0.00012207031250000,0.00012207031250000,0.00024414062500000,0.00012207031250000,0.46314574533378994,0
0.00024414062500000,0.00006103515625000,0.00048828125000000,0.00006103515625000,0.00006103515625000,0.00195312500000000,0.00048828125000000,0.00012207031250000,0.00024414062500000,0.00012207031250000,0.00097656250000000,0.00024414062500000,0.00024414062500000,0.00024414062500000,0.00012207031250000,0.00006103515625000,0.46410288210547918,0
0.00006103515625000,0.00006103515625000,0.00000000000000000,0.00006103515625000,0.00024414062500000,0.00195312500000000,0.00097656250000000,0.00012207031250000,0.00006103515625000,0.00012207031250000,0.00097656250000000,0.00024414062500000,0.00048828125000000,0.00024414062500000,0.00012207031250000,0.00006103515625000,0.46959422825996344,3
0.00006103515625000,0.00000000000000000,0.00006103515625000,0.00012207031250000,0.00024414062500000,0.00195312500000000,0.00097656250000000,0.00012207031250000,0.00006103515625000,0.00012207031250000,0.00097656250000000,0.00024414062500000,0.00048828125000000,0.00024414062500000,0.00012207031250000,0.00006103515625000,0.47003357658094003,3
0.00012207031250000,0.00012207031250000,0.00006103515625000,0.00000000000000000,0.00024414062500000,0.00195312500000000,0.00097656250000000,0.00012207031250000,0.00006103515625000,0.00012207031250000,0.00097656250000000,0.00024414062500000,0.00048828125000000,0.00024414062500000,0.00012207031250000,0.00006103515625000,0.47047027421718407,1
0.00006103515625000,0.00000000000000000,0.00024414062500000,0.00006103515625000,0.00024414062500000,0.00195312500000000,0.00097656250000000,0.00012207031250000,0.00006103515625000,0.00012207031250000,0.00097656250000000,0.00024414062500000,0.00048828125000000,0.00024414062500000,0.00012207031250000,0.00006103515625000,0.47133584403732948,1
0.00006103515625000,0.00006103515625000,0.00000000000000000,0.00006103515625000,0.00024414062500000,0.00195312500000000,0.00024414062500000,0.00012207031250000,0.00006103515625000,0.00012207031250000,0.00195312500000000,0.00024414062500000,0.00048828125000000,0.00024414062500000,0.00012207031250000,0.00006103515625000,0.47791124797650858,2
0.00006103515625000,0.00000000000000000,0.00006103515625000,0.00012207031250000,0.00024414062500000,0.00195312500000000,0.00024414062500000,0.00012207031250000,0.00006103515625000,0.00012207031250000,0.00195312500000000,0.00024414062500000,0.00048828125000000,0.00024414062500000,0.00012207031250000,0.00006103515625000,0.47830303466322133,3
0.00012207031250000,0.00012207031250000,0.00000000000000000,0.00006103515625000,0.00024414062500000,0.00195312500000000,0.00024414062500000,0.00012207031250000,0.00006103515625000,0.00012207031250000,0.00195312500000000,0.00024414062500000,0.00048828125000000,0.00024414062500000,0.00012207031250000,0.00006103515625000,0.47869271212471548,0
0.00006103515625000,0.00000000000000000,0.00024414062500000,0.00006103515625000,0.00024414062500000,0.00195312500000000,0.00024414062500000,0.00012207031250000,0.00006103515625000,0.00012207031250000,0.00195312500000000,0.00024414062500000,0.00048828125000000,0.00024414062500000,0.00012207031250000,0.00006103515625000,0.47946582936678345,1
0.00006103515625000,0.00195312500000000,0.00048828125000000,0.00006103515625000,0.00024414062500000,0.00012207031250000,0.00195312500000000,0.00012207031250000,0.00006103515625000,0.00024414062500000,0.00012207031250000,0.00024414062500000,0.00048828125000000,0.00000000000000000,0.00006103515625000,0.00006103515625000,0.48098772330023848,1
0.00006103515625000,0.00195312500000000,0.00048828125000000,0.00006103515625000,0.00024414062500000,0.00012207031250000,0.00195312500000000,0.00012207031250000,0.00006103515625000,0.00024414062500000,0.00012207031250000,0.00024414062500000,0.00048828125000000,0.00012207031250000,0.00006103515625000,0.00000000000000000,0.48136324898638749,3
0.00006103515625000,0.00195312500000000,0.00048828125000000,0.00006103515625000,0.00024414062500000,0.00012207031250000,0.00195312500000000,0.00006103515625000,0.00006103515625000,0.00024414062500000,0.00012207031250000,0.00012207031250000,0.00048828125000000,0.00012207031250000,0.00006103515625000,0.00024414062500000,0.48136324898638749,0
0.00006103515625000,0.00195312500000000,0.00048828125000000,0.00006103515625000,0.00024414062500000,0.00012207031250000,0.00195312500000000,0.00012207031250000,0.00006103515625000,0.00024414062500000,0.00012207031250000,0.00012207031250000,0.00048828125000000,0.00012207031250000,0.00006103515625000,0.00024414062500000,0.48173683646681903,3
0.00006103515625000,0.00195312500000000,0.00048828125000000,0.00006103515625000,0.00024414062500000,0.00012207031250000,0.00195312500000000,0.00012207031250000,0.00006103515625000,0.00024414062500000,0.00024414062500000,0.00006103515625000,0.00048828125000000,0.00012207031250000,0.00006103515625000,0.00024414062500000,0.48247827612420879,3
0.00006103515625000,0.00195312500000000,0.00048828125000000,0.00006103515625000,0.00024414062500000,0.00012207031250000,0.00195312500000000,0.00012207031250000,0.00006103515625000,0.00006103515625000,0.00048828125000000,0.00006103515625000,0.00048828125000000,0.00012207031250000,0.00006103515625000,0.00024414062500000,0.48393875268070624,2
0.00006103515625000,0.00195312500000000,0.00048828125000000,0.00006103515625000,0.00024414062500000,0.00012207031250000,0.00195312500000000,0.00012207031250000,0.00012207031250000,0.00048828125000000,0.00006103515625000,0.00006103515625000,0.00048828125000000,0.00012207031250000,0.00006103515625000,0.00024414062500000,0.48429931339464477,1
0.00006103515625000,0.00195312500000000,0.00048828125000000,0.00006103515625000,0.00024414062500000,0.00012207031250000,0.00195312500000000,0.00012207031250000,0.00006103515625000,0.00012207031250000,0.00048828125000000,0.00012207031250000,0.00048828125000000,0.00012207031250000,0.00006103515625000,0.00024414062500000,0.48465808693537871,1
0.00006103515625000,0.00195312500000000,0.00048828125000000,0.00006103515625000,0.00024414062500000,0.00024414062500000,0.00195312500000000,0.00024414062500000,0.00006103515625000,0.00012207031250000,0.00048828125000000,0.00024414062500000,0.00048828125000000,0.00006103515625000,0.00006103515625000,0.00000000000000000,0.48607565809165415,0
0.00006103515625000,0.00195312500000000,0.00048828125000000,0.00000000000000000,0.00024414062500000,0.00024414062500000,0.00195312500000000,0.00006103515625000,0.00006103515625000,0.00012207031250000,0.00048828125000000,0.00006103515625000,0.00048828125000000,0.00006103515625000,0.00006103515625000,0.00048828125000000,0.48746599929965201,2
0.00006103515625000,0.00195312500000000,0.00048828125000000,0.00012207031250000,0.00024414062500000,0.00024414062500000,0.00195312500000000,0.00048828125000000,0.00006103515625000,0.00012207031250000,0.00048828125000000,0.00000000000000000,0.00048828125000000,0.00006103515625000,0.00006103515625000,0.00006103515625000,0.48780945149161536,1
0.00006103515625000,0.00195312500000000,0.00048828125000000,0.00006103515625000,0.00024414062500000,0.00024414062500000,0.00195312500000000,0.00012207031250000,0.00006103515625000,0.00012207031250000,0.00048828125000000,0.00048828125000000,0.00048828125000000,0.00006103515625000,0.00006103515625000,0.00006103515625000,0.48780945149161536,2
0.00006103515625000,0.00195312500000000,0.00048828125000000,0.00006103515625000,0.00000000000000000,0.00048828125000000,0.00195312500000000,0.00012207031250000,0.00000000000000000,0.00006103515625000,0.00012207031250000,0.00097656250000000,0.00006103515625000,0.00048828125000000,0.00006103515625000,0.00012207031250000,0.49213207384068203,1
0.00012207031250000,0.00195312500000000,0.00048828125000000,0.00006103515625000,0.00000000000000000,0.00048828125000000,0.00195312500000000,0.00012207031250000,0.00006103515625000,0.00006103515625000,0.00012207031250000,0.00097656250000000,0.00000000000000000,0.00048828125000000,0.00006103515625000,0.00012207031250000,0.49245413182984382,2
0.00012207031250000,0.00195312500000000,0.00048828125000000,0.00006103515625000,0.00000000000000000,0.00048828125000000,0.00195312500000000,0.00012207031250000,0.00006103515625000,0.00012207031250000,0.00012207031250000,0.00097656250000000,0.00000000000000000,0.00048828125000000,0.00006103515625000,0.00012207031250000,0.49277476320086722,3
0.00012207031250000,0.00195312500000000,0.00048828125000000,0.00006103515625000,0.00006103515625000,0.00048828125000000,0.00195312500000000,0.00012207031250000,0.00000000000000000,0.00012207031250000,0.00012207031250000,0.00097656250000000,0.00006103515625000,0.00048828125000000,0.00006103515625000,0.00012207031250000,0.49277476320086722,0
0.00012207031250000,0.00195312500000000,0.00048828125000000,0.00006103515625000,0.00006103515625000,0.00048828125000000,0.00195312500000000,0.00012207031250000,0.00000000000000000,0.00006103515625000,0.00024414062500000,0.00097656250000000,0.00006103515625000,0.00048828125000000,0.00006103515625000,0.00012207031250000,0.49341179625571652,0
0.00012207031250000,0.00195312500000000,0.00048828125000000,0.00006103515625000,0.00006103515625000,0.00048828125000000,0.00195312500000000,0.00012207031250000,0.00006103515625000,0.00024414062500000,0.00097656250000000,0.00006103515625000,0.00006103515625000,0.00048828125000000,0.00006103515625000,0.00012207031250000,0.49341179625571652,0
0.00012207031250000,0.00195312500000000,0.00048828125000000,0.00006103515625000,0.00012207031250000,0.00048828125000000,0.00195312500000000,0.00012207031250000,0.00006103515625000,0.00024414062500000,0.00097656250000000,0.00006103515625000,0.00012207031250000,0.00048828125000000,0.00006103515625000,0.00012207031250000,0.49372822261167015,0
0.00006103515625000,0.00006103515625000,0.00000000000000000,0.00000000000000000,0.00000000000000000,0.00000000000000000,0.00000000000000000,0.00000000000000000,0.00000000000000000,0.00000000000000000,0.00000000000000000,0.00000000000000000,0.00000000000000000,0.00000000000000000,0.00000000000000000,0.00000000000000000,0.00000000000000000,3
0.00000000000000000,0.00000000000000000,0.00000000000000000,0.00012207031250000,0.00000000000000000,0.00000000000000000,0.00000000000000000,0.00000000000000000,0.00000000000000000,0.00000000000000000,0.00000000000000000,0.00000000000000000,0.00000000000000000,0.00000000000000000,0.00006103515625000,0.00000000000000000,0.11649500072266981,1
0.00000000000000000,0.00000000000000000,0.00006103515625000,0.00012207031250000,0.00000000000000000,0.00000000000000000,0.00000000000000000,0.00000000000000000,0.00000000000000000,0.00000000000000000,0.00000000000000000,0.00000000000000000,0.00000000000000000,0.00006103515625000,0.00000000000000000,0.00000000000000000,0.11649500072266981,1
0.00000000000000000,0.00000000000000000,0.00006103515625000,0.00012207031250000,0.00006103515625000,0.00000000000000000,0.00000000000000000,0.00000000000000000,0.00000000000000000,0.00000000000000000,0.00000000000000000,0.00000000000000000,0.00000000000000000,0.00000000000000000,0.00000000000000000,0.00006103515625000,0.11649500072266981,0
0.00000000000000000,0.00000000000000000,0.00000000000000000,0.00000000000000000,0.00006103515625000,0.00000000000000000,0.00000000000000000,0.00000000000000000,0.00000000000000000,0.00000000000000000,0.00000000000000000,0.00012207031250000,0.00006103515625000,0.00000000000000000,0.00006103515625000,0.00006103515625000,0.11649500072266981,1
0.00000000000000000,0.00000000000000000,0.00006103515625000,0.00000000000000000,0.00006103515625000,0.00000000000000000,0.00000000000000000,0.00000000000000000,0.00012207031250000,0.00000000000000000,0.00000000000000000,0.00000000000000000,0.00012207031250000,0.00006103515625000,0.00000000000000000,0.00000000000000000,0.15904041823988749,1
0.00000000000000000,0.00000000000000000,0.00000000000000000,0.00000000000000000,0.00006103515625000,0.00000000000000000,0.00000000000000000,0.00000000000000000,0.00006103515625000,0.00000000000000000,0.00000000000000000,0.00000000000000000,0.00024414062500000,0.00006103515625000,0.00006103515625000,0.00000000000000000,0.20507482022971232,0
0.00000000000000000,0.00000000000000000,0.00000000000000000,0.00000000000000000,0.00000000000000000,0.00006103515625000,0.00000000000000000,0.00006103515625000,0.00000000000000000,0.00000000000000000,0.00000000000000000,0.00006103515625000,0.00000000000000000,0.00000000000000000,0.00024414062500000,0.00012207031250000,0.22036988245565323,3
0.00000000000000000,0.00000000000000000,0.00000000000000000,0.00000000000000000,0.00012207031250000,0.00000000000000000,0.00000000000000000,0.00000000000000000,0.00006103515625000,0.00000000000000000,0.00000000000000000,0.00006103515625000,0.00024414062500000,0.00012207031250000,0.00000000000000000,0.00000000000000000,0.23299000144533963,2
0.00006103515625000,0.00000000000000000,0.00000000000000000,0.00000000000000000,0.00012207031250000,0.00000000000000000,0.00000000000000000,0.00000000000000000,0.00012207031250000,0.00000000000000000,0.00000000000000000,0.00000000000000000,0.00024414062500000,0.00012207031250000,0.00000000000000000,0.00000000000000000,0.24373299964982600,1
0.00000000000000000,0.00000000000000000,0.00000000000000000,0.00006103515625000,0.00000000000000000,0.00000000000000000,0.00000000000000000,0.00012207031250000,0.00000000000000000,0.00006103515625000,0.00000000000000000,0.00012207031250000,0.00000000000000000,0.00000000000000000,0.00024414062500000,0.00012207031250000,0.24373299964982600,2
0.00000000000000000,0.00000000000000000,0.00012207031250000,0.00006103515625000,0.00000000000000000,0.00000000000000000,0.00000000000000000,0.00012207031250000,0.00000000000000000,0.00000000000000000,0.00006103515625000,0.00012207031250000,0.00000000000000000,0.00000000000000000,0.00024414062500000,0.00012207031250000,0.24373299964982600,2
0.00000000000000000,0.00000000000000000,0.00012207031250000,0.00006103515625000,0.00000000000000000,0.00000000000000000,0.00006103515625000,0.00024414062500000,0.00000000000000000,0.00000000000000000,0.00024414062500000,0.00012207031250000,0.00000000000000000,0.00000000000000000,0.00000000000000000,0.00006103515625000,0.26136695401116583,2
0.00000000000000000,0.00000000000000000,0.00000000000000000,0.00006103515625000,0.00000000000000000,0.00000000000000000,0.00012207031250000,0.00024414062500000,0.00000000000000000,0.00000000000000000,0.00006103515625000,0.00012207031250000,0.00000000000000000,0.00006103515625000,0.00024414062500000,0.00006103515625000,0.26136695401116583,2
0.00006103515625000,0.00000000000000000,0.00000000000000000,0.00000000000000000,0.00012207031250000,0.00024414062500000,0.00000000000000000,0.00000000000000000,0.00006103515625000,0.00012207031250000,0.00000000000000000,0.00000000000000000,0.00006103515625000,0.00024414062500000,0.00006103515625000,0.00012207031250000,0.26136695401116583,3
0.00000000000000000,0.00000000000000000,0.00000000000000000,0.00000000000000000,0.00006103515625000,0.00024414062500000,0.00000000000000000,0.00006103515625000,0.00012207031250000,0.00012207031250000,0.00000000000000000,0.00000000000000000,0.00012207031250000,0.00024414062500000,0.00006103515625000,0.00012207031250000,0.26879730945328922,2
0.00006103515625000,0.00024414062500000,0.00006103515625000,0.00006103515625000,0.00024414062500000,0.00012207031250000,0.00000000000000000,0.00012207031250000,0.00000000000000000,0.00024414062500000,0.00006103515625000,0.00000000000000000,0.00000000000000000,0.00000000000000000,0.00000000000000000,0.00000000000000000,0.28169934667141894,2
0.00006103515625000,0.00006103515625000,0.00024414062500000,0.00012207031250000,0.00000000000000000,0.00000000000000000,0.00024414062500000,0.00024414062500000,0.00000000000000000,0.00000000000000000,0.00024414062500000,0.00006103515625000,0.00000000000000000,0.00000000000000000,0.00000000000000000,0.00000000000000000,0.29755497250179452,2
0.00000000000000000,0.00012207031250000,0.00024414062500000,0.00012207031250000,0.00000000000000000,0.00000000000000000,0.00000000000000000,0.00048828125000000,0.00000000000000000,0.00000000000000000,0.00024414062500000,0.00006103515625000,0.00000000000000000,0.00000000000000000,0.00000000000000000,0.00006103515625000,0.31808083647977498,0
0.00000000000000000,0.00000000000000000,0.00000000000000000,0.00000000000000000,0.00000000000000000,0.00000000000000000,0.00000000000000000,0.00012207031250000,0.00000000000000000,0.00000000000000000,0.00006103515625000,0.00048828125000000,0.00000000000000000,0.00012207031250000,0.00048828125000000,0.00012207031250000,0.33405356229710709,2
0.00000000000000000,0.00012207031250000,0.00006103515625000,0.00012207031250000,0.00000000000000000,0.00000000000000000,0.00048828125000000,0.00048828125000000,0.00000000000000000,0.00006103515625000,0.00000000000000000,0.00012207031250000,0.00000000000000000,0.00000000000000000,0.00000000000000000,0.00000000000000000,0.33405356229710709,3
0.00000000000000000,0.00012207031250000,0.00006103515625000,0.00012207031250000,0.00000000000000000,0.00006103515625000,0.00048828125000000,0.00048828125000000,0.00006103515625000,0.00000000000000000,0.00000000000000000,0.00012207031250000,0.00000000000000000,0.00000000000000000,0.00000000000000000,0.00000000000000000,0.33405356229710709,0
0.00012207031250000,0.00006103515625000,0.00012207031250000,0.00000000000000000,0.00006103515625000,0.00097656250000000,0.00006103515625000,0.00000000000000000,0.00006103515625000,0.00012207031250000,0.00000000000000000,0.00000000000000000,0.00000000000000000,0.00000000000000000,0.00000000000000000,0.00000000000000000,0.35397527349451430,3
0.00000000000000000,0.00000000000000000,0.00006103515625000,0.00000000000000000,0.00000000000000000,0.00006103515625000,0.00000000000000000,0.00000000000000000,0.00012207031250000,0.00097656250000000,0.00012207031250000,0.00000000000000000,0.00012207031250000,0.00012207031250000,0.00006103515625000,0.00000000000000000,0.35612009452606780,2
0.00024414062500000,0.00006103515625000,0.00006103515625000,0.00000000000000000,0.00000000000000000,0.00097656250000000,0.00012207031250000,0.00000000000000000,0.00000000000000000,0.00012207031250000,0.00006103515625000,0.00006103515625000,0.00000000000000000,0.00000000000000000,0.00000000000000000,0.00000000000000000,0.36022800037249580,1
0.00024414062500000,0.00006103515625000,0.00006103515625000,0.00006103515625000,0.00000000000000000,0.00097656250000000,0.00012207031250000,0.00000000000000000,0.00000000000000000,0.00012207031250000,0.00006103515625000,0.00000000000000000,0.00000000000000000,0.00000000000000000,0.00006103515625000,0.00000000000000000,0.36022800037249580,1
0.00000000000000000,0.00000000000000000,0.00000000000000000,0.00000000000000000,0.00000000000000000,0.00006103515625000,0.00006103515625000,0.00000000000000000,0.00006103515625000,0.00097656250000000,0.00012207031250000,0.00000000000000000,0.00024414062500000,0.00012207031250000,0.00012207031250000,0.00006103515625000,0.36219771140204565,3
0.00000000000000000,0.00000000000000000,0.00000000000000000,0.00000000000000000,0.00012207031250000,0.00006103515625000,0.00000000000000000,0.00000000000000000,0.00006103515625000,0.00097656250000000,0.00012207031250000,0.00000000000000000,0.00024414062500000,0.00024414062500000,0.00006103515625000,0.00000000000000000,0.36780431267197494,2
0.00000000000000000,0.00006103515625000,0.00000000000000000,0.00000000000000000,0.00000000000000000,0.00000000000000000,0.00012207031250000,0.00006103515625000,0.00000000000000000,0.00006103515625000,0.00097656250000000,0.00012207031250000,0.00000000000000000,0.00000000000000000,0.00048828125000000,0.00006103515625000,0.37466221106030112,2
0.00000000000000000,0.00012207031250000,0.00012207031250000,0.00006103515625000,0.00006103515625000,0.00000000000000000,0.00097656250000000,0.00012207031250000,0.00000000000000000,0.00000000000000000,0.00048828125000000,0.00006103515625000,0.00000000000000000,0.00000000000000000,0.00000000000000000,0.00000000000000000,0.37627976247819744,0
0.00000000000000000,0.00000000000000000,0.00024414062500000,0.00006103515625000,0.00000000000000000,0.00006103515625000,0.00097656250000000,0.00012207031250000,0.00000000000000000,0.00000000000000000,0.00048828125000000,0.00006103515625000,0.00006103515625000,0.00000000000000000,0.00000000000000000,0.00000000000000000,0.37941030069554071,1
0.00024414062500000,0.00006103515625000,0.00000000000000000,0.00000000000000000,0.00006103515625000,0.00097656250000000,0.00012207031250000,0.00000000000000000,0.00048828125000000,0.00006103515625000,0.00000000000000000,0.00000000000000000,0.00006103515625000,0.00000000000000000,0.00006103515625000,0.00000000000000000,0.37941030069554071,2
0.00024414062500000,0.00006103515625000,0.00000000000000000,0.00000000000000000,0.00006103515625000,0.00097656250000000,0.00012207031250000,0.00006103515625000,0.00048828125000000,0.00006103515625000,0.00000000000000000,0.00000000000000000,0.00012207031250000,0.00000000000000000,0.00000000000000000,0.00000000000000000,0.38092621816796229,3
0.00024414062500000,0.00006103515625000,0.00012207031250000,0.00006103515625000,0.00006103515625000,0.00097656250000000,0.00000000000000000,0.00000000000000000,0.00048828125000000,0.00006103515625000,0.00000000000000000,0.00006103515625000,0.00012207031250000,0.00000000000000000,0.00000000000000000,0.00000000000000000,0.38092621816796229,3
0.00024414062500000,0.00000000000000000,0.00000000000000000,0.00000000000000000,0.00006103515625000,0.00006103515625000,0.00000000000000000,0.00006103515625000,0.00048828125000000,0.00097656250000000,0.00000000000000000,0.00000000000000000,0.00012207031250000,0.00006103515625000,0.00012207031250000,0.00012207031250000,0.38241103769359880,1
0.00024414062500000,0.00000000000000000,0.00000000000000000,0.00000000000000000,0.00012207031250000,0.00006103515625000,0.00000000000000000,0.00000000000000000,0.00048828125000000,0.00097656250000000,0.00006103515625000,0.00000000000000000,0.00012207031250000,0.00006103515625000,0.00024414062500000,0.00000000000000000,0.38669104768517570,3
0.00024414062500000,0.00006103515625000,0.00006103515625000,0.00000000000000000,0.00012207031250000,0.00097656250000000,0.00024414062500000,0.00000000000000000,0.00048828125000000,0.00006103515625000,0.00000000000000000,0.00012207031250000,0.00012207031250000,0.00000000000000000,0.00000000000000000,0.00000000000000000,0.38669104768517570,0
0.00024414062500000,0.00012207031250000,0.00006103515625000,0.00000000000000000,0.00012207031250000,0.00097656250000000,0.00024414062500000,0.00000000000000000,0.00048828125000000,0.00006103515625000,0.00012207031250000,0.00000000000000000,0.00012207031250000,0.00000000000000000,0.00000000000000000,0.00000000000000000,0.38806326723978962,1
0.00000000000000000,0.00024414062500000,0.00012207031250000,0.00006103515625000,0.00000000000000000,0.00012207031250000,0.00097656250000000,0.00024414062500000,0.00000000000000000,0.00048828125000000,0.00006103515625000,0.00012207031250000,0.00000000000000000,0.00000000000000000,0.00006103515625000,0.00012207031250000,0.38806326723978962,2
0.00024414062500000,0.00012207031250000,0.00006103515625000,0.00000000000000000,0.00012207031250000,0.00097656250000000,0.00024414062500000,0.00000000000000000,0.00048828125000000,0.00006103515625000,0.00012207031250000,0.00000000000000000,0.00006103515625000,0.00012207031250000,0.00000000000000000,0.00006103515625000,0.38806326723978962,1
0.00000000000000000,0.00024414062500000,0.00012207031250000,0.00006103515625000,0.00000000000000000,0.00012207031250000,0.00097656250000000,0.00024414062500000,0.00012207031250000,0.00048828125000000,0.00006103515625000,0.00012207031250000,0.00000000000000000,0.00006103515625000,0.00012207031250000,0.00006103515625000,0.38806326723978962,2
0.00012207031250000,0.00024414062500000,0.00012207031250000,0.00006103515625000,0.00000000000000000,0.00012207031250000,0.00097656250000000,0.00024414062500000,0.00006103515625000,0.00048828125000000,0.00006103515625000,0.00012207031250000,0.00000000000000000,0.00006103515625000,0.00012207031250000,0.00006103515625000,0.38806326723978962,1
0.00012207031250000,0.00024414062500000,0.00012207031250000,0.00006103515625000,0.00000000000000000,0.00012207031250000,0.00097656250000000,0.00024414062500000,0.00012207031250000,0.00048828125000000,0.00006103515625000,0.00012207031250000,0.00006103515625000,0.00006103515625000,0.00012207031250000,0.00006103515625000,0.38806326723978962,0
0.00012207031250000,0.00024414062500000,0.00012207031250000,0.00006103515625000,0.00012207031250000,0.00097656250000000,0.00024414062500000,0.00006103515625000,0.00012207031250000,0.00048828125000000,0.00006103515625000,0.00012207031250000,0.00012207031250000,0.00012207031250000,0.00006103515625000,0.00000000000000000,0.38940995564142161,1
0.00000000000000000,0.00024414062500000,0.00000000000000000,0.00000000000000000,0.00000000000000000,0.00097656250000000,0.00012207031250000,0.00006103515625000,0.00024414062500000,0.00048828125000000,0.00024414062500000,0.00012207031250000,0.00024414062500000,0.00012207031250000,0.00012207031250000,0.00012207031250000,0.39700284042914474,0
0.00024414062500000,0.00000000000000000,0.00000000000000000,0.00000000000000000,0.00097656250000000,0.00012207031250000,0.00006103515625000,0.00000000000000000,0.00024414062500000,0.00048828125000000,0.00024414062500000,0.00012207031250000,0.00024414062500000,0.00024414062500000,0.00012207031250000,0.00006103515625000,0.39936655784928937,3
0.00024414062500000,0.00012207031250000,0.00006103515625000,0.00012207031250000,0.00097656250000000,0.00048828125000000,0.00024414062500000,0.00006103515625000,0.00048828125000000,0.00024414062500000,0.00012207031250000,0.00006103515625000,0.00000000000000000,0.00000000000000000,0.00000000000000000,0.00000000000000000,0.40387431232280130,0
0.00000000000000000,0.00000000000000000,0.00000000000000000,0.00000000000000000,0.00024414062500000,0.00012207031250000,0.00006103515625000,0.00006103515625000,0.00097656250000000,0.00048828125000000,0.00024414062500000,0.00012207031250000,0.00048828125000000,0.00024414062500000,0.00012207031250000,0.00012207031250000,0.40495871333373468,3
0.00000000000000000,0.00006103515625000,0.00000000000000000,0.00000000000000000,0.00024414062500000,0.00012207031250000,0.00006103515625000,0.00000000000000000,0.00097656250000000,0.00048828125000000,0.00024414062500000,0.00006103515625000,0.00048828125000000,0.00024414062500000,0.00012207031250000,0.00024414062500000,0.40707996151074144,2
0.00006103515625000,0.00000000000000000,0.00000000000000000,0.00006103515625000,0.00024414062500000,0.00012207031250000,0.00006103515625000,0.00000000000000000,0.00097656250000000,0.00048828125000000,0.00024414062500000,0.00006103515625000,0.00048828125000000,0.00024414062500000,0.00012207031250000,0.00024414062500000,0.40707996151074144,1
0.00006103515625000,0.00012207031250000,0.00006103515625000,0.00012207031250000,0.00024414062500000,0.00048828125000000,0.00024414062500000,0.00024414062500000,0.00097656250000000,0.00024414062500000,0.00012207031250000,0.00006103515625000,0.00048828125000000,0.00000000000000000,0.00000000000000000,0.00000000000000000,0.40811771998417995,2
0.00006103515625000,0.00012207031250000,0.00006103515625000,0.00012207031250000,0.00024414062500000,0.00048828125000000,0.00048828125000000,0.00000000000000000,0.00097656250000000,0.00024414062500000,0.00012207031250000,0.00006103515625000,0.00048828125000000,0.00000000000000000,0.00006103515625000,0.00000000000000000,0.41212607488620207,3
0.00006103515625000,0.00000000000000000,0.00006103515625000,0.00006103515625000,0.00024414062500000,0.00012207031250000,0.00048828125000000,0.00000000000000000,0.00097656250000000,0.00048828125000000,0.00012207031250000,0.00012207031250000,0.00048828125000000,0.00024414062500000,0.00006103515625000,0.00006103515625000,0.41212607488620207,1
0.00006103515625000,0.00012207031250000,0.00006103515625000,0.00006103515625000,0.00024414062500000,0.00048828125000000,0.00048828125000000,0.00012207031250000,0.00097656250000000,0.00024414062500000,0.00012207031250000,0.00006103515625000,0.00048828125000000,0.00000000000000000,0.00006103515625000,0.00006103515625000,0.41212607488620207,2
0.00006103515625000,0.00000000000000000,0.00006103515625000,0.00006103515625000,0.00024414062500000,0.00012207031250000,0.00048828125000000,0.00006103515625000,0.00097656250000000,0.00048828125000000,0.00012207031250000,0.00012207031250000,0.00048828125000000,0.00024414062500000,0.00006103515625000,0.00012207031250000,0.41309441593230728,0
0.00012207031250000,0.00006103515625000,0.00006103515625000,0.00000000000000000,0.00024414062500000,0.00012207031250000,0.00048828125000000,0.00006103515625000,0.00097656250000000,0.00048828125000000,0.00024414062500000,0.00000000000000000,0.00048828125000000,0.00024414062500000,0.00006103515625000,0.00012207031250000,0.41592405625774137,3
0.00012207031250000,0.00012207031250000,0.00006103515625000,0.00000000000000000,0.00024414062500000,0.00012207031250000,0.00048828125000000,0.00006103515625000,0.00097656250000000,0.00048828125000000,0.00024414062500000,0.00000000000000000,0.00048828125000000,0.00024414062500000,0.00006103515625000,0.00012207031250000,0.41684321036962529,3
0.00012207031250000,0.00024414062500000,0.00006103515625000,0.00006103515625000,0.00024414062500000,0.00048828125000000,0.00048828125000000,0.00012207031250000,0.00097656250000000,0.00024414062500000,0.00024414062500000,0.00000000000000000,0.00048828125000000,0.00006103515625000,0.00006103515625000,0.00000000000000000,0.41864722682981242,1
0.00012207031250000,0.00024414062500000,0.00006103515625000,0.00006103515625000,0.00024414062500000,0.00048828125000000,0.00048828125000000,0.00000000000000000,0.00097656250000000,0.00024414062500000,0.00024414062500000,0.00006103515625000,0.00048828125000000,0.00006103515625000,0.00006103515625000,0.00012207031250000,0.41864722682981242,2
0.00012207031250000,0.00024414062500000,0.00012207031250000,0.00000000000000000,0.00024414062500000,0.00097656250000000,0.00000000000000000,0.00000000000000000,0.00097656250000000,0.00048828125000000,0.00006103515625000,0.00000000000000000,0.00048828125000000,0.00012207031250000,0.00012207031250000,0.00006103515625000,0.43015416261260325,2
0.00000000000000000,0.00012207031250000,0.00024414062500000,0.00012207031250000,0.00000000000000000,0.00000000000000000,0.00024414062500000,0.00097656250000000,0.00000000000000000,0.00097656250000000,0.00048828125000000,0.00006103515625000,0.00006103515625000,0.00048828125000000,0.00024414062500000,0.00006103515625000,0.43165826688761794,0
0.00006103515625000,0.00012207031250000,0.00048828125000000,0.00012207031250000,0.00006103515625000,0.00097656250000000,0.00048828125000000,0.00097656250000000,0.00000000000000000,0.00048828125000000,0.00024414062500000,0.00012207031250000,0.00000000000000000,0.00000000000000000,0.00000000000000000,0.00000000000000000,0.43528721800122366,1
0.00006103515625000,0.00012207031250000,0.00048828125000000,0.00012207031250000,0.00006103515625000,0.00097656250000000,0.00048828125000000,0.00097656250000000,0.00048828125000000,0.00024414062500000,0.00012207031250000,0.00006103515625000,0.00000000000000000,0.00000000000000000,0.00000000000000000,0.00000000000000000,0.43528721800122366,1
0.00012207031250000,0.00012207031250000,0.00097656250000000,0.00012207031250000,0.00048828125000000,0.00097656250000000,0.00012207031250000,0.00097656250000000,0.00000000000000000,0.00024414062500000,0.00000000000000000,0.00006103515625000,0.00006103515625000,0.00000000000000000,0.00000000000000000,0.00000000000000000,0.44139333516348861,3
0.00024414062500000,0.00097656250000000,0.00012207031250000,0.00006103515625000,0.00048828125000000,0.00097656250000000,0.00012207031250000,0.00097656250000000,0.00024414062500000,0.00006103515625000,0.00000000000000000,0.00000000000000000,0.00006103515625000,0.00000000000000000,0.00000000000000000,0.00000000000000000,0.44268303366880529,1
0.00024414062500000,0.00195312500000000,0.00024414062500000,0.00006103515625000,0.00048828125000000,0.00006103515625000,0.00000000000000000,0.00097656250000000,0.00024414062500000,0.00000000000000000,0.00000000000000000,0.00006103515625000,0.00006103515625000,0.00000000000000000,0.00000000000000000,0.00000000000000000,0.45335988390099285,1
0.00024414062500000,0.00006103515625000,0.00000000000000000,0.00000000000000000,0.00048828125000000,0.00000000000000000,0.00000000000000000,0.00006103515625000,0.00024414062500000,0.00195312500000000,0.00000000000000000,0.00097656250000000,0.00006103515625000,0.00006103515625000,0.00024414062500000,0.00006103515625000,0.45335988390099285,0
0.00024414062500000,0.00006103515625000,0.00024414062500000,0.00006103515625000,0.00048828125000000,0.00195312500000000,0.00006103515625000,0.00097656250000000,0.00024414062500000,0.00006103515625000,0.00000000000000000,0.00006103515625000,0.00006103515625000,0.00000000000000000,0.00000000000000000,0.00000000000000000,0.45335988390099285,1
0.00024414062500000,0.00006103515625000,0.00024414062500000,0.00006103515625000,0.00048828125000000,0.00195312500000000,0.00006103515625000,0.00097656250000000,0.00024414062500000,0.00012207031250000,0.00000000000000000,0.00000000000000000,0.00006103515625000,0.00000000000000000,0.00006103515625000,0.00000000000000000,0.45390927867253095,1
0.00024414062500000,0.00006103515625000,0.00024414062500000,0.00006103515625000,0.00048828125000000,0.00195312500000000,0.00006103515625000,0.00097656250000000,0.00024414062500000,0.00012207031250000,0.00000000000000000,0.00000000000000000,0.00012207031250000,0.00000000000000000,0.00006103515625000,0.00000000000000000,0.45445453483776205,0
0.00024414062500000,0.00006103515625000,0.00024414062500000,0.00006103515625000,0.00048828125000000,0.00195312500000000,0.00012207031250000,0.00097656250000000,0.00024414062500000,0.00012207031250000,0.00000000000000000,0.00000000000000000,0.00012207031250000,0.00006103515625000,0.00000000000000000,0.00000000000000000,0.45499571428325924,1
0.00024414062500000,0.00006103515625000,0.00024414062500000,0.00006103515625000,0.00048828125000000,0.00195312500000000,0.00012207031250000,0.00097656250000000,0.00000000000000000,0.00000000000000000,0.00024414062500000,0.00012207031250000,0.00000000000000000,0.00006103515625000,0.00012207031250000,0.00006103515625000,0.45499571428325924,0
0.00024414062500000,0.00006103515625000,0.00024414062500000,0.00006103515625000,0.00048828125000000,0.00195312500000000,0.00012207031250000,0.00097656250000000,0.00024414062500000,0.00012207031250000,0.00006103515625000,0.00000000000000000,0.00006103515625000,0.00012207031250000,0.00006103515625000,0.00000000000000000,0.45499571428325924,1
0.00024414062500000,0.00000000000000000,0.00000000000000000,0.00000000000000000,0.00048828125000000,0.00006103515625000,0.00024414062500000,0.00006103515625000,0.00024414062500000,0.00195312500000000,0.00012207031250000,0.00006103515625000,0.00006103515625000,0.00024414062500000,0.00012207031250000,0.00097656250000000,0.45659539074168198,0
0.00024414062500000,0.00006103515625000,0.00024414062500000,0.00012207031250000,0.00048828125000000,0.00195312500000000,0.00024414062500000,0.00097656250000000,0.00024414062500000,0.00024414062500000,0.00000000000000000,0.00000000000000000,0.00006103515625000,0.00000000000000000,0.00006103515625000,0.00000000000000000,0.45816047687602696,0
0.00024414062500000,0.00006103515625000,0.00048828125000000,0.00012207031250000,0.00048828125000000,0.00195312500000000,0.00006103515625000,0.00097656250000000,0.00024414062500000,0.00024414062500000,0.00000000000000000,0.00006103515625000,0.00006103515625000,0.00000000000000000,0.00000000000000000,0.00000000000000000,0.46019596885928854,2
0.00024414062500000,0.00006103515625000,0.00048828125000000,0.00012207031250000,0.00048828125000000,0.00195312500000000,0.00006103515625000,0.00097656250000000,0.00006103515625000,0.00000000000000000,0.00048828125000000,0.00006103515625000,0.00000000000000000,0.00000000000000000,0.00000000000000000,0.00006103515625000,0.46217578222737710,3
0.00000000000000000,0.00000000000000000,0.00000000000000000,0.00006103515625000,0.00024414062500000,0.00000000000000000,0.00048828125000000,0.00012207031250000,0.00048828125000000,0.00006103515625000,0.00006103515625000,0.00097656250000000,0.00006103515625000,0.00195312500000000,0.00048828125000000,0.00012207031250000,0.46266238852156150,3
0.00006103515625000,0.00000000000000000,0.00000000000000000,0.00012207031250000,0.00024414062500000,0.00048828125000000,0.00012207031250000,0.00000000000000000,0.00048828125000000,0.00012207031250000,0.00097656250000000,0.00000000000000000,0.00006103515625000,0.00195312500000000,0.00048828125000000,0.00012207031250000,0.46314574533378994,3
0.00006103515625000,0.00048828125000000,0.00012207031250000,0.00024414062500000,0.00024414062500000,0.00012207031250000,0.00097656250000000,0.00006103515625000,0.00048828125000000,0.00195312500000000,0.00048828125000000,0.00000000000000000,0.00006103515625000,0.00000000000000000,0.00000000000000000,0.00000000000000000,0.46410288210547918,1
0.00006103515625000,0.00048828125000000,0.00012207031250000,0.00024414062500000,0.00024414062500000,0.00012207031250000,0.00097656250000000,0.00006103515625000,0.00006103515625000,0.00048828125000000,0.00195312500000000,0.00048828125000000,0.00000000000000000,0.00000000000000000,0.00000000000000000,0.00006103515625000,0.46410288210547918,2
0.00006103515625000,0.00048828125000000,0.00012207031250000,0.00024414062500000,0.00024414062500000,0.00012207031250000,0.00097656250000000,0.00006103515625000,0.00006103515625000,0.00048828125000000,0.00195312500000000,0.00048828125000000,0.00006103515625000,0.00000000000000000,0.00006103515625000,0.00000000000000000,0.46410288210547918,0
0.00006103515625000,0.00048828125000000,0.00012207031250000,0.00024414062500000,0.00024414062500000,0.00012207031250000,0.00097656250000000,0.00006103515625000,0.00012207031250000,0.00048828125000000,0.00195312500000000,0.00048828125000000,0.00000000000000000,0.00006103515625000,0.00006103515625000,0.00000000000000000,0.46457674575306918,2
0.00006103515625000,0.00048828125000000,0.00012207031250000,0.00024414062500000,0.00024414062500000,0.00012207031250000,0.00097656250000000,0.00006103515625000,0.00012207031250000,0.00048828125000000,0.00195312500000000,0.00048828125000000,0.00000000000000000,0.00006103515625000,0.00000000000000000,0.00012207031250000,0.46504752733887361,1
0.00006103515625000,0.00048828125000000,0.00012207031250000,0.00024414062500000,0.00024414062500000,0.00012207031250000,0.00097656250000000,0.00006103515625000,0.00012207031250000,0.00048828125000000,0.00195312500000000,0.00048828125000000,0.00000000000000000,0.00012207031250000,0.00006103515625000,0.00012207031250000,0.46504752733887361,2
0.00006103515625000,0.00048828125000000,0.00012207031250000,0.00024414062500000,0.00006103515625000,0.00012207031250000,0.00097656250000000,0.00006103515625000,0.00024414062500000,0.00048828125000000,0.00195312500000000,0.00048828125000000,0.00012207031250000,0.00012207031250000,0.00006103515625000,0.00012207031250000,0.46504752733887361,2
0.00006103515625000,0.00048828125000000,0.00012207031250000,0.00024414062500000,0.00012207031250000,0.00012207031250000,0.00097656250000000,0.00006103515625000,0.00024414062500000,0.00048828125000000,0.00195312500000000,0.00048828125000000,0.00012207031250000,0.00012207031250000,0.00006103515625000,0.00012207031250000,0.46551526669609666,3
0.00006103515625000,0.00048828125000000,0.00012207031250000,0.00024414062500000,0.00024414062500000,0.00097656250000000,0.00006103515625000,0.00000000000000000,0.00024414062500000,0.00048828125000000,0.00195312500000000,0.00048828125000000,0.00024414062500000,0.00006103515625000,0.00012207031250000,0.00006103515625000,0.46735657205589171,3
0.00006103515625000,0.00048828125000000,0.00012207031250000,0.00024414062500000,0.00048828125000000,0.00097656250000000,0.00006103515625000,0.00048828125000000,0.00024414062500000,0.00048828125000000,0.00195312500000000,0.00006103515625000,0.00000000000000000,0.00006103515625000,0.00012207031250000,0.00006103515625000,0.46915219687917897,1
0.00006103515625000,0.00048828125000000,0.00012207031250000,0.00024414062500000,0.00048828125000000,0.00097656250000000,0.00006103515625000,0.00048828125000000,0.00024414062500000,0.00048828125000000,0.00195312500000000,0.00012207031250000,0.00000000000000000,0.00006103515625000,0.00012207031250000,0.00006103515625000,0.46959422825996344,1
0.00006103515625000,0.00048828125000000,0.00012207031250000,0.00024414062500000,0.00048828125000000,0.00097656250000000,0.00006103515625000,0.00048828125000000,0.00024414062500000,0.00048828125000000,0.00195312500000000,0.00012207031250000,0.00006103515625000,0.00012207031250000,0.00006103515625000,0.00012207031250000,0.46959422825996344,0
0.00000000000000000,0.00000000000000000,0.00000000000000000,0.00006103515625000,0.00000000000000000,0.00012207031250000,0.00000000000000000,0.00000000000000000,0.00000000000000000,0.00000000000000000,0.00000000000000000,0.00000000000000000,0.00000000000000000,0.00000000000000000,0.00000000000000000,0.00000000000000000,0.00000000000000000,3
0.00000000000000000,0.00012207031250000,0.00000000000000000,0.00006103515625000,0.00000000000000000,0.00000000000000000,0.00000000000000000,0.00000000000000000,0.00000000000000000,0.00006103515625000,0.00000000000000000,0.00000000000000000,0.00000000000000000,0.00000000000000000,0.00000000000000000,0.00000000000000000,0.00000000000000000,2
0.00000000000000000,0.00000000000000000,0.00012207031250000,0.00006103515625000,0.00000000000000000,0.00000000000000000,0.00000000000000000,0.00000000000000000,0.00000000000000000,0.00006103515625000,0.00000000000000000,0.00006103515625000,0.00000000000000000,0.00000000000000000,0.00000000000000000,0.00000000000000000,0.00000000000000000,0
0.00000000000000000,0.00000000000000000,0.00000000000000000,0.00000000000000000,0.00000000000000000,0.00000000000000000,0.00000000000000000,0.00000000000000000,0.00000000000000000,0.00006103515625000,0.00000000000000000,0.00000000000000000,0.00000000000000000,0.00006103515625000,0.00012207031250000,0.00012207031250000,0.11649500072266981,1
0.00006103515625000,0.00000000000000000,0.00000000000000000,0.00000000000000000,0.00000000000000000,0.00000000000000000,0.00000000000000000,0.00000000000000000,0.00006103515625000,0.00000000000000000,0.00000000000000000,0.00000000000000000,0.00006103515625000,0.00024414062500000,0.00000000000000000,0.00000000000000000,0.18565722538447280,3
0.00000000000000000,0.00000000000000000,0.00000000000000000,0.00000000000000000,0.00000000000000000,0.00000000000000000,0.00000000000000000,0.00000000000000000,0.00006103515625000,0.00000000000000000,0.00006103515625000,0.00000000000000000,0.00012207031250000,0.00024414062500000,0.00000000000000000,0.00000000000000000,0.20507482022971232,1
0.00000000000000000,0.00000000000000000,0.00000000000000000,0.00000000000000000,0.00000000000000000,0.00000000000000000,0.00000000000000000,0.00000000000000000,0.00012207031250000,0.00000000000000000,0.00006103515625000,0.00000000000000000,0.00012207031250000,0.00024414062500000,0.00000000000000000,0.00000000000000000,0.22036988245565323,3
0.00000000000000000,0.00000000000000000,0.00000000000000000,0.00000000000000000,0.00000000000000000,0.00000000000000000,0.00000000000000000,0.00000000000000000,0.00012207031250000,0.00006103515625000,0.00006103515625000,0.00000000000000000,0.00012207031250000,0.00024414062500000,0.00000000000000000,0.00000000000000000,0.22036988245565323,2
0.00000000000000000,0.00000000000000000,0.00006103515625000,0.00000000000000000,0.00000000000000000,0.00000000000000000,0.00000000000000000,0.00000000000000000,0.00000000000000000,0.00000000000000000,0.00012207031250000,0.00012207031250000,0.00000000000000000,0.00000000000000000,0.00012207031250000,0.00024414062500000,0.23299000144533963,2
0.00000000000000000,0.00000000000000000,0.00000000000000000,0.00000000000000000,0.00000000000000000,0.00000000000000000,0.00000000000000000,0.00000000000000000,0.00000000000000000,0.00006103515625000,0.00006103515625000,0.00012207031250000,0.00000000000000000,0.00000000000000000,0.00024414062500000,0.00024414062500000,0.25308565664631461,3
0.00000000000000000,0.00000000000000000,0.00000000000000000,0.00000000000000000,0.00000000000000000,0.00000000000000000,0.00000000000000000,0.00000000000000000,0.00000000000000000,0.00000000000000000,0.00012207031250000,0.00012207031250000,0.00012207031250000,0.00000000000000000,0.00000000000000000,0.00048828125000000,0.28737931160013147,2
0.00000000000000000,0.00000000000000000,0.00000000000000000,0.00000000000000000,0.00000000000000000,0.00000000000000000,0.00000000000000000,0.00006103515625000,0.00024414062500000,0.00000000000000000,0.00000000000000000,0.00000000000000000,0.00012207031250000,0.00048828125000000,0.00000000000000000,0.00000000000000000,0.29755497250179452,1
0.00024414062500000,0.00048828125000000,0.00000000000000000,0.00006103515625000,0.00012207031250000,0.00000000000000000,0.00000000000000000,0.00000000000000000,0.00000000000000000,0.00000000000000000,0.00000000000000000,0.00000000000000000,0.00000000000000000,0.00000000000000000,0.00006103515625000,0.00000000000000000,0.29755497250179452,2
0.00000000000000000,0.00000000000000000,0.00006103515625000,0.00000000000000000,0.00000000000000000,0.00000000000000000,0.00000000000000000,0.00000000000000000,0.00024414062500000,0.00000000000000000,0.00000000000000000,0.00000000000000000,0.00012207031250000,0.00048828125000000,0.00006103515625000,0.00006103515625000,0.29755497250179452,1
0.00024414062500000,0.00048828125000000,0.00012207031250000,0.00006103515625000,0.00012207031250000,0.00000000000000000,0.00000000000000000,0.00000000000000000,0.00000000000000000,0.00000000000000000,0.00000000000000000,0.00000000000000000,0.00006103515625000,0.00000000000000000,0.00000000000000000,0.00000000000000000,0.30215222610714260,1
0.00024414062500000,0.00048828125000000,0.00012207031250000,0.00006103515625000,0.00012207031250000,0.00000000000000000,0.00006103515625000,0.00000000000000000,0.00006103515625000,0.00000000000000000,0.00000000000000000,0.00000000000000000,0.00000000000000000,0.00000000000000000,0.00000000000000000,0.00000000000000000,0.30215222610714260,1
0.00024414062500000,0.00048828125000000,0.00012207031250000,0.00006103515625000,0.00000000000000000,0.00006103515625000,0.00012207031250000,0.00006103515625000,0.00000000000000000,0.00000000000000000,0.00000000000000000,0.00006103515625000,0.00000000000000000,0.00000000000000000,0.00000000000000000,0.00000000000000000,0.30215222610714260,0
0.00024414062500000,0.00048828125000000,0.00012207031250000,0.00006103515625000,0.00006103515625000,0.00012207031250000,0.00006103515625000,0.00000000000000000,0.00006103515625000,0.00000000000000000,0.00000000000000000,0.00000000000000000,0.00000000000000000,0.00000000000000000,0.00006103515625000,0.00000000000000000,0.30215222610714260,3
0.00000000000000000,0.00000000000000000,0.00000000000000000,0.00000000000000000,0.00000000000000000,0.00006103515625000,0.00000000000000000,0.00000000000000000,0.00024414062500000,0.00048828125000000,0.00012207031250000,0.00000000000000000,0.00012207031250000,0.00012207031250000,0.00012207031250000,0.00006103515625000,0.31055381002007598,0
0.00000000000000000,0.00006103515625000,0.00000000000000000,0.00000000000000000,0.00000000000000000,0.00000000000000000,0.00000000000000000,0.00006103515625000,0.00000000000000000,0.00024414062500000,0.00048828125000000,0.00012207031250000,0.00000000000000000,0.00012207031250000,0.00024414062500000,0.00006103515625000,0.31808083647977498,1
0.00000000000000000,0.00000000000000000,0.00000000000000000,0.00000000000000000,0.00000000000000000,0.00006103515625000,0.00000000000000000,0.00006103515625000,0.00012207031250000,0.00024414062500000,0.00048828125000000,0.00012207031250000,0.00000000000000000,0.00012207031250000,0.00024414062500000,0.00006103515625000,0.31808083647977498,0
0.00012207031250000,0.00006103515625000,0.00048828125000000,0.00006103515625000,0.00000000000000000,0.00024414062500000,0.00024414062500000,0.00012207031250000,0.00000000000000000,0.00012207031250000,0.00000000000000000,0.00006103515625000,0.00000000000000000,0.00006103515625000,0.00000000000000000,0.00000000000000000,0.31808083647977498,1
0.00006103515625000,0.00006103515625000,0.00000000000000000,0.00000000000000000,0.00000000000000000,0.00024414062500000,0.00000000000000000,0.00006103515625000,0.00000000000000000,0.00012207031250000,0.00048828125000000,0.00012207031250000,0.00012207031250000,0.00006103515625000,0.00024414062500000,0.00006103515625000,0.31808083647977498,3
0.00000000000000000,0.00006103515625000,0.00000000000000000,0.00000000000000000,0.00012207031250000,0.00024414062500000,0.00000000000000000,0.00006103515625000,0.00006103515625000,0.00012207031250000,0.00048828125000000,0.00012207031250000,0.00012207031250000,0.00006103515625000,0.00024414062500000,0.00006103515625000,0.31808083647977498,3
0.00006103515625000,0.00000000000000000,0.00000000000000000,0.00006103515625000,0.00012207031250000,0.00024414062500000,0.00006103515625000,0.00000000000000000,0.00006103515625000,0.00012207031250000,0.00048828125000000,0.00012207031250000,0.00012207031250000,0.00006103515625000,0.00024414062500000,0.00006103515625000,0.31808083647977498,0
0.00012207031250000,0.00012207031250000,0.00000000000000000,0.00000000000000000,0.00012207031250000,0.00024414062500000,0.00006103515625000,0.00000000000000000,0.00006103515625000,0.00012207031250000,0.00048828125000000,0.00012207031250000,0.00012207031250000,0.00006103515625000,0.00024414062500000,0.00006103515625000,0.32156982095238212,2
0.00024414062500000,0.00000000000000000,0.00000000000000000,0.00006103515625000,0.00012207031250000,0.00024414062500000,0.00006103515625000,0.00000000000000000,0.00006103515625000,0.00012207031250000,0.00048828125000000,0.00012207031250000,0.00012207031250000,0.00006103515625000,0.00024414062500000,0.00006103515625000,0.32808049142565582,1
0.00024414062500000,0.00024414062500000,0.00006103515625000,0.00006103515625000,0.00012207031250000,0.00012207031250000,0.00048828125000000,0.00012207031250000,0.00006103515625000,0.00006103515625000,0.00024414062500000,0.00006103515625000,0.00012207031250000,0.00000000000000000,0.00006103515625000,0.00000000000000000,0.32808049142565582,1
0.00048828125000000,0.00012207031250000,0.00000000000000000,0.00000000000000000,0.00024414062500000,0.00048828125000000,0.00012207031250000,0.00000000000000000,0.00012207031250000,0.00024414062500000,0.00006103515625000,0.00000000000000000,0.00012207031250000,0.00006103515625000,0.00006103515625000,0.00000000000000000,0.34948500216800937,0
0.00000000000000000,0.00006103515625000,0.00048828125000000,0.00012207031250000,0.00000000000000000,0.00024414062500000,0.00048828125000000,0.00012207031250000,0.00000000000000000,0.00012207031250000,0.00024414062500000,0.00006103515625000,0.00000000000000000,0.00000000000000000,0.00012207031250000,0.00012207031250000,0.35176495171654149,0
0.00000000000000000,0.00006103515625000,0.00097656250000000,0.00024414062500000,0.00000000000000000,0.00024414062500000,0.00024414062500000,0.00006103515625000,0.00000000000000000,0.00012207031250000,0.00012207031250000,0.00012207031250000,0.00000000000000000,0.00012207031250000,0.00000000000000000,0.00000000000000000,0.37131445076894559,2
0.00006103515625000,0.00097656250000000,0.00024414062500000,0.00000000000000000,0.00048828125000000,0.00006103515625000,0.00000000000000000,0.00000000000000000,0.00024414062500000,0.00012207031250000,0.00000000000000000,0.00000000000000000,0.00012207031250000,0.00000000000000000,0.00006103515625000,0.00000000000000000,0.38092621816796229,1
0.00000000000000000,0.00006103515625000,0.00097656250000000,0.00024414062500000,0.00000000000000000,0.00012207031250000,0.00048828125000000,0.00006103515625000,0.00000000000000000,0.00000000000000000,0.00024414062500000,0.00012207031250000,0.00000000000000000,0.00000000000000000,0.00012207031250000,0.00006103515625000,0.38092621816796229,2
0.00000000000000000,0.00006103515625000,0.00097656250000000,0.00024414062500000,0.00000000000000000,0.00000000000000000,0.00048828125000000,0.00006103515625000,0.00000000000000000,0.00006103515625000,0.00024414062500000,0.00012207031250000,0.00000000000000000,0.00012207031250000,0.00012207031250000,0.00006103515625000,0.38092621816796229,3
0.00006103515625000,0.00097656250000000,0.00024414062500000,0.00000000000000000,0.00048828125000000,0.00006103515625000,0.00000000000000000,0.00006103515625000,0.00006103515625000,0.00024414062500000,0.00012207031250000,0.00000000000000000,0.00024414062500000,0.00006103515625000,0.00000000000000000,0.00000000000000000,0.38386600957008149,0
0.00006103515625000,0.00097656250000000,0.00024414062500000,0.00006103515625000,0.00048828125000000,0.00006103515625000,0.00012207031250000,0.00000000000000000,0.00006103515625000,0.00024414062500000,0.00000000000000000,0.00000000000000000,0.00024414062500000,0.00006103515625000,0.00000000000000000,0.00006103515625000,0.38386600957008149,3
0.00006103515625000,0.00097656250000000,0.00024414062500000,0.00006103515625000,0.00048828125000000,0.00006103515625000,0.00012207031250000,0.00000000000000000,0.00006103515625000,0.00024414062500000,0.00000000000000000,0.00000000000000000,0.00024414062500000,0.00012207031250000,0.00006103515625000,0.00000000000000000,0.38529231017595905,1
0.00006103515625000,0.00097656250000000,0.00000000000000000,0.00000000000000000,0.00048828125000000,0.00006103515625000,0.00024414062500000,0.00012207031250000,0.00006103515625000,0.00024414062500000,0.00012207031250000,0.00000000000000000,0.00024414062500000,0.00012207031250000,0.00006103515625000,0.00006103515625000,0.38529231017595905,2
0.00006103515625000,0.00097656250000000,0.00012207031250000,0.00000000000000000,0.00048828125000000,0.00006103515625000,0.00024414062500000,0.00000000000000000,0.00006103515625000,0.00024414062500000,0.00012207031250000,0.00012207031250000,0.00024414062500000,0.00012207031250000,0.00006103515625000,0.00006103515625000,0.38529231017595905,0
0.00000000000000000,0.00006103515625000,0.00097656250000000,0.00012207031250000,0.00000000000000000,0.00048828125000000,0.00006103515625000,0.00024414062500000,0.00006103515625000,0.00006103515625000,0.00024414062500000,0.00024414062500000,0.00000000000000000,0.00024414062500000,0.00012207031250000,0.00012207031250000,0.38940995564142161,3
0.00006103515625000,0.00006103515625000,0.00097656250000000,0.00012207031250000,0.00000000000000000,0.00048828125000000,0.00006103515625000,0.00048828125000000,0.00000000000000000,0.00006103515625000,0.00024414062500000,0.00012207031250000,0.00012207031250000,0.00024414062500000,0.00012207031250000,0.00000000000000000,0.39455932017100315,0
0.00000000000000000,0.00006103515625000,0.00097656250000000,0.00000000000000000,0.00006103515625000,0.00048828125000000,0.00006103515625000,0.00012207031250000,0.00006103515625000,0.00006103515625000,0.00024414062500000,0.00048828125000000,0.00012207031250000,0.00024414062500000,0.00012207031250000,0.00012207031250000,0.39455932017100315,0
0.00000000000000000,0.00006103515625000,0.00097656250000000,0.00000000000000000,0.00006103515625000,0.00048828125000000,0.00006103515625000,0.00012207031250000,0.00012207031250000,0.00006103515625000,0.00024414062500000,0.00048828125000000,0.00012207031250000,0.00024414062500000,0.00012207031250000,0.00012207031250000,0.39579139100168398,2
0.00006103515625000,0.00097656250000000,0.00000000000000000,0.00006103515625000,0.00006103515625000,0.00048828125000000,0.00006103515625000,0.00012207031250000,0.00012207031250000,0.00006103515625000,0.00024414062500000,0.00048828125000000,0.00012207031250000,0.00024414062500000,0.00024414062500000,0.00000000000000000,0.39819434739408877,1
0.00006103515625000,0.00097656250000000,0.00006103515625000,0.00000000000000000,0.00006103515625000,0.00048828125000000,0.00006103515625000,0.00012207031250000,0.00012207031250000,0.00006103515625000,0.00024414062500000,0.00048828125000000,0.00012207031250000,0.00048828125000000,0.00000000000000000,0.00012207031250000,0.40277341788971349,0
0.00000000000000000,0.00006103515625000,0.00097656250000000,0.00006103515625000,0.00006103515625000,0.00048828125000000,0.00006103515625000,0.00012207031250000,0.00012207031250000,0.00006103515625000,0.00024414062500000,0.00048828125000000,0.00006103515625000,0.00012207031250000,0.00048828125000000,0.00012207031250000,0.40277341788971349,0
0.00006103515625000,0.00097656250000000,0.00006103515625000,0.00006103515625000,0.00006103515625000,0.00048828125000000,0.00006103515625000,0.00012207031250000,0.00012207031250000,0.00006103515625000,0.00024414062500000,0.00048828125000000,0.00006103515625000,0.00012207031250000,0.00048828125000000,0.00012207031250000,0.40277341788971349,0
0.00012207031250000,0.00097656250000000,0.00012207031250000,0.00006103515625000,0.00012207031250000,0.00048828125000000,0.00024414062500000,0.00012207031250000,0.00006103515625000,0.00006103515625000,0.00048828125000000,0.00048828125000000,0.00006103515625000,0.00012207031250000,0.00000000000000000,0.00012207031250000,0.40495871333373468,3
0.00012207031250000,0.00097656250000000,0.00012207031250000,0.00006103515625000,0.00012207031250000,0.00048828125000000,0.00024414062500000,0.00012207031250000,0.00012207031250000,0.00097656250000000,0.00000000000000000,0.00000000000000000,0.00006103515625000,0.00024414062500000,0.00000000000000000,0.00006103515625000,0.41592405625774137,1
0.00000000000000000,0.00097656250000000,0.00000000000000000,0.00006103515625000,0.00012207031250000,0.00048828125000000,0.00000000000000000,0.00006103515625000,0.00024414062500000,0.00097656250000000,0.00012207031250000,0.00012207031250000,0.00006103515625000,0.00024414062500000,0.00024414062500000,0.00006103515625000,0.41775083873414531,3
0.00012207031250000,0.00097656250000000,0.00012207031250000,0.00012207031250000,0.00024414062500000,0.00048828125000000,0.00024414062500000,0.00012207031250000,0.00006103515625000,0.00097656250000000,0.00006103515625000,0.00006103515625000,0.00000000000000000,0.00024414062500000,0.00000000000000000,0.00000000000000000,0.41864722682981242,1
0.00006103515625000,0.00097656250000000,0.00000000000000000,0.00000000000000000,0.00012207031250000,0.00048828125000000,0.00012207031250000,0.00000000000000000,0.00024414062500000,0.00097656250000000,0.00024414062500000,0.00024414062500000,0.00006103515625000,0.00024414062500000,0.00006103515625000,0.00006103515625000,0.42040737225105329,3
0.00000000000000000,0.00000000000000000,0.00006103515625000,0.00097656250000000,0.00000000000000000,0.00012207031250000,0.00048828125000000,0.00012207031250000,0.00000000000000000,0.00024414062500000,0.00097656250000000,0.00048828125000000,0.00006103515625000,0.00006103515625000,0.00024414062500000,0.00012207031250000,0.42462911756463706,2
0.00006103515625000,0.00012207031250000,0.00006103515625000,0.00097656250000000,0.00000000000000000,0.00024414062500000,0.00048828125000000,0.00012207031250000,0.00000000000000000,0.00006103515625000,0.00097656250000000,0.00048828125000000,0.00000000000000000,0.00006103515625000,0.00024414062500000,0.00012207031250000,0.42462911756463706,1
0.00006103515625000,0.00012207031250000,0.00006103515625000,0.00097656250000000,0.00024414062500000,0.00048828125000000,0.00012207031250000,0.00000000000000000,0.00006103515625000,0.00097656250000000,0.00048828125000000,0.00000000000000000,0.00006103515625000,0.00024414062500000,0.00012207031250000,0.00012207031250000,0.42462911756463706,1
0.00006103515625000,0.00012207031250000,0.00006103515625000,0.00097656250000000,0.00024414062500000,0.00048828125000000,0.00012207031250000,0.00012207031250000,0.00012207031250000,0.00097656250000000,0.00048828125000000,0.00000000000000000,0.00000000000000000,0.00024414062500000,0.00012207031250000,0.00006103515625000,0.42544470268536555,3
0.00006103515625000,0.00012207031250000,0.00006103515625000,0.00097656250000000,0.00024414062500000,0.00048828125000000,0.00012207031250000,0.00012207031250000,0.00012207031250000,0.00097656250000000,0.00048828125000000,0.00006103515625000,0.00006103515625000,0.00024414062500000,0.00012207031250000,0.00000000000000000,0.42544470268536555,2
0.00006103515625000,0.00012207031250000,0.00006103515625000,0.00097656250000000,0.00024414062500000,0.00048828125000000,0.00024414062500000,0.00000000000000000,0.00012207031250000,0.00097656250000000,0.00048828125000000,0.00006103515625000,0.00006103515625000,0.00024414062500000,0.00012207031250000,0.00006103515625000,0.42704881074274575,3
0.00006103515625000,0.00012207031250000,0.00006103515625000,0.00006103515625000,0.00024414062500000,0.00048828125000000,0.00024414062500000,0.00000000000000000,0.00012207031250000,0.00097656250000000,0.00048828125000000,0.00097656250000000,0.00006103515625000,0.00024414062500000,0.00012207031250000,0.00012207031250000,0.42783772769317668,1
0.00006103515625000,0.00012207031250000,0.00012207031250000,0.00012207031250000,0.00024414062500000,0.00048828125000000,0.00024414062500000,0.00000000000000000,0.00012207031250000,0.00097656250000000,0.00048828125000000,0.00097656250000000,0.00006103515625000,0.00024414062500000,0.00024414062500000,0.00000000000000000,0.43015416261260325,0
0.00006103515625000,0.00012207031250000,0.00012207031250000,0.00000000000000000,0.00024414062500000,0.00048828125000000,0.00024414062500000,0.00012207031250000,0.00012207031250000,0.00097656250000000,0.00048828125000000,0.00012207031250000,0.00006103515625000,0.00024414062500000,0.00024414062500000,0.00097656250000000,0.43015416261260325,2
0.00006103515625000,0.00024414062500000,0.00006103515625000,0.00000000000000000,0.00024414062500000,0.00048828125000000,0.00024414062500000,0.00012207031250000,0.00012207031250000,0.00097656250000000,0.00048828125000000,0.00012207031250000,0.00006103515625000,0.00048828125000000,0.00097656250000000,0.00000000000000000,0.43457583720244480,3
0.00000000000000000,0.00006103515625000,0.00024414062500000,0.00006103515625000,0.00024414062500000,0.00048828125000000,0.00024414062500000,0.00012207031250000,0.00012207031250000,0.00097656250000000,0.00048828125000000,0.00012207031250000,0.00006103515625000,0.00006103515625000,0.00048828125000000,0.00097656250000000,0.43457583720244480,3
0.00006103515625000,0.00024414062500000,0.00006103515625000,0.00006103515625000,0.00024414062500000,0.00048828125000000,0.00024414062500000,0.00012207031250000,0.00012207031250000,0.00097656250000000,0.00048828125000000,0.00012207031250000,0.00012207031250000,0.00048828125000000,0.00097656250000000,0.00000000000000000,0.43528721800122366,2
0.00006103515625000,0.00024414062500000,0.00006103515625000,0.00000000000000000,0.00006103515625000,0.00048828125000000,0.00024414062500000,0.00000000000000000,0.00024414062500000,0.00097656250000000,0.00048828125000000,0.00006103515625000,0.00024414062500000,0.00048828125000000,0.00097656250000000,0.00024414062500000,0.43806482167505195,3
0.00006103515625000,0.00006103515625000,0.00024414062500000,0.00006103515625000,0.00000000000000000,0.00006103515625000,0.00048828125000000,0.00024414062500000,0.00024414062500000,0.00097656250000000,0.00048828125000000,0.00006103515625000,0.00024414062500000,0.00048828125000000,0.00097656250000000,0.00024414062500000,0.43806482167505195,2
0.00000000000000000,0.00012207031250000,0.00024414062500000,0.00006103515625000,0.00006103515625000,0.00006103515625000,0.00048828125000000,0.00024414062500000,0.00024414062500000,0.00097656250000000,0.00048828125000000,0.00006103515625000,0.00024414062500000,0.00048828125000000,0.00097656250000000,0.00024414062500000,0.43874288203078743,0
0.00012207031250000,0.00024414062500000,0.00006103515625000,0.00000000000000000,0.00012207031250000,0.00048828125000000,0.00024414062500000,0.00006103515625000,0.00024414062500000,0.00097656250000000,0.00048828125000000,0.00006103515625000,0.00024414062500000,0.00048828125000000,0.00097656250000000,0.00024414062500000,0.43941464939222757,1
0.00006103515625000,0.00012207031250000,0.00024414062500000,0.00006103515625000,0.00012207031250000,0.00048828125000000,0.00024414062500000,0.00006103515625000,0.00024414062500000,0.00097656250000000,0.00048828125000000,0.00006103515625000,0.00024414062500000,0.00048828125000000,0.00097656250000000,0.00024414062500000,0.43941464939222757,0
0.00006103515625000,0.00012207031250000,0.00048828125000000,0.00012207031250000,0.00012207031250000,0.00048828125000000,0.00048828125000000,0.00006103515625000,0.00048828125000000,0.00097656250000000,0.00097656250000000,0.00024414062500000,0.00000000000000000,0.00048828125000000,0.00006103515625000,0.00000000000000000,0.44519547378584723,2
0.00006103515625000,0.00012207031250000,0.00097656250000000,0.00012207031250000,0.00012207031250000,0.00048828125000000,0.00097656250000000,0.00006103515625000,0.00048828125000000,0.00097656250000000,0.00006103515625000,0.00024414062500000,0.00006103515625000,0.00048828125000000,0.00000000000000000,0.00000000000000000,0.44997295431120765,3
0.00006103515625000,0.00012207031250000,0.00195312500000000,0.00012207031250000,0.00012207031250000,0.00048828125000000,0.00006103515625000,0.00006103515625000,0.00048828125000000,0.00097656250000000,0.00000000000000000,0.00024414062500000,0.00006103515625000,0.00048828125000000,0.00000000000000000,0.00006103515625000,0.45867474130323976,3
0.00006103515625000,0.00012207031250000,0.00195312500000000,0.00012207031250000,0.00000000000000000,0.00012207031250000,0.00048828125000000,0.00012207031250000,0.00006103515625000,0.00048828125000000,0.00097656250000000,0.00024414062500000,0.00000000000000000,0.00006103515625000,0.00048828125000000,0.00006103515625000,0.45918537773251189,0
0.00000000000000000,0.00000000000000000,0.00195312500000000,0.00000000000000000,0.00006103515625000,0.00024414062500000,0.00048828125000000,0.00024414062500000,0.00000000000000000,0.00048828125000000,0.00097656250000000,0.00024414062500000,0.00012207031250000,0.00006103515625000,0.00048828125000000,0.00006103515625000,0.46168588246451692,3
0.00006103515625000,0.00024414062500000,0.00195312500000000,0.00048828125000000,0.00012207031250000,0.00048828125000000,0.00048828125000000,0.00006103515625000,0.00000000000000000,0.00006103515625000,0.00097656250000000,0.00000000000000000,0.00000000000000000,0.00006103515625000,0.00048828125000000,0.00000000000000000,0.46362589577541152,0
0.00006103515625000,0.00024414062500000,0.00195312500000000,0.00048828125000000,0.00006103515625000,0.00012207031250000,0.00097656250000000,0.00006103515625000,0.00000000000000000,0.00000000000000000,0.00006103515625000,0.00097656250000000,0.00000000000000000,0.00000000000000000,0.00006103515625000,0.00048828125000000,0.46735657205589171,1
0.00006103515625000,0.00024414062500000,0.00195312500000000,0.00048828125000000,0.00006103515625000,0.00012207031250000,0.00097656250000000,0.00006103515625000,0.00006103515625000,0.00097656250000000,0.00006103515625000,0.00000000000000000,0.00006103515625000,0.00048828125000000,0.00000000000000000,0.00000000000000000,0.46735657205589171,0
0.00012207031250000,0.00024414062500000,0.00195312500000000,0.00048828125000000,0.00012207031250000,0.00012207031250000,0.00097656250000000,0.00006103515625000,0.00000000000000000,0.00097656250000000,0.00006103515625000,0.00000000000000000,0.00000000000000000,0.00048828125000000,0.00000000000000000,0.00006103515625000,0.46825995243921126,3
0.00012207031250000,0.00024414062500000,0.00195312500000000,0.00048828125000000,0.00000000000000000,0.00024414062500000,0.00097656250000000,0.00006103515625000,0.00000000000000000,0.00006103515625000,0.00097656250000000,0.00006103515625000,0.00000000000000000,0.00000000000000000,0.00048828125000000,0.00006103515625000,0.46915219687917897,0
0.00000000000000000,0.00000000000000000,0.00000000000000000,0.00000000000000000,0.00006103515625000,0.00000000000000000,0.00195312500000000,0.00048828125000000,0.00000000000000000,0.00048828125000000,0.00195312500000000,0.00006103515625000,0.00012207031250000,0.00006103515625000,0.00048828125000000,0.00012207031250000,0.47791124797650858,0
0.00006103515625000,0.00048828125000000,0.00390625000000000,0.00048828125000000,0.00012207031250000,0.00006103515625000,0.00048828125000000,0.00006103515625000,0.00000000000000000,0.00000000000000000,0.00000000000000000,0.00012207031250000,0.00000000000000000,0.00000000000000000,0.00000000000000000,0.00006103515625000,0.48950268457746904,2
0.00006103515625000,0.00048828125000000,0.00390625000000000,0.00048828125000000,0.00012207031250000,0.00006103515625000,0.00048828125000000,0.00006103515625000,0.00012207031250000,0.00000000000000000,0.00000000000000000,0.00000000000000000,0.00006103515625000,0.00000000000000000,0.00000000000000000,0.00006103515625000,0.48950268457746904,1
0.00006103515625000,0.00048828125000000,0.00390625000000000,0.00048828125000000,0.00012207031250000,0.00006103515625000,0.00048828125000000,0.00006103515625000,0.00012207031250000,0.00000000000000000,0.00000000000000000,0.00000000000000000,0.00012207031250000,0.00000000000000000,0.00000000000000000,0.00006103515625000,0.48983662940811107,3
0.00006103515625000,0.00048828125000000,0.00390625000000000,0.00048828125000000,0.00012207031250000,0.00006103515625000,0.00048828125000000,0.00006103515625000,0.00000000000000000,0.00000000000000000,0.00000000000000000,0.00012207031250000,0.00000000000000000,0.00006103515625000,0.00012207031250000,0.00006103515625000,0.48983662940811107,1
0.00006103515625000,0.00048828125000000,0.00390625000000000,0.00048828125000000,0.00012207031250000,0.00012207031250000,0.00048828125000000,0.00006103515625000,0.00000000000000000,0.00000000000000000,0.00012207031250000,0.00012207031250000,0.00000000000000000,0.00006103515625000,0.00000000000000000,0.00006103515625000,0.49016904061759492,3
0.00006103515625000,0.00048828125000000,0.00390625000000000,0.00048828125000000,0.00012207031250000,0.00012207031250000,0.00048828125000000,0.00006103515625000,0.00006103515625000,0.00006103515625000,0.00012207031250000,0.00012207031250000,0.00000000000000000,0.00000000000000000,0.00000000000000000,0.00006103515625000,0.49016904061759492,1
0.00006103515625000,0.00000000000000000,0.00000000000000000,0.00048828125000000,0.00006103515625000,0.00048828125000000,0.00390625000000000,0.00006103515625000,0.00012207031250000,0.00012207031250000,0.00048828125000000,0.00012207031250000,0.00006103515625000,0.00006103515625000,0.00012207031250000,0.00006103515625000,0.49016904061759492,3
0.00000000000000000,0.00000000000000000,0.00006103515625000,0.00048828125000000,0.00006103515625000,0.00048828125000000,0.00390625000000000,0.00006103515625000,0.00006103515625000,0.00024414062500000,0.00048828125000000,0.00012207031250000,0.00000000000000000,0.00012207031250000,0.00012207031250000,0.00006103515625000,0.49115721178297095,2
0.00000000000000000,0.00006103515625000,0.00006103515625000,0.00048828125000000,0.00006103515625000,0.00048828125000000,0.00390625000000000,0.00006103515625000,0.00006103515625000,0.00024414062500000,0.00048828125000000,0.00012207031250000,0.00000000000000000,0.00000000000000000,0.00024414062500000,0.00006103515625000,0.49180857648142440,2
0.00000000000000000,0.00000000000000000,0.00006103515625000,0.00048828125000000,0.00000000000000000,0.00006103515625000,0.00390625000000000,0.00006103515625000,0.00006103515625000,0.00048828125000000,0.00048828125000000,0.00012207031250000,0.00012207031250000,0.00024414062500000,0.00024414062500000,0.00006103515625000,0.49213207384068203,0
0.00006103515625000,0.00048828125000000,0.00006103515625000,0.00000000000000000,0.00006103515625000,0.00390625000000000,0.00006103515625000,0.00000000000000000,0.00006103515625000,0.00097656250000000,0.00012207031250000,0.00000000000000000,0.00012207031250000,0.00048828125000000,0.00006103515625000,0.00000000000000000,0.49590530141821049,3
0.00006103515625000,0.00006103515625000,0.00048828125000000,0.00006103515625000,0.00000000000000000,0.00006103515625000,0.00390625000000000,0.00006103515625000,0.00000000000000000,0.00006103515625000,0.00097656250000000,0.00012207031250000,0.00000000000000000,0.00012207031250000,0.00048828125000000,0.00006103515625000,0.49590530141821049,0
0.00012207031250000,0.00048828125000000,0.00006103515625000,0.00000000000000000,0.00006103515625000,0.00390625000000000,0.00006103515625000,0.00000000000000000,0.00006103515625000,0.00097656250000000,0.00012207031250000,0.00000000000000000,0.00012207031250000,0.00048828125000000,0.00006103515625000,0.00006103515625000,0.49621103540454881,1
0.00012207031250000,0.00048828125000000,0.00012207031250000,0.00006103515625000,0.00012207031250000,0.00390625000000000,0.00012207031250000,0.00006103515625000,0.00012207031250000,0.00097656250000000,0.00006103515625000,0.00000000000000000,0.00000000000000000,0.00048828125000000,0.00000000000000000,0.00000000000000000,0.49681865629614058,1
0.00012207031250000,0.00048828125000000,0.00012207031250000,0.00006103515625000,0.00012207031250000,0.00390625000000000,0.00012207031250000,0.00006103515625000,0.00012207031250000,0.00097656250000000,0.00006103515625000,0.00006103515625000,0.00048828125000000,0.00000000000000000,0.00000000000000000,0.00000000000000000,0.49681865629614058,0
0.00024414062500000,0.00048828125000000,0.00024414062500000,0.00012207031250000,0.00012207031250000,0.00390625000000000,0.00006103515625000,0.00006103515625000,0.00048828125000000,0.00097656250000000,0.00000000000000000,0.00000000000000000,0.00000000000000000,0.00000000000000000,0.00000000000000000,0.00006103515625000,0.49831576061979549,3
0.00024414062500000,0.00048828125000000,0.00024414062500000,0.00012207031250000,0.00000000000000000,0.00012207031250000,0.00390625000000000,0.00012207031250000,0.00000000000000000,0.00000000000000000,0.00048828125000000,0.00097656250000000,0.00000000000000000,0.00006103515625000,0.00000000000000000,0.00006103515625000,0.49861150122999143,3
0.00024414062500000,0.00048828125000000,0.00024414062500000,0.00012207031250000,0.00012207031250000,0.00390625000000000,0.00012207031250000,0.00000000000000000,0.00048828125000000,0.00097656250000000,0.00012207031250000,0.00000000000000000,0.00012207031250000,0.00000000000000000,0.00000000000000000,0.00000000000000000,0.49890603841626863,3
0.00024414062500000,0.00048828125000000,0.00024414062500000,0.00012207031250000,0.00012207031250000,0.00390625000000000,0.00024414062500000,0.00006103515625000,0.00048828125000000,0.00097656250000000,0.00000000000000000,0.00000000000000000,0.00012207031250000,0.00000000000000000,0.00000000000000000,0.00000000000000000,0.49949154141589686,3
0.00024414062500000,0.00048828125000000,0.00048828125000000,0.00012207031250000,0.00012207031250000,0.00390625000000000,0.00000000000000000,0.00006103515625000,0.00048828125000000,0.00097656250000000,0.00000000000000000,0.00000000000000000,0.00012207031250000,0.00000000000000000,0.00006103515625000,0.00000000000000000,0.50064852770615176,1
0.00024414062500000,0.00097656250000000,0.00012207031250000,0.00000000000000000,0.00012207031250000,0.00390625000000000,0.00006103515625000,0.00000000000000000,0.00048828125000000,0.00097656250000000,0.00006103515625000,0.00000000000000000,0.00012207031250000,0.00006103515625000,0.00000000000000000,0.00000000000000000,0.50290845491842273,3
0.00000000000000000,0.00024414062500000,0.00097656250000000,0.00012207031250000,0.00000000000000000,0.00012207031250000,0.00390625000000000,0.00006103515625000,0.00000000000000000,0.00048828125000000,0.00097656250000000,0.00006103515625000,0.00006103515625000,0.00000000000000000,0.00012207031250000,0.00006103515625000,0.50290845491842273,3
0.00024414062500000,0.00097656250000000,0.00012207031250000,0.00000000000000000,0.00012207031250000,0.00390625000000000,0.00006103515625000,0.00006103515625000,0.00048828125000000,0.00097656250000000,0.00006103515625000,0.00000000000000000,0.00006103515625000,0.00012207031250000,0.00006103515625000,0.00000000000000000,0.50290845491842273,3
0.00024414062500000,0.00097656250000000,0.00006103515625000,0.00000000000000000,0.00012207031250000,0.00390625000000000,0.00012207031250000,0.00000000000000000,0.00048828125000000,0.00097656250000000,0.00006103515625000,0.00000000000000000,0.00006103515625000,0.00012207031250000,0.00012207031250000,0.00006103515625000,0.50318604840784553,3
0.00024414062500000,0.00097656250000000,0.00006103515625000,0.00000000000000000,0.00012207031250000,0.00390625000000000,0.00012207031250000,0.00000000000000000,0.00048828125000000,0.00097656250000000,0.00006103515625000,0.00006103515625000,0.00006103515625000,0.00024414062500000,0.00006103515625000,0.00000000000000000,0.50373806186424774,1
0.00024414062500000,0.00097656250000000,0.00006103515625000,0.00000000000000000,0.00012207031250000,0.00390625000000000,0.00012207031250000,0.00000000000000000,0.00048828125000000,0.00097656250000000,0.00012207031250000,0.00000000000000000,0.00006103515625000,0.00024414062500000,0.00006103515625000,0.00006103515625000,0.50401249788457103,0
0.00024414062500000,0.00097656250000000,0.00006103515625000,0.00000000000000000,0.00012207031250000,0.00390625000000000,0.00012207031250000,0.00000000000000000,0.00048828125000000,0.00097656250000000,0.00012207031250000,0.00000000000000000,0.00006103515625000,0.00024414062500000,0.00012207031250000,0.00006103515625000,0.50428589731689011,3
0.00000000000000000,0.00024414062500000,0.00097656250000000,0.00006103515625000,0.00000000000000000,0.00012207031250000,0.00390625000000000,0.00012207031250000,0.00006103515625000,0.00048828125000000,0.00097656250000000,0.00012207031250000,0.00006103515625000,0.00024414062500000,0.00012207031250000,0.00006103515625000,0.50428589731689011,1
0.00006103515625000,0.00024414062500000,0.00097656250000000,0.00000000000000000,0.00000000000000000,0.00012207031250000,0.00390625000000000,0.00006103515625000,0.00000000000000000,0.00048828125000000,0.00097656250000000,0.00024414062500000,0.00012207031250000,0.00024414062500000,0.00012207031250000,0.00006103515625000,0.50509995366099181,0
0.00006103515625000,0.00024414062500000,0.00097656250000000,0.00006103515625000,0.00012207031250000,0.00012207031250000,0.00390625000000000,0.00024414062500000,0.00000000000000000,0.00048828125000000,0.00097656250000000,0.00006103515625000,0.00006103515625000,0.00024414062500000,0.00012207031250000,0.00000000000000000,0.50509995366099181,1
0.00006103515625000,0.00024414062500000,0.00097656250000000,0.00006103515625000,0.00024414062500000,0.00390625000000000,0.00024414062500000,0.00000000000000000,0.00048828125000000,0.00097656250000000,0.00006103515625000,0.00000000000000000,0.00006103515625000,0.00024414062500000,0.00012207031250000,0.00006103515625000,0.50563761565888499,1
0.00006103515625000,0.00024414062500000,0.00097656250000000,0.00012207031250000,0.00024414062500000,0.00390625000000000,0.00024414062500000,0.00000000000000000,0.00048828125000000,0.00097656250000000,0.00006103515625000,0.00006103515625000,0.00006103515625000,0.00024414062500000,0.00012207031250000,0.00000000000000000,0.50590495636409138,3
0.00006103515625000,0.00024414062500000,0.00097656250000000,0.00012207031250000,0.00024414062500000,0.00390625000000000,0.00024414062500000,0.00000000000000000,0.00048828125000000,0.00097656250000000,0.00012207031250000,0.00000000000000000,0.00006103515625000,0.00024414062500000,0.00012207031250000,0.00006103515625000,0.50617131329262921,0
0.00006103515625000,0.00024414062500000,0.00097656250000000,0.00012207031250000,0.00006103515625000,0.00024414062500000,0.00390625000000000,0.00024414062500000,0.00000000000000000,0.00048828125000000,0.00097656250000000,0.00012207031250000,0.00006103515625000,0.00024414062500000,0.00012207031250000,0.00006103515625000,0.50617131329262921,1
0.00012207031250000,0.00048828125000000,0.00097656250000000,0.00012207031250000,0.00006103515625000,0.00048828125000000,0.00390625000000000,0.00024414062500000,0.00006103515625000,0.00024414062500000,0.00097656250000000,0.00012207031250000,0.00000000000000000,0.00000000000000000,0.00012207031250000,0.00006103515625000,0.50748859102485999,0
0.00012207031250000,0.00097656250000000,0.00097656250000000,0.00012207031250000,0.00012207031250000,0.00024414062500000,0.00390625000000000,0.00024414062500000,0.00000000000000000,0.00000000000000000,0.00097656250000000,0.00012207031250000,0.00000000000000000,0.00006103515625000,0.00012207031250000,0.00006103515625000,0.50980091444598441,1
0.00000000000000000,0.00012207031250000,0.00195312500000000,0.00012207031250000,0.00012207031250000,0.00024414062500000,0.00390625000000000,0.00024414062500000,0.00006103515625000,0.00000000000000000,0.00097656250000000,0.00012207031250000,0.00000000000000000,0.00006103515625000,0.00012207031250000,0.00006103515625000,0.51373771681012859,0
0.00012207031250000,0.00012207031250000,0.00195312500000000,0.00012207031250000,0.00006103515625000,0.00024414062500000,0.00390625000000000,0.00024414062500000,0.00000000000000000,0.00006103515625000,0.00097656250000000,0.00012207031250000,0.00006103515625000,0.00000000000000000,0.00012207031250000,0.00006103515625000,0.51373771681012859,3
0.00012207031250000,0.00012207031250000,0.00195312500000000,0.00012207031250000,0.00012207031250000,0.00024414062500000,0.00390625000000000,0.00024414062500000,0.00000000000000000,0.00006103515625000,0.00097656250000000,0.00012207031250000,0.00000000000000000,0.00006103515625000,0.00012207031250000,0.00006103515625000,0.51397680014442881,1
0.00000000000000000,0.00024414062500000,0.00195312500000000,0.00012207031250000,0.00012207031250000,0.00024414062500000,0.00390625000000000,0.00024414062500000,0.00006103515625000,0.00006103515625000,0.00097656250000000,0.00012207031250000,0.00000000000000000,0.00006103515625000,0.00012207031250000,0.00006103515625000,0.51445261065748038,2
0.00024414062500000,0.00195312500000000,0.00012207031250000,0.00006103515625000,0.00012207031250000,0.00024414062500000,0.00390625000000000,0.00024414062500000,0.00012207031250000,0.00097656250000000,0.00012207031250000,0.00000000000000000,0.00006103515625000,0.00012207031250000,0.00006103515625000,0.00000000000000000,0.51468934811675859,3
0.00024414062500000,0.00195312500000000,0.00012207031250000,0.00006103515625000,0.00024414062500000,0.00024414062500000,0.00390625000000000,0.00024414062500000,0.00006103515625000,0.00097656250000000,0.00012207031250000,0.00000000000000000,0.00000000000000000,0.00012207031250000,0.00006103515625000,0.00006103515625000,0.51516051276595520,3
0.00024414062500000,0.00195312500000000,0.00012207031250000,0.00006103515625000,0.00000000000000000,0.00048828125000000,0.00390625000000000,0.00024414062500000,0.00000000000000000,0.00006103515625000,0.00097656250000000,0.00012207031250000,0.00006103515625000,0.00000000000000000,0.00012207031250000,0.00012207031250000,0.51632517849902493,1
0.00024414062500000,0.00195312500000000,0.00012207031250000,0.00006103515625000,0.00000000000000000,0.00048828125000000,0.00390625000000000,0.00024414062500000,0.00000000000000000,0.00006103515625000,0.00097656250000000,0.00012207031250000,0.00000000000000000,0.00006103515625000,0.00006103515625000,0.00024414062500000,0.51678584776218028,1
0.00024414062500000,0.00195312500000000,0.00012207031250000,0.00006103515625000,0.00000000000000000,0.00048828125000000,0.00390625000000000,0.00024414062500000,0.00000000000000000,0.00012207031250000,0.00097656250000000,0.00012207031250000,0.00006103515625000,0.00000000000000000,0.00006103515625000,0.00024414062500000,0.51701508758530612,2
0.00024414062500000,0.00195312500000000,0.00012207031250000,0.00006103515625000,0.00000000000000000,0.00048828125000000,0.00390625000000000,0.00024414062500000,0.00000000000000000,0.00012207031250000,0.00097656250000000,0.00012207031250000,0.00006103515625000,0.00000000000000000,0.00012207031250000,0.00024414062500000,0.51724360368245081,0
0.00024414062500000,0.00195312500000000,0.00012207031250000,0.00006103515625000,0.00006103515625000,0.00048828125000000,0.00390625000000000,0.00024414062500000,0.00006103515625000,0.00012207031250000,0.00097656250000000,0.00012207031250000,0.00000000000000000,0.00000000000000000,0.00012207031250000,0.00024414062500000,0.51724360368245081,1
0.00024414062500000,0.00195312500000000,0.00012207031250000,0.00006103515625000,0.00012207031250000,0.00048828125000000,0.00390625000000000,0.00024414062500000,0.00000000000000000,0.00012207031250000,0.00097656250000000,0.00012207031250000,0.00000000000000000,0.00006103515625000,0.00012207031250000,0.00024414062500000,0.51747140060894259,1
0.00024414062500000,0.00195312500000000,0.00012207031250000,0.00006103515625000,0.00012207031250000,0.00048828125000000,0.00390625000000000,0.00024414062500000,0.00012207031250000,0.00097656250000000,0.00012207031250000,0.00006103515625000,0.00006103515625000,0.00012207031250000,0.00024414062500000,0.00000000000000000,0.51747140060894259,0
0.00000000000000000,0.00195312500000000,0.00012207031250000,0.00006103515625000,0.00024414062500000,0.00048828125000000,0.00390625000000000,0.00006103515625000,0.00024414062500000,0.00097656250000000,0.00012207031250000,0.00024414062500000,0.00006103515625000,0.00012207031250000,0.00024414062500000,0.00006103515625000,0.51792485495744767,0
0.00048828125000000,0.00195312500000000,0.00012207031250000,0.00012207031250000,0.00006103515625000,0.00048828125000000,0.00390625000000000,0.00024414062500000,0.00000000000000000,0.00097656250000000,0.00012207031250000,0.00006103515625000,0.00000000000000000,0.00012207031250000,0.00024414062500000,0.00006103515625000,0.51904621609359769,2
0.00048828125000000,0.00195312500000000,0.00024414062500000,0.00000000000000000,0.00006103515625000,0.00048828125000000,0.00390625000000000,0.00024414062500000,0.00097656250000000,0.00012207031250000,0.00006103515625000,0.00000000000000000,0.00012207031250000,0.00024414062500000,0.00006103515625000,0.00006103515625000,0.51948994109179270,2
0.00000000000000000,0.00048828125000000,0.00195312500000000,0.00024414062500000,0.00006103515625000,0.00048828125000000,0.00390625000000000,0.00024414062500000,0.00000000000000000,0.00097656250000000,0.00012207031250000,0.00006103515625000,0.00012207031250000,0.00012207031250000,0.00024414062500000,0.00012207031250000,0.51971078768157986,1
0.00048828125000000,0.00195312500000000,0.00024414062500000,0.00012207031250000,0.00006103515625000,0.00048828125000000,0.00390625000000000,0.00024414062500000,0.00097656250000000,0.00012207031250000,0.00006103515625000,0.00000000000000000,0.00024414062500000,0.00024414062500000,0.00012207031250000,0.00000000000000000,0.52015046960242117,3
0.00048828125000000,0.00195312500000000,0.00024414062500000,0.00012207031250000,0.00006103515625000,0.00048828125000000,0.00390625000000000,0.00024414062500000,0.00006103515625000,0.00097656250000000,0.00012207031250000,0.00006103515625000,0.00000000000000000,0.00000000000000000,0.00048828125000000,0.00012207031250000,0.52102190121033076,0
0.00048828125000000,0.00195312500000000,0.00024414062500000,0.00012207031250000,0.00012207031250000,0.00048828125000000,0.00390625000000000,0.00024414062500000,0.00000000000000000,0.00097656250000000,0.00012207031250000,0.00006103515625000,0.00006103515625000,0.00000000000000000,0.00048828125000000,0.00012207031250000,0.52123812964193317,0
0.00048828125000000,0.00195312500000000,0.00024414062500000,0.00012207031250000,0.00012207031250000,0.00048828125000000,0.00390625000000000,0.00024414062500000,0.00006103515625000,0.00097656250000000,0.00012207031250000,0.00006103515625000,0.00000000000000000,0.00006103515625000,0.00048828125000000,0.00012207031250000,0.52123812964193317,2
0.00048828125000000,0.00195312500000000,0.00024414062500000,0.00012207031250000,0.00012207031250000,0.00048828125000000,0.00390625000000000,0.00024414062500000,0.00006103515625000,0.00097656250000000,0.00012207031250000,0.00006103515625000,0.00006103515625000,0.00048828125000000,0.00012207031250000,0.00006103515625000,0.52123812964193317,0
0.00000000000000000,0.00195312500000000,0.00000000000000000,0.00006103515625000,0.00048828125000000,0.00048828125000000,0.00024414062500000,0.00012207031250000,0.00012207031250000,0.00097656250000000,0.00390625000000000,0.00024414062500000,0.00012207031250000,0.00048828125000000,0.00024414062500000,0.00012207031250000,0.52209664127662281,1
0.00195312500000000,0.00006103515625000,0.00000000000000000,0.00000000000000000,0.00097656250000000,0.00024414062500000,0.00012207031250000,0.00006103515625000,0.00012207031250000,0.00097656250000000,0.00390625000000000,0.00024414062500000,0.00012207031250000,0.00048828125000000,0.00024414062500000,0.00012207031250000,0.52378370762293591,3
0.00006103515625000,0.00000000000000000,0.00195312500000000,0.00006103515625000,0.00097656250000000,0.00024414062500000,0.00012207031250000,0.00006103515625000,0.00012207031250000,0.00097656250000000,0.00390625000000000,0.00024414062500000,0.00012207031250000,0.00048828125000000,0.00024414062500000,0.00012207031250000,0.52378370762293591,2
0.00006103515625000,0.00195312500000000,0.00006103515625000,0.00006103515625000,0.00097656250000000,0.00024414062500000,0.00012207031250000,0.00006103515625000,0.00012207031250000,0.00097656250000000,0.00390625000000000,0.00024414062500000,0.00012207031250000,0.00048828125000000,0.00024414062500000,0.00012207031250000,0.52378370762293591,2
0.00006103515625000,0.00006103515625000,0.00195312500000000,0.00012207031250000,0.00097656250000000,0.00024414062500000,0.00012207031250000,0.00006103515625000,0.00012207031250000,0.00097656250000000,0.00390625000000000,0.00024414062500000,0.00012207031250000,0.00048828125000000,0.00024414062500000,0.00012207031250000,0.52399185273732718,3
0.00006103515625000,0.00012207031250000,0.00195312500000000,0.00012207031250000,0.00097656250000000,0.00024414062500000,0.00012207031250000,0.00006103515625000,0.00012207031250000,0.00097656250000000,0.00390625000000000,0.00024414062500000,0.00012207031250000,0.00048828125000000,0.00024414062500000,0.00012207031250000,0.52419940101903029,1
0.00006103515625000,0.00012207031250000,0.00195312500000000,0.00012207031250000,0.00006103515625000,0.00024414062500000,0.00012207031250000,0.00006103515625000,0.00097656250000000,0.00097656250000000,0.00390625000000000,0.00024414062500000,0.00024414062500000,0.00048828125000000,0.00024414062500000,0.00012207031250000,0.52461272070684972,3
0.00006103515625000,0.00012207031250000,0.00195312500000000,0.00012207031250000,0.00006103515625000,0.00024414062500000,0.00012207031250000,0.00006103515625000,0.00012207031250000,0.00195312500000000,0.00390625000000000,0.00024414062500000,0.00024414062500000,0.00048828125000000,0.00024414062500000,0.00012207031250000,0.52783696596504270,1
0.00006103515625000,0.00012207031250000,0.00195312500000000,0.00012207031250000,0.00012207031250000,0.00024414062500000,0.00012207031250000,0.00006103515625000,0.00012207031250000,0.00195312500000000,0.00390625000000000,0.00024414062500000,0.00024414062500000,0.00048828125000000,0.00024414062500000,0.00012207031250000,0.52803379114043847,0
0.00012207031250000,0.00012207031250000,0.00195312500000000,0.00012207031250000,0.00006103515625000,0.00024414062500000,0.00012207031250000,0.00006103515625000,0.00024414062500000,0.00195312500000000,0.00390625000000000,0.00024414062500000,0.00024414062500000,0.00048828125000000,0.00024414062500000,0.00012207031250000,0.52842584308686813,0
0.00006103515625000,0.00012207031250000,0.00195312500000000,0.00012207031250000,0.00012207031250000,0.00024414062500000,0.00012207031250000,0.00006103515625000,0.00006103515625000,0.00195312500000000,0.00390625000000000,0.00024414062500000,0.00048828125000000,0.00048828125000000,0.00024414062500000,0.00012207031250000,0.52920363339050869,2
