grid_0,grid_1,grid_2,grid_3,grid_4,grid_5,grid_6,grid_7,grid_8,grid_9,grid_10,grid_11,grid_12,grid_13,grid_14,grid_15,score_normalized,action
0.00006103515625000,0.00000000000000000,0.00000000000000000,0.00000000000000000,0.00000000000000000,0.00000000000000000,0.00000000000000000,0.00000000000000000,0.00000000000000000,0.00000000000000000,0.00006103515625000,0.00000000000000000,0.00000000000000000,0.00000000000000000,0.00000000000000000,0.00000000000000000,0.00000000000000000,1
0.00000000000000000,0.00000000000000000,0.00000000000000000,0.00000000000000000,0.00000000000000000,0.00000000000000000,0.00000000000000000,0.00000000000000000,0.00000000000000000,0.00006103515625000,0.00000000000000000,0.00000000000000000,0.00006103515625000,0.00000000000000000,0.00006103515625000,0.00000000000000000,0.00000000000000000,2
0.00000000000000000,0.00000000000000000,0.00006103515625000,0.00000000000000000,0.00000000000000000,0.00000000000000000,0.00000000000000000,0.00000000000000000,0.00000000000000000,0.00000000000000000,0.00000000000000000,0.00006103515625000,0.00000000000000000,0.00000000000000000,0.00000000000000000,0.00012207031250000,0.11649500072266981,3
0.00000000000000000,0.00000000000000000,0.00006103515625000,0.00006103515625000,0.00006103515625000,0.00000000000000000,0.00000000000000000,0.00012207031250000,0.00000000000000000,0.00000000000000000,0.00000000000000000,0.00000000000000000,0.00000000000000000,0.00000000000000000,0.00000000000000000,0.00000000000000000,0.11649500072266981,0
0.00006103515625000,0.00000000000000000,0.00006103515625000,0.00006103515625000,0.00000000000000000,0.00000000000000000,0.00000000000000000,0.00012207031250000,0.00000000000000000,0.00000000000000000,0.00000000000000000,0.00000000000000000,0.00000000000000000,0.00000000000000000,0.00000000000000000,0.00006103515625000,0.11649500072266981,3
0.00012207031250000,0.00006103515625000,0.00000000000000000,0.00000000000000000,0.00012207031250000,0.00000000000000000,0.00000000000000000,0.00000000000000000,0.00006103515625000,0.00000000000000000,0.00000000000000000,0.00000000000000000,0.00006103515625000,0.00000000000000000,0.00000000000000000,0.00000000000000000,0.15904041823988749,0
0.00024414062500000,0.00006103515625000,0.00000000000000000,0.00000000000000000,0.00012207031250000,0.00000000000000000,0.00000000000000000,0.00000000000000000,0.00000000000000000,0.00000000000000000,0.00000000000000000,0.00000000000000000,0.00000000000000000,0.00000000000000000,0.00006103515625000,0.00000000000000000,0.22036988245565323,1
0.00000000000000000,0.00000000000000000,0.00000000000000000,0.00000000000000000,0.00000000000000000,0.00000000000000000,0.00000000000000000,0.00000000000000000,0.00024414062500000,0.00000000000000000,0.00000000000000000,0.00000000000000000,0.00012207031250000,0.00006103515625000,0.00006103515625000,0.00006103515625000,0.22036988245565323,3
0.00000000000000000,0.00000000000000000,0.00000000000000000,0.00000000000000000,0.00000000000000000,0.00000000000000000,0.00006103515625000,0.00000000000000000,0.00024414062500000,0.00000000000000000,0.00000000000000000,0.00000000000000000,0.00012207031250000,0.00012207031250000,0.00006103515625000,0.00000000000000000,0.23299000144533963,2
0.00024414062500000,0.00012207031250000,0.00012207031250000,0.00006103515625000,0.00012207031250000,0.00000000000000000,0.00000000000000000,0.00000000000000000,0.00000000000000000,0.00000000000000000,0.00000000000000000,0.00000000000000000,0.00000000000000000,0.00000000000000000,0.00000000000000000,0.00000000000000000,0.24373299964982600,2
0.00006103515625000,0.00000000000000000,0.00000000000000000,0.00000000000000000,0.00000000000000000,0.00000000000000000,0.00000000000000000,0.00000000000000000,0.00024414062500000,0.00000000000000000,0.00000000000000000,0.00000000000000000,0.00012207031250000,0.00012207031250000,0.00012207031250000,0.00006103515625000,0.24373299964982600,0
0.00006103515625000,0.00012207031250000,0.00012207031250000,0.00006103515625000,0.00024414062500000,0.00000000000000000,0.00000000000000000,0.00000000000000000,0.00012207031250000,0.00000000000000000,0.00000000000000000,0.00000000000000000,0.00000000000000000,0.00000000000000000,0.00006103515625000,0.00000000000000000,0.24373299964982600,1
0.00006103515625000,0.00024414062500000,0.00006103515625000,0.00000000000000000,0.00024414062500000,0.00000000000000000,0.00000000000000000,0.00006103515625000,0.00012207031250000,0.00000000000000000,0.00000000000000000,0.00000000000000000,0.00006103515625000,0.00000000000000000,0.00000000000000000,0.00000000000000000,0.26136695401116583,2
0.00000000000000000,0.00006103515625000,0.00024414062500000,0.00006103515625000,0.00000000000000000,0.00006103515625000,0.00024414062500000,0.00006103515625000,0.00000000000000000,0.00000000000000000,0.00000000000000000,0.00012207031250000,0.00000000000000000,0.00000000000000000,0.00000000000000000,0.00006103515625000,0.26136695401116583,2
0.00000000000000000,0.00000000000000000,0.00000000000000000,0.00000000000000000,0.00000000000000000,0.00000000000000000,0.00000000000000000,0.00012207031250000,0.00000000000000000,0.00000000000000000,0.00006103515625000,0.00012207031250000,0.00000000000000000,0.00012207031250000,0.00048828125000000,0.00006103515625000,0.29755497250179452,1
0.00000000000000000,0.00012207031250000,0.00006103515625000,0.00024414062500000,0.00000000000000000,0.00000000000000000,0.00048828125000000,0.00006103515625000,0.00000000000000000,0.00006103515625000,0.00000000000000000,0.00000000000000000,0.00000000000000000,0.00000000000000000,0.00000000000000000,0.00000000000000000,0.30647484845620920,2
0.00000000000000000,0.00012207031250000,0.00006103515625000,0.00024414062500000,0.00000000000000000,0.00000000000000000,0.00048828125000000,0.00006103515625000,0.00000000000000000,0.00006103515625000,0.00000000000000000,0.00006103515625000,0.00000000000000000,0.00000000000000000,0.00000000000000000,0.00000000000000000,0.30647484845620920,1
0.00000000000000000,0.00012207031250000,0.00006103515625000,0.00024414062500000,0.00000000000000000,0.00006103515625000,0.00048828125000000,0.00012207031250000,0.00000000000000000,0.00012207031250000,0.00000000000000000,0.00000000000000000,0.00000000000000000,0.00000000000000000,0.00000000000000000,0.00000000000000000,0.31055381002007598,3
0.00006103515625000,0.00000000000000000,0.00000000000000000,0.00000000000000000,0.00000000000000000,0.00012207031250000,0.00000000000000000,0.00000000000000000,0.00000000000000000,0.00006103515625000,0.00006103515625000,0.00024414062500000,0.00000000000000000,0.00012207031250000,0.00048828125000000,0.00012207031250000,0.31055381002007598,2
0.00000000000000000,0.00000000000000000,0.00006103515625000,0.00000000000000000,0.00000000000000000,0.00012207031250000,0.00000000000000000,0.00000000000000000,0.00000000000000000,0.00006103515625000,0.00006103515625000,0.00024414062500000,0.00006103515625000,0.00012207031250000,0.00048828125000000,0.00012207031250000,0.31055381002007598,0
0.00006103515625000,0.00012207031250000,0.00012207031250000,0.00024414062500000,0.00000000000000000,0.00006103515625000,0.00048828125000000,0.00012207031250000,0.00000000000000000,0.00012207031250000,0.00000000000000000,0.00006103515625000,0.00000000000000000,0.00000000000000000,0.00000000000000000,0.00000000000000000,0.31441512086208029,3
0.00000000000000000,0.00006103515625000,0.00024414062500000,0.00024414062500000,0.00000000000000000,0.00006103515625000,0.00048828125000000,0.00012207031250000,0.00000000000000000,0.00006103515625000,0.00012207031250000,0.00006103515625000,0.00000000000000000,0.00000000000000000,0.00000000000000000,0.00000000000000000,0.32156982095238212,2
0.00006103515625000,0.00000000000000000,0.00006103515625000,0.00048828125000000,0.00000000000000000,0.00006103515625000,0.00048828125000000,0.00012207031250000,0.00000000000000000,0.00006103515625000,0.00012207031250000,0.00006103515625000,0.00000000000000000,0.00000000000000000,0.00000000000000000,0.00000000000000000,0.33405356229710709,1
0.00012207031250000,0.00048828125000000,0.00000000000000000,0.00000000000000000,0.00006103515625000,0.00048828125000000,0.00012207031250000,0.00000000000000000,0.00006103515625000,0.00012207031250000,0.00006103515625000,0.00000000000000000,0.00000000000000000,0.00000000000000000,0.00006103515625000,0.00000000000000000,0.33686488317832303,1
0.00000000000000000,0.00000000000000000,0.00012207031250000,0.00048828125000000,0.00000000000000000,0.00006103515625000,0.00048828125000000,0.00012207031250000,0.00000000000000000,0.00006103515625000,0.00012207031250000,0.00006103515625000,0.00006103515625000,0.00000000000000000,0.00000000000000000,0.00006103515625000,0.33686488317832303,0
0.00012207031250000,0.00048828125000000,0.00000000000000000,0.00000000000000000,0.00006103515625000,0.00048828125000000,0.00012207031250000,0.00006103515625000,0.00006103515625000,0.00012207031250000,0.00006103515625000,0.00000000000000000,0.00012207031250000,0.00000000000000000,0.00000000000000000,0.00000000000000000,0.33957108299010397,1
0.00000000000000000,0.00006103515625000,0.00012207031250000,0.00048828125000000,0.00006103515625000,0.00048828125000000,0.00012207031250000,0.00006103515625000,0.00000000000000000,0.00006103515625000,0.00012207031250000,0.00006103515625000,0.00000000000000000,0.00000000000000000,0.00000000000000000,0.00012207031250000,0.33957108299010397,2
0.00000000000000000,0.00000000000000000,0.00000000000000000,0.00000000000000000,0.00012207031250000,0.00006103515625000,0.00000000000000000,0.00048828125000000,0.00000000000000000,0.00048828125000000,0.00012207031250000,0.00012207031250000,0.00006103515625000,0.00006103515625000,0.00024414062500000,0.00012207031250000,0.34713089505274169,2
0.00012207031250000,0.00006103515625000,0.00012207031250000,0.00048828125000000,0.00006103515625000,0.00048828125000000,0.00024414062500000,0.00024414062500000,0.00006103515625000,0.00006103515625000,0.00000000000000000,0.00000000000000000,0.00000000000000000,0.00000000000000000,0.00000000000000000,0.00000000000000000,0.35176495171654149,3
0.00012207031250000,0.00006103515625000,0.00012207031250000,0.00048828125000000,0.00000000000000000,0.00006103515625000,0.00048828125000000,0.00048828125000000,0.00000000000000000,0.00000000000000000,0.00006103515625000,0.00012207031250000,0.00000000000000000,0.00000000000000000,0.00000000000000000,0.00000000000000000,0.36219771140204565,2
0.00012207031250000,0.00006103515625000,0.00012207031250000,0.00048828125000000,0.00000000000000000,0.00000000000000000,0.00006103515625000,0.00097656250000000,0.00000000000000000,0.00000000000000000,0.00006103515625000,0.00012207031250000,0.00000000000000000,0.00006103515625000,0.00000000000000000,0.00000000000000000,0.37627976247819744,2
0.00012207031250000,0.00006103515625000,0.00012207031250000,0.00048828125000000,0.00006103515625000,0.00097656250000000,0.00000000000000000,0.00000000000000000,0.00006103515625000,0.00012207031250000,0.00006103515625000,0.00000000000000000,0.00006103515625000,0.00000000000000000,0.00000000000000000,0.00000000000000000,0.37627976247819744,0
0.00000000000000000,0.00000000000000000,0.00000000000000000,0.00000000000000000,0.00012207031250000,0.00006103515625000,0.00006103515625000,0.00000000000000000,0.00006103515625000,0.00097656250000000,0.00012207031250000,0.00000000000000000,0.00012207031250000,0.00012207031250000,0.00006103515625000,0.00048828125000000,0.37786195473383560,2
0.00012207031250000,0.00006103515625000,0.00006103515625000,0.00048828125000000,0.00006103515625000,0.00097656250000000,0.00012207031250000,0.00000000000000000,0.00012207031250000,0.00012207031250000,0.00006103515625000,0.00000000000000000,0.00000000000000000,0.00006103515625000,0.00000000000000000,0.00000000000000000,0.37786195473383560,2
0.00006103515625000,0.00006103515625000,0.00000000000000000,0.00000000000000000,0.00012207031250000,0.00097656250000000,0.00006103515625000,0.00000000000000000,0.00006103515625000,0.00012207031250000,0.00012207031250000,0.00000000000000000,0.00012207031250000,0.00006103515625000,0.00006103515625000,0.00048828125000000,0.37786195473383560,2
0.00012207031250000,0.00000000000000000,0.00000000000000000,0.00000000000000000,0.00012207031250000,0.00097656250000000,0.00006103515625000,0.00000000000000000,0.00006103515625000,0.00024414062500000,0.00006103515625000,0.00000000000000000,0.00012207031250000,0.00012207031250000,0.00048828125000000,0.00000000000000000,0.38386600957008149,0
0.00024414062500000,0.00097656250000000,0.00012207031250000,0.00000000000000000,0.00006103515625000,0.00024414062500000,0.00048828125000000,0.00000000000000000,0.00012207031250000,0.00012207031250000,0.00000000000000000,0.00000000000000000,0.00000000000000000,0.00000000000000000,0.00000000000000000,0.00006103515625000,0.38806326723978962,0
0.00024414062500000,0.00097656250000000,0.00012207031250000,0.00006103515625000,0.00006103515625000,0.00024414062500000,0.00048828125000000,0.00000000000000000,0.00012207031250000,0.00012207031250000,0.00000000000000000,0.00000000000000000,0.00000000000000000,0.00006103515625000,0.00000000000000000,0.00000000000000000,0.38806326723978962,1
0.00000000000000000,0.00097656250000000,0.00000000000000000,0.00000000000000000,0.00024414062500000,0.00024414062500000,0.00006103515625000,0.00000000000000000,0.00006103515625000,0.00012207031250000,0.00012207031250000,0.00000000000000000,0.00012207031250000,0.00006103515625000,0.00048828125000000,0.00006103515625000,0.38806326723978962,3
0.00024414062500000,0.00097656250000000,0.00006103515625000,0.00006103515625000,0.00006103515625000,0.00024414062500000,0.00012207031250000,0.00000000000000000,0.00012207031250000,0.00012207031250000,0.00048828125000000,0.00000000000000000,0.00000000000000000,0.00006103515625000,0.00000000000000000,0.00006103515625000,0.38806326723978962,2
0.00006103515625000,0.00097656250000000,0.00000000000000000,0.00000000000000000,0.00024414062500000,0.00024414062500000,0.00006103515625000,0.00000000000000000,0.00006103515625000,0.00012207031250000,0.00012207031250000,0.00000000000000000,0.00012207031250000,0.00006103515625000,0.00048828125000000,0.00012207031250000,0.38940995564142161,0
0.00006103515625000,0.00000000000000000,0.00006103515625000,0.00097656250000000,0.00000000000000000,0.00000000000000000,0.00048828125000000,0.00006103515625000,0.00000000000000000,0.00000000000000000,0.00006103515625000,0.00024414062500000,0.00012207031250000,0.00006103515625000,0.00048828125000000,0.00012207031250000,0.39700284042914474,0
0.00000000000000000,0.00000000000000000,0.00006103515625000,0.00097656250000000,0.00000000000000000,0.00000000000000000,0.00048828125000000,0.00006103515625000,0.00006103515625000,0.00006103515625000,0.00006103515625000,0.00024414062500000,0.00012207031250000,0.00006103515625000,0.00048828125000000,0.00012207031250000,0.39700284042914474,3
0.00006103515625000,0.00012207031250000,0.00006103515625000,0.00097656250000000,0.00012207031250000,0.00000000000000000,0.00048828125000000,0.00006103515625000,0.00000000000000000,0.00000000000000000,0.00006103515625000,0.00024414062500000,0.00000000000000000,0.00006103515625000,0.00048828125000000,0.00012207031250000,0.39819434739408877,2
0.00006103515625000,0.00012207031250000,0.00006103515625000,0.00097656250000000,0.00012207031250000,0.00048828125000000,0.00006103515625000,0.00000000000000000,0.00006103515625000,0.00024414062500000,0.00000000000000000,0.00000000000000000,0.00006103515625000,0.00048828125000000,0.00012207031250000,0.00006103515625000,0.39819434739408877,1
0.00000000000000000,0.00012207031250000,0.00006103515625000,0.00000000000000000,0.00006103515625000,0.00048828125000000,0.00000000000000000,0.00000000000000000,0.00012207031250000,0.00024414062500000,0.00012207031250000,0.00097656250000000,0.00012207031250000,0.00048828125000000,0.00012207031250000,0.00006103515625000,0.40052008686263635,0
0.00000000000000000,0.00006103515625000,0.00012207031250000,0.00006103515625000,0.00000000000000000,0.00000000000000000,0.00006103515625000,0.00048828125000000,0.00012207031250000,0.00024414062500000,0.00012207031250000,0.00097656250000000,0.00012207031250000,0.00048828125000000,0.00012207031250000,0.00006103515625000,0.40052008686263635,0
0.00000000000000000,0.00000000000000000,0.00006103515625000,0.00006103515625000,0.00000000000000000,0.00006103515625000,0.00012207031250000,0.00048828125000000,0.00000000000000000,0.00024414062500000,0.00006103515625000,0.00097656250000000,0.00024414062500000,0.00048828125000000,0.00024414062500000,0.00006103515625000,0.40495871333373468,2
0.00012207031250000,0.00000000000000000,0.00006103515625000,0.00000000000000000,0.00006103515625000,0.00012207031250000,0.00048828125000000,0.00000000000000000,0.00024414062500000,0.00006103515625000,0.00097656250000000,0.00000000000000000,0.00024414062500000,0.00048828125000000,0.00024414062500000,0.00006103515625000,0.40602710784012602,1
0.00000000000000000,0.00000000000000000,0.00006103515625000,0.00000000000000000,0.00012207031250000,0.00012207031250000,0.00048828125000000,0.00006103515625000,0.00006103515625000,0.00006103515625000,0.00097656250000000,0.00000000000000000,0.00048828125000000,0.00048828125000000,0.00024414062500000,0.00006103515625000,0.41014964045942465,0
0.00006103515625000,0.00000000000000000,0.00000000000000000,0.00000000000000000,0.00024414062500000,0.00048828125000000,0.00006103515625000,0.00000000000000000,0.00012207031250000,0.00097656250000000,0.00006103515625000,0.00000000000000000,0.00097656250000000,0.00024414062500000,0.00006103515625000,0.00000000000000000,0.42040737225105329,3
0.00000000000000000,0.00000000000000000,0.00006103515625000,0.00006103515625000,0.00000000000000000,0.00024414062500000,0.00048828125000000,0.00006103515625000,0.00000000000000000,0.00012207031250000,0.00097656250000000,0.00006103515625000,0.00000000000000000,0.00097656250000000,0.00024414062500000,0.00006103515625000,0.42040737225105329,0
0.00000000000000000,0.00024414062500000,0.00006103515625000,0.00012207031250000,0.00000000000000000,0.00012207031250000,0.00048828125000000,0.00012207031250000,0.00000000000000000,0.00097656250000000,0.00097656250000000,0.00000000000000000,0.00000000000000000,0.00000000000000000,0.00024414062500000,0.00006103515625000,0.42212572983208291,1
0.00024414062500000,0.00006103515625000,0.00012207031250000,0.00000000000000000,0.00012207031250000,0.00048828125000000,0.00012207031250000,0.00006103515625000,0.00195312500000000,0.00000000000000000,0.00000000000000000,0.00000000000000000,0.00024414062500000,0.00006103515625000,0.00000000000000000,0.00000000000000000,0.43457583720244480,3
0.00000000000000000,0.00024414062500000,0.00006103515625000,0.00012207031250000,0.00012207031250000,0.00048828125000000,0.00012207031250000,0.00006103515625000,0.00000000000000000,0.00000000000000000,0.00000000000000000,0.00195312500000000,0.00000000000000000,0.00006103515625000,0.00024414062500000,0.00006103515625000,0.43457583720244480,0
0.00000000000000000,0.00000000000000000,0.00000000000000000,0.00012207031250000,0.00006103515625000,0.00024414062500000,0.00006103515625000,0.00006103515625000,0.00000000000000000,0.00048828125000000,0.00012207031250000,0.00195312500000000,0.00012207031250000,0.00006103515625000,0.00024414062500000,0.00006103515625000,0.43457583720244480,1
0.00006103515625000,0.00024414062500000,0.00006103515625000,0.00012207031250000,0.00012207031250000,0.00048828125000000,0.00012207031250000,0.00006103515625000,0.00000000000000000,0.00006103515625000,0.00024414062500000,0.00195312500000000,0.00006103515625000,0.00000000000000000,0.00000000000000000,0.00006103515625000,0.43457583720244480,2
0.00006103515625000,0.00000000000000000,0.00000000000000000,0.00012207031250000,0.00006103515625000,0.00024414062500000,0.00006103515625000,0.00006103515625000,0.00012207031250000,0.00048828125000000,0.00012207031250000,0.00195312500000000,0.00006103515625000,0.00006103515625000,0.00024414062500000,0.00006103515625000,0.43457583720244480,1
0.00000000000000000,0.00006103515625000,0.00006103515625000,0.00012207031250000,0.00000000000000000,0.00006103515625000,0.00024414062500000,0.00012207031250000,0.00012207031250000,0.00048828125000000,0.00012207031250000,0.00195312500000000,0.00000000000000000,0.00012207031250000,0.00024414062500000,0.00006103515625000,0.43599167527606686,1
0.00000000000000000,0.00000000000000000,0.00012207031250000,0.00012207031250000,0.00006103515625000,0.00006103515625000,0.00024414062500000,0.00012207031250000,0.00012207031250000,0.00048828125000000,0.00012207031250000,0.00195312500000000,0.00000000000000000,0.00012207031250000,0.00024414062500000,0.00006103515625000,0.43668934249562624,0
0.00024414062500000,0.00000000000000000,0.00000000000000000,0.00000000000000000,0.00012207031250000,0.00024414062500000,0.00012207031250000,0.00000000000000000,0.00012207031250000,0.00048828125000000,0.00012207031250000,0.00195312500000000,0.00012207031250000,0.00024414062500000,0.00006103515625000,0.00006103515625000,0.43874288203078743,0
0.00024414062500000,0.00024414062500000,0.00024414062500000,0.00195312500000000,0.00024414062500000,0.00048828125000000,0.00006103515625000,0.00006103515625000,0.00012207031250000,0.00024414062500000,0.00000000000000000,0.00000000000000000,0.00012207031250000,0.00000000000000000,0.00000000000000000,0.00000000000000000,0.44139333516348861,3
0.00048828125000000,0.00024414062500000,0.00195312500000000,0.00006103515625000,0.00024414062500000,0.00048828125000000,0.00012207031250000,0.00000000000000000,0.00012207031250000,0.00024414062500000,0.00000000000000000,0.00000000000000000,0.00012207031250000,0.00000000000000000,0.00000000000000000,0.00000000000000000,0.44457549214832565,0
0.00048828125000000,0.00024414062500000,0.00195312500000000,0.00006103515625000,0.00000000000000000,0.00024414062500000,0.00048828125000000,0.00012207031250000,0.00000000000000000,0.00000000000000000,0.00012207031250000,0.00024414062500000,0.00000000000000000,0.00000000000000000,0.00006103515625000,0.00012207031250000,0.44457549214832565,0
0.00048828125000000,0.00024414062500000,0.00195312500000000,0.00006103515625000,0.00024414062500000,0.00048828125000000,0.00012207031250000,0.00000000000000000,0.00012207031250000,0.00024414062500000,0.00000000000000000,0.00000000000000000,0.00006103515625000,0.00012207031250000,0.00006103515625000,0.00000000000000000,0.44457549214832565,3
0.00048828125000000,0.00024414062500000,0.00006103515625000,0.00000000000000000,0.00024414062500000,0.00048828125000000,0.00195312500000000,0.00000000000000000,0.00012207031250000,0.00024414062500000,0.00012207031250000,0.00000000000000000,0.00006103515625000,0.00012207031250000,0.00006103515625000,0.00006103515625000,0.44457549214832565,2
0.00048828125000000,0.00024414062500000,0.00006103515625000,0.00000000000000000,0.00024414062500000,0.00048828125000000,0.00195312500000000,0.00000000000000000,0.00012207031250000,0.00024414062500000,0.00012207031250000,0.00000000000000000,0.00006103515625000,0.00012207031250000,0.00012207031250000,0.00006103515625000,0.44519547378584723,0
0.00048828125000000,0.00024414062500000,0.00006103515625000,0.00000000000000000,0.00024414062500000,0.00048828125000000,0.00195312500000000,0.00000000000000000,0.00012207031250000,0.00024414062500000,0.00012207031250000,0.00012207031250000,0.00006103515625000,0.00024414062500000,0.00006103515625000,0.00000000000000000,0.44641972984001899,1
0.00048828125000000,0.00000000000000000,0.00006103515625000,0.00006103515625000,0.00024414062500000,0.00024414062500000,0.00195312500000000,0.00000000000000000,0.00012207031250000,0.00048828125000000,0.00012207031250000,0.00000000000000000,0.00006103515625000,0.00048828125000000,0.00006103515625000,0.00012207031250000,0.44880781987953838,3
0.00048828125000000,0.00000000000000000,0.00006103515625000,0.00000000000000000,0.00024414062500000,0.00006103515625000,0.00195312500000000,0.00000000000000000,0.00012207031250000,0.00024414062500000,0.00012207031250000,0.00006103515625000,0.00006103515625000,0.00097656250000000,0.00006103515625000,0.00012207031250000,0.45335988390099285,0
0.00048828125000000,0.00006103515625000,0.00006103515625000,0.00006103515625000,0.00024414062500000,0.00024414062500000,0.00195312500000000,0.00012207031250000,0.00012207031250000,0.00097656250000000,0.00012207031250000,0.00006103515625000,0.00006103515625000,0.00000000000000000,0.00006103515625000,0.00000000000000000,0.45335988390099285,2
0.00048828125000000,0.00000000000000000,0.00006103515625000,0.00006103515625000,0.00024414062500000,0.00006103515625000,0.00195312500000000,0.00006103515625000,0.00012207031250000,0.00024414062500000,0.00012207031250000,0.00012207031250000,0.00006103515625000,0.00097656250000000,0.00006103515625000,0.00006103515625000,0.45335988390099285,0
0.00000000000000000,0.00000000000000000,0.00048828125000000,0.00012207031250000,0.00024414062500000,0.00006103515625000,0.00195312500000000,0.00006103515625000,0.00006103515625000,0.00012207031250000,0.00024414062500000,0.00024414062500000,0.00000000000000000,0.00006103515625000,0.00097656250000000,0.00012207031250000,0.45553287751776156,1
0.00006103515625000,0.00000000000000000,0.00048828125000000,0.00012207031250000,0.00024414062500000,0.00006103515625000,0.00195312500000000,0.00006103515625000,0.00000000000000000,0.00006103515625000,0.00012207031250000,0.00048828125000000,0.00000000000000000,0.00006103515625000,0.00097656250000000,0.00012207031250000,0.45764253252895482,2
0.00006103515625000,0.00006103515625000,0.00048828125000000,0.00012207031250000,0.00024414062500000,0.00006103515625000,0.00195312500000000,0.00006103515625000,0.00000000000000000,0.00006103515625000,0.00012207031250000,0.00048828125000000,0.00000000000000000,0.00006103515625000,0.00097656250000000,0.00012207031250000,0.45764253252895482,1
0.00012207031250000,0.00048828125000000,0.00012207031250000,0.00000000000000000,0.00024414062500000,0.00006103515625000,0.00195312500000000,0.00006103515625000,0.00006103515625000,0.00012207031250000,0.00048828125000000,0.00000000000000000,0.00006103515625000,0.00097656250000000,0.00012207031250000,0.00006103515625000,0.45816047687602696,3
0.00006103515625000,0.00012207031250000,0.00048828125000000,0.00012207031250000,0.00024414062500000,0.00006103515625000,0.00195312500000000,0.00006103515625000,0.00000000000000000,0.00006103515625000,0.00012207031250000,0.00048828125000000,0.00006103515625000,0.00097656250000000,0.00012207031250000,0.00006103515625000,0.45816047687602696,1
0.00012207031250000,0.00000000000000000,0.00000000000000000,0.00012207031250000,0.00006103515625000,0.00012207031250000,0.00048828125000000,0.00006103515625000,0.00024414062500000,0.00012207031250000,0.00195312500000000,0.00048828125000000,0.00006103515625000,0.00097656250000000,0.00024414062500000,0.00006103515625000,0.45969243699456497,3
0.00012207031250000,0.00006103515625000,0.00000000000000000,0.00012207031250000,0.00006103515625000,0.00000000000000000,0.00048828125000000,0.00006103515625000,0.00024414062500000,0.00024414062500000,0.00195312500000000,0.00048828125000000,0.00006103515625000,0.00097656250000000,0.00024414062500000,0.00006103515625000,0.46069602206505511,1
0.00012207031250000,0.00006103515625000,0.00012207031250000,0.00000000000000000,0.00006103515625000,0.00048828125000000,0.00006103515625000,0.00000000000000000,0.00048828125000000,0.00195312500000000,0.00048828125000000,0.00006103515625000,0.00006103515625000,0.00097656250000000,0.00024414062500000,0.00006103515625000,0.46266238852156150,0
0.00012207031250000,0.00006103515625000,0.00012207031250000,0.00012207031250000,0.00006103515625000,0.00048828125000000,0.00006103515625000,0.00006103515625000,0.00048828125000000,0.00195312500000000,0.00048828125000000,0.00000000000000000,0.00006103515625000,0.00097656250000000,0.00024414062500000,0.00000000000000000,0.46314574533378994,3
0.00012207031250000,0.00006103515625000,0.00024414062500000,0.00000000000000000,0.00006103515625000,0.00048828125000000,0.00012207031250000,0.00000000000000000,0.00048828125000000,0.00195312500000000,0.00048828125000000,0.00000000000000000,0.00006103515625000,0.00097656250000000,0.00024414062500000,0.00006103515625000,0.46457674575306918,0
0.00012207031250000,0.00006103515625000,0.00024414062500000,0.00006103515625000,0.00006103515625000,0.00048828125000000,0.00012207031250000,0.00000000000000000,0.00048828125000000,0.00195312500000000,0.00048828125000000,0.00000000000000000,0.00006103515625000,0.00097656250000000,0.00024414062500000,0.00006103515625000,0.46457674575306918,3
0.00012207031250000,0.00006103515625000,0.00024414062500000,0.00012207031250000,0.00006103515625000,0.00048828125000000,0.00012207031250000,0.00000000000000000,0.00048828125000000,0.00195312500000000,0.00048828125000000,0.00000000000000000,0.00006103515625000,0.00097656250000000,0.00024414062500000,0.00006103515625000,0.46504752733887361,3
0.00012207031250000,0.00006103515625000,0.00024414062500000,0.00012207031250000,0.00006103515625000,0.00048828125000000,0.00012207031250000,0.00006103515625000,0.00048828125000000,0.00195312500000000,0.00048828125000000,0.00006103515625000,0.00006103515625000,0.00097656250000000,0.00024414062500000,0.00000000000000000,0.46504752733887361,1
0.00012207031250000,0.00006103515625000,0.00024414062500000,0.00000000000000000,0.00006103515625000,0.00048828125000000,0.00012207031250000,0.00006103515625000,0.00048828125000000,0.00195312500000000,0.00048828125000000,0.00012207031250000,0.00006103515625000,0.00097656250000000,0.00024414062500000,0.00012207031250000,0.46551526669609666,1
0.00006103515625000,0.00012207031250000,0.00006103515625000,0.00024414062500000,0.00006103515625000,0.00048828125000000,0.00012207031250000,0.00006103515625000,0.00048828125000000,0.00195312500000000,0.00048828125000000,0.00012207031250000,0.00006103515625000,0.00097656250000000,0.00024414062500000,0.00012207031250000,0.46551526669609666,1
0.00006103515625000,0.00012207031250000,0.00006103515625000,0.00000000000000000,0.00012207031250000,0.00048828125000000,0.00012207031250000,0.00024414062500000,0.00048828125000000,0.00195312500000000,0.00048828125000000,0.00006103515625000,0.00006103515625000,0.00097656250000000,0.00024414062500000,0.00024414062500000,0.46690061833622587,2
0.00006103515625000,0.00012207031250000,0.00006103515625000,0.00006103515625000,0.00012207031250000,0.00048828125000000,0.00012207031250000,0.00024414062500000,0.00048828125000000,0.00195312500000000,0.00048828125000000,0.00006103515625000,0.00006103515625000,0.00097656250000000,0.00048828125000000,0.00000000000000000,0.46870744946672821,2
0.00006103515625000,0.00012207031250000,0.00000000000000000,0.00006103515625000,0.00012207031250000,0.00048828125000000,0.00006103515625000,0.00006103515625000,0.00048828125000000,0.00195312500000000,0.00012207031250000,0.00024414062500000,0.00006103515625000,0.00097656250000000,0.00097656250000000,0.00006103515625000,0.47219118531879750,2
0.00000000000000000,0.00006103515625000,0.00012207031250000,0.00006103515625000,0.00006103515625000,0.00012207031250000,0.00048828125000000,0.00012207031250000,0.00048828125000000,0.00195312500000000,0.00012207031250000,0.00024414062500000,0.00000000000000000,0.00006103515625000,0.00195312500000000,0.00006103515625000,0.47908030294991111,2
0.00006103515625000,0.00012207031250000,0.00006103515625000,0.00000000000000000,0.00006103515625000,0.00012207031250000,0.00048828125000000,0.00012207031250000,0.00048828125000000,0.00195312500000000,0.00012207031250000,0.00024414062500000,0.00006103515625000,0.00195312500000000,0.00006103515625000,0.00006103515625000,0.47908030294991111,1
0.00006103515625000,0.00012207031250000,0.00006103515625000,0.00000000000000000,0.00006103515625000,0.00012207031250000,0.00048828125000000,0.00012207031250000,0.00048828125000000,0.00195312500000000,0.00012207031250000,0.00024414062500000,0.00006103515625000,0.00195312500000000,0.00012207031250000,0.00006103515625000,0.47946582936678345,3
0.00006103515625000,0.00006103515625000,0.00012207031250000,0.00006103515625000,0.00006103515625000,0.00012207031250000,0.00048828125000000,0.00012207031250000,0.00048828125000000,0.00195312500000000,0.00012207031250000,0.00024414062500000,0.00006103515625000,0.00195312500000000,0.00012207031250000,0.00006103515625000,0.47946582936678345,0
0.00006103515625000,0.00012207031250000,0.00012207031250000,0.00006103515625000,0.00006103515625000,0.00012207031250000,0.00048828125000000,0.00012207031250000,0.00048828125000000,0.00195312500000000,0.00012207031250000,0.00024414062500000,0.00006103515625000,0.00195312500000000,0.00012207031250000,0.00006103515625000,0.47984931325001212,3
0.00000000000000000,0.00000000000000000,0.00000000000000000,0.00006103515625000,0.00012207031250000,0.00012207031250000,0.00012207031250000,0.00012207031250000,0.00048828125000000,0.00024414062500000,0.00048828125000000,0.00024414062500000,0.00006103515625000,0.00390625000000000,0.00024414062500000,0.00006103515625000,0.49277476320086722,3
0.00012207031250000,0.00012207031250000,0.00012207031250000,0.00006103515625000,0.00048828125000000,0.00024414062500000,0.00048828125000000,0.00012207031250000,0.00006103515625000,0.00390625000000000,0.00024414062500000,0.00024414062500000,0.00000000000000000,0.00000000000000000,0.00006103515625000,0.00006103515625000,0.49277476320086722,1
0.00000000000000000,0.00012207031250000,0.00024414062500000,0.00006103515625000,0.00048828125000000,0.00024414062500000,0.00048828125000000,0.00012207031250000,0.00000000000000000,0.00006103515625000,0.00390625000000000,0.00048828125000000,0.00000000000000000,0.00012207031250000,0.00000000000000000,0.00012207031250000,0.49498027395775002,2
0.00048828125000000,0.00012207031250000,0.00024414062500000,0.00006103515625000,0.00006103515625000,0.00024414062500000,0.00048828125000000,0.00012207031250000,0.00000000000000000,0.00006103515625000,0.00390625000000000,0.00048828125000000,0.00000000000000000,0.00012207031250000,0.00000000000000000,0.00012207031250000,0.49498027395775002,1
0.00048828125000000,0.00012207031250000,0.00024414062500000,0.00006103515625000,0.00006103515625000,0.00024414062500000,0.00048828125000000,0.00012207031250000,0.00006103515625000,0.00390625000000000,0.00048828125000000,0.00000000000000000,0.00024414062500000,0.00006103515625000,0.00000000000000000,0.00000000000000000,0.49559827057120948,0
0.00048828125000000,0.00012207031250000,0.00024414062500000,0.00006103515625000,0.00012207031250000,0.00024414062500000,0.00097656250000000,0.00012207031250000,0.00024414062500000,0.00390625000000000,0.00000000000000000,0.00000000000000000,0.00000000000000000,0.00006103515625000,0.00006103515625000,0.00000000000000000,0.49831576061979549,1
0.00012207031250000,0.00012207031250000,0.00000000000000000,0.00000000000000000,0.00048828125000000,0.00024414062500000,0.00024414062500000,0.00000000000000000,0.00012207031250000,0.00390625000000000,0.00097656250000000,0.00006103515625000,0.00024414062500000,0.00006103515625000,0.00006103515625000,0.00012207031250000,0.49831576061979549,3
0.00012207031250000,0.00012207031250000,0.00024414062500000,0.00006103515625000,0.00048828125000000,0.00024414062500000,0.00097656250000000,0.00012207031250000,0.00012207031250000,0.00390625000000000,0.00006103515625000,0.00000000000000000,0.00024414062500000,0.00006103515625000,0.00000000000000000,0.00006103515625000,0.49831576061979549,1
0.00000000000000000,0.00024414062500000,0.00024414062500000,0.00006103515625000,0.00048828125000000,0.00024414062500000,0.00097656250000000,0.00012207031250000,0.00012207031250000,0.00012207031250000,0.00390625000000000,0.00006103515625000,0.00000000000000000,0.00000000000000000,0.00024414062500000,0.00012207031250000,0.49919938193286323,3
0.00000000000000000,0.00006103515625000,0.00024414062500000,0.00006103515625000,0.00000000000000000,0.00000000000000000,0.00097656250000000,0.00012207031250000,0.00048828125000000,0.00048828125000000,0.00390625000000000,0.00006103515625000,0.00012207031250000,0.00012207031250000,0.00024414062500000,0.00012207031250000,0.50036101029275126,2
0.00000000000000000,0.00006103515625000,0.00024414062500000,0.00006103515625000,0.00000000000000000,0.00000000000000000,0.00097656250000000,0.00012207031250000,0.00000000000000000,0.00097656250000000,0.00390625000000000,0.00006103515625000,0.00006103515625000,0.00024414062500000,0.00024414062500000,0.00012207031250000,0.50318604840784553,2
0.00006103515625000,0.00006103515625000,0.00024414062500000,0.00006103515625000,0.00000000000000000,0.00097656250000000,0.00097656250000000,0.00012207031250000,0.00000000000000000,0.00024414062500000,0.00390625000000000,0.00006103515625000,0.00006103515625000,0.00000000000000000,0.00024414062500000,0.00012207031250000,0.50318604840784553,2
0.00012207031250000,0.00006103515625000,0.00024414062500000,0.00006103515625000,0.00000000000000000,0.00097656250000000,0.00097656250000000,0.00012207031250000,0.00000000000000000,0.00024414062500000,0.00390625000000000,0.00006103515625000,0.00000000000000000,0.00006103515625000,0.00024414062500000,0.00012207031250000,0.50346258136559296,2
0.00012207031250000,0.00006103515625000,0.00024414062500000,0.00006103515625000,0.00000000000000000,0.00000000000000000,0.00195312500000000,0.00012207031250000,0.00006103515625000,0.00024414062500000,0.00390625000000000,0.00006103515625000,0.00000000000000000,0.00006103515625000,0.00024414062500000,0.00012207031250000,0.50774919405578467,2
0.00000000000000000,0.00000000000000000,0.00024414062500000,0.00006103515625000,0.00012207031250000,0.00006103515625000,0.00195312500000000,0.00012207031250000,0.00012207031250000,0.00024414062500000,0.00390625000000000,0.00006103515625000,0.00006103515625000,0.00006103515625000,0.00024414062500000,0.00012207031250000,0.50774919405578467,2
0.00024414062500000,0.00006103515625000,0.00024414062500000,0.00006103515625000,0.00006103515625000,0.00024414062500000,0.00195312500000000,0.00012207031250000,0.00000000000000000,0.00006103515625000,0.00390625000000000,0.00006103515625000,0.00000000000000000,0.00006103515625000,0.00024414062500000,0.00012207031250000,0.50826760209916222,1
0.00024414062500000,0.00006103515625000,0.00024414062500000,0.00006103515625000,0.00006103515625000,0.00024414062500000,0.00195312500000000,0.00012207031250000,0.00000000000000000,0.00012207031250000,0.00390625000000000,0.00006103515625000,0.00000000000000000,0.00006103515625000,0.00024414062500000,0.00012207031250000,0.50852542040789694,1
0.00024414062500000,0.00006103515625000,0.00024414062500000,0.00006103515625000,0.00006103515625000,0.00024414062500000,0.00195312500000000,0.00012207031250000,0.00012207031250000,0.00390625000000000,0.00006103515625000,0.00000000000000000,0.00006103515625000,0.00024414062500000,0.00012207031250000,0.00006103515625000,0.50852542040789694,3
0.00024414062500000,0.00006103515625000,0.00024414062500000,0.00006103515625000,0.00006103515625000,0.00024414062500000,0.00195312500000000,0.00006103515625000,0.00012207031250000,0.00390625000000000,0.00006103515625000,0.00012207031250000,0.00006103515625000,0.00024414062500000,0.00012207031250000,0.00006103515625000,0.50852542040789694,0
0.00024414062500000,0.00006103515625000,0.00024414062500000,0.00006103515625000,0.00006103515625000,0.00024414062500000,0.00195312500000000,0.00012207031250000,0.00012207031250000,0.00390625000000000,0.00006103515625000,0.00012207031250000,0.00006103515625000,0.00024414062500000,0.00012207031250000,0.00006103515625000,0.50878232365416132,0
0.00024414062500000,0.00006103515625000,0.00024414062500000,0.00006103515625000,0.00006103515625000,0.00024414062500000,0.00195312500000000,0.00006103515625000,0.00012207031250000,0.00390625000000000,0.00006103515625000,0.00024414062500000,0.00006103515625000,0.00024414062500000,0.00012207031250000,0.00006103515625000,0.50929341078128909,0
0.00024414062500000,0.00006103515625000,0.00024414062500000,0.00012207031250000,0.00006103515625000,0.00024414062500000,0.00195312500000000,0.00024414062500000,0.00012207031250000,0.00390625000000000,0.00006103515625000,0.00006103515625000,0.00006103515625000,0.00024414062500000,0.00012207031250000,0.00006103515625000,0.50954760740303573,2
0.00024414062500000,0.00006103515625000,0.00024414062500000,0.00012207031250000,0.00006103515625000,0.00024414062500000,0.00195312500000000,0.00024414062500000,0.00006103515625000,0.00012207031250000,0.00390625000000000,0.00012207031250000,0.00006103515625000,0.00024414062500000,0.00012207031250000,0.00006103515625000,0.50980091444598441,1
0.00024414062500000,0.00006103515625000,0.00024414062500000,0.00012207031250000,0.00012207031250000,0.00024414062500000,0.00195312500000000,0.00024414062500000,0.00006103515625000,0.00012207031250000,0.00390625000000000,0.00012207031250000,0.00006103515625000,0.00024414062500000,0.00012207031250000,0.00006103515625000,0.51005333811471421,1
0.00006103515625000,0.00006103515625000,0.00024414062500000,0.00012207031250000,0.00024414062500000,0.00024414062500000,0.00195312500000000,0.00024414062500000,0.00012207031250000,0.00012207031250000,0.00390625000000000,0.00012207031250000,0.00012207031250000,0.00024414062500000,0.00012207031250000,0.00006103515625000,0.51030488454911649,3
0.00006103515625000,0.00006103515625000,0.00024414062500000,0.00012207031250000,0.00024414062500000,0.00024414062500000,0.00195312500000000,0.00024414062500000,0.00024414062500000,0.00012207031250000,0.00390625000000000,0.00012207031250000,0.00006103515625000,0.00024414062500000,0.00012207031250000,0.00006103515625000,0.51080536995642900,0
0.00006103515625000,0.00006103515625000,0.00024414062500000,0.00012207031250000,0.00048828125000000,0.00024414062500000,0.00195312500000000,0.00024414062500000,0.00006103515625000,0.00012207031250000,0.00390625000000000,0.00012207031250000,0.00006103515625000,0.00024414062500000,0.00012207031250000,0.00006103515625000,0.51179607714057240,0
0.00006103515625000,0.00012207031250000,0.00024414062500000,0.00012207031250000,0.00048828125000000,0.00024414062500000,0.00195312500000000,0.00024414062500000,0.00006103515625000,0.00012207031250000,0.00390625000000000,0.00012207031250000,0.00006103515625000,0.00024414062500000,0.00012207031250000,0.00006103515625000,0.51204164960225251,0
0.00006103515625000,0.00012207031250000,0.00024414062500000,0.00012207031250000,0.00048828125000000,0.00024414062500000,0.00195312500000000,0.00024414062500000,0.00012207031250000,0.00012207031250000,0.00390625000000000,0.00012207031250000,0.00006103515625000,0.00024414062500000,0.00012207031250000,0.00006103515625000,0.51228639172435375,3
0.00006103515625000,0.00012207031250000,0.00024414062500000,0.00012207031250000,0.00048828125000000,0.00024414062500000,0.00195312500000000,0.00024414062500000,0.00024414062500000,0.00390625000000000,0.00012207031250000,0.00006103515625000,0.00006103515625000,0.00024414062500000,0.00012207031250000,0.00006103515625000,0.51277340727839038,1
0.00006103515625000,0.00012207031250000,0.00006103515625000,0.00000000000000000,0.00048828125000000,0.00024414062500000,0.00024414062500000,0.00012207031250000,0.00024414062500000,0.00390625000000000,0.00195312500000000,0.00024414062500000,0.00006103515625000,0.00024414062500000,0.00024414062500000,0.00012207031250000,0.51349784115181452,2
0.00000000000000000,0.00006103515625000,0.00012207031250000,0.00006103515625000,0.00006103515625000,0.00048828125000000,0.00048828125000000,0.00012207031250000,0.00024414062500000,0.00390625000000000,0.00195312500000000,0.00024414062500000,0.00000000000000000,0.00006103515625000,0.00048828125000000,0.00012207031250000,0.51539494993818680,0
0.00006103515625000,0.00006103515625000,0.00012207031250000,0.00006103515625000,0.00000000000000000,0.00048828125000000,0.00048828125000000,0.00012207031250000,0.00006103515625000,0.00390625000000000,0.00195312500000000,0.00024414062500000,0.00024414062500000,0.00006103515625000,0.00048828125000000,0.00012207031250000,0.51539494993818680,0
0.00006103515625000,0.00006103515625000,0.00012207031250000,0.00006103515625000,0.00000000000000000,0.00048828125000000,0.00048828125000000,0.00012207031250000,0.00012207031250000,0.00390625000000000,0.00195312500000000,0.00024414062500000,0.00024414062500000,0.00006103515625000,0.00048828125000000,0.00012207031250000,0.51562863024978833,3
0.00000000000000000,0.00012207031250000,0.00012207031250000,0.00006103515625000,0.00000000000000000,0.00006103515625000,0.00097656250000000,0.00012207031250000,0.00012207031250000,0.00390625000000000,0.00195312500000000,0.00024414062500000,0.00024414062500000,0.00006103515625000,0.00048828125000000,0.00012207031250000,0.51769848287723585,0
0.00024414062500000,0.00006103515625000,0.00006103515625000,0.00000000000000000,0.00006103515625000,0.00097656250000000,0.00012207031250000,0.00000000000000000,0.00012207031250000,0.00390625000000000,0.00195312500000000,0.00024414062500000,0.00024414062500000,0.00006103515625000,0.00048828125000000,0.00012207031250000,0.51815052127788552,2
0.00024414062500000,0.00006103515625000,0.00006103515625000,0.00024414062500000,0.00006103515625000,0.00097656250000000,0.00012207031250000,0.00012207031250000,0.00012207031250000,0.00390625000000000,0.00195312500000000,0.00012207031250000,0.00024414062500000,0.00006103515625000,0.00048828125000000,0.00000000000000000,0.51815052127788552,3
0.00024414062500000,0.00006103515625000,0.00006103515625000,0.00024414062500000,0.00006103515625000,0.00097656250000000,0.00012207031250000,0.00024414062500000,0.00012207031250000,0.00390625000000000,0.00195312500000000,0.00000000000000000,0.00024414062500000,0.00006103515625000,0.00048828125000000,0.00006103515625000,0.51859975414673232,3
0.00024414062500000,0.00006103515625000,0.00006103515625000,0.00048828125000000,0.00006103515625000,0.00097656250000000,0.00012207031250000,0.00006103515625000,0.00012207031250000,0.00390625000000000,0.00195312500000000,0.00006103515625000,0.00024414062500000,0.00006103515625000,0.00048828125000000,0.00000000000000000,0.51948994109179270,3
0.00024414062500000,0.00012207031250000,0.00048828125000000,0.00000000000000000,0.00006103515625000,0.00097656250000000,0.00012207031250000,0.00006103515625000,0.00012207031250000,0.00390625000000000,0.00195312500000000,0.00006103515625000,0.00024414062500000,0.00006103515625000,0.00048828125000000,0.00012207031250000,0.51971078768157986,3
0.00024414062500000,0.00012207031250000,0.00048828125000000,0.00012207031250000,0.00006103515625000,0.00097656250000000,0.00012207031250000,0.00000000000000000,0.00012207031250000,0.00390625000000000,0.00195312500000000,0.00012207031250000,0.00024414062500000,0.00006103515625000,0.00048828125000000,0.00012207031250000,0.51993096249363069,3
0.00024414062500000,0.00012207031250000,0.00048828125000000,0.00024414062500000,0.00006103515625000,0.00097656250000000,0.00012207031250000,0.00012207031250000,0.00012207031250000,0.00390625000000000,0.00195312500000000,0.00012207031250000,0.00024414062500000,0.00006103515625000,0.00048828125000000,0.00000000000000000,0.52036931304547107,2
0.00024414062500000,0.00012207031250000,0.00048828125000000,0.00024414062500000,0.00000000000000000,0.00006103515625000,0.00097656250000000,0.00024414062500000,0.00012207031250000,0.00390625000000000,0.00195312500000000,0.00012207031250000,0.00006103515625000,0.00024414062500000,0.00006103515625000,0.00048828125000000,0.52080502490230984,0
0.00024414062500000,0.00012207031250000,0.00048828125000000,0.00048828125000000,0.00012207031250000,0.00006103515625000,0.00097656250000000,0.00012207031250000,0.00006103515625000,0.00390625000000000,0.00195312500000000,0.00048828125000000,0.00006103515625000,0.00024414062500000,0.00006103515625000,0.00000000000000000,0.52166865827865072,2
0.00024414062500000,0.00012207031250000,0.00097656250000000,0.00006103515625000,0.00012207031250000,0.00006103515625000,0.00097656250000000,0.00012207031250000,0.00006103515625000,0.00390625000000000,0.00195312500000000,0.00048828125000000,0.00006103515625000,0.00024414062500000,0.00006103515625000,0.00000000000000000,0.52336561309643848,1
0.00024414062500000,0.00012207031250000,0.00195312500000000,0.00006103515625000,0.00012207031250000,0.00006103515625000,0.00195312500000000,0.00012207031250000,0.00012207031250000,0.00390625000000000,0.00006103515625000,0.00048828125000000,0.00006103515625000,0.00024414062500000,0.00000000000000000,0.00000000000000000,0.52684473091186246,1
0.00000000000000000,0.00012207031250000,0.00000000000000000,0.00006103515625000,0.00024414062500000,0.00006103515625000,0.00000000000000000,0.00006103515625000,0.00024414062500000,0.00390625000000000,0.00390625000000000,0.00012207031250000,0.00006103515625000,0.00024414062500000,0.00006103515625000,0.00048828125000000,0.53333821109229507,2
0.00000000000000000,0.00000000000000000,0.00012207031250000,0.00006103515625000,0.00000000000000000,0.00006103515625000,0.00024414062500000,0.00012207031250000,0.00000000000000000,0.00024414062500000,0.00781250000000000,0.00012207031250000,0.00006103515625000,0.00024414062500000,0.00006103515625000,0.00048828125000000,0.54433272841584646,1
0.00012207031250000,0.00006103515625000,0.00006103515625000,0.00000000000000000,0.00006103515625000,0.00024414062500000,0.00012207031250000,0.00000000000000000,0.00024414062500000,0.00781250000000000,0.00012207031250000,0.00000000000000000,0.00006103515625000,0.00024414062500000,0.00006103515625000,0.00048828125000000,0.54433272841584646,1
0.00012207031250000,0.00012207031250000,0.00000000000000000,0.00006103515625000,0.00006103515625000,0.00024414062500000,0.00012207031250000,0.00000000000000000,0.00024414062500000,0.00781250000000000,0.00012207031250000,0.00000000000000000,0.00006103515625000,0.00024414062500000,0.00006103515625000,0.00048828125000000,0.54448948519319551,0
0.00024414062500000,0.00006103515625000,0.00000000000000000,0.00006103515625000,0.00006103515625000,0.00024414062500000,0.00012207031250000,0.00000000000000000,0.00024414062500000,0.00781250000000000,0.00012207031250000,0.00000000000000000,0.00006103515625000,0.00024414062500000,0.00006103515625000,0.00048828125000000,0.54480198395663004,0
0.00024414062500000,0.00006103515625000,0.00000000000000000,0.00000000000000000,0.00006103515625000,0.00024414062500000,0.00000000000000000,0.00006103515625000,0.00024414062500000,0.00781250000000000,0.00024414062500000,0.00006103515625000,0.00006103515625000,0.00024414062500000,0.00006103515625000,0.00048828125000000,0.54511313935745109,2
0.00024414062500000,0.00006103515625000,0.00000000000000000,0.00012207031250000,0.00006103515625000,0.00024414062500000,0.00006103515625000,0.00000000000000000,0.00024414062500000,0.00781250000000000,0.00024414062500000,0.00006103515625000,0.00006103515625000,0.00024414062500000,0.00006103515625000,0.00048828125000000,0.54511313935745109,0
0.00024414062500000,0.00006103515625000,0.00012207031250000,0.00000000000000000,0.00006103515625000,0.00024414062500000,0.00006103515625000,0.00006103515625000,0.00024414062500000,0.00781250000000000,0.00024414062500000,0.00006103515625000,0.00006103515625000,0.00024414062500000,0.00006103515625000,0.00048828125000000,0.54511313935745109,3
0.00006103515625000,0.00024414062500000,0.00006103515625000,0.00012207031250000,0.00000000000000000,0.00006103515625000,0.00024414062500000,0.00012207031250000,0.00024414062500000,0.00781250000000000,0.00024414062500000,0.00006103515625000,0.00006103515625000,0.00024414062500000,0.00006103515625000,0.00048828125000000,0.54526821689647198,2
0.00006103515625000,0.00024414062500000,0.00006103515625000,0.00012207031250000,0.00006103515625000,0.00024414062500000,0.00012207031250000,0.00006103515625000,0.00024414062500000,0.00781250000000000,0.00024414062500000,0.00006103515625000,0.00006103515625000,0.00024414062500000,0.00006103515625000,0.00048828125000000,0.54526821689647198,0
0.00006103515625000,0.00000000000000000,0.00006103515625000,0.00000000000000000,0.00012207031250000,0.00048828125000000,0.00012207031250000,0.00012207031250000,0.00024414062500000,0.00781250000000000,0.00024414062500000,0.00012207031250000,0.00006103515625000,0.00024414062500000,0.00006103515625000,0.00048828125000000,0.54619176899396615,0
0.00006103515625000,0.00006103515625000,0.00006103515625000,0.00000000000000000,0.00012207031250000,0.00048828125000000,0.00012207031250000,0.00000000000000000,0.00024414062500000,0.00781250000000000,0.00024414062500000,0.00024414062500000,0.00006103515625000,0.00024414062500000,0.00006103515625000,0.00048828125000000,0.54649701947757390,3
0.00012207031250000,0.00006103515625000,0.00006103515625000,0.00000000000000000,0.00012207031250000,0.00048828125000000,0.00012207031250000,0.00000000000000000,0.00024414062500000,0.00781250000000000,0.00048828125000000,0.00000000000000000,0.00006103515625000,0.00024414062500000,0.00006103515625000,0.00048828125000000,0.54725456081028223,3
0.00012207031250000,0.00012207031250000,0.00000000000000000,0.00000000000000000,0.00012207031250000,0.00048828125000000,0.00012207031250000,0.00000000000000000,0.00024414062500000,0.00781250000000000,0.00048828125000000,0.00006103515625000,0.00006103515625000,0.00024414062500000,0.00006103515625000,0.00048828125000000,0.54740512230741989,1
0.00024414062500000,0.00000000000000000,0.00000000000000000,0.00000000000000000,0.00012207031250000,0.00048828125000000,0.00012207031250000,0.00006103515625000,0.00024414062500000,0.00781250000000000,0.00048828125000000,0.00006103515625000,0.00006103515625000,0.00024414062500000,0.00006103515625000,0.00048828125000000,0.54770530900475889,0
0.00024414062500000,0.00000000000000000,0.00006103515625000,0.00000000000000000,0.00012207031250000,0.00048828125000000,0.00012207031250000,0.00000000000000000,0.00024414062500000,0.00781250000000000,0.00048828125000000,0.00012207031250000,0.00006103515625000,0.00024414062500000,0.00006103515625000,0.00048828125000000,0.54785493678651853,0
0.00000000000000000,0.00000000000000000,0.00024414062500000,0.00006103515625000,0.00006103515625000,0.00012207031250000,0.00048828125000000,0.00012207031250000,0.00024414062500000,0.00781250000000000,0.00048828125000000,0.00012207031250000,0.00006103515625000,0.00024414062500000,0.00006103515625000,0.00048828125000000,0.54785493678651853,0
0.00024414062500000,0.00006103515625000,0.00000000000000000,0.00006103515625000,0.00006103515625000,0.00012207031250000,0.00048828125000000,0.00012207031250000,0.00024414062500000,0.00781250000000000,0.00048828125000000,0.00012207031250000,0.00006103515625000,0.00024414062500000,0.00006103515625000,0.00048828125000000,0.54785493678651853,3
0.00024414062500000,0.00006103515625000,0.00000000000000000,0.00000000000000000,0.00006103515625000,0.00012207031250000,0.00006103515625000,0.00006103515625000,0.00024414062500000,0.00781250000000000,0.00097656250000000,0.00024414062500000,0.00006103515625000,0.00024414062500000,0.00006103515625000,0.00048828125000000,0.54933444488561201,3
0.00024414062500000,0.00006103515625000,0.00000000000000000,0.00000000000000000,0.00006103515625000,0.00012207031250000,0.00012207031250000,0.00006103515625000,0.00024414062500000,0.00781250000000000,0.00097656250000000,0.00024414062500000,0.00006103515625000,0.00024414062500000,0.00006103515625000,0.00048828125000000,0.54948074592309115,3
0.00024414062500000,0.00006103515625000,0.00000000000000000,0.00000000000000000,0.00006103515625000,0.00024414062500000,0.00006103515625000,0.00006103515625000,0.00024414062500000,0.00781250000000000,0.00097656250000000,0.00024414062500000,0.00006103515625000,0.00024414062500000,0.00006103515625000,0.00048828125000000,0.54977246385407252,3
0.00000000000000000,0.00000000000000000,0.00024414062500000,0.00006103515625000,0.00006103515625000,0.00006103515625000,0.00024414062500000,0.00012207031250000,0.00024414062500000,0.00781250000000000,0.00097656250000000,0.00024414062500000,0.00006103515625000,0.00024414062500000,0.00006103515625000,0.00048828125000000,0.54991788311674794,0
0.00000000000000000,0.00006103515625000,0.00024414062500000,0.00006103515625000,0.00000000000000000,0.00012207031250000,0.00024414062500000,0.00012207031250000,0.00024414062500000,0.00781250000000000,0.00097656250000000,0.00024414062500000,0.00006103515625000,0.00024414062500000,0.00006103515625000,0.00048828125000000,0.55006301081178377,1
0.00000000000000000,0.00006103515625000,0.00000000000000000,0.00006103515625000,0.00006103515625000,0.00012207031250000,0.00048828125000000,0.00012207031250000,0.00024414062500000,0.00781250000000000,0.00097656250000000,0.00024414062500000,0.00006103515625000,0.00024414062500000,0.00006103515625000,0.00048828125000000,0.55064062914810907,3
0.00006103515625000,0.00006103515625000,0.00048828125000000,0.00006103515625000,0.00024414062500000,0.00012207031250000,0.00097656250000000,0.00012207031250000,0.00006103515625000,0.00781250000000000,0.00006103515625000,0.00024414062500000,0.00006103515625000,0.00024414062500000,0.00000000000000000,0.00048828125000000,0.55064062914810907,0
0.00000000000000000,0.00012207031250000,0.00048828125000000,0.00006103515625000,0.00024414062500000,0.00012207031250000,0.00097656250000000,0.00012207031250000,0.00006103515625000,0.00781250000000000,0.00006103515625000,0.00024414062500000,0.00006103515625000,0.00006103515625000,0.00024414062500000,0.00048828125000000,0.55078431636879421,0
0.00000000000000000,0.00012207031250000,0.00048828125000000,0.00006103515625000,0.00024414062500000,0.00012207031250000,0.00097656250000000,0.00012207031250000,0.00006103515625000,0.00781250000000000,0.00006103515625000,0.00024414062500000,0.00006103515625000,0.00012207031250000,0.00024414062500000,0.00048828125000000,0.55092771891921732,0
0.00024414062500000,0.00024414062500000,0.00048828125000000,0.00006103515625000,0.00012207031250000,0.00781250000000000,0.00097656250000000,0.00012207031250000,0.00000000000000000,0.00012207031250000,0.00006103515625000,0.00024414062500000,0.00000000000000000,0.00006103515625000,0.00024414062500000,0.00048828125000000,0.55135622977300647,2
0.00000000000000000,0.00048828125000000,0.00048828125000000,0.00006103515625000,0.00012207031250000,0.00781250000000000,0.00097656250000000,0.00012207031250000,0.00000000000000000,0.00012207031250000,0.00006103515625000,0.00024414062500000,0.00006103515625000,0.00006103515625000,0.00024414062500000,0.00048828125000000,0.55192365973353252,3
0.00000000000000000,0.00048828125000000,0.00048828125000000,0.00006103515625000,0.00006103515625000,0.00781250000000000,0.00097656250000000,0.00012207031250000,0.00012207031250000,0.00012207031250000,0.00006103515625000,0.00024414062500000,0.00006103515625000,0.00006103515625000,0.00024414062500000,0.00048828125000000,0.55192365973353252,3
0.00000000000000000,0.00006103515625000,0.00097656250000000,0.00006103515625000,0.00006103515625000,0.00781250000000000,0.00097656250000000,0.00012207031250000,0.00000000000000000,0.00024414062500000,0.00006103515625000,0.00024414062500000,0.00000000000000000,0.00012207031250000,0.00024414062500000,0.00048828125000000,0.55346153805644771,0
0.00012207031250000,0.00006103515625000,0.00000000000000000,0.00006103515625000,0.00000000000000000,0.00781250000000000,0.00195312500000000,0.00012207031250000,0.00000000000000000,0.00024414062500000,0.00006103515625000,0.00024414062500000,0.00006103515625000,0.00012207031250000,0.00024414062500000,0.00048828125000000,0.55564169085042414,1
0.00006103515625000,0.00006103515625000,0.00000000000000000,0.00006103515625000,0.00000000000000000,0.00781250000000000,0.00195312500000000,0.00012207031250000,0.00012207031250000,0.00024414062500000,0.00006103515625000,0.00024414062500000,0.00006103515625000,0.00012207031250000,0.00024414062500000,0.00048828125000000,0.55564169085042414,0
0.00012207031250000,0.00006103515625000,0.00000000000000000,0.00006103515625000,0.00781250000000000,0.00195312500000000,0.00012207031250000,0.00000000000000000,0.00012207031250000,0.00024414062500000,0.00006103515625000,0.00024414062500000,0.00006103515625000,0.00012207031250000,0.00024414062500000,0.00048828125000000,0.55577579448054026,0
0.00012207031250000,0.00012207031250000,0.00006103515625000,0.00000000000000000,0.00781250000000000,0.00195312500000000,0.00012207031250000,0.00000000000000000,0.00012207031250000,0.00024414062500000,0.00006103515625000,0.00024414062500000,0.00006103515625000,0.00012207031250000,0.00024414062500000,0.00048828125000000,0.55590965011489735,2
0.00012207031250000,0.00012207031250000,0.00006103515625000,0.00024414062500000,0.00781250000000000,0.00195312500000000,0.00012207031250000,0.00048828125000000,0.00012207031250000,0.00024414062500000,0.00006103515625000,0.00006103515625000,0.00006103515625000,0.00012207031250000,0.00024414062500000,0.00000000000000000,0.55590965011489735,2
0.00000000000000000,0.00024414062500000,0.00006103515625000,0.00024414062500000,0.00781250000000000,0.00195312500000000,0.00012207031250000,0.00048828125000000,0.00000000000000000,0.00012207031250000,0.00024414062500000,0.00012207031250000,0.00006103515625000,0.00006103515625000,0.00012207031250000,0.00024414062500000,0.55630973817351570,2
0.00006103515625000,0.00024414062500000,0.00006103515625000,0.00024414062500000,0.00781250000000000,0.00195312500000000,0.00012207031250000,0.00048828125000000,0.00000000000000000,0.00012207031250000,0.00024414062500000,0.00012207031250000,0.00000000000000000,0.00012207031250000,0.00012207031250000,0.00024414062500000,0.55644261092978342,3
0.00006103515625000,0.00024414062500000,0.00006103515625000,0.00024414062500000,0.00781250000000000,0.00195312500000000,0.00012207031250000,0.00048828125000000,0.00006103515625000,0.00024414062500000,0.00024414062500000,0.00012207031250000,0.00000000000000000,0.00000000000000000,0.00012207031250000,0.00024414062500000,0.55670762692798859,3
0.00000000000000000,0.00006103515625000,0.00006103515625000,0.00024414062500000,0.00006103515625000,0.00024414062500000,0.00012207031250000,0.00048828125000000,0.00781250000000000,0.00195312500000000,0.00024414062500000,0.00012207031250000,0.00006103515625000,0.00024414062500000,0.00012207031250000,0.00024414062500000,0.55670762692798859,3
0.00012207031250000,0.00024414062500000,0.00006103515625000,0.00000000000000000,0.00006103515625000,0.00024414062500000,0.00012207031250000,0.00048828125000000,0.00781250000000000,0.00195312500000000,0.00024414062500000,0.00012207031250000,0.00006103515625000,0.00024414062500000,0.00012207031250000,0.00024414062500000,0.55683977194625378,1
0.00012207031250000,0.00048828125000000,0.00006103515625000,0.00048828125000000,0.00006103515625000,0.00195312500000000,0.00012207031250000,0.00012207031250000,0.00781250000000000,0.00024414062500000,0.00024414062500000,0.00024414062500000,0.00006103515625000,0.00000000000000000,0.00012207031250000,0.00006103515625000,0.55736595264523914,2
0.00012207031250000,0.00048828125000000,0.00006103515625000,0.00048828125000000,0.00006103515625000,0.00195312500000000,0.00024414062500000,0.00000000000000000,0.00781250000000000,0.00048828125000000,0.00024414062500000,0.00006103515625000,0.00006103515625000,0.00012207031250000,0.00006103515625000,0.00000000000000000,0.55814812051190632,1
0.00012207031250000,0.00048828125000000,0.00006103515625000,0.00048828125000000,0.00006103515625000,0.00195312500000000,0.00048828125000000,0.00006103515625000,0.00781250000000000,0.00048828125000000,0.00006103515625000,0.00000000000000000,0.00006103515625000,0.00012207031250000,0.00006103515625000,0.00000000000000000,0.55866490923927203,0
0.00012207031250000,0.00048828125000000,0.00006103515625000,0.00048828125000000,0.00006103515625000,0.00195312500000000,0.00048828125000000,0.00006103515625000,0.00781250000000000,0.00048828125000000,0.00012207031250000,0.00000000000000000,0.00006103515625000,0.00012207031250000,0.00000000000000000,0.00006103515625000,0.55879353195397174,0
0.00012207031250000,0.00048828125000000,0.00006103515625000,0.00048828125000000,0.00006103515625000,0.00195312500000000,0.00048828125000000,0.00012207031250000,0.00781250000000000,0.00048828125000000,0.00012207031250000,0.00000000000000000,0.00006103515625000,0.00012207031250000,0.00006103515625000,0.00000000000000000,0.55892192651296035,3
0.00012207031250000,0.00048828125000000,0.00006103515625000,0.00048828125000000,0.00006103515625000,0.00195312500000000,0.00048828125000000,0.00012207031250000,0.00000000000000000,0.00781250000000000,0.00048828125000000,0.00012207031250000,0.00006103515625000,0.00006103515625000,0.00012207031250000,0.00006103515625000,0.55892192651296035,0
0.00012207031250000,0.00048828125000000,0.00006103515625000,0.00048828125000000,0.00006103515625000,0.00195312500000000,0.00048828125000000,0.00012207031250000,0.00000000000000000,0.00781250000000000,0.00048828125000000,0.00012207031250000,0.00006103515625000,0.00012207031250000,0.00012207031250000,0.00006103515625000,0.55905009372422665,0
0.00012207031250000,0.00048828125000000,0.00006103515625000,0.00048828125000000,0.00006103515625000,0.00195312500000000,0.00048828125000000,0.00012207031250000,0.00000000000000000,0.00781250000000000,0.00048828125000000,0.00012207031250000,0.00012207031250000,0.00006103515625000,0.00024414062500000,0.00006103515625000,0.55930574931415600,0
0.00012207031250000,0.00048828125000000,0.00006103515625000,0.00048828125000000,0.00006103515625000,0.00195312500000000,0.00048828125000000,0.00012207031250000,0.00781250000000000,0.00048828125000000,0.00012207031250000,0.00006103515625000,0.00012207031250000,0.00006103515625000,0.00024414062500000,0.00006103515625000,0.55930574931415600,0
0.00012207031250000,0.00048828125000000,0.00006103515625000,0.00048828125000000,0.00006103515625000,0.00195312500000000,0.00048828125000000,0.00012207031250000,0.00781250000000000,0.00048828125000000,0.00012207031250000,0.00012207031250000,0.00012207031250000,0.00006103515625000,0.00024414062500000,0.00006103515625000,0.55943323928749511,2
0.00012207031250000,0.00048828125000000,0.00006103515625000,0.00048828125000000,0.00006103515625000,0.00195312500000000,0.00048828125000000,0.00012207031250000,0.00781250000000000,0.00048828125000000,0.00024414062500000,0.00006103515625000,0.00012207031250000,0.00006103515625000,0.00024414062500000,0.00006103515625000,0.55968754754610817,0
0.00012207031250000,0.00048828125000000,0.00000000000000000,0.00006103515625000,0.00006103515625000,0.00195312500000000,0.00006103515625000,0.00048828125000000,0.00781250000000000,0.00048828125000000,0.00048828125000000,0.00012207031250000,0.00012207031250000,0.00006103515625000,0.00048828125000000,0.00012207031250000,0.56031943644477389,0
0.00012207031250000,0.00048828125000000,0.00006103515625000,0.00006103515625000,0.00006103515625000,0.00195312500000000,0.00006103515625000,0.00048828125000000,0.00781250000000000,0.00097656250000000,0.00012207031250000,0.00000000000000000,0.00012207031250000,0.00006103515625000,0.00048828125000000,0.00012207031250000,0.56131912313229215,0
0.00012207031250000,0.00048828125000000,0.00012207031250000,0.00006103515625000,0.00006103515625000,0.00195312500000000,0.00006103515625000,0.00048828125000000,0.00781250000000000,0.00097656250000000,0.00012207031250000,0.00000000000000000,0.00012207031250000,0.00006103515625000,0.00048828125000000,0.00012207031250000,0.56144311873203778,1
0.00012207031250000,0.00048828125000000,0.00012207031250000,0.00006103515625000,0.00006103515625000,0.00195312500000000,0.00006103515625000,0.00048828125000000,0.00006103515625000,0.00781250000000000,0.00097656250000000,0.00012207031250000,0.00012207031250000,0.00006103515625000,0.00048828125000000,0.00012207031250000,0.56144311873203778,1
0.00012207031250000,0.00048828125000000,0.00012207031250000,0.00006103515625000,0.00012207031250000,0.00195312500000000,0.00006103515625000,0.00048828125000000,0.00012207031250000,0.00781250000000000,0.00097656250000000,0.00024414062500000,0.00006103515625000,0.00006103515625000,0.00048828125000000,0.00000000000000000,0.56181383612960101,2
0.00024414062500000,0.00048828125000000,0.00012207031250000,0.00006103515625000,0.00012207031250000,0.00195312500000000,0.00006103515625000,0.00048828125000000,0.00006103515625000,0.00781250000000000,0.00097656250000000,0.00024414062500000,0.00006103515625000,0.00006103515625000,0.00048828125000000,0.00000000000000000,0.56205993042072067,1
0.00024414062500000,0.00048828125000000,0.00012207031250000,0.00006103515625000,0.00012207031250000,0.00195312500000000,0.00006103515625000,0.00048828125000000,0.00006103515625000,0.00781250000000000,0.00097656250000000,0.00024414062500000,0.00000000000000000,0.00006103515625000,0.00012207031250000,0.00048828125000000,0.56218266451312116,2
0.00024414062500000,0.00048828125000000,0.00012207031250000,0.00006103515625000,0.00012207031250000,0.00195312500000000,0.00006103515625000,0.00048828125000000,0.00006103515625000,0.00781250000000000,0.00097656250000000,0.00024414062500000,0.00006103515625000,0.00012207031250000,0.00048828125000000,0.00006103515625000,0.56218266451312116,0
0.00012207031250000,0.00048828125000000,0.00012207031250000,0.00006103515625000,0.00024414062500000,0.00195312500000000,0.00006103515625000,0.00048828125000000,0.00012207031250000,0.00781250000000000,0.00097656250000000,0.00024414062500000,0.00012207031250000,0.00012207031250000,0.00048828125000000,0.00006103515625000,0.56230519084563835,1
0.00006103515625000,0.00048828125000000,0.00012207031250000,0.00006103515625000,0.00012207031250000,0.00195312500000000,0.00006103515625000,0.00048828125000000,0.00024414062500000,0.00781250000000000,0.00097656250000000,0.00024414062500000,0.00024414062500000,0.00012207031250000,0.00048828125000000,0.00006103515625000,0.56254962303622313,1
0.00006103515625000,0.00048828125000000,0.00012207031250000,0.00006103515625000,0.00006103515625000,0.00195312500000000,0.00006103515625000,0.00048828125000000,0.00012207031250000,0.00781250000000000,0.00097656250000000,0.00024414062500000,0.00048828125000000,0.00012207031250000,0.00048828125000000,0.00006103515625000,0.56303602495831295,0
0.00012207031250000,0.00048828125000000,0.00012207031250000,0.00006103515625000,0.00012207031250000,0.00195312500000000,0.00006103515625000,0.00048828125000000,0.00048828125000000,0.00781250000000000,0.00097656250000000,0.00024414062500000,0.00012207031250000,0.00012207031250000,0.00048828125000000,0.00006103515625000,0.56315711643557287,2
0.00012207031250000,0.00048828125000000,0.00012207031250000,0.00006103515625000,0.00012207031250000,0.00195312500000000,0.00006103515625000,0.00048828125000000,0.00048828125000000,0.00781250000000000,0.00097656250000000,0.00024414062500000,0.00024414062500000,0.00048828125000000,0.00006103515625000,0.00006103515625000,0.56339869334283788,0
0.00006103515625000,0.00048828125000000,0.00012207031250000,0.00006103515625000,0.00024414062500000,0.00195312500000000,0.00006103515625000,0.00048828125000000,0.00048828125000000,0.00781250000000000,0.00097656250000000,0.00024414062500000,0.00024414062500000,0.00048828125000000,0.00006103515625000,0.00006103515625000,0.56363946666639053,2
0.00000000000000000,0.00000000000000000,0.00000000000000000,0.00006103515625000,0.00000000000000000,0.00000000000000000,0.00000000000000000,0.00000000000000000,0.00000000000000000,0.00000000000000000,0.00000000000000000,0.00000000000000000,0.00006103515625000,0.00000000000000000,0.00000000000000000,0.00000000000000000,0.00000000000000000,3
0.00006103515625000,0.00000000000000000,0.00000000000000000,0.00006103515625000,0.00000000000000000,0.00000000000000000,0.00000000000000000,0.00000000000000000,0.00000000000000000,0.00000000000000000,0.00006103515625000,0.00000000000000000,0.00000000000000000,0.00000000000000000,0.00000000000000000,0.00000000000000000,0.00000000000000000,1
0.00006103515625000,0.00000000000000000,0.00006103515625000,0.00006103515625000,0.00000000000000000,0.00006103515625000,0.00000000000000000,0.00000000000000000,0.00000000000000000,0.00000000000000000,0.00000000000000000,0.00000000000000000,0.00000000000000000,0.00000000000000000,0.00000000000000000,0.00000000000000000,0.00000000000000000,0
0.00012207031250000,0.00000000000000000,0.00006103515625000,0.00012207031250000,0.00000000000000000,0.00000000000000000,0.00000000000000000,0.00006103515625000,0.00000000000000000,0.00000000000000000,0.00000000000000000,0.00000000000000000,0.00000000000000000,0.00000000000000000,0.00000000000000000,0.00000000000000000,0.11649500072266981,1
0.00012207031250000,0.00006103515625000,0.00012207031250000,0.00000000000000000,0.00006103515625000,0.00000000000000000,0.00000000000000000,0.00000000000000000,0.00000000000000000,0.00006103515625000,0.00000000000000000,0.00000000000000000,0.00000000000000000,0.00000000000000000,0.00000000000000000,0.00000000000000000,0.11649500072266981,2
0.00012207031250000,0.00006103515625000,0.00012207031250000,0.00000000000000000,0.00006103515625000,0.00000000000000000,0.00000000000000000,0.00006103515625000,0.00006103515625000,0.00000000000000000,0.00000000000000000,0.00000000000000000,0.00000000000000000,0.00000000000000000,0.00000000000000000,0.00000000000000000,0.11649500072266981,3
0.00000000000000000,0.00012207031250000,0.00006103515625000,0.00012207031250000,0.00000000000000000,0.00000000000000000,0.00000000000000000,0.00012207031250000,0.00000000000000000,0.00012207031250000,0.00000000000000000,0.00006103515625000,0.00000000000000000,0.00000000000000000,0.00000000000000000,0.00000000000000000,0.15904041823988749,0
0.00012207031250000,0.00006103515625000,0.00012207031250000,0.00000000000000000,0.00012207031250000,0.00000000000000000,0.00000000000000000,0.00000000000000000,0.00012207031250000,0.00006103515625000,0.00000000000000000,0.00000000000000000,0.00000000000000000,0.00012207031250000,0.00000000000000000,0.00000000000000000,0.15904041823988749,2
0.00012207031250000,0.00006103515625000,0.00012207031250000,0.00000000000000000,0.00012207031250000,0.00000000000000000,0.00000000000000000,0.00000000000000000,0.00012207031250000,0.00006103515625000,0.00000000000000000,0.00000000000000000,0.00012207031250000,0.00006103515625000,0.00000000000000000,0.00000000000000000,0.15904041823988749,3
0.00000000000000000,0.00000000000000000,0.00000000000000000,0.00000000000000000,0.00000000000000000,0.00000000000000000,0.00000000000000000,0.00000000000000000,0.00024414062500000,0.00006103515625000,0.00000000000000000,0.00000000000000000,0.00024414062500000,0.00012207031250000,0.00012207031250000,0.00006103515625000,0.24373299964982600,3
0.00000000000000000,0.00000000000000000,0.00000000000000000,0.00000000000000000,0.00000000000000000,0.00000000000000000,0.00000000000000000,0.00006103515625000,0.00000000000000000,0.00000000000000000,0.00024414062500000,0.00006103515625000,0.00000000000000000,0.00024414062500000,0.00024414062500000,0.00006103515625000,0.26136695401116583,2
0.00000000000000000,0.00000000000000000,0.00000000000000000,0.00000000000000000,0.00000000000000000,0.00000000000000000,0.00000000000000000,0.00006103515625000,0.00006103515625000,0.00000000000000000,0.00024414062500000,0.00006103515625000,0.00000000000000000,0.00000000000000000,0.00048828125000000,0.00006103515625000,0.28737931160013147,1
0.00006103515625000,0.00000000000000000,0.00000000000000000,0.00000000000000000,0.00000000000000000,0.00000000000000000,0.00000000000000000,0.00000000000000000,0.00000000000000000,0.00000000000000000,0.00024414062500000,0.00006103515625000,0.00006103515625000,0.00000000000000000,0.00048828125000000,0.00012207031250000,0.29264580927874856,2
0.00000000000000000,0.00000000000000000,0.00000000000000000,0.00006103515625000,0.00000000000000000,0.00000000000000000,0.00000000000000000,0.00006103515625000,0.00000000000000000,0.00000000000000000,0.00024414062500000,0.00006103515625000,0.00000000000000000,0.00006103515625000,0.00048828125000000,0.00012207031250000,0.29264580927874856,1
0.00000000000000000,0.00006103515625000,0.00000000000000000,0.00000000000000000,0.00000000000000000,0.00000000000000000,0.00000000000000000,0.00006103515625000,0.00000000000000000,0.00000000000000000,0.00024414062500000,0.00012207031250000,0.00000000000000000,0.00006103515625000,0.00048828125000000,0.00012207031250000,0.29755497250179452,0
0.00006103515625000,0.00000000000000000,0.00000000000000000,0.00000000000000000,0.00006103515625000,0.00000000000000000,0.00000000000000000,0.00000000000000000,0.00024414062500000,0.00012207031250000,0.00000000000000000,0.00000000000000000,0.00006103515625000,0.00048828125000000,0.00012207031250000,0.00006103515625000,0.29755497250179452,1
0.00000000000000000,0.00006103515625000,0.00000000000000000,0.00000000000000000,0.00012207031250000,0.00000000000000000,0.00000000000000000,0.00000000000000000,0.00024414062500000,0.00012207031250000,0.00000000000000000,0.00000000000000000,0.00006103515625000,0.00048828125000000,0.00012207031250000,0.00006103515625000,0.30215222610714260,2
0.00006103515625000,0.00006103515625000,0.00000000000000000,0.00000000000000000,0.00012207031250000,0.00000000000000000,0.00000000000000000,0.00000000000000000,0.00024414062500000,0.00012207031250000,0.00000000000000000,0.00000000000000000,0.00006103515625000,0.00048828125000000,0.00012207031250000,0.00006103515625000,0.30215222610714260,1
0.00006103515625000,0.00006103515625000,0.00012207031250000,0.00006103515625000,0.00012207031250000,0.00012207031250000,0.00000000000000000,0.00000000000000000,0.00024414062500000,0.00048828125000000,0.00000000000000000,0.00000000000000000,0.00006103515625000,0.00006103515625000,0.00000000000000000,0.00000000000000000,0.30215222610714260,3
0.00000000000000000,0.00012207031250000,0.00012207031250000,0.00006103515625000,0.00000000000000000,0.00006103515625000,0.00000000000000000,0.00024414062500000,0.00000000000000000,0.00000000000000000,0.00024414062500000,0.00048828125000000,0.00000000000000000,0.00000000000000000,0.00000000000000000,0.00012207031250000,0.31808083647977498,2
0.00000000000000000,0.00000000000000000,0.00024414062500000,0.00006103515625000,0.00000000000000000,0.00000000000000000,0.00006103515625000,0.00024414062500000,0.00000000000000000,0.00000000000000000,0.00024414062500000,0.00048828125000000,0.00006103515625000,0.00000000000000000,0.00000000000000000,0.00012207031250000,0.32489833444081878,1
0.00000000000000000,0.00000000000000000,0.00000000000000000,0.00006103515625000,0.00000000000000000,0.00000000000000000,0.00024414062500000,0.00024414062500000,0.00006103515625000,0.00000000000000000,0.00006103515625000,0.00048828125000000,0.00006103515625000,0.00000000000000000,0.00024414062500000,0.00012207031250000,0.32489833444081878,1
0.00012207031250000,0.00006103515625000,0.00024414062500000,0.00006103515625000,0.00000000000000000,0.00000000000000000,0.00006103515625000,0.00024414062500000,0.00000000000000000,0.00000000000000000,0.00024414062500000,0.00048828125000000,0.00000000000000000,0.00000000000000000,0.00000000000000000,0.00012207031250000,0.32808049142565582,1
0.00012207031250000,0.00006103515625000,0.00024414062500000,0.00006103515625000,0.00006103515625000,0.00024414062500000,0.00000000000000000,0.00000000000000000,0.00024414062500000,0.00048828125000000,0.00000000000000000,0.00000000000000000,0.00012207031250000,0.00006103515625000,0.00000000000000000,0.00000000000000000,0.32808049142565582,1
0.00012207031250000,0.00006103515625000,0.00024414062500000,0.00006103515625000,0.00000000000000000,0.00012207031250000,0.00006103515625000,0.00024414062500000,0.00000000000000000,0.00000000000000000,0.00024414062500000,0.00048828125000000,0.00000000000000000,0.00000000000000000,0.00012207031250000,0.00006103515625000,0.32808049142565582,2
0.00000000000000000,0.00000000000000000,0.00024414062500000,0.00006103515625000,0.00006103515625000,0.00000000000000000,0.00006103515625000,0.00024414062500000,0.00000000000000000,0.00006103515625000,0.00024414062500000,0.00048828125000000,0.00012207031250000,0.00012207031250000,0.00012207031250000,0.00006103515625000,0.32808049142565582,2
0.00006103515625000,0.00006103515625000,0.00024414062500000,0.00006103515625000,0.00012207031250000,0.00012207031250000,0.00006103515625000,0.00024414062500000,0.00000000000000000,0.00006103515625000,0.00024414062500000,0.00048828125000000,0.00000000000000000,0.00000000000000000,0.00012207031250000,0.00006103515625000,0.32808049142565582,2
0.00012207031250000,0.00024414062500000,0.00006103515625000,0.00006103515625000,0.00024414062500000,0.00006103515625000,0.00024414062500000,0.00000000000000000,0.00006103515625000,0.00024414062500000,0.00048828125000000,0.00000000000000000,0.00012207031250000,0.00006103515625000,0.00000000000000000,0.00000000000000000,0.33686488317832303,2
0.00012207031250000,0.00024414062500000,0.00000000000000000,0.00006103515625000,0.00024414062500000,0.00006103515625000,0.00006103515625000,0.00000000000000000,0.00006103515625000,0.00024414062500000,0.00024414062500000,0.00000000000000000,0.00012207031250000,0.00006103515625000,0.00048828125000000,0.00006103515625000,0.33686488317832303,2
0.00000000000000000,0.00012207031250000,0.00024414062500000,0.00006103515625000,0.00006103515625000,0.00000000000000000,0.00024414062500000,0.00012207031250000,0.00000000000000000,0.00000000000000000,0.00006103515625000,0.00048828125000000,0.00012207031250000,0.00006103515625000,0.00048828125000000,0.00006103515625000,0.34948500216800937,0
0.00012207031250000,0.00024414062500000,0.00006103515625000,0.00006103515625000,0.00006103515625000,0.00024414062500000,0.00012207031250000,0.00000000000000000,0.00006103515625000,0.00048828125000000,0.00000000000000000,0.00000000000000000,0.00012207031250000,0.00006103515625000,0.00048828125000000,0.00006103515625000,0.34948500216800937,3
0.00000000000000000,0.00000000000000000,0.00000000000000000,0.00000000000000000,0.00012207031250000,0.00048828125000000,0.00006103515625000,0.00000000000000000,0.00012207031250000,0.00048828125000000,0.00012207031250000,0.00012207031250000,0.00012207031250000,0.00006103515625000,0.00048828125000000,0.00012207031250000,0.36219771140204565,3
0.00000000000000000,0.00000000000000000,0.00000000000000000,0.00006103515625000,0.00012207031250000,0.00048828125000000,0.00006103515625000,0.00000000000000000,0.00012207031250000,0.00048828125000000,0.00024414062500000,0.00000000000000000,0.00012207031250000,0.00006103515625000,0.00048828125000000,0.00012207031250000,0.36598327540153891,3
0.00000000000000000,0.00000000000000000,0.00000000000000000,0.00006103515625000,0.00000000000000000,0.00012207031250000,0.00048828125000000,0.00006103515625000,0.00006103515625000,0.00012207031250000,0.00048828125000000,0.00024414062500000,0.00012207031250000,0.00006103515625000,0.00048828125000000,0.00012207031250000,0.36598327540153891,1
0.00006103515625000,0.00006103515625000,0.00000000000000000,0.00000000000000000,0.00012207031250000,0.00048828125000000,0.00006103515625000,0.00000000000000000,0.00006103515625000,0.00012207031250000,0.00048828125000000,0.00024414062500000,0.00012207031250000,0.00006103515625000,0.00048828125000000,0.00012207031250000,0.36598327540153891,3
0.00006103515625000,0.00006103515625000,0.00006103515625000,0.00024414062500000,0.00012207031250000,0.00048828125000000,0.00097656250000000,0.00012207031250000,0.00006103515625000,0.00012207031250000,0.00000000000000000,0.00000000000000000,0.00012207031250000,0.00006103515625000,0.00006103515625000,0.00000000000000000,0.37941030069554071,3
0.00006103515625000,0.00006103515625000,0.00000000000000000,0.00000000000000000,0.00012207031250000,0.00048828125000000,0.00006103515625000,0.00006103515625000,0.00006103515625000,0.00012207031250000,0.00097656250000000,0.00024414062500000,0.00012207031250000,0.00006103515625000,0.00006103515625000,0.00012207031250000,0.37941030069554071,0
0.00000000000000000,0.00000000000000000,0.00000000000000000,0.00012207031250000,0.00006103515625000,0.00012207031250000,0.00048828125000000,0.00012207031250000,0.00006103515625000,0.00012207031250000,0.00097656250000000,0.00024414062500000,0.00000000000000000,0.00012207031250000,0.00012207031250000,0.00012207031250000,0.38386600957008149,2
0.00000000000000000,0.00000000000000000,0.00006103515625000,0.00012207031250000,0.00006103515625000,0.00012207031250000,0.00048828125000000,0.00012207031250000,0.00006103515625000,0.00012207031250000,0.00097656250000000,0.00024414062500000,0.00000000000000000,0.00000000000000000,0.00012207031250000,0.00024414062500000,0.38669104768517570,0
0.00006103515625000,0.00000000000000000,0.00006103515625000,0.00000000000000000,0.00000000000000000,0.00000000000000000,0.00048828125000000,0.00000000000000000,0.00000000000000000,0.00000000000000000,0.00097656250000000,0.00024414062500000,0.00012207031250000,0.00024414062500000,0.00012207031250000,0.00048828125000000,0.39819434739408877,2
0.00012207031250000,0.00006103515625000,0.00000000000000000,0.00000000000000000,0.00048828125000000,0.00000000000000000,0.00000000000000000,0.00000000000000000,0.00097656250000000,0.00024414062500000,0.00000000000000000,0.00000000000000000,0.00012207031250000,0.00024414062500000,0.00012207031250000,0.00048828125000000,0.39936655784928937,0
0.00012207031250000,0.00006103515625000,0.00012207031250000,0.00048828125000000,0.00048828125000000,0.00048828125000000,0.00000000000000000,0.00000000000000000,0.00097656250000000,0.00006103515625000,0.00000000000000000,0.00000000000000000,0.00012207031250000,0.00000000000000000,0.00000000000000000,0.00000000000000000,0.40387431232280130,2
0.00012207031250000,0.00000000000000000,0.00000000000000000,0.00000000000000000,0.00048828125000000,0.00006103515625000,0.00000000000000000,0.00000000000000000,0.00097656250000000,0.00048828125000000,0.00012207031250000,0.00000000000000000,0.00012207031250000,0.00006103515625000,0.00012207031250000,0.00048828125000000,0.40387431232280130,0
0.00012207031250000,0.00000000000000000,0.00000000000000000,0.00000000000000000,0.00048828125000000,0.00006103515625000,0.00000000000000000,0.00006103515625000,0.00097656250000000,0.00048828125000000,0.00000000000000000,0.00000000000000000,0.00012207031250000,0.00006103515625000,0.00024414062500000,0.00048828125000000,0.40602710784012602,0
0.00000000000000000,0.00000000000000000,0.00000000000000000,0.00012207031250000,0.00000000000000000,0.00000000000000000,0.00048828125000000,0.00012207031250000,0.00000000000000000,0.00006103515625000,0.00097656250000000,0.00048828125000000,0.00012207031250000,0.00006103515625000,0.00024414062500000,0.00048828125000000,0.40707996151074144,0
0.00012207031250000,0.00012207031250000,0.00048828125000000,0.00024414062500000,0.00000000000000000,0.00000000000000000,0.00097656250000000,0.00097656250000000,0.00000000000000000,0.00000000000000000,0.00024414062500000,0.00000000000000000,0.00000000000000000,0.00006103515625000,0.00000000000000000,0.00000000000000000,0.41775083873414531,1
0.00000000000000000,0.00024414062500000,0.00048828125000000,0.00024414062500000,0.00000000000000000,0.00000000000000000,0.00006103515625000,0.00195312500000000,0.00000000000000000,0.00000000000000000,0.00000000000000000,0.00024414062500000,0.00000000000000000,0.00000000000000000,0.00000000000000000,0.00006103515625000,0.43239875839590441,2
0.00024414062500000,0.00048828125000000,0.00024414062500000,0.00000000000000000,0.00006103515625000,0.00195312500000000,0.00000000000000000,0.00000000000000000,0.00024414062500000,0.00000000000000000,0.00000000000000000,0.00000000000000000,0.00006103515625000,0.00000000000000000,0.00000000000000000,0.00006103515625000,0.43239875839590441,1
0.00000000000000000,0.00024414062500000,0.00048828125000000,0.00024414062500000,0.00000000000000000,0.00000000000000000,0.00006103515625000,0.00195312500000000,0.00000000000000000,0.00012207031250000,0.00000000000000000,0.00024414062500000,0.00000000000000000,0.00000000000000000,0.00000000000000000,0.00012207031250000,0.43313175112718588,1
0.00024414062500000,0.00048828125000000,0.00024414062500000,0.00000000000000000,0.00006103515625000,0.00195312500000000,0.00000000000000000,0.00000000000000000,0.00012207031250000,0.00024414062500000,0.00000000000000000,0.00000000000000000,0.00012207031250000,0.00012207031250000,0.00000000000000000,0.00000000000000000,0.43313175112718588,3
0.00024414062500000,0.00048828125000000,0.00024414062500000,0.00006103515625000,0.00006103515625000,0.00195312500000000,0.00000000000000000,0.00000000000000000,0.00024414062500000,0.00024414062500000,0.00000000000000000,0.00000000000000000,0.00000000000000000,0.00012207031250000,0.00000000000000000,0.00000000000000000,0.43457583720244480,1
0.00024414062500000,0.00048828125000000,0.00024414062500000,0.00006103515625000,0.00000000000000000,0.00000000000000000,0.00006103515625000,0.00195312500000000,0.00000000000000000,0.00006103515625000,0.00000000000000000,0.00048828125000000,0.00000000000000000,0.00000000000000000,0.00000000000000000,0.00012207031250000,0.43738034930594472,1
0.00024414062500000,0.00048828125000000,0.00024414062500000,0.00006103515625000,0.00006103515625000,0.00195312500000000,0.00000000000000000,0.00000000000000000,0.00006103515625000,0.00048828125000000,0.00006103515625000,0.00000000000000000,0.00012207031250000,0.00000000000000000,0.00000000000000000,0.00000000000000000,0.43738034930594472,0
0.00000000000000000,0.00000000000000000,0.00000000000000000,0.00000000000000000,0.00024414062500000,0.00048828125000000,0.00006103515625000,0.00000000000000000,0.00012207031250000,0.00195312500000000,0.00024414062500000,0.00000000000000000,0.00012207031250000,0.00048828125000000,0.00006103515625000,0.00006103515625000,0.43806482167505195,2
0.00000000000000000,0.00000000000000000,0.00000000000000000,0.00000000000000000,0.00024414062500000,0.00048828125000000,0.00006103515625000,0.00000000000000000,0.00012207031250000,0.00195312500000000,0.00024414062500000,0.00000000000000000,0.00012207031250000,0.00048828125000000,0.00012207031250000,0.00012207031250000,0.43874288203078743,1
0.00000000000000000,0.00000000000000000,0.00006103515625000,0.00000000000000000,0.00024414062500000,0.00048828125000000,0.00006103515625000,0.00000000000000000,0.00012207031250000,0.00195312500000000,0.00024414062500000,0.00000000000000000,0.00012207031250000,0.00048828125000000,0.00024414062500000,0.00000000000000000,0.44008023949507030,2
0.00024414062500000,0.00048828125000000,0.00012207031250000,0.00000000000000000,0.00024414062500000,0.00195312500000000,0.00048828125000000,0.00000000000000000,0.00000000000000000,0.00048828125000000,0.00000000000000000,0.00000000000000000,0.00000000000000000,0.00000000000000000,0.00000000000000000,0.00006103515625000,0.44457549214832565,3
0.00000000000000000,0.00024414062500000,0.00048828125000000,0.00012207031250000,0.00000000000000000,0.00024414062500000,0.00195312500000000,0.00048828125000000,0.00000000000000000,0.00006103515625000,0.00000000000000000,0.00048828125000000,0.00000000000000000,0.00000000000000000,0.00000000000000000,0.00006103515625000,0.44457549214832565,1
0.00024414062500000,0.00048828125000000,0.00012207031250000,0.00000000000000000,0.00024414062500000,0.00195312500000000,0.00048828125000000,0.00000000000000000,0.00006103515625000,0.00048828125000000,0.00006103515625000,0.00000000000000000,0.00006103515625000,0.00000000000000000,0.00000000000000000,0.00000000000000000,0.44457549214832565,3
0.00000000000000000,0.00000000000000000,0.00000000000000000,0.00000000000000000,0.00000000000000000,0.00048828125000000,0.00012207031250000,0.00000000000000000,0.00048828125000000,0.00195312500000000,0.00048828125000000,0.00000000000000000,0.00012207031250000,0.00048828125000000,0.00006103515625000,0.00006103515625000,0.44762362310037723,2
0.00000000000000000,0.00000000000000000,0.00000000000000000,0.00000000000000000,0.00006103515625000,0.00000000000000000,0.00048828125000000,0.00012207031250000,0.00000000000000000,0.00048828125000000,0.00195312500000000,0.00048828125000000,0.00000000000000000,0.00012207031250000,0.00048828125000000,0.00012207031250000,0.44821814318727005,2
0.00000000000000000,0.00006103515625000,0.00000000000000000,0.00000000000000000,0.00006103515625000,0.00048828125000000,0.00012207031250000,0.00000000000000000,0.00048828125000000,0.00195312500000000,0.00048828125000000,0.00000000000000000,0.00012207031250000,0.00048828125000000,0.00012207031250000,0.00000000000000000,0.44821814318727005,0
0.00006103515625000,0.00000000000000000,0.00000000000000000,0.00006103515625000,0.00000000000000000,0.00006103515625000,0.00048828125000000,0.00012207031250000,0.00000000000000000,0.00048828125000000,0.00195312500000000,0.00048828125000000,0.00000000000000000,0.00012207031250000,0.00048828125000000,0.00012207031250000,0.44821814318727005,3
0.00000000000000000,0.00000000000000000,0.00000000000000000,0.00012207031250000,0.00000000000000000,0.00006103515625000,0.00048828125000000,0.00012207031250000,0.00006103515625000,0.00048828125000000,0.00195312500000000,0.00048828125000000,0.00000000000000000,0.00012207031250000,0.00048828125000000,0.00012207031250000,0.44880781987953838,0
0.00006103515625000,0.00006103515625000,0.00048828125000000,0.00024414062500000,0.00000000000000000,0.00048828125000000,0.00195312500000000,0.00048828125000000,0.00000000000000000,0.00012207031250000,0.00048828125000000,0.00012207031250000,0.00006103515625000,0.00000000000000000,0.00000000000000000,0.00000000000000000,0.44997295431120765,3
0.00012207031250000,0.00048828125000000,0.00024414062500000,0.00006103515625000,0.00048828125000000,0.00195312500000000,0.00048828125000000,0.00000000000000000,0.00012207031250000,0.00048828125000000,0.00012207031250000,0.00000000000000000,0.00006103515625000,0.00000000000000000,0.00000000000000000,0.00000000000000000,0.45054856301977692,1
0.00012207031250000,0.00048828125000000,0.00024414062500000,0.00006103515625000,0.00000000000000000,0.00048828125000000,0.00195312500000000,0.00048828125000000,0.00006103515625000,0.00012207031250000,0.00048828125000000,0.00012207031250000,0.00000000000000000,0.00000000000000000,0.00000000000000000,0.00006103515625000,0.45054856301977692,2
0.00000000000000000,0.00006103515625000,0.00000000000000000,0.00006103515625000,0.00000000000000000,0.00000000000000000,0.00024414062500000,0.00048828125000000,0.00012207031250000,0.00097656250000000,0.00195312500000000,0.00012207031250000,0.00006103515625000,0.00012207031250000,0.00048828125000000,0.00006103515625000,0.45499571428325924,3
0.00012207031250000,0.00006103515625000,0.00024414062500000,0.00006103515625000,0.00006103515625000,0.00097656250000000,0.00195312500000000,0.00048828125000000,0.00000000000000000,0.00012207031250000,0.00048828125000000,0.00012207031250000,0.00000000000000000,0.00006103515625000,0.00000000000000000,0.00006103515625000,0.45499571428325924,3
0.00012207031250000,0.00006103515625000,0.00024414062500000,0.00006103515625000,0.00006103515625000,0.00097656250000000,0.00195312500000000,0.00048828125000000,0.00012207031250000,0.00048828125000000,0.00012207031250000,0.00006103515625000,0.00012207031250000,0.00000000000000000,0.00000000000000000,0.00000000000000000,0.45553287751776156,3
0.00012207031250000,0.00006103515625000,0.00024414062500000,0.00006103515625000,0.00006103515625000,0.00097656250000000,0.00195312500000000,0.00048828125000000,0.00012207031250000,0.00048828125000000,0.00012207031250000,0.00006103515625000,0.00006103515625000,0.00000000000000000,0.00000000000000000,0.00012207031250000,0.45553287751776156,1
0.00012207031250000,0.00006103515625000,0.00024414062500000,0.00006103515625000,0.00006103515625000,0.00097656250000000,0.00195312500000000,0.00048828125000000,0.00012207031250000,0.00048828125000000,0.00012207031250000,0.00006103515625000,0.00006103515625000,0.00012207031250000,0.00006103515625000,0.00000000000000000,0.45553287751776156,1
0.00012207031250000,0.00006103515625000,0.00024414062500000,0.00006103515625000,0.00006103515625000,0.00097656250000000,0.00195312500000000,0.00048828125000000,0.00012207031250000,0.00048828125000000,0.00012207031250000,0.00006103515625000,0.00006103515625000,0.00006103515625000,0.00012207031250000,0.00006103515625000,0.45553287751776156,1
0.00012207031250000,0.00006103515625000,0.00024414062500000,0.00006103515625000,0.00006103515625000,0.00097656250000000,0.00195312500000000,0.00048828125000000,0.00012207031250000,0.00048828125000000,0.00012207031250000,0.00006103515625000,0.00012207031250000,0.00012207031250000,0.00006103515625000,0.00006103515625000,0.45606608371277374,2
0.00012207031250000,0.00006103515625000,0.00024414062500000,0.00006103515625000,0.00006103515625000,0.00097656250000000,0.00195312500000000,0.00048828125000000,0.00012207031250000,0.00048828125000000,0.00012207031250000,0.00006103515625000,0.00024414062500000,0.00012207031250000,0.00006103515625000,0.00000000000000000,0.45764253252895482,3
0.00012207031250000,0.00006103515625000,0.00024414062500000,0.00006103515625000,0.00006103515625000,0.00097656250000000,0.00195312500000000,0.00048828125000000,0.00012207031250000,0.00048828125000000,0.00012207031250000,0.00006103515625000,0.00006103515625000,0.00024414062500000,0.00012207031250000,0.00006103515625000,0.45764253252895482,1
0.00012207031250000,0.00006103515625000,0.00024414062500000,0.00006103515625000,0.00006103515625000,0.00097656250000000,0.00195312500000000,0.00048828125000000,0.00012207031250000,0.00048828125000000,0.00024414062500000,0.00012207031250000,0.00006103515625000,0.00024414062500000,0.00006103515625000,0.00000000000000000,0.45918537773251189,3
0.00012207031250000,0.00006103515625000,0.00024414062500000,0.00006103515625000,0.00006103515625000,0.00097656250000000,0.00195312500000000,0.00006103515625000,0.00012207031250000,0.00048828125000000,0.00024414062500000,0.00048828125000000,0.00006103515625000,0.00024414062500000,0.00006103515625000,0.00012207031250000,0.45918537773251189,0
0.00000000000000000,0.00000000000000000,0.00000000000000000,0.00000000000000000,0.00000000000000000,0.00000000000000000,0.00000000000000000,0.00000000000000000,0.00000000000000000,0.00006103515625000,0.00006103515625000,0.00000000000000000,0.00000000000000000,0.00000000000000000,0.00000000000000000,0.00000000000000000,0.00000000000000000,2
0.00000000000000000,0.00006103515625000,0.00006103515625000,0.00000000000000000,0.00000000000000000,0.00000000000000000,0.00000000000000000,0.00000000000000000,0.00000000000000000,0.00000000000000000,0.00000000000000000,0.00000000000000000,0.00000000000000000,0.00000000000000000,0.00000000000000000,0.00006103515625000,0.00000000000000000,3
0.00000000000000000,0.00006103515625000,0.00006103515625000,0.00006103515625000,0.00000000000000000,0.00006103515625000,0.00000000000000000,0.00000000000000000,0.00000000000000000,0.00000000000000000,0.00000000000000000,0.00000000000000000,0.00000000000000000,0.00000000000000000,0.00000000000000000,0.00000000000000000,0.00000000000000000,2
0.00000000000000000,0.00012207031250000,0.00006103515625000,0.00006103515625000,0.00000000000000000,0.00000000000000000,0.00012207031250000,0.00000000000000000,0.00000000000000000,0.00000000000000000,0.00000000000000000,0.00000000000000000,0.00000000000000000,0.00000000000000000,0.00000000000000000,0.00000000000000000,0.11649500072266981,2
0.00012207031250000,0.00012207031250000,0.00000000000000000,0.00000000000000000,0.00012207031250000,0.00000000000000000,0.00000000000000000,0.00000000000000000,0.00000000000000000,0.00006103515625000,0.00000000000000000,0.00000000000000000,0.00000000000000000,0.00000000000000000,0.00000000000000000,0.00000000000000000,0.15904041823988749,1
0.00000000000000000,0.00000000000000000,0.00000000000000000,0.00000000000000000,0.00000000000000000,0.00000000000000000,0.00000000000000000,0.00000000000000000,0.00000000000000000,0.00012207031250000,0.00000000000000000,0.00000000000000000,0.00024414062500000,0.00006103515625000,0.00000000000000000,0.00006103515625000,0.20507482022971232,2
0.00000000000000000,0.00000000000000000,0.00000000000000000,0.00000000000000000,0.00000000000000000,0.00000000000000000,0.00000000000000000,0.00000000000000000,0.00000000000000000,0.00000000000000000,0.00006103515625000,0.00012207031250000,0.00000000000000000,0.00000000000000000,0.00024414062500000,0.00012207031250000,0.22036988245565323,0
0.00000000000000000,0.00000000000000000,0.00006103515625000,0.00024414062500000,0.00000000000000000,0.00000000000000000,0.00024414062500000,0.00000000000000000,0.00000000000000000,0.00000000000000000,0.00000000000000000,0.00000000000000000,0.00000000000000000,0.00000000000000000,0.00006103515625000,0.00000000000000000,0.24373299964982600,0
0.00000000000000000,0.00000000000000000,0.00006103515625000,0.00024414062500000,0.00000000000000000,0.00012207031250000,0.00000000000000000,0.00024414062500000,0.00000000000000000,0.00000000000000000,0.00000000000000000,0.00000000000000000,0.00000000000000000,0.00000000000000000,0.00000000000000000,0.00006103515625000,0.24373299964982600,3
0.00006103515625000,0.00012207031250000,0.00006103515625000,0.00048828125000000,0.00000000000000000,0.00000000000000000,0.00000000000000000,0.00006103515625000,0.00000000000000000,0.00000000000000000,0.00000000000000000,0.00000000000000000,0.00000000000000000,0.00000000000000000,0.00000000000000000,0.00000000000000000,0.27553541896255729,2
0.00000000000000000,0.00000000000000000,0.00000000000000000,0.00000000000000000,0.00000000000000000,0.00000000000000000,0.00000000000000000,0.00000000000000000,0.00000000000000000,0.00000000000000000,0.00006103515625000,0.00048828125000000,0.00006103515625000,0.00012207031250000,0.00006103515625000,0.00006103515625000,0.27553541896255729,1
0.00006103515625000,0.00012207031250000,0.00012207031250000,0.00048828125000000,0.00000000000000000,0.00006103515625000,0.00000000000000000,0.00006103515625000,0.00000000000000000,0.00000000000000000,0.00000000000000000,0.00000000000000000,0.00000000000000000,0.00000000000000000,0.00000000000000000,0.00000000000000000,0.28169934667141894,3
0.00006103515625000,0.00024414062500000,0.00048828125000000,0.00000000000000000,0.00012207031250000,0.00000000000000000,0.00000000000000000,0.00000000000000000,0.00000000000000000,0.00000000000000000,0.00000000000000000,0.00000000000000000,0.00006103515625000,0.00000000000000000,0.00000000000000000,0.00000000000000000,0.29755497250179452,0
0.00000000000000000,0.00000000000000000,0.00000000000000000,0.00000000000000000,0.00006103515625000,0.00000000000000000,0.00006103515625000,0.00000000000000000,0.00012207031250000,0.00000000000000000,0.00000000000000000,0.00000000000000000,0.00006103515625000,0.00024414062500000,0.00048828125000000,0.00000000000000000,0.29755497250179452,3
0.00000000000000000,0.00000000000000000,0.00000000000000000,0.00000000000000000,0.00000000000000000,0.00000000000000000,0.00000000000000000,0.00012207031250000,0.00000000000000000,0.00006103515625000,0.00000000000000000,0.00012207031250000,0.00000000000000000,0.00006103515625000,0.00024414062500000,0.00048828125000000,0.30215222610714260,1
0.00000000000000000,0.00000000000000000,0.00000000000000000,0.00000000000000000,0.00006103515625000,0.00000000000000000,0.00000000000000000,0.00000000000000000,0.00000000000000000,0.00000000000000000,0.00000000000000000,0.00024414062500000,0.00000000000000000,0.00012207031250000,0.00024414062500000,0.00048828125000000,0.31441512086208029,0
0.00006103515625000,0.00000000000000000,0.00000000000000000,0.00000000000000000,0.00006103515625000,0.00000000000000000,0.00000000000000000,0.00000000000000000,0.00024414062500000,0.00000000000000000,0.00000000000000000,0.00000000000000000,0.00012207031250000,0.00024414062500000,0.00048828125000000,0.00000000000000000,0.31441512086208029,3
0.00012207031250000,0.00024414062500000,0.00048828125000000,0.00000000000000000,0.00024414062500000,0.00000000000000000,0.00006103515625000,0.00000000000000000,0.00012207031250000,0.00000000000000000,0.00000000000000000,0.00000000000000000,0.00000000000000000,0.00000000000000000,0.00000000000000000,0.00000000000000000,0.31808083647977498,2
0.00012207031250000,0.00024414062500000,0.00048828125000000,0.00000000000000000,0.00024414062500000,0.00006103515625000,0.00000000000000000,0.00000000000000000,0.00012207031250000,0.00000000000000000,0.00000000000000000,0.00000000000000000,0.00000000000000000,0.00006103515625000,0.00000000000000000,0.00000000000000000,0.31808083647977498,0
0.00000000000000000,0.00012207031250000,0.00024414062500000,0.00048828125000000,0.00000000000000000,0.00000000000000000,0.00024414062500000,0.00006103515625000,0.00006103515625000,0.00000000000000000,0.00000000000000000,0.00012207031250000,0.00000000000000000,0.00000000000000000,0.00000000000000000,0.00006103515625000,0.31808083647977498,3
0.00000000000000000,0.00012207031250000,0.00024414062500000,0.00048828125000000,0.00000000000000000,0.00000000000000000,0.00024414062500000,0.00006103515625000,0.00006103515625000,0.00000000000000000,0.00006103515625000,0.00012207031250000,0.00000000000000000,0.00000000000000000,0.00000000000000000,0.00006103515625000,0.31808083647977498,3
0.00012207031250000,0.00024414062500000,0.00048828125000000,0.00000000000000000,0.00024414062500000,0.00006103515625000,0.00000000000000000,0.00000000000000000,0.00012207031250000,0.00012207031250000,0.00000000000000000,0.00000000000000000,0.00006103515625000,0.00006103515625000,0.00000000000000000,0.00000000000000000,0.32156982095238212,1
0.00000000000000000,0.00012207031250000,0.00024414062500000,0.00048828125000000,0.00006103515625000,0.00000000000000000,0.00024414062500000,0.00006103515625000,0.00000000000000000,0.00000000000000000,0.00000000000000000,0.00024414062500000,0.00000000000000000,0.00000000000000000,0.00000000000000000,0.00012207031250000,0.33112862237770746,3
0.00006103515625000,0.00012207031250000,0.00048828125000000,0.00048828125000000,0.00000000000000000,0.00000000000000000,0.00000000000000000,0.00006103515625000,0.00000000000000000,0.00000000000000000,0.00000000000000000,0.00024414062500000,0.00006103515625000,0.00000000000000000,0.00000000000000000,0.00012207031250000,0.34217974058056994,3
0.00000000000000000,0.00000000000000000,0.00000000000000000,0.00048828125000000,0.00000000000000000,0.00000000000000000,0.00000000000000000,0.00006103515625000,0.00006103515625000,0.00000000000000000,0.00000000000000000,0.00024414062500000,0.00012207031250000,0.00012207031250000,0.00048828125000000,0.00012207031250000,0.34469764362436028,2
0.00006103515625000,0.00012207031250000,0.00048828125000000,0.00048828125000000,0.00012207031250000,0.00000000000000000,0.00006103515625000,0.00006103515625000,0.00000000000000000,0.00000000000000000,0.00000000000000000,0.00024414062500000,0.00000000000000000,0.00000000000000000,0.00000000000000000,0.00012207031250000,0.34469764362436028,3
0.00006103515625000,0.00012207031250000,0.00097656250000000,0.00000000000000000,0.00012207031250000,0.00012207031250000,0.00000000000000000,0.00000000000000000,0.00024414062500000,0.00006103515625000,0.00000000000000000,0.00000000000000000,0.00012207031250000,0.00000000000000000,0.00000000000000000,0.00000000000000000,0.36411523846959981,1
0.00006103515625000,0.00024414062500000,0.00097656250000000,0.00000000000000000,0.00012207031250000,0.00006103515625000,0.00000000000000000,0.00000000000000000,0.00024414062500000,0.00000000000000000,0.00000000000000000,0.00000000000000000,0.00012207031250000,0.00000000000000000,0.00006103515625000,0.00000000000000000,0.36780431267197494,0
0.00000000000000000,0.00006103515625000,0.00024414062500000,0.00097656250000000,0.00000000000000000,0.00000000000000000,0.00012207031250000,0.00006103515625000,0.00000000000000000,0.00000000000000000,0.00000000000000000,0.00024414062500000,0.00006103515625000,0.00000000000000000,0.00012207031250000,0.00006103515625000,0.36780431267197494,3
0.00006103515625000,0.00024414062500000,0.00097656250000000,0.00000000000000000,0.00012207031250000,0.00006103515625000,0.00000000000000000,0.00000000000000000,0.00024414062500000,0.00000000000000000,0.00000000000000000,0.00000000000000000,0.00006103515625000,0.00012207031250000,0.00006103515625000,0.00006103515625000,0.36780431267197494,0
0.00006103515625000,0.00000000000000000,0.00000000000000000,0.00006103515625000,0.00012207031250000,0.00024414062500000,0.00000000000000000,0.00000000000000000,0.00024414062500000,0.00006103515625000,0.00097656250000000,0.00000000000000000,0.00006103515625000,0.00012207031250000,0.00006103515625000,0.00006103515625000,0.36780431267197494,2
0.00006103515625000,0.00000000000000000,0.00000000000000000,0.00000000000000000,0.00012207031250000,0.00024414062500000,0.00006103515625000,0.00000000000000000,0.00024414062500000,0.00006103515625000,0.00097656250000000,0.00000000000000000,0.00006103515625000,0.00012207031250000,0.00006103515625000,0.00012207031250000,0.36958065736898438,0
0.00000000000000000,0.00000000000000000,0.00000000000000000,0.00006103515625000,0.00000000000000000,0.00012207031250000,0.00024414062500000,0.00006103515625000,0.00006103515625000,0.00024414062500000,0.00006103515625000,0.00097656250000000,0.00006103515625000,0.00012207031250000,0.00006103515625000,0.00012207031250000,0.36958065736898438,1
0.00006103515625000,0.00000000000000000,0.00006103515625000,0.00000000000000000,0.00012207031250000,0.00024414062500000,0.00006103515625000,0.00000000000000000,0.00006103515625000,0.00024414062500000,0.00006103515625000,0.00097656250000000,0.00006103515625000,0.00012207031250000,0.00006103515625000,0.00012207031250000,0.36958065736898438,3
0.00006103515625000,0.00000000000000000,0.00000000000000000,0.00012207031250000,0.00000000000000000,0.00012207031250000,0.00024414062500000,0.00006103515625000,0.00006103515625000,0.00024414062500000,0.00006103515625000,0.00097656250000000,0.00006103515625000,0.00012207031250000,0.00006103515625000,0.00012207031250000,0.37131445076894559,0
0.00012207031250000,0.00012207031250000,0.00024414062500000,0.00012207031250000,0.00006103515625000,0.00024414062500000,0.00012207031250000,0.00006103515625000,0.00000000000000000,0.00012207031250000,0.00000000000000000,0.00097656250000000,0.00006103515625000,0.00000000000000000,0.00000000000000000,0.00012207031250000,0.37466221106030112,1
0.00000000000000000,0.00024414062500000,0.00024414062500000,0.00012207031250000,0.00006103515625000,0.00024414062500000,0.00012207031250000,0.00006103515625000,0.00000000000000000,0.00000000000000000,0.00012207031250000,0.00097656250000000,0.00000000000000000,0.00006103515625000,0.00006103515625000,0.00012207031250000,0.37786195473383560,2
0.00006103515625000,0.00048828125000000,0.00024414062500000,0.00012207031250000,0.00000000000000000,0.00006103515625000,0.00024414062500000,0.00006103515625000,0.00006103515625000,0.00000000000000000,0.00006103515625000,0.00097656250000000,0.00000000000000000,0.00000000000000000,0.00000000000000000,0.00012207031250000,0.38669104768517570,1
0.00012207031250000,0.00048828125000000,0.00048828125000000,0.00012207031250000,0.00000000000000000,0.00006103515625000,0.00006103515625000,0.00006103515625000,0.00000000000000000,0.00000000000000000,0.00000000000000000,0.00097656250000000,0.00006103515625000,0.00000000000000000,0.00000000000000000,0.00012207031250000,0.39330591372331464,1
0.00000000000000000,0.00000000000000000,0.00000000000000000,0.00012207031250000,0.00000000000000000,0.00000000000000000,0.00006103515625000,0.00006103515625000,0.00012207031250000,0.00048828125000000,0.00048828125000000,0.00097656250000000,0.00006103515625000,0.00006103515625000,0.00006103515625000,0.00012207031250000,0.39330591372331464,3
0.00012207031250000,0.00048828125000000,0.00006103515625000,0.00012207031250000,0.00006103515625000,0.00006103515625000,0.00048828125000000,0.00006103515625000,0.00000000000000000,0.00000000000000000,0.00006103515625000,0.00097656250000000,0.00000000000000000,0.00006103515625000,0.00000000000000000,0.00012207031250000,0.39330591372331464,1
0.00012207031250000,0.00048828125000000,0.00006103515625000,0.00012207031250000,0.00012207031250000,0.00048828125000000,0.00006103515625000,0.00000000000000000,0.00006103515625000,0.00097656250000000,0.00000000000000000,0.00006103515625000,0.00006103515625000,0.00012207031250000,0.00000000000000000,0.00000000000000000,0.39455932017100315,3
0.00012207031250000,0.00048828125000000,0.00006103515625000,0.00012207031250000,0.00012207031250000,0.00048828125000000,0.00006103515625000,0.00000000000000000,0.00006103515625000,0.00097656250000000,0.00006103515625000,0.00000000000000000,0.00006103515625000,0.00012207031250000,0.00006103515625000,0.00000000000000000,0.39455932017100315,3
0.00012207031250000,0.00048828125000000,0.00006103515625000,0.00012207031250000,0.00006103515625000,0.00012207031250000,0.00048828125000000,0.00006103515625000,0.00000000000000000,0.00006103515625000,0.00097656250000000,0.00006103515625000,0.00000000000000000,0.00006103515625000,0.00012207031250000,0.00006103515625000,0.39455932017100315,0
0.00012207031250000,0.00048828125000000,0.00006103515625000,0.00012207031250000,0.00006103515625000,0.00012207031250000,0.00048828125000000,0.00006103515625000,0.00006103515625000,0.00097656250000000,0.00006103515625000,0.00000000000000000,0.00006103515625000,0.00012207031250000,0.00006103515625000,0.00006103515625000,0.39455932017100315,1
0.00012207031250000,0.00048828125000000,0.00006103515625000,0.00012207031250000,0.00012207031250000,0.00012207031250000,0.00048828125000000,0.00012207031250000,0.00006103515625000,0.00097656250000000,0.00012207031250000,0.00000000000000000,0.00006103515625000,0.00012207031250000,0.00000000000000000,0.00000000000000000,0.39819434739408877,1
0.00012207031250000,0.00048828125000000,0.00006103515625000,0.00012207031250000,0.00024414062500000,0.00048828125000000,0.00012207031250000,0.00006103515625000,0.00006103515625000,0.00097656250000000,0.00012207031250000,0.00000000000000000,0.00006103515625000,0.00012207031250000,0.00000000000000000,0.00000000000000000,0.40052008686263635,0
0.00012207031250000,0.00048828125000000,0.00006103515625000,0.00012207031250000,0.00024414062500000,0.00048828125000000,0.00012207031250000,0.00006103515625000,0.00006103515625000,0.00006103515625000,0.00097656250000000,0.00012207031250000,0.00000000000000000,0.00000000000000000,0.00006103515625000,0.00012207031250000,0.40052008686263635,2
0.00000000000000000,0.00006103515625000,0.00006103515625000,0.00000000000000000,0.00012207031250000,0.00000000000000000,0.00012207031250000,0.00012207031250000,0.00024414062500000,0.00097656250000000,0.00097656250000000,0.00006103515625000,0.00006103515625000,0.00006103515625000,0.00006103515625000,0.00024414062500000,0.41114460339235159,1
0.00012207031250000,0.00006103515625000,0.00006103515625000,0.00012207031250000,0.00024414062500000,0.00097656250000000,0.00012207031250000,0.00006103515625000,0.00006103515625000,0.00006103515625000,0.00097656250000000,0.00024414062500000,0.00000000000000000,0.00000000000000000,0.00006103515625000,0.00006103515625000,0.41114460339235159,2
0.00012207031250000,0.00012207031250000,0.00012207031250000,0.00000000000000000,0.00024414062500000,0.00097656250000000,0.00012207031250000,0.00006103515625000,0.00012207031250000,0.00097656250000000,0.00024414062500000,0.00006103515625000,0.00012207031250000,0.00000000000000000,0.00000000000000000,0.00000000000000000,0.41404997322446430,0
0.00012207031250000,0.00012207031250000,0.00024414062500000,0.00012207031250000,0.00024414062500000,0.00195312500000000,0.00024414062500000,0.00000000000000000,0.00024414062500000,0.00012207031250000,0.00000000000000000,0.00000000000000000,0.00000000000000000,0.00000000000000000,0.00000000000000000,0.00000000000000000,0.43165826688761794,1
0.00012207031250000,0.00012207031250000,0.00048828125000000,0.00012207031250000,0.00048828125000000,0.00195312500000000,0.00000000000000000,0.00000000000000000,0.00000000000000000,0.00012207031250000,0.00000000000000000,0.00000000000000000,0.00000000000000000,0.00000000000000000,0.00000000000000000,0.00006103515625000,0.43738034930594472,2
0.00012207031250000,0.00012207031250000,0.00048828125000000,0.00012207031250000,0.00048828125000000,0.00195312500000000,0.00000000000000000,0.00006103515625000,0.00006103515625000,0.00012207031250000,0.00000000000000000,0.00000000000000000,0.00000000000000000,0.00000000000000000,0.00000000000000000,0.00000000000000000,0.43738034930594472,3
0.00000000000000000,0.00024414062500000,0.00048828125000000,0.00012207031250000,0.00000000000000000,0.00048828125000000,0.00195312500000000,0.00006103515625000,0.00000000000000000,0.00006103515625000,0.00006103515625000,0.00012207031250000,0.00000000000000000,0.00000000000000000,0.00000000000000000,0.00000000000000000,0.43874288203078743,1
0.00000000000000000,0.00024414062500000,0.00048828125000000,0.00012207031250000,0.00000000000000000,0.00048828125000000,0.00195312500000000,0.00006103515625000,0.00000000000000000,0.00000000000000000,0.00012207031250000,0.00012207031250000,0.00000000000000000,0.00006103515625000,0.00000000000000000,0.00000000000000000,0.43941464939222757,3
0.00000000000000000,0.00000000000000000,0.00000000000000000,0.00000000000000000,0.00000000000000000,0.00024414062500000,0.00048828125000000,0.00012207031250000,0.00006103515625000,0.00048828125000000,0.00195312500000000,0.00006103515625000,0.00000000000000000,0.00006103515625000,0.00012207031250000,0.00012207031250000,0.43941464939222757,3
0.00006103515625000,0.00024414062500000,0.00048828125000000,0.00012207031250000,0.00000000000000000,0.00048828125000000,0.00195312500000000,0.00006103515625000,0.00000000000000000,0.00006103515625000,0.00012207031250000,0.00012207031250000,0.00000000000000000,0.00000000000000000,0.00006103515625000,0.00000000000000000,0.43941464939222757,2
0.00006103515625000,0.00024414062500000,0.00048828125000000,0.00012207031250000,0.00000000000000000,0.00048828125000000,0.00195312500000000,0.00006103515625000,0.00000000000000000,0.00000000000000000,0.00006103515625000,0.00024414062500000,0.00000000000000000,0.00006103515625000,0.00000000000000000,0.00006103515625000,0.44073976491130645,0
0.00006103515625000,0.00024414062500000,0.00048828125000000,0.00012207031250000,0.00000000000000000,0.00048828125000000,0.00195312500000000,0.00006103515625000,0.00000000000000000,0.00006103515625000,0.00006103515625000,0.00024414062500000,0.00000000000000000,0.00006103515625000,0.00000000000000000,0.00006103515625000,0.44073976491130645,3
0.00006103515625000,0.00024414062500000,0.00048828125000000,0.00012207031250000,0.00000000000000000,0.00048828125000000,0.00195312500000000,0.00006103515625000,0.00000000000000000,0.00012207031250000,0.00006103515625000,0.00024414062500000,0.00006103515625000,0.00000000000000000,0.00000000000000000,0.00006103515625000,0.44139333516348861,1
0.00006103515625000,0.00024414062500000,0.00048828125000000,0.00012207031250000,0.00000000000000000,0.00048828125000000,0.00195312500000000,0.00006103515625000,0.00006103515625000,0.00012207031250000,0.00006103515625000,0.00024414062500000,0.00000000000000000,0.00000000000000000,0.00000000000000000,0.00012207031250000,0.44204105683388722,1
0.00000000000000000,0.00006103515625000,0.00000000000000000,0.00012207031250000,0.00000000000000000,0.00024414062500000,0.00048828125000000,0.00006103515625000,0.00000000000000000,0.00048828125000000,0.00195312500000000,0.00024414062500000,0.00012207031250000,0.00012207031250000,0.00006103515625000,0.00012207031250000,0.44268303366880529,2
0.00000000000000000,0.00012207031250000,0.00006103515625000,0.00012207031250000,0.00000000000000000,0.00024414062500000,0.00048828125000000,0.00006103515625000,0.00000000000000000,0.00048828125000000,0.00195312500000000,0.00024414062500000,0.00000000000000000,0.00024414062500000,0.00006103515625000,0.00012207031250000,0.44395015423160800,2
0.00012207031250000,0.00006103515625000,0.00012207031250000,0.00006103515625000,0.00024414062500000,0.00048828125000000,0.00006103515625000,0.00000000000000000,0.00048828125000000,0.00195312500000000,0.00024414062500000,0.00000000000000000,0.00024414062500000,0.00006103515625000,0.00012207031250000,0.00000000000000000,0.44395015423160800,3
0.00012207031250000,0.00006103515625000,0.00012207031250000,0.00000000000000000,0.00024414062500000,0.00048828125000000,0.00006103515625000,0.00000000000000000,0.00048828125000000,0.00195312500000000,0.00024414062500000,0.00012207031250000,0.00024414062500000,0.00006103515625000,0.00012207031250000,0.00006103515625000,0.44395015423160800,0
0.00012207031250000,0.00006103515625000,0.00012207031250000,0.00012207031250000,0.00024414062500000,0.00048828125000000,0.00006103515625000,0.00006103515625000,0.00048828125000000,0.00195312500000000,0.00024414062500000,0.00006103515625000,0.00024414062500000,0.00006103515625000,0.00012207031250000,0.00000000000000000,0.44395015423160800,0
0.00012207031250000,0.00006103515625000,0.00012207031250000,0.00012207031250000,0.00024414062500000,0.00048828125000000,0.00006103515625000,0.00012207031250000,0.00048828125000000,0.00195312500000000,0.00024414062500000,0.00006103515625000,0.00024414062500000,0.00006103515625000,0.00012207031250000,0.00000000000000000,0.44457549214832565,3
0.00006103515625000,0.00012207031250000,0.00006103515625000,0.00024414062500000,0.00024414062500000,0.00048828125000000,0.00006103515625000,0.00012207031250000,0.00048828125000000,0.00195312500000000,0.00024414062500000,0.00006103515625000,0.00000000000000000,0.00024414062500000,0.00006103515625000,0.00012207031250000,0.44581019012296857,2
0.00006103515625000,0.00012207031250000,0.00000000000000000,0.00024414062500000,0.00006103515625000,0.00048828125000000,0.00012207031250000,0.00012207031250000,0.00024414062500000,0.00195312500000000,0.00024414062500000,0.00006103515625000,0.00048828125000000,0.00024414062500000,0.00006103515625000,0.00012207031250000,0.44641972984001899,0
0.00006103515625000,0.00012207031250000,0.00024414062500000,0.00000000000000000,0.00006103515625000,0.00048828125000000,0.00024414062500000,0.00006103515625000,0.00024414062500000,0.00195312500000000,0.00024414062500000,0.00006103515625000,0.00048828125000000,0.00024414062500000,0.00006103515625000,0.00012207031250000,0.44762362310037723,0
0.00012207031250000,0.00012207031250000,0.00048828125000000,0.00012207031250000,0.00024414062500000,0.00048828125000000,0.00024414062500000,0.00012207031250000,0.00048828125000000,0.00195312500000000,0.00006103515625000,0.00000000000000000,0.00000000000000000,0.00024414062500000,0.00006103515625000,0.00000000000000000,0.45111963038945979,0
0.00024414062500000,0.00048828125000000,0.00012207031250000,0.00000000000000000,0.00024414062500000,0.00048828125000000,0.00024414062500000,0.00012207031250000,0.00048828125000000,0.00195312500000000,0.00006103515625000,0.00000000000000000,0.00024414062500000,0.00006103515625000,0.00000000000000000,0.00012207031250000,0.45224842384899039,2
0.00006103515625000,0.00000000000000000,0.00000000000000000,0.00000000000000000,0.00048828125000000,0.00097656250000000,0.00012207031250000,0.00000000000000000,0.00048828125000000,0.00195312500000000,0.00024414062500000,0.00000000000000000,0.00024414062500000,0.00006103515625000,0.00006103515625000,0.00024414062500000,0.45969243699456497,2
0.00006103515625000,0.00097656250000000,0.00012207031250000,0.00024414062500000,0.00097656250000000,0.00195312500000000,0.00024414062500000,0.00000000000000000,0.00024414062500000,0.00006103515625000,0.00006103515625000,0.00006103515625000,0.00000000000000000,0.00000000000000000,0.00000000000000000,0.00000000000000000,0.46362589577541152,3
0.00006103515625000,0.00097656250000000,0.00012207031250000,0.00024414062500000,0.00000000000000000,0.00097656250000000,0.00195312500000000,0.00024414062500000,0.00000000000000000,0.00024414062500000,0.00006103515625000,0.00012207031250000,0.00012207031250000,0.00000000000000000,0.00000000000000000,0.00000000000000000,0.46410288210547918,1
0.00006103515625000,0.00097656250000000,0.00012207031250000,0.00024414062500000,0.00006103515625000,0.00097656250000000,0.00195312500000000,0.00024414062500000,0.00000000000000000,0.00024414062500000,0.00006103515625000,0.00012207031250000,0.00000000000000000,0.00000000000000000,0.00000000000000000,0.00012207031250000,0.46410288210547918,1
0.00000000000000000,0.00000000000000000,0.00000000000000000,0.00000000000000000,0.00006103515625000,0.00000000000000000,0.00012207031250000,0.00000000000000000,0.00000000000000000,0.00195312500000000,0.00195312500000000,0.00048828125000000,0.00012207031250000,0.00024414062500000,0.00006103515625000,0.00024414062500000,0.47428633632777645,2
0.00000000000000000,0.00000000000000000,0.00000000000000000,0.00006103515625000,0.00000000000000000,0.00000000000000000,0.00012207031250000,0.00000000000000000,0.00006103515625000,0.00195312500000000,0.00195312500000000,0.00048828125000000,0.00012207031250000,0.00024414062500000,0.00006103515625000,0.00024414062500000,0.47428633632777645,3
0.00006103515625000,0.00012207031250000,0.00000000000000000,0.00000000000000000,0.00012207031250000,0.00000000000000000,0.00000000000000000,0.00000000000000000,0.00006103515625000,0.00390625000000000,0.00048828125000000,0.00000000000000000,0.00012207031250000,0.00024414062500000,0.00006103515625000,0.00024414062500000,0.48642575509171221,0
0.00000000000000000,0.00000000000000000,0.00006103515625000,0.00012207031250000,0.00000000000000000,0.00000000000000000,0.00006103515625000,0.00012207031250000,0.00000000000000000,0.00006103515625000,0.00390625000000000,0.00048828125000000,0.00012207031250000,0.00024414062500000,0.00006103515625000,0.00024414062500000,0.48642575509171221,2
0.00012207031250000,0.00006103515625000,0.00012207031250000,0.00024414062500000,0.00006103515625000,0.00024414062500000,0.00390625000000000,0.00048828125000000,0.00000000000000000,0.00000000000000000,0.00006103515625000,0.00024414062500000,0.00000000000000000,0.00000000000000000,0.00000000000000000,0.00000000000000000,0.48746599929965201,2
0.00012207031250000,0.00006103515625000,0.00012207031250000,0.00024414062500000,0.00006103515625000,0.00024414062500000,0.00390625000000000,0.00048828125000000,0.00006103515625000,0.00024414062500000,0.00000000000000000,0.00000000000000000,0.00000000000000000,0.00000000000000000,0.00006103515625000,0.00000000000000000,0.48746599929965201,1
0.00012207031250000,0.00006103515625000,0.00012207031250000,0.00024414062500000,0.00012207031250000,0.00048828125000000,0.00390625000000000,0.00048828125000000,0.00000000000000000,0.00012207031250000,0.00006103515625000,0.00000000000000000,0.00000000000000000,0.00000000000000000,0.00000000000000000,0.00000000000000000,0.48916719190894248,0
0.00024414062500000,0.00006103515625000,0.00012207031250000,0.00024414062500000,0.00000000000000000,0.00048828125000000,0.00390625000000000,0.00048828125000000,0.00006103515625000,0.00012207031250000,0.00006103515625000,0.00000000000000000,0.00000000000000000,0.00000000000000000,0.00000000000000000,0.00000000000000000,0.48983662940811107,1
0.00024414062500000,0.00006103515625000,0.00012207031250000,0.00024414062500000,0.00006103515625000,0.00048828125000000,0.00390625000000000,0.00048828125000000,0.00000000000000000,0.00012207031250000,0.00006103515625000,0.00000000000000000,0.00006103515625000,0.00000000000000000,0.00000000000000000,0.00000000000000000,0.48983662940811107,1
0.00000000000000000,0.00000000000000000,0.00006103515625000,0.00000000000000000,0.00000000000000000,0.00006103515625000,0.00012207031250000,0.00000000000000000,0.00024414062500000,0.00048828125000000,0.00390625000000000,0.00024414062500000,0.00012207031250000,0.00012207031250000,0.00006103515625000,0.00048828125000000,0.49016904061759492,0
0.00000000000000000,0.00012207031250000,0.00000000000000000,0.00006103515625000,0.00000000000000000,0.00000000000000000,0.00006103515625000,0.00012207031250000,0.00024414062500000,0.00048828125000000,0.00390625000000000,0.00024414062500000,0.00000000000000000,0.00024414062500000,0.00006103515625000,0.00048828125000000,0.49082931806867464,0
0.00024414062500000,0.00012207031250000,0.00006103515625000,0.00006103515625000,0.00000000000000000,0.00048828125000000,0.00390625000000000,0.00012207031250000,0.00006103515625000,0.00024414062500000,0.00006103515625000,0.00024414062500000,0.00000000000000000,0.00000000000000000,0.00000000000000000,0.00048828125000000,0.49082931806867464,3
0.00000000000000000,0.00000000000000000,0.00000000000000000,0.00006103515625000,0.00006103515625000,0.00012207031250000,0.00006103515625000,0.00012207031250000,0.00024414062500000,0.00048828125000000,0.00390625000000000,0.00024414062500000,0.00006103515625000,0.00024414062500000,0.00006103515625000,0.00048828125000000,0.49082931806867464,2
0.00006103515625000,0.00000000000000000,0.00006103515625000,0.00000000000000000,0.00006103515625000,0.00012207031250000,0.00006103515625000,0.00012207031250000,0.00024414062500000,0.00048828125000000,0.00390625000000000,0.00024414062500000,0.00006103515625000,0.00024414062500000,0.00006103515625000,0.00048828125000000,0.49082931806867464,0
0.00012207031250000,0.00000000000000000,0.00000000000000000,0.00006103515625000,0.00006103515625000,0.00012207031250000,0.00006103515625000,0.00012207031250000,0.00024414062500000,0.00048828125000000,0.00390625000000000,0.00024414062500000,0.00006103515625000,0.00024414062500000,0.00006103515625000,0.00048828125000000,0.49115721178297095,0
0.00012207031250000,0.00012207031250000,0.00006103515625000,0.00006103515625000,0.00006103515625000,0.00048828125000000,0.00390625000000000,0.00012207031250000,0.00024414062500000,0.00024414062500000,0.00006103515625000,0.00024414062500000,0.00006103515625000,0.00006103515625000,0.00000000000000000,0.00048828125000000,0.49115721178297095,3
0.00024414062500000,0.00012207031250000,0.00006103515625000,0.00000000000000000,0.00006103515625000,0.00048828125000000,0.00390625000000000,0.00012207031250000,0.00048828125000000,0.00006103515625000,0.00024414062500000,0.00000000000000000,0.00012207031250000,0.00048828125000000,0.00000000000000000,0.00000000000000000,0.49372822261167015,3
0.00006103515625000,0.00024414062500000,0.00012207031250000,0.00006103515625000,0.00006103515625000,0.00048828125000000,0.00390625000000000,0.00012207031250000,0.00000000000000000,0.00048828125000000,0.00006103515625000,0.00024414062500000,0.00000000000000000,0.00000000000000000,0.00012207031250000,0.00048828125000000,0.49372822261167015,0
0.00012207031250000,0.00024414062500000,0.00012207031250000,0.00006103515625000,0.00000000000000000,0.00097656250000000,0.00390625000000000,0.00012207031250000,0.00000000000000000,0.00000000000000000,0.00006103515625000,0.00024414062500000,0.00006103515625000,0.00000000000000000,0.00012207031250000,0.00048828125000000,0.49651548343972102,2
0.00012207031250000,0.00024414062500000,0.00012207031250000,0.00006103515625000,0.00097656250000000,0.00390625000000000,0.00012207031250000,0.00000000000000000,0.00006103515625000,0.00024414062500000,0.00006103515625000,0.00000000000000000,0.00006103515625000,0.00012207031250000,0.00048828125000000,0.00000000000000000,0.49651548343972102,0
0.00012207031250000,0.00024414062500000,0.00012207031250000,0.00006103515625000,0.00000000000000000,0.00097656250000000,0.00390625000000000,0.00012207031250000,0.00000000000000000,0.00006103515625000,0.00024414062500000,0.00006103515625000,0.00012207031250000,0.00006103515625000,0.00012207031250000,0.00048828125000000,0.49651548343972102,1
0.00024414062500000,0.00024414062500000,0.00012207031250000,0.00006103515625000,0.00000000000000000,0.00097656250000000,0.00390625000000000,0.00012207031250000,0.00000000000000000,0.00012207031250000,0.00024414062500000,0.00006103515625000,0.00000000000000000,0.00006103515625000,0.00012207031250000,0.00048828125000000,0.49742121889063212,2
0.00048828125000000,0.00012207031250000,0.00006103515625000,0.00000000000000000,0.00097656250000000,0.00390625000000000,0.00012207031250000,0.00000000000000000,0.00012207031250000,0.00024414062500000,0.00006103515625000,0.00012207031250000,0.00006103515625000,0.00012207031250000,0.00048828125000000,0.00000000000000000,0.49861150122999143,0
0.00048828125000000,0.00012207031250000,0.00006103515625000,0.00012207031250000,0.00097656250000000,0.00390625000000000,0.00012207031250000,0.00000000000000000,0.00012207031250000,0.00024414062500000,0.00006103515625000,0.00006103515625000,0.00006103515625000,0.00012207031250000,0.00048828125000000,0.00000000000000000,0.49861150122999143,0
0.00048828125000000,0.00012207031250000,0.00006103515625000,0.00006103515625000,0.00097656250000000,0.00390625000000000,0.00012207031250000,0.00000000000000000,0.00012207031250000,0.00024414062500000,0.00006103515625000,0.00012207031250000,0.00006103515625000,0.00012207031250000,0.00048828125000000,0.00006103515625000,0.49861150122999143,0
0.00048828125000000,0.00012207031250000,0.00012207031250000,0.00006103515625000,0.00097656250000000,0.00390625000000000,0.00012207031250000,0.00000000000000000,0.00012207031250000,0.00024414062500000,0.00006103515625000,0.00012207031250000,0.00006103515625000,0.00012207031250000,0.00048828125000000,0.00006103515625000,0.49890603841626863,2
0.00048828125000000,0.00024414062500000,0.00006103515625000,0.00000000000000000,0.00097656250000000,0.00390625000000000,0.00012207031250000,0.00006103515625000,0.00012207031250000,0.00024414062500000,0.00006103515625000,0.00012207031250000,0.00006103515625000,0.00012207031250000,0.00048828125000000,0.00006103515625000,0.49949154141589686,0
0.00048828125000000,0.00024414062500000,0.00006103515625000,0.00006103515625000,0.00097656250000000,0.00390625000000000,0.00012207031250000,0.00012207031250000,0.00012207031250000,0.00024414062500000,0.00006103515625000,0.00006103515625000,0.00006103515625000,0.00012207031250000,0.00048828125000000,0.00006103515625000,0.49949154141589686,3
0.00000000000000000,0.00048828125000000,0.00024414062500000,0.00012207031250000,0.00006103515625000,0.00097656250000000,0.00390625000000000,0.00024414062500000,0.00000000000000000,0.00012207031250000,0.00024414062500000,0.00012207031250000,0.00006103515625000,0.00012207031250000,0.00048828125000000,0.00006103515625000,0.50064852770615176,0
0.00048828125000000,0.00024414062500000,0.00012207031250000,0.00000000000000000,0.00006103515625000,0.00097656250000000,0.00390625000000000,0.00024414062500000,0.00012207031250000,0.00024414062500000,0.00012207031250000,0.00006103515625000,0.00006103515625000,0.00012207031250000,0.00048828125000000,0.00006103515625000,0.50064852770615176,0
0.00048828125000000,0.00024414062500000,0.00012207031250000,0.00000000000000000,0.00006103515625000,0.00097656250000000,0.00390625000000000,0.00006103515625000,0.00012207031250000,0.00024414062500000,0.00012207031250000,0.00024414062500000,0.00006103515625000,0.00012207031250000,0.00048828125000000,0.00012207031250000,0.50093490756004677,0
0.00048828125000000,0.00024414062500000,0.00012207031250000,0.00006103515625000,0.00006103515625000,0.00097656250000000,0.00390625000000000,0.00024414062500000,0.00012207031250000,0.00024414062500000,0.00012207031250000,0.00012207031250000,0.00006103515625000,0.00012207031250000,0.00048828125000000,0.00006103515625000,0.50093490756004677,3
0.00048828125000000,0.00024414062500000,0.00012207031250000,0.00006103515625000,0.00006103515625000,0.00097656250000000,0.00390625000000000,0.00024414062500000,0.00012207031250000,0.00024414062500000,0.00024414062500000,0.00006103515625000,0.00006103515625000,0.00012207031250000,0.00048828125000000,0.00006103515625000,0.50150429034781840,3
0.00048828125000000,0.00024414062500000,0.00012207031250000,0.00012207031250000,0.00006103515625000,0.00097656250000000,0.00390625000000000,0.00006103515625000,0.00012207031250000,0.00024414062500000,0.00024414062500000,0.00024414062500000,0.00006103515625000,0.00012207031250000,0.00048828125000000,0.00012207031250000,0.50178731089862882,2
0.00048828125000000,0.00024414062500000,0.00024414062500000,0.00000000000000000,0.00006103515625000,0.00097656250000000,0.00390625000000000,0.00006103515625000,0.00012207031250000,0.00048828125000000,0.00024414062500000,0.00006103515625000,0.00006103515625000,0.00012207031250000,0.00048828125000000,0.00012207031250000,0.50346258136559296,2
0.00006103515625000,0.00000000000000000,0.00048828125000000,0.00048828125000000,0.00006103515625000,0.00097656250000000,0.00390625000000000,0.00006103515625000,0.00012207031250000,0.00048828125000000,0.00024414062500000,0.00006103515625000,0.00006103515625000,0.00012207031250000,0.00048828125000000,0.00012207031250000,0.50455826796245939,2
0.00000000000000000,0.00006103515625000,0.00006103515625000,0.00097656250000000,0.00006103515625000,0.00097656250000000,0.00390625000000000,0.00006103515625000,0.00012207031250000,0.00048828125000000,0.00024414062500000,0.00006103515625000,0.00006103515625000,0.00012207031250000,0.00048828125000000,0.00012207031250000,0.50670110459578521,3
0.00006103515625000,0.00006103515625000,0.00006103515625000,0.00097656250000000,0.00012207031250000,0.00097656250000000,0.00390625000000000,0.00012207031250000,0.00006103515625000,0.00048828125000000,0.00024414062500000,0.00012207031250000,0.00006103515625000,0.00012207031250000,0.00048828125000000,0.00000000000000000,0.50696455316195865,0
0.00000000000000000,0.00006103515625000,0.00006103515625000,0.00006103515625000,0.00006103515625000,0.00097656250000000,0.00390625000000000,0.00000000000000000,0.00012207031250000,0.00048828125000000,0.00024414062500000,0.00097656250000000,0.00012207031250000,0.00012207031250000,0.00048828125000000,0.00024414062500000,0.50774919405578467,3
0.00000000000000000,0.00006103515625000,0.00006103515625000,0.00012207031250000,0.00000000000000000,0.00006103515625000,0.00097656250000000,0.00390625000000000,0.00012207031250000,0.00048828125000000,0.00024414062500000,0.00097656250000000,0.00000000000000000,0.00024414062500000,0.00048828125000000,0.00024414062500000,0.50852542040789694,2
0.00000000000000000,0.00006103515625000,0.00006103515625000,0.00012207031250000,0.00000000000000000,0.00012207031250000,0.00097656250000000,0.00390625000000000,0.00000000000000000,0.00048828125000000,0.00024414062500000,0.00097656250000000,0.00012207031250000,0.00024414062500000,0.00048828125000000,0.00024414062500000,0.50878232365416132,3
0.00012207031250000,0.00006103515625000,0.00006103515625000,0.00012207031250000,0.00000000000000000,0.00012207031250000,0.00097656250000000,0.00390625000000000,0.00000000000000000,0.00048828125000000,0.00024414062500000,0.00097656250000000,0.00006103515625000,0.00024414062500000,0.00048828125000000,0.00024414062500000,0.50878232365416132,3
0.00012207031250000,0.00006103515625000,0.00006103515625000,0.00012207031250000,0.00006103515625000,0.00012207031250000,0.00097656250000000,0.00390625000000000,0.00000000000000000,0.00048828125000000,0.00024414062500000,0.00097656250000000,0.00006103515625000,0.00024414062500000,0.00048828125000000,0.00024414062500000,0.50878232365416132,3
0.00000000000000000,0.00012207031250000,0.00012207031250000,0.00012207031250000,0.00006103515625000,0.00012207031250000,0.00097656250000000,0.00390625000000000,0.00006103515625000,0.00048828125000000,0.00024414062500000,0.00097656250000000,0.00006103515625000,0.00024414062500000,0.00048828125000000,0.00024414062500000,0.50903831831056623,0
0.00012207031250000,0.00024414062500000,0.00012207031250000,0.00012207031250000,0.00006103515625000,0.00048828125000000,0.00097656250000000,0.00390625000000000,0.00000000000000000,0.00024414062500000,0.00024414062500000,0.00097656250000000,0.00012207031250000,0.00000000000000000,0.00048828125000000,0.00024414062500000,0.50980091444598441,3
0.00012207031250000,0.00024414062500000,0.00024414062500000,0.00000000000000000,0.00006103515625000,0.00048828125000000,0.00097656250000000,0.00390625000000000,0.00048828125000000,0.00097656250000000,0.00000000000000000,0.00000000000000000,0.00012207031250000,0.00048828125000000,0.00024414062500000,0.00006103515625000,0.51130241852697333,2
0.00012207031250000,0.00024414062500000,0.00024414062500000,0.00390625000000000,0.00006103515625000,0.00048828125000000,0.00097656250000000,0.00006103515625000,0.00048828125000000,0.00097656250000000,0.00024414062500000,0.00000000000000000,0.00012207031250000,0.00048828125000000,0.00000000000000000,0.00006103515625000,0.51130241852697333,2
0.00012207031250000,0.00048828125000000,0.00390625000000000,0.00000000000000000,0.00006103515625000,0.00048828125000000,0.00097656250000000,0.00006103515625000,0.00048828125000000,0.00097656250000000,0.00024414062500000,0.00006103515625000,0.00012207031250000,0.00048828125000000,0.00006103515625000,0.00000000000000000,0.51228639172435375,1
0.00012207031250000,0.00097656250000000,0.00390625000000000,0.00012207031250000,0.00006103515625000,0.00097656250000000,0.00097656250000000,0.00000000000000000,0.00048828125000000,0.00048828125000000,0.00024414062500000,0.00006103515625000,0.00012207031250000,0.00000000000000000,0.00006103515625000,0.00000000000000000,0.51445261065748038,3
0.00012207031250000,0.00000000000000000,0.00390625000000000,0.00000000000000000,0.00006103515625000,0.00000000000000000,0.00097656250000000,0.00006103515625000,0.00048828125000000,0.00195312500000000,0.00024414062500000,0.00012207031250000,0.00012207031250000,0.00048828125000000,0.00006103515625000,0.00006103515625000,0.51815052127788552,0
0.00012207031250000,0.00195312500000000,0.00390625000000000,0.00006103515625000,0.00006103515625000,0.00048828125000000,0.00097656250000000,0.00012207031250000,0.00048828125000000,0.00000000000000000,0.00024414062500000,0.00006103515625000,0.00012207031250000,0.00012207031250000,0.00006103515625000,0.00000000000000000,0.51815052127788552,3
0.00012207031250000,0.00006103515625000,0.00390625000000000,0.00000000000000000,0.00006103515625000,0.00195312500000000,0.00097656250000000,0.00006103515625000,0.00048828125000000,0.00048828125000000,0.00024414062500000,0.00012207031250000,0.00012207031250000,0.00012207031250000,0.00006103515625000,0.00006103515625000,0.51815052127788552,3
0.00012207031250000,0.00006103515625000,0.00390625000000000,0.00006103515625000,0.00006103515625000,0.00195312500000000,0.00097656250000000,0.00012207031250000,0.00048828125000000,0.00048828125000000,0.00024414062500000,0.00006103515625000,0.00012207031250000,0.00012207031250000,0.00006103515625000,0.00006103515625000,0.51815052127788552,3
0.00012207031250000,0.00006103515625000,0.00390625000000000,0.00006103515625000,0.00006103515625000,0.00195312500000000,0.00097656250000000,0.00012207031250000,0.00006103515625000,0.00097656250000000,0.00024414062500000,0.00006103515625000,0.00000000000000000,0.00000000000000000,0.00024414062500000,0.00012207031250000,0.52058749682378869,1
0.00012207031250000,0.00006103515625000,0.00390625000000000,0.00006103515625000,0.00006103515625000,0.00195312500000000,0.00097656250000000,0.00012207031250000,0.00006103515625000,0.00097656250000000,0.00024414062500000,0.00006103515625000,0.00024414062500000,0.00012207031250000,0.00000000000000000,0.00006103515625000,0.52058749682378869,1
0.00012207031250000,0.00006103515625000,0.00390625000000000,0.00006103515625000,0.00012207031250000,0.00195312500000000,0.00097656250000000,0.00012207031250000,0.00024414062500000,0.00097656250000000,0.00024414062500000,0.00012207031250000,0.00000000000000000,0.00012207031250000,0.00012207031250000,0.00000000000000000,0.52102190121033076,1
0.00012207031250000,0.00006103515625000,0.00390625000000000,0.00006103515625000,0.00012207031250000,0.00195312500000000,0.00097656250000000,0.00012207031250000,0.00024414062500000,0.00097656250000000,0.00024414062500000,0.00012207031250000,0.00024414062500000,0.00000000000000000,0.00000000000000000,0.00006103515625000,0.52145371405640450,2
0.00000000000000000,0.00000000000000000,0.00000000000000000,0.00000000000000000,0.00006103515625000,0.00006103515625000,0.00390625000000000,0.00006103515625000,0.00024414062500000,0.00195312500000000,0.00097656250000000,0.00024414062500000,0.00048828125000000,0.00097656250000000,0.00024414062500000,0.00006103515625000,0.52315565670948727,2
0.00000000000000000,0.00000000000000000,0.00000000000000000,0.00006103515625000,0.00000000000000000,0.00012207031250000,0.00390625000000000,0.00006103515625000,0.00024414062500000,0.00195312500000000,0.00097656250000000,0.00024414062500000,0.00048828125000000,0.00097656250000000,0.00024414062500000,0.00006103515625000,0.52336561309643848,1
0.00006103515625000,0.00000000000000000,0.00006103515625000,0.00000000000000000,0.00012207031250000,0.00390625000000000,0.00006103515625000,0.00000000000000000,0.00024414062500000,0.00195312500000000,0.00097656250000000,0.00024414062500000,0.00048828125000000,0.00097656250000000,0.00024414062500000,0.00006103515625000,0.52336561309643848,0
0.00000000000000000,0.00000000000000000,0.00006103515625000,0.00012207031250000,0.00000000000000000,0.00012207031250000,0.00390625000000000,0.00006103515625000,0.00024414062500000,0.00195312500000000,0.00097656250000000,0.00024414062500000,0.00048828125000000,0.00097656250000000,0.00024414062500000,0.00006103515625000,0.52357496223341127,0
0.00024414062500000,0.00012207031250000,0.00006103515625000,0.00012207031250000,0.00048828125000000,0.00195312500000000,0.00390625000000000,0.00006103515625000,0.00000000000000000,0.00097656250000000,0.00097656250000000,0.00024414062500000,0.00006103515625000,0.00000000000000000,0.00024414062500000,0.00006103515625000,0.52357496223341127,2
0.00024414062500000,0.00012207031250000,0.00006103515625000,0.00012207031250000,0.00048828125000000,0.00195312500000000,0.00390625000000000,0.00006103515625000,0.00006103515625000,0.00097656250000000,0.00097656250000000,0.00024414062500000,0.00000000000000000,0.00006103515625000,0.00024414062500000,0.00006103515625000,0.52357496223341127,2
0.00024414062500000,0.00012207031250000,0.00006103515625000,0.00012207031250000,0.00048828125000000,0.00195312500000000,0.00390625000000000,0.00006103515625000,0.00006103515625000,0.00006103515625000,0.00195312500000000,0.00024414062500000,0.00000000000000000,0.00006103515625000,0.00024414062500000,0.00006103515625000,0.52684473091186246,1
0.00024414062500000,0.00012207031250000,0.00006103515625000,0.00012207031250000,0.00048828125000000,0.00195312500000000,0.00390625000000000,0.00006103515625000,0.00006103515625000,0.00012207031250000,0.00195312500000000,0.00024414062500000,0.00006103515625000,0.00000000000000000,0.00024414062500000,0.00006103515625000,0.52704426904967028,1
0.00024414062500000,0.00012207031250000,0.00006103515625000,0.00012207031250000,0.00048828125000000,0.00195312500000000,0.00390625000000000,0.00006103515625000,0.00006103515625000,0.00012207031250000,0.00195312500000000,0.00024414062500000,0.00006103515625000,0.00006103515625000,0.00024414062500000,0.00006103515625000,0.52704426904967028,3
0.00024414062500000,0.00012207031250000,0.00006103515625000,0.00012207031250000,0.00048828125000000,0.00195312500000000,0.00390625000000000,0.00006103515625000,0.00006103515625000,0.00012207031250000,0.00195312500000000,0.00024414062500000,0.00012207031250000,0.00012207031250000,0.00024414062500000,0.00006103515625000,0.52724325862833166,1
0.00024414062500000,0.00012207031250000,0.00006103515625000,0.00012207031250000,0.00048828125000000,0.00195312500000000,0.00390625000000000,0.00006103515625000,0.00006103515625000,0.00012207031250000,0.00195312500000000,0.00024414062500000,0.00006103515625000,0.00024414062500000,0.00024414062500000,0.00006103515625000,0.52763960411502142,0
0.00006103515625000,0.00012207031250000,0.00006103515625000,0.00012207031250000,0.00024414062500000,0.00195312500000000,0.00390625000000000,0.00006103515625000,0.00048828125000000,0.00012207031250000,0.00195312500000000,0.00024414062500000,0.00012207031250000,0.00024414062500000,0.00024414062500000,0.00006103515625000,0.52783696596504270,3
0.00006103515625000,0.00012207031250000,0.00006103515625000,0.00012207031250000,0.00024414062500000,0.00195312500000000,0.00390625000000000,0.00006103515625000,0.00048828125000000,0.00012207031250000,0.00195312500000000,0.00024414062500000,0.00006103515625000,0.00012207031250000,0.00048828125000000,0.00006103515625000,0.52862107560887184,1
0.00006103515625000,0.00006103515625000,0.00006103515625000,0.00012207031250000,0.00024414062500000,0.00012207031250000,0.00390625000000000,0.00006103515625000,0.00048828125000000,0.00195312500000000,0.00195312500000000,0.00024414062500000,0.00006103515625000,0.00024414062500000,0.00048828125000000,0.00006103515625000,0.52900996795417088,3
0.00012207031250000,0.00006103515625000,0.00012207031250000,0.00000000000000000,0.00024414062500000,0.00012207031250000,0.00390625000000000,0.00006103515625000,0.00048828125000000,0.00390625000000000,0.00024414062500000,0.00006103515625000,0.00006103515625000,0.00024414062500000,0.00048828125000000,0.00006103515625000,0.53514222755248220,3
0.00012207031250000,0.00006103515625000,0.00012207031250000,0.00006103515625000,0.00024414062500000,0.00012207031250000,0.00390625000000000,0.00000000000000000,0.00048828125000000,0.00390625000000000,0.00024414062500000,0.00006103515625000,0.00006103515625000,0.00024414062500000,0.00048828125000000,0.00012207031250000,0.53532018071808485,0
0.00012207031250000,0.00006103515625000,0.00012207031250000,0.00000000000000000,0.00024414062500000,0.00012207031250000,0.00390625000000000,0.00006103515625000,0.00048828125000000,0.00390625000000000,0.00024414062500000,0.00012207031250000,0.00006103515625000,0.00024414062500000,0.00048828125000000,0.00012207031250000,0.53549769745611131,3
0.00012207031250000,0.00006103515625000,0.00012207031250000,0.00000000000000000,0.00024414062500000,0.00012207031250000,0.00390625000000000,0.00006103515625000,0.00048828125000000,0.00390625000000000,0.00024414062500000,0.00006103515625000,0.00006103515625000,0.00024414062500000,0.00048828125000000,0.00024414062500000,0.53585143017551551,3
0.00012207031250000,0.00006103515625000,0.00012207031250000,0.00000000000000000,0.00024414062500000,0.00012207031250000,0.00390625000000000,0.00006103515625000,0.00048828125000000,0.00390625000000000,0.00024414062500000,0.00012207031250000,0.00006103515625000,0.00024414062500000,0.00048828125000000,0.00024414062500000,0.53602765038099887,3
0.00012207031250000,0.00006103515625000,0.00012207031250000,0.00006103515625000,0.00024414062500000,0.00012207031250000,0.00390625000000000,0.00012207031250000,0.00048828125000000,0.00390625000000000,0.00024414062500000,0.00024414062500000,0.00006103515625000,0.00024414062500000,0.00048828125000000,0.00006103515625000,0.53602765038099887,3
0.00012207031250000,0.00006103515625000,0.00012207031250000,0.00006103515625000,0.00024414062500000,0.00012207031250000,0.00390625000000000,0.00012207031250000,0.00012207031250000,0.00048828125000000,0.00390625000000000,0.00048828125000000,0.00006103515625000,0.00024414062500000,0.00048828125000000,0.00006103515625000,0.53672827207523244,0
0.00012207031250000,0.00006103515625000,0.00006103515625000,0.00006103515625000,0.00024414062500000,0.00012207031250000,0.00012207031250000,0.00012207031250000,0.00012207031250000,0.00048828125000000,0.00781250000000000,0.00048828125000000,0.00006103515625000,0.00024414062500000,0.00048828125000000,0.00006103515625000,0.54710368547967703,2
0.00006103515625000,0.00012207031250000,0.00006103515625000,0.00012207031250000,0.00000000000000000,0.00024414062500000,0.00012207031250000,0.00024414062500000,0.00012207031250000,0.00048828125000000,0.00781250000000000,0.00048828125000000,0.00006103515625000,0.00024414062500000,0.00048828125000000,0.00006103515625000,0.54755537127398080,1
0.00006103515625000,0.00012207031250000,0.00006103515625000,0.00012207031250000,0.00006103515625000,0.00024414062500000,0.00012207031250000,0.00024414062500000,0.00012207031250000,0.00048828125000000,0.00781250000000000,0.00048828125000000,0.00006103515625000,0.00024414062500000,0.00048828125000000,0.00006103515625000,0.54755537127398080,0
0.00012207031250000,0.00012207031250000,0.00006103515625000,0.00012207031250000,0.00012207031250000,0.00024414062500000,0.00012207031250000,0.00024414062500000,0.00006103515625000,0.00048828125000000,0.00781250000000000,0.00048828125000000,0.00006103515625000,0.00024414062500000,0.00048828125000000,0.00006103515625000,0.54770530900475889,2
0.00024414062500000,0.00012207031250000,0.00006103515625000,0.00012207031250000,0.00012207031250000,0.00024414062500000,0.00012207031250000,0.00024414062500000,0.00006103515625000,0.00048828125000000,0.00781250000000000,0.00048828125000000,0.00000000000000000,0.00024414062500000,0.00048828125000000,0.00006103515625000,0.54815326761028771,2
0.00006103515625000,0.00012207031250000,0.00006103515625000,0.00012207031250000,0.00024414062500000,0.00024414062500000,0.00012207031250000,0.00024414062500000,0.00012207031250000,0.00048828125000000,0.00781250000000000,0.00048828125000000,0.00006103515625000,0.00024414062500000,0.00048828125000000,0.00006103515625000,0.54815326761028771,3
0.00006103515625000,0.00012207031250000,0.00006103515625000,0.00012207031250000,0.00006103515625000,0.00048828125000000,0.00012207031250000,0.00024414062500000,0.00012207031250000,0.00048828125000000,0.00781250000000000,0.00048828125000000,0.00006103515625000,0.00024414062500000,0.00048828125000000,0.00006103515625000,0.54874626561129736,1
0.00012207031250000,0.00012207031250000,0.00006103515625000,0.00012207031250000,0.00012207031250000,0.00097656250000000,0.00012207031250000,0.00024414062500000,0.00006103515625000,0.00024414062500000,0.00781250000000000,0.00048828125000000,0.00006103515625000,0.00000000000000000,0.00048828125000000,0.00006103515625000,0.55006301081178377,2
0.00000000000000000,0.00024414062500000,0.00006103515625000,0.00012207031250000,0.00012207031250000,0.00097656250000000,0.00012207031250000,0.00024414062500000,0.00006103515625000,0.00024414062500000,0.00781250000000000,0.00048828125000000,0.00006103515625000,0.00006103515625000,0.00048828125000000,0.00006103515625000,0.55035239615936682,2
0.00012207031250000,0.00024414062500000,0.00006103515625000,0.00012207031250000,0.00012207031250000,0.00097656250000000,0.00012207031250000,0.00024414062500000,0.00006103515625000,0.00024414062500000,0.00781250000000000,0.00048828125000000,0.00000000000000000,0.00006103515625000,0.00048828125000000,0.00006103515625000,0.55049665612470822,1
0.00024414062500000,0.00024414062500000,0.00006103515625000,0.00012207031250000,0.00006103515625000,0.00097656250000000,0.00012207031250000,0.00024414062500000,0.00000000000000000,0.00024414062500000,0.00781250000000000,0.00048828125000000,0.00006103515625000,0.00006103515625000,0.00048828125000000,0.00006103515625000,0.55078431636879421,3
0.00000000000000000,0.00048828125000000,0.00006103515625000,0.00012207031250000,0.00006103515625000,0.00097656250000000,0.00012207031250000,0.00024414062500000,0.00006103515625000,0.00024414062500000,0.00781250000000000,0.00048828125000000,0.00000000000000000,0.00012207031250000,0.00048828125000000,0.00006103515625000,0.55149850483336071,2
0.00048828125000000,0.00006103515625000,0.00012207031250000,0.00006103515625000,0.00006103515625000,0.00097656250000000,0.00012207031250000,0.00024414062500000,0.00006103515625000,0.00024414062500000,0.00781250000000000,0.00048828125000000,0.00012207031250000,0.00048828125000000,0.00006103515625000,0.00000000000000000,0.55149850483336071,3
0.00006103515625000,0.00006103515625000,0.00000000000000000,0.00000000000000000,0.00048828125000000,0.00097656250000000,0.00024414062500000,0.00006103515625000,0.00012207031250000,0.00024414062500000,0.00781250000000000,0.00024414062500000,0.00012207031250000,0.00048828125000000,0.00006103515625000,0.00048828125000000,0.55192365973353252,3
0.00000000000000000,0.00006103515625000,0.00000000000000000,0.00006103515625000,0.00006103515625000,0.00097656250000000,0.00024414062500000,0.00006103515625000,0.00048828125000000,0.00024414062500000,0.00781250000000000,0.00024414062500000,0.00024414062500000,0.00048828125000000,0.00006103515625000,0.00048828125000000,0.55220571528245399,3
0.00006103515625000,0.00000000000000000,0.00000000000000000,0.00012207031250000,0.00006103515625000,0.00097656250000000,0.00024414062500000,0.00006103515625000,0.00048828125000000,0.00024414062500000,0.00781250000000000,0.00024414062500000,0.00024414062500000,0.00048828125000000,0.00006103515625000,0.00048828125000000,0.55234633196320215,2
0.00012207031250000,0.00097656250000000,0.00024414062500000,0.00012207031250000,0.00048828125000000,0.00024414062500000,0.00781250000000000,0.00006103515625000,0.00024414062500000,0.00048828125000000,0.00006103515625000,0.00024414062500000,0.00000000000000000,0.00012207031250000,0.00000000000000000,0.00048828125000000,0.55248667599873669,1
0.00012207031250000,0.00097656250000000,0.00024414062500000,0.00012207031250000,0.00048828125000000,0.00024414062500000,0.00781250000000000,0.00006103515625000,0.00024414062500000,0.00048828125000000,0.00006103515625000,0.00024414062500000,0.00012207031250000,0.00048828125000000,0.00000000000000000,0.00006103515625000,0.55248667599873669,1
0.00012207031250000,0.00097656250000000,0.00024414062500000,0.00012207031250000,0.00048828125000000,0.00024414062500000,0.00781250000000000,0.00006103515625000,0.00024414062500000,0.00097656250000000,0.00006103515625000,0.00024414062500000,0.00012207031250000,0.00006103515625000,0.00000000000000000,0.00006103515625000,0.55359973841089061,1
0.00012207031250000,0.00097656250000000,0.00024414062500000,0.00012207031250000,0.00048828125000000,0.00024414062500000,0.00781250000000000,0.00006103515625000,0.00024414062500000,0.00097656250000000,0.00006103515625000,0.00024414062500000,0.00000000000000000,0.00006103515625000,0.00012207031250000,0.00012207031250000,0.55373767540099206,3
0.00012207031250000,0.00097656250000000,0.00024414062500000,0.00012207031250000,0.00048828125000000,0.00024414062500000,0.00781250000000000,0.00006103515625000,0.00024414062500000,0.00097656250000000,0.00006103515625000,0.00024414062500000,0.00006103515625000,0.00000000000000000,0.00006103515625000,0.00024414062500000,0.55401276328991444,1
0.00012207031250000,0.00097656250000000,0.00024414062500000,0.00012207031250000,0.00048828125000000,0.00024414062500000,0.00781250000000000,0.00006103515625000,0.00024414062500000,0.00097656250000000,0.00006103515625000,0.00024414062500000,0.00006103515625000,0.00000000000000000,0.00012207031250000,0.00024414062500000,0.55414991617538556,1
0.00000000000000000,0.00000000000000000,0.00000000000000000,0.00006103515625000,0.00000000000000000,0.00006103515625000,0.00000000000000000,0.00000000000000000,0.00000000000000000,0.00000000000000000,0.00000000000000000,0.00000000000000000,0.00000000000000000,0.00000000000000000,0.00000000000000000,0.00000000000000000,0.00000000000000000,3
0.00006103515625000,0.00000000000000000,0.00000000000000000,0.00000000000000000,0.00006103515625000,0.00000000000000000,0.00000000000000000,0.00000000000000000,0.00000000000000000,0.00006103515625000,0.00000000000000000,0.00000000000000000,0.00000000000000000,0.00000000000000000,0.00000000000000000,0.00000000000000000,0.00000000000000000,0
0.00012207031250000,0.00006103515625000,0.00000000000000000,0.00000000000000000,0.00012207031250000,0.00000000000000000,0.00000000000000000,0.00000000000000000,0.00000000000000000,0.00000000000000000,0.00000000000000000,0.00000000000000000,0.00000000000000000,0.00000000000000000,0.00000000000000000,0.00000000000000000,0.11649500072266981,3
0.00024414062500000,0.00006103515625000,0.00000000000000000,0.00000000000000000,0.00000000000000000,0.00000000000000000,0.00000000000000000,0.00006103515625000,0.00000000000000000,0.00000000000000000,0.00000000000000000,0.00000000000000000,0.00000000000000000,0.00000000000000000,0.00000000000000000,0.00000000000000000,0.18565722538447280,3
0.00024414062500000,0.00006103515625000,0.00000000000000000,0.00006103515625000,0.00006103515625000,0.00000000000000000,0.00000000000000000,0.00000000000000000,0.00000000000000000,0.00000000000000000,0.00000000000000000,0.00000000000000000,0.00000000000000000,0.00000000000000000,0.00000000000000000,0.00000000000000000,0.18565722538447280,1
0.00000000000000000,0.00000000000000000,0.00000000000000000,0.00000000000000000,0.00000000000000000,0.00000000000000000,0.00000000000000000,0.00000000000000000,0.00024414062500000,0.00006103515625000,0.00000000000000000,0.00000000000000000,0.00006103515625000,0.00006103515625000,0.00000000000000000,0.00006103515625000,0.18565722538447280,0
0.00000000000000000,0.00000000000000000,0.00000000000000000,0.00000000000000000,0.00006103515625000,0.00000000000000000,0.00000000000000000,0.00000000000000000,0.00024414062500000,0.00000000000000000,0.00000000000000000,0.00000000000000000,0.00006103515625000,0.00012207031250000,0.00000000000000000,0.00006103515625000,0.20507482022971232,2
0.00000000000000000,0.00000000000000000,0.00000000000000000,0.00006103515625000,0.00000000000000000,0.00000000000000000,0.00000000000000000,0.00006103515625000,0.00000000000000000,0.00000000000000000,0.00000000000000000,0.00024414062500000,0.00000000000000000,0.00006103515625000,0.00012207031250000,0.00006103515625000,0.20507482022971232,2
0.00000000000000000,0.00006103515625000,0.00012207031250000,0.00012207031250000,0.00000000000000000,0.00000000000000000,0.00000000000000000,0.00024414062500000,0.00000000000000000,0.00006103515625000,0.00000000000000000,0.00006103515625000,0.00000000000000000,0.00000000000000000,0.00000000000000000,0.00000000000000000,0.22036988245565323,0
0.00006103515625000,0.00024414062500000,0.00006103515625000,0.00000000000000000,0.00024414062500000,0.00000000000000000,0.00000000000000000,0.00000000000000000,0.00012207031250000,0.00000000000000000,0.00000000000000000,0.00000000000000000,0.00000000000000000,0.00000000000000000,0.00000000000000000,0.00000000000000000,0.25308565664631461,3
0.00000000000000000,0.00006103515625000,0.00024414062500000,0.00006103515625000,0.00000000000000000,0.00000000000000000,0.00000000000000000,0.00024414062500000,0.00000000000000000,0.00006103515625000,0.00000000000000000,0.00012207031250000,0.00000000000000000,0.00000000000000000,0.00000000000000000,0.00000000000000000,0.25308565664631461,1
0.00006103515625000,0.00000000000000000,0.00000000000000000,0.00000000000000000,0.00000000000000000,0.00000000000000000,0.00000000000000000,0.00006103515625000,0.00000000000000000,0.00000000000000000,0.00000000000000000,0.00024414062500000,0.00000000000000000,0.00012207031250000,0.00024414062500000,0.00012207031250000,0.26136695401116583,0
0.00006103515625000,0.00012207031250000,0.00024414062500000,0.00006103515625000,0.00000000000000000,0.00000000000000000,0.00006103515625000,0.00024414062500000,0.00000000000000000,0.00000000000000000,0.00000000000000000,0.00012207031250000,0.00000000000000000,0.00000000000000000,0.00000000000000000,0.00000000000000000,0.26136695401116583,1
0.00006103515625000,0.00012207031250000,0.00024414062500000,0.00006103515625000,0.00006103515625000,0.00024414062500000,0.00000000000000000,0.00000000000000000,0.00012207031250000,0.00000000000000000,0.00000000000000000,0.00000000000000000,0.00000000000000000,0.00006103515625000,0.00000000000000000,0.00000000000000000,0.26136695401116583,2
0.00006103515625000,0.00000000000000000,0.00000000000000000,0.00000000000000000,0.00000000000000000,0.00012207031250000,0.00000000000000000,0.00000000000000000,0.00012207031250000,0.00024414062500000,0.00000000000000000,0.00000000000000000,0.00012207031250000,0.00006103515625000,0.00024414062500000,0.00006103515625000,0.26879730945328922,3
0.00000000000000000,0.00000000000000000,0.00000000000000000,0.00000000000000000,0.00000000000000000,0.00012207031250000,0.00000000000000000,0.00000000000000000,0.00006103515625000,0.00024414062500000,0.00000000000000000,0.00006103515625000,0.00024414062500000,0.00006103515625000,0.00024414062500000,0.00006103515625000,0.28169934667141894,1
0.00000000000000000,0.00000000000000000,0.00000000000000000,0.00000000000000000,0.00000000000000000,0.00012207031250000,0.00006103515625000,0.00000000000000000,0.00006103515625000,0.00024414062500000,0.00000000000000000,0.00000000000000000,0.00024414062500000,0.00006103515625000,0.00024414062500000,0.00012207031250000,0.28737931160013147,0
0.00006103515625000,0.00012207031250000,0.00006103515625000,0.00012207031250000,0.00024414062500000,0.00024414062500000,0.00024414062500000,0.00000000000000000,0.00000000000000000,0.00006103515625000,0.00000000000000000,0.00000000000000000,0.00006103515625000,0.00000000000000000,0.00000000000000000,0.00000000000000000,0.28737931160013147,1
0.00006103515625000,0.00012207031250000,0.00006103515625000,0.00012207031250000,0.00024414062500000,0.00024414062500000,0.00024414062500000,0.00000000000000000,0.00006103515625000,0.00006103515625000,0.00000000000000000,0.00000000000000000,0.00000000000000000,0.00000000000000000,0.00000000000000000,0.00006103515625000,0.28737931160013147,0
0.00006103515625000,0.00012207031250000,0.00006103515625000,0.00012207031250000,0.00048828125000000,0.00024414062500000,0.00000000000000000,0.00000000000000000,0.00012207031250000,0.00000000000000000,0.00000000000000000,0.00000000000000000,0.00006103515625000,0.00012207031250000,0.00000000000000000,0.00000000000000000,0.31055381002007598,0
0.00006103515625000,0.00012207031250000,0.00006103515625000,0.00012207031250000,0.00000000000000000,0.00000000000000000,0.00048828125000000,0.00024414062500000,0.00000000000000000,0.00006103515625000,0.00000000000000000,0.00012207031250000,0.00000000000000000,0.00000000000000000,0.00006103515625000,0.00012207031250000,0.31055381002007598,2
0.00006103515625000,0.00012207031250000,0.00006103515625000,0.00012207031250000,0.00000000000000000,0.00006103515625000,0.00048828125000000,0.00024414062500000,0.00000000000000000,0.00000000000000000,0.00006103515625000,0.00024414062500000,0.00000000000000000,0.00000000000000000,0.00000000000000000,0.00006103515625000,0.31808083647977498,2
0.00006103515625000,0.00012207031250000,0.00006103515625000,0.00012207031250000,0.00006103515625000,0.00048828125000000,0.00024414062500000,0.00000000000000000,0.00006103515625000,0.00024414062500000,0.00000000000000000,0.00006103515625000,0.00006103515625000,0.00000000000000000,0.00000000000000000,0.00000000000000000,0.31808083647977498,2
0.00012207031250000,0.00012207031250000,0.00006103515625000,0.00012207031250000,0.00012207031250000,0.00048828125000000,0.00024414062500000,0.00006103515625000,0.00006103515625000,0.00024414062500000,0.00000000000000000,0.00000000000000000,0.00000000000000000,0.00000000000000000,0.00000000000000000,0.00000000000000000,0.32489833444081878,2
0.00024414062500000,0.00006103515625000,0.00012207031250000,0.00000000000000000,0.00012207031250000,0.00048828125000000,0.00024414062500000,0.00006103515625000,0.00006103515625000,0.00024414062500000,0.00006103515625000,0.00000000000000000,0.00000000000000000,0.00000000000000000,0.00000000000000000,0.00000000000000000,0.33112862237770746,3
0.00024414062500000,0.00006103515625000,0.00012207031250000,0.00006103515625000,0.00012207031250000,0.00048828125000000,0.00024414062500000,0.00000000000000000,0.00006103515625000,0.00024414062500000,0.00006103515625000,0.00000000000000000,0.00000000000000000,0.00000000000000000,0.00006103515625000,0.00000000000000000,0.33112862237770746,2
0.00024414062500000,0.00006103515625000,0.00012207031250000,0.00006103515625000,0.00006103515625000,0.00012207031250000,0.00048828125000000,0.00024414062500000,0.00000000000000000,0.00006103515625000,0.00024414062500000,0.00006103515625000,0.00000000000000000,0.00000000000000000,0.00000000000000000,0.00006103515625000,0.33112862237770746,2
0.00006103515625000,0.00000000000000000,0.00000000000000000,0.00000000000000000,0.00000000000000000,0.00006103515625000,0.00012207031250000,0.00006103515625000,0.00024414062500000,0.00012207031250000,0.00048828125000000,0.00024414062500000,0.00006103515625000,0.00006103515625000,0.00024414062500000,0.00012207031250000,0.33405356229710709,2
0.00006103515625000,0.00006103515625000,0.00012207031250000,0.00006103515625000,0.00024414062500000,0.00012207031250000,0.00048828125000000,0.00024414062500000,0.00006103515625000,0.00006103515625000,0.00024414062500000,0.00012207031250000,0.00006103515625000,0.00000000000000000,0.00000000000000000,0.00000000000000000,0.33405356229710709,3
0.00000000000000000,0.00012207031250000,0.00012207031250000,0.00006103515625000,0.00024414062500000,0.00012207031250000,0.00048828125000000,0.00024414062500000,0.00000000000000000,0.00012207031250000,0.00024414062500000,0.00012207031250000,0.00006103515625000,0.00000000000000000,0.00000000000000000,0.00006103515625000,0.33957108299010397,2
0.00024414062500000,0.00006103515625000,0.00000000000000000,0.00000000000000000,0.00024414062500000,0.00012207031250000,0.00048828125000000,0.00024414062500000,0.00012207031250000,0.00024414062500000,0.00012207031250000,0.00006103515625000,0.00012207031250000,0.00000000000000000,0.00000000000000000,0.00000000000000000,0.34713089505274169,0
0.00000000000000000,0.00000000000000000,0.00000000000000000,0.00000000000000000,0.00000000000000000,0.00006103515625000,0.00006103515625000,0.00000000000000000,0.00048828125000000,0.00012207031250000,0.00048828125000000,0.00024414062500000,0.00024414062500000,0.00024414062500000,0.00012207031250000,0.00006103515625000,0.36022800037249580,3
0.00000000000000000,0.00006103515625000,0.00000000000000000,0.00000000000000000,0.00000000000000000,0.00000000000000000,0.00000000000000000,0.00012207031250000,0.00048828125000000,0.00012207031250000,0.00048828125000000,0.00024414062500000,0.00000000000000000,0.00048828125000000,0.00012207031250000,0.00006103515625000,0.36958065736898438,1
0.00000000000000000,0.00000000000000000,0.00000000000000000,0.00006103515625000,0.00000000000000000,0.00000000000000000,0.00000000000000000,0.00012207031250000,0.00048828125000000,0.00012207031250000,0.00048828125000000,0.00024414062500000,0.00006103515625000,0.00048828125000000,0.00012207031250000,0.00006103515625000,0.36958065736898438,0
0.00006103515625000,0.00000000000000000,0.00000000000000000,0.00000000000000000,0.00012207031250000,0.00000000000000000,0.00000000000000000,0.00006103515625000,0.00048828125000000,0.00012207031250000,0.00048828125000000,0.00024414062500000,0.00006103515625000,0.00048828125000000,0.00012207031250000,0.00006103515625000,0.36958065736898438,2
0.00006103515625000,0.00012207031250000,0.00048828125000000,0.00006103515625000,0.00012207031250000,0.00048828125000000,0.00012207031250000,0.00024414062500000,0.00048828125000000,0.00000000000000000,0.00006103515625000,0.00006103515625000,0.00006103515625000,0.00000000000000000,0.00000000000000000,0.00000000000000000,0.36958065736898438,2
0.00006103515625000,0.00000000000000000,0.00006103515625000,0.00000000000000000,0.00012207031250000,0.00000000000000000,0.00048828125000000,0.00006103515625000,0.00048828125000000,0.00012207031250000,0.00012207031250000,0.00024414062500000,0.00006103515625000,0.00048828125000000,0.00006103515625000,0.00006103515625000,0.36958065736898438,3
0.00000000000000000,0.00000000000000000,0.00006103515625000,0.00012207031250000,0.00000000000000000,0.00012207031250000,0.00048828125000000,0.00006103515625000,0.00000000000000000,0.00048828125000000,0.00024414062500000,0.00024414062500000,0.00000000000000000,0.00006103515625000,0.00048828125000000,0.00012207031250000,0.37627976247819744,2
0.00006103515625000,0.00000000000000000,0.00006103515625000,0.00012207031250000,0.00000000000000000,0.00012207031250000,0.00048828125000000,0.00006103515625000,0.00000000000000000,0.00000000000000000,0.00048828125000000,0.00048828125000000,0.00000000000000000,0.00006103515625000,0.00048828125000000,0.00012207031250000,0.38241103769359880,0
0.00000000000000000,0.00000000000000000,0.00012207031250000,0.00012207031250000,0.00000000000000000,0.00012207031250000,0.00048828125000000,0.00006103515625000,0.00000000000000000,0.00006103515625000,0.00000000000000000,0.00097656250000000,0.00000000000000000,0.00006103515625000,0.00048828125000000,0.00012207031250000,0.39455932017100315,0
0.00024414062500000,0.00000000000000000,0.00000000000000000,0.00006103515625000,0.00012207031250000,0.00048828125000000,0.00006103515625000,0.00000000000000000,0.00006103515625000,0.00097656250000000,0.00000000000000000,0.00000000000000000,0.00006103515625000,0.00048828125000000,0.00012207031250000,0.00000000000000000,0.39700284042914474,3
0.00000000000000000,0.00000000000000000,0.00024414062500000,0.00006103515625000,0.00000000000000000,0.00012207031250000,0.00048828125000000,0.00006103515625000,0.00006103515625000,0.00000000000000000,0.00006103515625000,0.00097656250000000,0.00000000000000000,0.00006103515625000,0.00048828125000000,0.00012207031250000,0.39700284042914474,2
0.00000000000000000,0.00000000000000000,0.00024414062500000,0.00000000000000000,0.00000000000000000,0.00006103515625000,0.00048828125000000,0.00012207031250000,0.00000000000000000,0.00012207031250000,0.00006103515625000,0.00097656250000000,0.00006103515625000,0.00006103515625000,0.00048828125000000,0.00012207031250000,0.39819434739408877,2
0.00000000000000000,0.00006103515625000,0.00000000000000000,0.00024414062500000,0.00000000000000000,0.00006103515625000,0.00048828125000000,0.00012207031250000,0.00000000000000000,0.00012207031250000,0.00006103515625000,0.00097656250000000,0.00000000000000000,0.00012207031250000,0.00048828125000000,0.00012207031250000,0.39936655784928937,0
0.00000000000000000,0.00000000000000000,0.00006103515625000,0.00024414062500000,0.00000000000000000,0.00006103515625000,0.00048828125000000,0.00012207031250000,0.00006103515625000,0.00012207031250000,0.00006103515625000,0.00097656250000000,0.00000000000000000,0.00012207031250000,0.00048828125000000,0.00012207031250000,0.39936655784928937,1
0.00000000000000000,0.00000000000000000,0.00006103515625000,0.00024414062500000,0.00006103515625000,0.00000000000000000,0.00048828125000000,0.00012207031250000,0.00000000000000000,0.00006103515625000,0.00006103515625000,0.00097656250000000,0.00006103515625000,0.00024414062500000,0.00048828125000000,0.00012207031250000,0.40165552055521575,3
0.00006103515625000,0.00000000000000000,0.00006103515625000,0.00024414062500000,0.00000000000000000,0.00000000000000000,0.00048828125000000,0.00012207031250000,0.00000000000000000,0.00006103515625000,0.00006103515625000,0.00097656250000000,0.00012207031250000,0.00024414062500000,0.00048828125000000,0.00012207031250000,0.40277341788971349,2
0.00000000000000000,0.00000000000000000,0.00012207031250000,0.00024414062500000,0.00000000000000000,0.00006103515625000,0.00048828125000000,0.00012207031250000,0.00000000000000000,0.00000000000000000,0.00012207031250000,0.00097656250000000,0.00012207031250000,0.00024414062500000,0.00048828125000000,0.00012207031250000,0.40495871333373468,1
0.00012207031250000,0.00024414062500000,0.00000000000000000,0.00000000000000000,0.00006103515625000,0.00048828125000000,0.00012207031250000,0.00000000000000000,0.00012207031250000,0.00097656250000000,0.00000000000000000,0.00006103515625000,0.00012207031250000,0.00024414062500000,0.00048828125000000,0.00012207031250000,0.40495871333373468,0
0.00012207031250000,0.00024414062500000,0.00000000000000000,0.00006103515625000,0.00006103515625000,0.00048828125000000,0.00012207031250000,0.00000000000000000,0.00012207031250000,0.00097656250000000,0.00006103515625000,0.00000000000000000,0.00012207031250000,0.00024414062500000,0.00048828125000000,0.00012207031250000,0.40495871333373468,2
0.00012207031250000,0.00024414062500000,0.00012207031250000,0.00006103515625000,0.00006103515625000,0.00048828125000000,0.00006103515625000,0.00012207031250000,0.00024414062500000,0.00097656250000000,0.00048828125000000,0.00012207031250000,0.00000000000000000,0.00024414062500000,0.00000000000000000,0.00000000000000000,0.40707996151074144,1
0.00012207031250000,0.00024414062500000,0.00012207031250000,0.00006103515625000,0.00006103515625000,0.00048828125000000,0.00006103515625000,0.00024414062500000,0.00024414062500000,0.00097656250000000,0.00048828125000000,0.00006103515625000,0.00000000000000000,0.00024414062500000,0.00000000000000000,0.00000000000000000,0.40914081000141839,1
0.00012207031250000,0.00024414062500000,0.00012207031250000,0.00006103515625000,0.00006103515625000,0.00048828125000000,0.00006103515625000,0.00024414062500000,0.00024414062500000,0.00097656250000000,0.00048828125000000,0.00006103515625000,0.00024414062500000,0.00012207031250000,0.00000000000000000,0.00000000000000000,0.40914081000141839,0
0.00000000000000000,0.00024414062500000,0.00000000000000000,0.00006103515625000,0.00012207031250000,0.00048828125000000,0.00012207031250000,0.00006103515625000,0.00006103515625000,0.00097656250000000,0.00006103515625000,0.00024414062500000,0.00048828125000000,0.00012207031250000,0.00048828125000000,0.00006103515625000,0.41309441593230728,0
0.00006103515625000,0.00024414062500000,0.00000000000000000,0.00000000000000000,0.00012207031250000,0.00048828125000000,0.00012207031250000,0.00012207031250000,0.00006103515625000,0.00097656250000000,0.00006103515625000,0.00024414062500000,0.00048828125000000,0.00012207031250000,0.00048828125000000,0.00006103515625000,0.41404997322446430,2
0.00006103515625000,0.00024414062500000,0.00000000000000000,0.00000000000000000,0.00012207031250000,0.00048828125000000,0.00024414062500000,0.00006103515625000,0.00006103515625000,0.00097656250000000,0.00006103515625000,0.00024414062500000,0.00048828125000000,0.00012207031250000,0.00048828125000000,0.00006103515625000,0.41592405625774137,0
0.00000000000000000,0.00006103515625000,0.00006103515625000,0.00024414062500000,0.00012207031250000,0.00048828125000000,0.00024414062500000,0.00006103515625000,0.00006103515625000,0.00097656250000000,0.00006103515625000,0.00024414062500000,0.00048828125000000,0.00012207031250000,0.00048828125000000,0.00006103515625000,0.41592405625774137,0
0.00012207031250000,0.00024414062500000,0.00000000000000000,0.00006103515625000,0.00012207031250000,0.00048828125000000,0.00024414062500000,0.00006103515625000,0.00006103515625000,0.00097656250000000,0.00006103515625000,0.00024414062500000,0.00048828125000000,0.00012207031250000,0.00048828125000000,0.00006103515625000,0.41684321036962529,2
0.00006103515625000,0.00024414062500000,0.00000000000000000,0.00000000000000000,0.00024414062500000,0.00048828125000000,0.00024414062500000,0.00012207031250000,0.00006103515625000,0.00097656250000000,0.00006103515625000,0.00024414062500000,0.00048828125000000,0.00012207031250000,0.00048828125000000,0.00006103515625000,0.41953264965832909,0
0.00000000000000000,0.00006103515625000,0.00006103515625000,0.00024414062500000,0.00024414062500000,0.00048828125000000,0.00024414062500000,0.00012207031250000,0.00006103515625000,0.00097656250000000,0.00006103515625000,0.00024414062500000,0.00048828125000000,0.00012207031250000,0.00048828125000000,0.00006103515625000,0.41953264965832909,2
0.00024414062500000,0.00006103515625000,0.00006103515625000,0.00024414062500000,0.00006103515625000,0.00048828125000000,0.00024414062500000,0.00012207031250000,0.00048828125000000,0.00097656250000000,0.00006103515625000,0.00024414062500000,0.00006103515625000,0.00012207031250000,0.00048828125000000,0.00006103515625000,0.41953264965832909,2
0.00006103515625000,0.00024414062500000,0.00012207031250000,0.00024414062500000,0.00006103515625000,0.00048828125000000,0.00024414062500000,0.00012207031250000,0.00048828125000000,0.00097656250000000,0.00006103515625000,0.00024414062500000,0.00006103515625000,0.00012207031250000,0.00048828125000000,0.00006103515625000,0.42040737225105329,0
0.00000000000000000,0.00000000000000000,0.00000000000000000,0.00000000000000000,0.00000000000000000,0.00000000000000000,0.00000000000000000,0.00006103515625000,0.00000000000000000,0.00000000000000000,0.00000000000000000,0.00000000000000000,0.00000000000000000,0.00000000000000000,0.00000000000000000,0.00006103515625000,0.00000000000000000,0
0.00000000000000000,0.00000000000000000,0.00000000000000000,0.00000000000000000,0.00006103515625000,0.00000000000000000,0.00000000000000000,0.00000000000000000,0.00000000000000000,0.00000000000000000,0.00000000000000000,0.00006103515625000,0.00006103515625000,0.00000000000000000,0.00000000000000000,0.00000000000000000,0.00000000000000000,2
0.00000000000000000,0.00000000000000000,0.00000000000000000,0.00000000000000000,0.00000000000000000,0.00000000000000000,0.00006103515625000,0.00000000000000000,0.00000000000000000,0.00000000000000000,0.00000000000000000,0.00000000000000000,0.00012207031250000,0.00000000000000000,0.00000000000000000,0.00006103515625000,0.11649500072266981,2
0.00000000000000000,0.00000000000000000,0.00006103515625000,0.00000000000000000,0.00006103515625000,0.00000000000000000,0.00000000000000000,0.00000000000000000,0.00000000000000000,0.00000000000000000,0.00000000000000000,0.00000000000000000,0.00012207031250000,0.00006103515625000,0.00000000000000000,0.00000000000000000,0.11649500072266981,1
0.00000000000000000,0.00000000000000000,0.00006103515625000,0.00000000000000000,0.00000000000000000,0.00000000000000000,0.00000000000000000,0.00000000000000000,0.00006103515625000,0.00000000000000000,0.00000000000000000,0.00000000000000000,0.00012207031250000,0.00006103515625000,0.00006103515625000,0.00000000000000000,0.11649500072266981,2
0.00006103515625000,0.00006103515625000,0.00012207031250000,0.00006103515625000,0.00012207031250000,0.00000000000000000,0.00000000000000000,0.00000000000000000,0.00000000000000000,0.00000000000000000,0.00000000000000000,0.00000000000000000,0.00000000000000000,0.00000000000000000,0.00000000000000000,0.00000000000000000,0.15904041823988749,3
0.00000000000000000,0.00000000000000000,0.00000000000000000,0.00000000000000000,0.00000000000000000,0.00000000000000000,0.00000000000000000,0.00000000000000000,0.00006103515625000,0.00000000000000000,0.00006103515625000,0.00000000000000000,0.00012207031250000,0.00006103515625000,0.00012207031250000,0.00006103515625000,0.15904041823988749,0
0.00006103515625000,0.00006103515625000,0.00006103515625000,0.00006103515625000,0.00012207031250000,0.00006103515625000,0.00012207031250000,0.00000000000000000,0.00000000000000000,0.00000000000000000,0.00000000000000000,0.00000000000000000,0.00000000000000000,0.00000000000000000,0.00000000000000000,0.00000000000000000,0.15904041823988749,3
0.00006103515625000,0.00012207031250000,0.00006103515625000,0.00006103515625000,0.00012207031250000,0.00000000000000000,0.00012207031250000,0.00000000000000000,0.00000000000000000,0.00000000000000000,0.00000000000000000,0.00000000000000000,0.00006103515625000,0.00000000000000000,0.00000000000000000,0.00000000000000000,0.18565722538447280,1
0.00006103515625000,0.00012207031250000,0.00006103515625000,0.00006103515625000,0.00012207031250000,0.00000000000000000,0.00012207031250000,0.00000000000000000,0.00006103515625000,0.00000000000000000,0.00000000000000000,0.00000000000000000,0.00000000000000000,0.00000000000000000,0.00006103515625000,0.00000000000000000,0.18565722538447280,0
0.00006103515625000,0.00012207031250000,0.00012207031250000,0.00000000000000000,0.00024414062500000,0.00000000000000000,0.00000000000000000,0.00000000000000000,0.00006103515625000,0.00000000000000000,0.00000000000000000,0.00000000000000000,0.00006103515625000,0.00000000000000000,0.00000000000000000,0.00006103515625000,0.23299000144533963,2
0.00006103515625000,0.00024414062500000,0.00000000000000000,0.00000000000000000,0.00024414062500000,0.00000000000000000,0.00000000000000000,0.00000000000000000,0.00006103515625000,0.00000000000000000,0.00006103515625000,0.00000000000000000,0.00012207031250000,0.00000000000000000,0.00000000000000000,0.00000000000000000,0.26136695401116583,0
0.00000000000000000,0.00000000000000000,0.00006103515625000,0.00024414062500000,0.00000000000000000,0.00000000000000000,0.00000000000000000,0.00024414062500000,0.00000000000000000,0.00000000000000000,0.00000000000000000,0.00012207031250000,0.00000000000000000,0.00000000000000000,0.00006103515625000,0.00012207031250000,0.26879730945328922,0
0.00006103515625000,0.00024414062500000,0.00000000000000000,0.00000000000000000,0.00024414062500000,0.00000000000000000,0.00000000000000000,0.00000000000000000,0.00012207031250000,0.00006103515625000,0.00000000000000000,0.00000000000000000,0.00006103515625000,0.00012207031250000,0.00000000000000000,0.00000000000000000,0.26879730945328922,1
0.00000000000000000,0.00000000000000000,0.00006103515625000,0.00024414062500000,0.00000000000000000,0.00000000000000000,0.00000000000000000,0.00024414062500000,0.00000000000000000,0.00000000000000000,0.00012207031250000,0.00006103515625000,0.00000000000000000,0.00006103515625000,0.00006103515625000,0.00012207031250000,0.26879730945328922,3
0.00000000000000000,0.00006103515625000,0.00006103515625000,0.00048828125000000,0.00000000000000000,0.00000000000000000,0.00012207031250000,0.00006103515625000,0.00000000000000000,0.00006103515625000,0.00006103515625000,0.00012207031250000,0.00000000000000000,0.00000000000000000,0.00000000000000000,0.00000000000000000,0.29264580927874856,1
0.00000000000000000,0.00006103515625000,0.00000000000000000,0.00000000000000000,0.00000000000000000,0.00000000000000000,0.00006103515625000,0.00048828125000000,0.00000000000000000,0.00000000000000000,0.00012207031250000,0.00006103515625000,0.00000000000000000,0.00012207031250000,0.00006103515625000,0.00012207031250000,0.29755497250179452,3
0.00000000000000000,0.00006103515625000,0.00006103515625000,0.00048828125000000,0.00000000000000000,0.00012207031250000,0.00012207031250000,0.00006103515625000,0.00000000000000000,0.00000000000000000,0.00006103515625000,0.00012207031250000,0.00000000000000000,0.00000000000000000,0.00000000000000000,0.00006103515625000,0.29755497250179452,1
0.00000000000000000,0.00000000000000000,0.00012207031250000,0.00048828125000000,0.00000000000000000,0.00000000000000000,0.00024414062500000,0.00006103515625000,0.00006103515625000,0.00000000000000000,0.00006103515625000,0.00012207031250000,0.00000000000000000,0.00000000000000000,0.00000000000000000,0.00006103515625000,0.31055381002007598,2
0.00006103515625000,0.00000000000000000,0.00000000000000000,0.00048828125000000,0.00000000000000000,0.00000000000000000,0.00012207031250000,0.00006103515625000,0.00000000000000000,0.00000000000000000,0.00024414062500000,0.00012207031250000,0.00006103515625000,0.00000000000000000,0.00006103515625000,0.00006103515625000,0.31055381002007598,3
0.00006103515625000,0.00048828125000000,0.00000000000000000,0.00000000000000000,0.00012207031250000,0.00006103515625000,0.00000000000000000,0.00006103515625000,0.00024414062500000,0.00012207031250000,0.00000000000000000,0.00000000000000000,0.00012207031250000,0.00006103515625000,0.00000000000000000,0.00000000000000000,0.31441512086208029,0
0.00006103515625000,0.00048828125000000,0.00006103515625000,0.00000000000000000,0.00012207031250000,0.00012207031250000,0.00000000000000000,0.00000000000000000,0.00024414062500000,0.00012207031250000,0.00000000000000000,0.00000000000000000,0.00012207031250000,0.00006103515625000,0.00000000000000000,0.00000000000000000,0.31808083647977498,1
0.00000000000000000,0.00006103515625000,0.00048828125000000,0.00006103515625000,0.00000000000000000,0.00006103515625000,0.00000000000000000,0.00024414062500000,0.00000000000000000,0.00000000000000000,0.00024414062500000,0.00012207031250000,0.00000000000000000,0.00000000000000000,0.00012207031250000,0.00006103515625000,0.32489833444081878,3
0.00012207031250000,0.00012207031250000,0.00048828125000000,0.00006103515625000,0.00000000000000000,0.00000000000000000,0.00024414062500000,0.00024414062500000,0.00000000000000000,0.00000000000000000,0.00012207031250000,0.00012207031250000,0.00000000000000000,0.00000000000000000,0.00000000000000000,0.00006103515625000,0.32808049142565582,2
0.00000000000000000,0.00024414062500000,0.00048828125000000,0.00006103515625000,0.00000000000000000,0.00000000000000000,0.00000000000000000,0.00048828125000000,0.00000000000000000,0.00006103515625000,0.00000000000000000,0.00024414062500000,0.00000000000000000,0.00000000000000000,0.00000000000000000,0.00006103515625000,0.34948500216800937,1
0.00000000000000000,0.00024414062500000,0.00048828125000000,0.00006103515625000,0.00000000000000000,0.00006103515625000,0.00000000000000000,0.00048828125000000,0.00000000000000000,0.00000000000000000,0.00006103515625000,0.00024414062500000,0.00000000000000000,0.00000000000000000,0.00000000000000000,0.00006103515625000,0.34948500216800937,2
0.00000000000000000,0.00024414062500000,0.00048828125000000,0.00006103515625000,0.00000000000000000,0.00006103515625000,0.00006103515625000,0.00048828125000000,0.00000000000000000,0.00000000000000000,0.00000000000000000,0.00024414062500000,0.00000000000000000,0.00006103515625000,0.00000000000000000,0.00006103515625000,0.34948500216800937,3
0.00024414062500000,0.00048828125000000,0.00006103515625000,0.00000000000000000,0.00012207031250000,0.00048828125000000,0.00000000000000000,0.00000000000000000,0.00024414062500000,0.00000000000000000,0.00000000000000000,0.00000000000000000,0.00012207031250000,0.00000000000000000,0.00000000000000000,0.00006103515625000,0.35397527349451430,1
0.00000000000000000,0.00024414062500000,0.00048828125000000,0.00006103515625000,0.00006103515625000,0.00000000000000000,0.00012207031250000,0.00048828125000000,0.00000000000000000,0.00000000000000000,0.00000000000000000,0.00024414062500000,0.00000000000000000,0.00000000000000000,0.00012207031250000,0.00006103515625000,0.35397527349451430,1
0.00024414062500000,0.00048828125000000,0.00006103515625000,0.00000000000000000,0.00006103515625000,0.00012207031250000,0.00048828125000000,0.00000000000000000,0.00024414062500000,0.00006103515625000,0.00000000000000000,0.00000000000000000,0.00012207031250000,0.00006103515625000,0.00000000000000000,0.00000000000000000,0.35397527349451430,1
0.00024414062500000,0.00048828125000000,0.00006103515625000,0.00000000000000000,0.00006103515625000,0.00012207031250000,0.00048828125000000,0.00000000000000000,0.00024414062500000,0.00012207031250000,0.00000000000000000,0.00000000000000000,0.00012207031250000,0.00000000000000000,0.00006103515625000,0.00000000000000000,0.35612009452606780,1
0.00024414062500000,0.00048828125000000,0.00006103515625000,0.00000000000000000,0.00006103515625000,0.00012207031250000,0.00048828125000000,0.00000000000000000,0.00024414062500000,0.00012207031250000,0.00000000000000000,0.00000000000000000,0.00012207031250000,0.00006103515625000,0.00000000000000000,0.00006103515625000,0.35612009452606780,1
0.00024414062500000,0.00048828125000000,0.00006103515625000,0.00006103515625000,0.00006103515625000,0.00024414062500000,0.00048828125000000,0.00000000000000000,0.00024414062500000,0.00006103515625000,0.00000000000000000,0.00000000000000000,0.00012207031250000,0.00006103515625000,0.00000000000000000,0.00000000000000000,0.36022800037249580,3
0.00000000000000000,0.00024414062500000,0.00048828125000000,0.00012207031250000,0.00000000000000000,0.00006103515625000,0.00024414062500000,0.00048828125000000,0.00000000000000000,0.00000000000000000,0.00024414062500000,0.00006103515625000,0.00006103515625000,0.00000000000000000,0.00012207031250000,0.00006103515625000,0.36219771140204565,0
0.00000000000000000,0.00000000000000000,0.00000000000000000,0.00000000000000000,0.00000000000000000,0.00000000000000000,0.00048828125000000,0.00012207031250000,0.00006103515625000,0.00024414062500000,0.00048828125000000,0.00048828125000000,0.00006103515625000,0.00006103515625000,0.00012207031250000,0.00012207031250000,0.37131445076894559,0
0.00000000000000000,0.00000000000000000,0.00000000000000000,0.00006103515625000,0.00048828125000000,0.00012207031250000,0.00000000000000000,0.00000000000000000,0.00006103515625000,0.00024414062500000,0.00097656250000000,0.00000000000000000,0.00012207031250000,0.00024414062500000,0.00000000000000000,0.00000000000000000,0.38806326723978962,1
0.00000000000000000,0.00000000000000000,0.00000000000000000,0.00000000000000000,0.00048828125000000,0.00006103515625000,0.00000000000000000,0.00000000000000000,0.00006103515625000,0.00012207031250000,0.00000000000000000,0.00000000000000000,0.00012207031250000,0.00048828125000000,0.00097656250000000,0.00006103515625000,0.39330591372331464,3
0.00048828125000000,0.00006103515625000,0.00097656250000000,0.00006103515625000,0.00006103515625000,0.00012207031250000,0.00000000000000000,0.00000000000000000,0.00012207031250000,0.00048828125000000,0.00006103515625000,0.00000000000000000,0.00000000000000000,0.00000000000000000,0.00000000000000000,0.00000000000000000,0.39330591372331464,1
0.00000000000000000,0.00006103515625000,0.00000000000000000,0.00000000000000000,0.00048828125000000,0.00006103515625000,0.00000000000000000,0.00000000000000000,0.00006103515625000,0.00012207031250000,0.00097656250000000,0.00000000000000000,0.00012207031250000,0.00048828125000000,0.00006103515625000,0.00006103515625000,0.39330591372331464,2
0.00006103515625000,0.00000000000000000,0.00000000000000000,0.00000000000000000,0.00048828125000000,0.00006103515625000,0.00006103515625000,0.00000000000000000,0.00006103515625000,0.00012207031250000,0.00097656250000000,0.00000000000000000,0.00012207031250000,0.00048828125000000,0.00012207031250000,0.00000000000000000,0.39455932017100315,0
0.00006103515625000,0.00000000000000000,0.00000000000000000,0.00006103515625000,0.00048828125000000,0.00012207031250000,0.00000000000000000,0.00000000000000000,0.00006103515625000,0.00012207031250000,0.00097656250000000,0.00000000000000000,0.00012207031250000,0.00048828125000000,0.00012207031250000,0.00000000000000000,0.39579139100168398,0
0.00006103515625000,0.00000000000000000,0.00000000000000000,0.00000000000000000,0.00048828125000000,0.00006103515625000,0.00000000000000000,0.00000000000000000,0.00006103515625000,0.00024414062500000,0.00097656250000000,0.00000000000000000,0.00012207031250000,0.00048828125000000,0.00012207031250000,0.00006103515625000,0.39819434739408877,3
0.00006103515625000,0.00006103515625000,0.00097656250000000,0.00006103515625000,0.00048828125000000,0.00024414062500000,0.00012207031250000,0.00000000000000000,0.00006103515625000,0.00048828125000000,0.00000000000000000,0.00000000000000000,0.00012207031250000,0.00006103515625000,0.00000000000000000,0.00000000000000000,0.39819434739408877,2
0.00006103515625000,0.00006103515625000,0.00000000000000000,0.00000000000000000,0.00048828125000000,0.00024414062500000,0.00000000000000000,0.00000000000000000,0.00006103515625000,0.00048828125000000,0.00097656250000000,0.00006103515625000,0.00012207031250000,0.00006103515625000,0.00012207031250000,0.00006103515625000,0.39819434739408877,3
0.00012207031250000,0.00000000000000000,0.00000000000000000,0.00006103515625000,0.00048828125000000,0.00024414062500000,0.00000000000000000,0.00000000000000000,0.00006103515625000,0.00048828125000000,0.00097656250000000,0.00006103515625000,0.00012207031250000,0.00006103515625000,0.00012207031250000,0.00006103515625000,0.39936655784928937,3
0.00012207031250000,0.00000000000000000,0.00000000000000000,0.00012207031250000,0.00048828125000000,0.00024414062500000,0.00000000000000000,0.00000000000000000,0.00006103515625000,0.00048828125000000,0.00097656250000000,0.00006103515625000,0.00012207031250000,0.00006103515625000,0.00012207031250000,0.00012207031250000,0.40052008686263635,1
0.00006103515625000,0.00000000000000000,0.00000000000000000,0.00024414062500000,0.00000000000000000,0.00000000000000000,0.00048828125000000,0.00024414062500000,0.00006103515625000,0.00048828125000000,0.00097656250000000,0.00006103515625000,0.00000000000000000,0.00012207031250000,0.00006103515625000,0.00024414062500000,0.40495871333373468,0
0.00006103515625000,0.00024414062500000,0.00000000000000000,0.00012207031250000,0.00048828125000000,0.00024414062500000,0.00000000000000000,0.00000000000000000,0.00006103515625000,0.00048828125000000,0.00097656250000000,0.00006103515625000,0.00012207031250000,0.00006103515625000,0.00024414062500000,0.00000000000000000,0.40495871333373468,2
0.00006103515625000,0.00000000000000000,0.00000000000000000,0.00000000000000000,0.00048828125000000,0.00048828125000000,0.00000000000000000,0.00006103515625000,0.00006103515625000,0.00048828125000000,0.00097656250000000,0.00012207031250000,0.00012207031250000,0.00006103515625000,0.00024414062500000,0.00006103515625000,0.40914081000141839,1
0.00006103515625000,0.00097656250000000,0.00097656250000000,0.00006103515625000,0.00048828125000000,0.00006103515625000,0.00024414062500000,0.00012207031250000,0.00006103515625000,0.00006103515625000,0.00000000000000000,0.00006103515625000,0.00012207031250000,0.00000000000000000,0.00000000000000000,0.00000000000000000,0.41684321036962529,2
0.00000000000000000,0.00006103515625000,0.00195312500000000,0.00006103515625000,0.00048828125000000,0.00006103515625000,0.00024414062500000,0.00012207031250000,0.00000000000000000,0.00000000000000000,0.00006103515625000,0.00012207031250000,0.00000000000000000,0.00000000000000000,0.00006103515625000,0.00012207031250000,0.43091012158475012,2
0.00048828125000000,0.00012207031250000,0.00195312500000000,0.00006103515625000,0.00000000000000000,0.00000000000000000,0.00024414062500000,0.00024414062500000,0.00000000000000000,0.00000000000000000,0.00012207031250000,0.00012207031250000,0.00000000000000000,0.00006103515625000,0.00000000000000000,0.00000000000000000,0.43385739543669705,1
0.00006103515625000,0.00000000000000000,0.00000000000000000,0.00000000000000000,0.00000000000000000,0.00000000000000000,0.00195312500000000,0.00006103515625000,0.00000000000000000,0.00012207031250000,0.00024414062500000,0.00024414062500000,0.00048828125000000,0.00006103515625000,0.00012207031250000,0.00012207031250000,0.43385739543669705,3
0.00000000000000000,0.00000000000000000,0.00000000000000000,0.00006103515625000,0.00006103515625000,0.00000000000000000,0.00195312500000000,0.00006103515625000,0.00000000000000000,0.00000000000000000,0.00012207031250000,0.00048828125000000,0.00000000000000000,0.00048828125000000,0.00006103515625000,0.00024414062500000,0.43806482167505195,1
0.00006103515625000,0.00000000000000000,0.00000000000000000,0.00000000000000000,0.00006103515625000,0.00195312500000000,0.00006103515625000,0.00000000000000000,0.00012207031250000,0.00048828125000000,0.00006103515625000,0.00000000000000000,0.00048828125000000,0.00006103515625000,0.00024414062500000,0.00000000000000000,0.43806482167505195,3
0.00000000000000000,0.00000000000000000,0.00000000000000000,0.00000000000000000,0.00012207031250000,0.00195312500000000,0.00006103515625000,0.00000000000000000,0.00012207031250000,0.00048828125000000,0.00012207031250000,0.00000000000000000,0.00048828125000000,0.00006103515625000,0.00024414062500000,0.00000000000000000,0.43941464939222757,0
0.00000000000000000,0.00000000000000000,0.00000000000000000,0.00000000000000000,0.00000000000000000,0.00195312500000000,0.00006103515625000,0.00000000000000000,0.00024414062500000,0.00048828125000000,0.00012207031250000,0.00000000000000000,0.00048828125000000,0.00006103515625000,0.00024414062500000,0.00006103515625000,0.44073976491130645,0
0.00024414062500000,0.00195312500000000,0.00006103515625000,0.00006103515625000,0.00048828125000000,0.00048828125000000,0.00012207031250000,0.00000000000000000,0.00000000000000000,0.00006103515625000,0.00024414062500000,0.00000000000000000,0.00000000000000000,0.00000000000000000,0.00000000000000000,0.00006103515625000,0.44073976491130645,2
0.00006103515625000,0.00000000000000000,0.00000000000000000,0.00000000000000000,0.00000000000000000,0.00195312500000000,0.00006103515625000,0.00000000000000000,0.00024414062500000,0.00048828125000000,0.00012207031250000,0.00000000000000000,0.00048828125000000,0.00006103515625000,0.00024414062500000,0.00012207031250000,0.44139333516348861,0
0.00006103515625000,0.00000000000000000,0.00000000000000000,0.00000000000000000,0.00195312500000000,0.00006103515625000,0.00000000000000000,0.00006103515625000,0.00024414062500000,0.00048828125000000,0.00012207031250000,0.00000000000000000,0.00048828125000000,0.00006103515625000,0.00024414062500000,0.00012207031250000,0.44139333516348861,3
0.00006103515625000,0.00000000000000000,0.00000000000000000,0.00000000000000000,0.00195312500000000,0.00012207031250000,0.00000000000000000,0.00000000000000000,0.00024414062500000,0.00048828125000000,0.00012207031250000,0.00006103515625000,0.00048828125000000,0.00006103515625000,0.00024414062500000,0.00012207031250000,0.44204105683388722,0
0.00006103515625000,0.00012207031250000,0.00012207031250000,0.00006103515625000,0.00195312500000000,0.00048828125000000,0.00024414062500000,0.00012207031250000,0.00024414062500000,0.00006103515625000,0.00000000000000000,0.00000000000000000,0.00048828125000000,0.00000000000000000,0.00000000000000000,0.00006103515625000,0.44204105683388722,3
0.00006103515625000,0.00006103515625000,0.00000000000000000,0.00000000000000000,0.00195312500000000,0.00012207031250000,0.00000000000000000,0.00006103515625000,0.00024414062500000,0.00048828125000000,0.00012207031250000,0.00012207031250000,0.00048828125000000,0.00006103515625000,0.00024414062500000,0.00006103515625000,0.44204105683388722,3
0.00006103515625000,0.00006103515625000,0.00012207031250000,0.00006103515625000,0.00195312500000000,0.00012207031250000,0.00024414062500000,0.00012207031250000,0.00024414062500000,0.00048828125000000,0.00000000000000000,0.00006103515625000,0.00048828125000000,0.00006103515625000,0.00012207031250000,0.00000000000000000,0.44204105683388722,2
0.00006103515625000,0.00006103515625000,0.00006103515625000,0.00000000000000000,0.00195312500000000,0.00012207031250000,0.00012207031250000,0.00006103515625000,0.00024414062500000,0.00048828125000000,0.00024414062500000,0.00012207031250000,0.00048828125000000,0.00006103515625000,0.00012207031250000,0.00006103515625000,0.44204105683388722,2
0.00012207031250000,0.00006103515625000,0.00000000000000000,0.00000000000000000,0.00195312500000000,0.00024414062500000,0.00006103515625000,0.00006103515625000,0.00024414062500000,0.00048828125000000,0.00024414062500000,0.00012207031250000,0.00048828125000000,0.00006103515625000,0.00012207031250000,0.00006103515625000,0.44395015423160800,3
0.00012207031250000,0.00006103515625000,0.00000000000000000,0.00000000000000000,0.00195312500000000,0.00024414062500000,0.00012207031250000,0.00006103515625000,0.00024414062500000,0.00048828125000000,0.00024414062500000,0.00012207031250000,0.00048828125000000,0.00006103515625000,0.00012207031250000,0.00006103515625000,0.44457549214832565,0
0.00012207031250000,0.00006103515625000,0.00012207031250000,0.00006103515625000,0.00195312500000000,0.00024414062500000,0.00024414062500000,0.00012207031250000,0.00024414062500000,0.00048828125000000,0.00012207031250000,0.00006103515625000,0.00048828125000000,0.00006103515625000,0.00006103515625000,0.00000000000000000,0.44457549214832565,2
0.00012207031250000,0.00006103515625000,0.00012207031250000,0.00006103515625000,0.00195312500000000,0.00024414062500000,0.00024414062500000,0.00006103515625000,0.00024414062500000,0.00048828125000000,0.00012207031250000,0.00012207031250000,0.00048828125000000,0.00006103515625000,0.00006103515625000,0.00006103515625000,0.44457549214832565,1
0.00012207031250000,0.00006103515625000,0.00012207031250000,0.00012207031250000,0.00195312500000000,0.00024414062500000,0.00024414062500000,0.00012207031250000,0.00024414062500000,0.00048828125000000,0.00012207031250000,0.00006103515625000,0.00048828125000000,0.00006103515625000,0.00006103515625000,0.00012207031250000,0.44519547378584723,3
0.00012207031250000,0.00006103515625000,0.00024414062500000,0.00012207031250000,0.00195312500000000,0.00048828125000000,0.00012207031250000,0.00000000000000000,0.00024414062500000,0.00048828125000000,0.00012207031250000,0.00006103515625000,0.00048828125000000,0.00012207031250000,0.00012207031250000,0.00000000000000000,0.44939273145555531,0
0.00012207031250000,0.00000000000000000,0.00000000000000000,0.00000000000000000,0.00195312500000000,0.00006103515625000,0.00024414062500000,0.00006103515625000,0.00024414062500000,0.00097656250000000,0.00012207031250000,0.00012207031250000,0.00048828125000000,0.00012207031250000,0.00024414062500000,0.00006103515625000,0.45499571428325924,2
0.00000000000000000,0.00000000000000000,0.00000000000000000,0.00012207031250000,0.00195312500000000,0.00006103515625000,0.00024414062500000,0.00006103515625000,0.00006103515625000,0.00024414062500000,0.00097656250000000,0.00024414062500000,0.00048828125000000,0.00012207031250000,0.00024414062500000,0.00006103515625000,0.45606608371277374,0
0.00012207031250000,0.00006103515625000,0.00000000000000000,0.00000000000000000,0.00195312500000000,0.00006103515625000,0.00024414062500000,0.00006103515625000,0.00006103515625000,0.00024414062500000,0.00097656250000000,0.00024414062500000,0.00048828125000000,0.00012207031250000,0.00024414062500000,0.00006103515625000,0.45606608371277374,0
0.00000000000000000,0.00006103515625000,0.00012207031250000,0.00006103515625000,0.00195312500000000,0.00006103515625000,0.00024414062500000,0.00006103515625000,0.00006103515625000,0.00024414062500000,0.00097656250000000,0.00024414062500000,0.00048828125000000,0.00012207031250000,0.00024414062500000,0.00006103515625000,0.45606608371277374,1
0.00006103515625000,0.00012207031250000,0.00006103515625000,0.00006103515625000,0.00195312500000000,0.00006103515625000,0.00024414062500000,0.00006103515625000,0.00006103515625000,0.00024414062500000,0.00097656250000000,0.00024414062500000,0.00048828125000000,0.00012207031250000,0.00024414062500000,0.00006103515625000,0.45606608371277374,3
0.00006103515625000,0.00012207031250000,0.00012207031250000,0.00006103515625000,0.00195312500000000,0.00006103515625000,0.00024414062500000,0.00006103515625000,0.00006103515625000,0.00024414062500000,0.00097656250000000,0.00024414062500000,0.00048828125000000,0.00012207031250000,0.00024414062500000,0.00006103515625000,0.45659539074168198,3
0.00006103515625000,0.00006103515625000,0.00024414062500000,0.00006103515625000,0.00195312500000000,0.00006103515625000,0.00024414062500000,0.00006103515625000,0.00006103515625000,0.00024414062500000,0.00097656250000000,0.00024414062500000,0.00048828125000000,0.00012207031250000,0.00024414062500000,0.00006103515625000,0.45764253252895482,0
0.00006103515625000,0.00000000000000000,0.00012207031250000,0.00000000000000000,0.00195312500000000,0.00012207031250000,0.00048828125000000,0.00012207031250000,0.00006103515625000,0.00024414062500000,0.00097656250000000,0.00024414062500000,0.00048828125000000,0.00012207031250000,0.00024414062500000,0.00006103515625000,0.46069602206505511,0
0.00006103515625000,0.00012207031250000,0.00012207031250000,0.00012207031250000,0.00195312500000000,0.00024414062500000,0.00048828125000000,0.00024414062500000,0.00006103515625000,0.00012207031250000,0.00097656250000000,0.00006103515625000,0.00048828125000000,0.00000000000000000,0.00024414062500000,0.00006103515625000,0.46069602206505511,2
0.00006103515625000,0.00012207031250000,0.00012207031250000,0.00012207031250000,0.00195312500000000,0.00024414062500000,0.00048828125000000,0.00024414062500000,0.00006103515625000,0.00012207031250000,0.00097656250000000,0.00012207031250000,0.00048828125000000,0.00006103515625000,0.00024414062500000,0.00000000000000000,0.46119264434703006,2
0.00006103515625000,0.00012207031250000,0.00012207031250000,0.00006103515625000,0.00195312500000000,0.00024414062500000,0.00048828125000000,0.00012207031250000,0.00006103515625000,0.00012207031250000,0.00097656250000000,0.00024414062500000,0.00048828125000000,0.00006103515625000,0.00024414062500000,0.00012207031250000,0.46119264434703006,2
0.00006103515625000,0.00000000000000000,0.00000000000000000,0.00000000000000000,0.00000000000000000,0.00000000000000000,0.00000000000000000,0.00000000000000000,0.00000000000000000,0.00000000000000000,0.00000000000000000,0.00000000000000000,0.00000000000000000,0.00000000000000000,0.00000000000000000,0.00012207031250000,0.00000000000000000,2
0.00006103515625000,0.00000000000000000,0.00000000000000000,0.00000000000000000,0.00000000000000000,0.00000000000000000,0.00000000000000000,0.00000000000000000,0.00000000000000000,0.00000000000000000,0.00000000000000000,0.00000000000000000,0.00006103515625000,0.00000000000000000,0.00000000000000000,0.00012207031250000,0.00000000000000000,3
0.00000000000000000,0.00000000000000000,0.00006103515625000,0.00006103515625000,0.00000000000000000,0.00000000000000000,0.00000000000000000,0.00000000000000000,0.00000000000000000,0.00000000000000000,0.00000000000000000,0.00000000000000000,0.00000000000000000,0.00000000000000000,0.00006103515625000,0.00012207031250000,0.00000000000000000,0
0.00000000000000000,0.00006103515625000,0.00000000000000000,0.00012207031250000,0.00000000000000000,0.00000000000000000,0.00000000000000000,0.00000000000000000,0.00000000000000000,0.00000000000000000,0.00000000000000000,0.00000000000000000,0.00000000000000000,0.00000000000000000,0.00006103515625000,0.00012207031250000,0.11649500072266981,3
0.00006103515625000,0.00012207031250000,0.00000000000000000,0.00000000000000000,0.00006103515625000,0.00000000000000000,0.00000000000000000,0.00000000000000000,0.00000000000000000,0.00000000000000000,0.00000000000000000,0.00000000000000000,0.00006103515625000,0.00012207031250000,0.00000000000000000,0.00000000000000000,0.11649500072266981,1
0.00012207031250000,0.00024414062500000,0.00006103515625000,0.00000000000000000,0.00006103515625000,0.00000000000000000,0.00000000000000000,0.00000000000000000,0.00000000000000000,0.00000000000000000,0.00000000000000000,0.00000000000000000,0.00000000000000000,0.00000000000000000,0.00000000000000000,0.00000000000000000,0.20507482022971232,1
0.00000000000000000,0.00000000000000000,0.00000000000000000,0.00000000000000000,0.00000000000000000,0.00006103515625000,0.00000000000000000,0.00000000000000000,0.00012207031250000,0.00000000000000000,0.00000000000000000,0.00000000000000000,0.00006103515625000,0.00024414062500000,0.00006103515625000,0.00000000000000000,0.20507482022971232,1
0.00000000000000000,0.00000000000000000,0.00000000000000000,0.00000000000000000,0.00006103515625000,0.00000000000000000,0.00000000000000000,0.00006103515625000,0.00012207031250000,0.00000000000000000,0.00000000000000000,0.00000000000000000,0.00006103515625000,0.00024414062500000,0.00006103515625000,0.00000000000000000,0.20507482022971232,1
0.00000000000000000,0.00000000000000000,0.00000000000000000,0.00000000000000000,0.00006103515625000,0.00000000000000000,0.00000000000000000,0.00000000000000000,0.00012207031250000,0.00012207031250000,0.00000000000000000,0.00000000000000000,0.00006103515625000,0.00024414062500000,0.00006103515625000,0.00006103515625000,0.20507482022971232,3
0.00006103515625000,0.00012207031250000,0.00006103515625000,0.00006103515625000,0.00012207031250000,0.00024414062500000,0.00000000000000000,0.00000000000000000,0.00006103515625000,0.00000000000000000,0.00000000000000000,0.00012207031250000,0.00000000000000000,0.00000000000000000,0.00000000000000000,0.00000000000000000,0.20507482022971232,3
0.00006103515625000,0.00012207031250000,0.00006103515625000,0.00006103515625000,0.00012207031250000,0.00024414062500000,0.00000000000000000,0.00012207031250000,0.00006103515625000,0.00000000000000000,0.00000000000000000,0.00000000000000000,0.00000000000000000,0.00000000000000000,0.00000000000000000,0.00006103515625000,0.20507482022971232,3
0.00000000000000000,0.00000000000000000,0.00000000000000000,0.00006103515625000,0.00006103515625000,0.00000000000000000,0.00000000000000000,0.00006103515625000,0.00012207031250000,0.00012207031250000,0.00000000000000000,0.00012207031250000,0.00006103515625000,0.00024414062500000,0.00006103515625000,0.00006103515625000,0.20507482022971232,0
0.00000000000000000,0.00006103515625000,0.00000000000000000,0.00000000000000000,0.00006103515625000,0.00000000000000000,0.00000000000000000,0.00012207031250000,0.00012207031250000,0.00012207031250000,0.00000000000000000,0.00012207031250000,0.00006103515625000,0.00024414062500000,0.00006103515625000,0.00006103515625000,0.22036988245565323,0
0.00006103515625000,0.00000000000000000,0.00000000000000000,0.00000000000000000,0.00006103515625000,0.00012207031250000,0.00000000000000000,0.00000000000000000,0.00024414062500000,0.00012207031250000,0.00000000000000000,0.00006103515625000,0.00006103515625000,0.00024414062500000,0.00012207031250000,0.00000000000000000,0.25308565664631461,1
0.00006103515625000,0.00000000000000000,0.00000000000000000,0.00006103515625000,0.00000000000000000,0.00000000000000000,0.00006103515625000,0.00012207031250000,0.00000000000000000,0.00024414062500000,0.00012207031250000,0.00006103515625000,0.00000000000000000,0.00006103515625000,0.00024414062500000,0.00012207031250000,0.25308565664631461,3
0.00000000000000000,0.00000000000000000,0.00006103515625000,0.00012207031250000,0.00000000000000000,0.00000000000000000,0.00006103515625000,0.00012207031250000,0.00000000000000000,0.00024414062500000,0.00012207031250000,0.00006103515625000,0.00000000000000000,0.00006103515625000,0.00024414062500000,0.00012207031250000,0.26136695401116583,0
0.00006103515625000,0.00012207031250000,0.00000000000000000,0.00000000000000000,0.00006103515625000,0.00012207031250000,0.00006103515625000,0.00000000000000000,0.00024414062500000,0.00012207031250000,0.00006103515625000,0.00000000000000000,0.00006103515625000,0.00024414062500000,0.00012207031250000,0.00000000000000000,0.26136695401116583,3
0.00012207031250000,0.00024414062500000,0.00012207031250000,0.00000000000000000,0.00024414062500000,0.00012207031250000,0.00012207031250000,0.00000000000000000,0.00006103515625000,0.00024414062500000,0.00006103515625000,0.00000000000000000,0.00000000000000000,0.00000000000000000,0.00000000000000000,0.00000000000000000,0.28737931160013147,3
0.00012207031250000,0.00024414062500000,0.00012207031250000,0.00006103515625000,0.00024414062500000,0.00024414062500000,0.00000000000000000,0.00000000000000000,0.00006103515625000,0.00024414062500000,0.00006103515625000,0.00000000000000000,0.00000000000000000,0.00000000000000000,0.00000000000000000,0.00000000000000000,0.29755497250179452,1
0.00012207031250000,0.00024414062500000,0.00012207031250000,0.00006103515625000,0.00048828125000000,0.00000000000000000,0.00000000000000000,0.00000000000000000,0.00006103515625000,0.00024414062500000,0.00006103515625000,0.00000000000000000,0.00000000000000000,0.00000000000000000,0.00006103515625000,0.00000000000000000,0.31441512086208029,3
0.00012207031250000,0.00024414062500000,0.00012207031250000,0.00006103515625000,0.00048828125000000,0.00000000000000000,0.00000000000000000,0.00000000000000000,0.00006103515625000,0.00024414062500000,0.00006103515625000,0.00006103515625000,0.00006103515625000,0.00000000000000000,0.00000000000000000,0.00000000000000000,0.31441512086208029,3
0.00012207031250000,0.00024414062500000,0.00012207031250000,0.00006103515625000,0.00000000000000000,0.00000000000000000,0.00000000000000000,0.00048828125000000,0.00000000000000000,0.00006103515625000,0.00024414062500000,0.00012207031250000,0.00000000000000000,0.00000000000000000,0.00006103515625000,0.00006103515625000,0.31808083647977498,2
0.00012207031250000,0.00024414062500000,0.00012207031250000,0.00006103515625000,0.00000000000000000,0.00006103515625000,0.00024414062500000,0.00048828125000000,0.00000000000000000,0.00000000000000000,0.00006103515625000,0.00012207031250000,0.00006103515625000,0.00000000000000000,0.00000000000000000,0.00006103515625000,0.31808083647977498,2
0.00012207031250000,0.00024414062500000,0.00012207031250000,0.00006103515625000,0.00000000000000000,0.00006103515625000,0.00024414062500000,0.00048828125000000,0.00000000000000000,0.00000000000000000,0.00006103515625000,0.00012207031250000,0.00006103515625000,0.00000000000000000,0.00000000000000000,0.00012207031250000,0.32156982095238212,1
0.00006103515625000,0.00000000000000000,0.00000000000000000,0.00000000000000000,0.00000000000000000,0.00000000000000000,0.00012207031250000,0.00006103515625000,0.00012207031250000,0.00024414062500000,0.00024414062500000,0.00048828125000000,0.00006103515625000,0.00006103515625000,0.00006103515625000,0.00024414062500000,0.32808049142565582,3
0.00006103515625000,0.00024414062500000,0.00012207031250000,0.00006103515625000,0.00012207031250000,0.00006103515625000,0.00024414062500000,0.00048828125000000,0.00006103515625000,0.00000000000000000,0.00006103515625000,0.00024414062500000,0.00000000000000000,0.00006103515625000,0.00000000000000000,0.00000000000000000,0.32808049142565582,1
0.00006103515625000,0.00024414062500000,0.00012207031250000,0.00006103515625000,0.00012207031250000,0.00006103515625000,0.00024414062500000,0.00048828125000000,0.00012207031250000,0.00024414062500000,0.00000000000000000,0.00000000000000000,0.00006103515625000,0.00000000000000000,0.00000000000000000,0.00006103515625000,0.33112862237770746,3
0.00000000000000000,0.00000000000000000,0.00000000000000000,0.00000000000000000,0.00006103515625000,0.00024414062500000,0.00006103515625000,0.00006103515625000,0.00024414062500000,0.00006103515625000,0.00012207031250000,0.00048828125000000,0.00006103515625000,0.00024414062500000,0.00024414062500000,0.00006103515625000,0.33686488317832303,3
0.00000000000000000,0.00000000000000000,0.00006103515625000,0.00000000000000000,0.00006103515625000,0.00024414062500000,0.00012207031250000,0.00000000000000000,0.00024414062500000,0.00006103515625000,0.00012207031250000,0.00048828125000000,0.00006103515625000,0.00048828125000000,0.00006103515625000,0.00000000000000000,0.34948500216800937,3
0.00006103515625000,0.00000000000000000,0.00000000000000000,0.00006103515625000,0.00006103515625000,0.00024414062500000,0.00012207031250000,0.00000000000000000,0.00024414062500000,0.00006103515625000,0.00012207031250000,0.00048828125000000,0.00006103515625000,0.00048828125000000,0.00006103515625000,0.00000000000000000,0.34948500216800937,1
0.00000000000000000,0.00000000000000000,0.00000000000000000,0.00012207031250000,0.00000000000000000,0.00006103515625000,0.00024414062500000,0.00012207031250000,0.00024414062500000,0.00006103515625000,0.00012207031250000,0.00048828125000000,0.00006103515625000,0.00006103515625000,0.00048828125000000,0.00006103515625000,0.35176495171654149,3
0.00006103515625000,0.00000000000000000,0.00000000000000000,0.00012207031250000,0.00000000000000000,0.00006103515625000,0.00024414062500000,0.00012207031250000,0.00024414062500000,0.00006103515625000,0.00012207031250000,0.00048828125000000,0.00000000000000000,0.00012207031250000,0.00048828125000000,0.00006103515625000,0.35397527349451430,1
0.00006103515625000,0.00012207031250000,0.00024414062500000,0.00024414062500000,0.00024414062500000,0.00012207031250000,0.00012207031250000,0.00048828125000000,0.00000000000000000,0.00006103515625000,0.00048828125000000,0.00006103515625000,0.00000000000000000,0.00000000000000000,0.00000000000000000,0.00000000000000000,0.36022800037249580,1
0.00006103515625000,0.00024414062500000,0.00024414062500000,0.00024414062500000,0.00024414062500000,0.00006103515625000,0.00012207031250000,0.00048828125000000,0.00006103515625000,0.00000000000000000,0.00048828125000000,0.00006103515625000,0.00000000000000000,0.00000000000000000,0.00000000000000000,0.00000000000000000,0.36411523846959981,1
0.00000000000000000,0.00000000000000000,0.00000000000000000,0.00000000000000000,0.00006103515625000,0.00006103515625000,0.00024414062500000,0.00024414062500000,0.00024414062500000,0.00024414062500000,0.00012207031250000,0.00048828125000000,0.00006103515625000,0.00006103515625000,0.00048828125000000,0.00006103515625000,0.36411523846959981,3
0.00000000000000000,0.00000000000000000,0.00000000000000000,0.00000000000000000,0.00000000000000000,0.00000000000000000,0.00012207031250000,0.00048828125000000,0.00006103515625000,0.00048828125000000,0.00012207031250000,0.00048828125000000,0.00000000000000000,0.00012207031250000,0.00048828125000000,0.00006103515625000,0.38092621816796229,0
0.00006103515625000,0.00048828125000000,0.00024414062500000,0.00097656250000000,0.00000000000000000,0.00012207031250000,0.00048828125000000,0.00006103515625000,0.00000000000000000,0.00006103515625000,0.00000000000000000,0.00000000000000000,0.00000000000000000,0.00000000000000000,0.00000000000000000,0.00000000000000000,0.39455932017100315,2
0.00006103515625000,0.00048828125000000,0.00024414062500000,0.00097656250000000,0.00012207031250000,0.00048828125000000,0.00006103515625000,0.00000000000000000,0.00006103515625000,0.00000000000000000,0.00000000000000000,0.00000000000000000,0.00000000000000000,0.00006103515625000,0.00000000000000000,0.00000000000000000,0.39455932017100315,1
0.00000000000000000,0.00000000000000000,0.00000000000000000,0.00000000000000000,0.00006103515625000,0.00000000000000000,0.00000000000000000,0.00000000000000000,0.00012207031250000,0.00097656250000000,0.00024414062500000,0.00012207031250000,0.00006103515625000,0.00006103515625000,0.00006103515625000,0.00097656250000000,0.40387431232280130,3
0.00000000000000000,0.00000000000000000,0.00000000000000000,0.00000000000000000,0.00000000000000000,0.00006103515625000,0.00000000000000000,0.00006103515625000,0.00012207031250000,0.00097656250000000,0.00024414062500000,0.00012207031250000,0.00000000000000000,0.00006103515625000,0.00012207031250000,0.00097656250000000,0.40495871333373468,2
0.00000000000000000,0.00000000000000000,0.00000000000000000,0.00000000000000000,0.00000000000000000,0.00000000000000000,0.00000000000000000,0.00012207031250000,0.00012207031250000,0.00097656250000000,0.00024414062500000,0.00012207031250000,0.00006103515625000,0.00006103515625000,0.00012207031250000,0.00097656250000000,0.40602710784012602,0
0.00012207031250000,0.00097656250000000,0.00024414062500000,0.00024414062500000,0.00006103515625000,0.00006103515625000,0.00012207031250000,0.00097656250000000,0.00000000000000000,0.00006103515625000,0.00000000000000000,0.00000000000000000,0.00000000000000000,0.00000000000000000,0.00000000000000000,0.00000000000000000,0.40811771998417995,2
0.00000000000000000,0.00012207031250000,0.00097656250000000,0.00048828125000000,0.00000000000000000,0.00012207031250000,0.00012207031250000,0.00097656250000000,0.00000000000000000,0.00000000000000000,0.00000000000000000,0.00006103515625000,0.00006103515625000,0.00000000000000000,0.00000000000000000,0.00000000000000000,0.41309441593230728,2
0.00000000000000000,0.00012207031250000,0.00097656250000000,0.00048828125000000,0.00006103515625000,0.00000000000000000,0.00024414062500000,0.00097656250000000,0.00000000000000000,0.00000000000000000,0.00000000000000000,0.00006103515625000,0.00000000000000000,0.00000000000000000,0.00000000000000000,0.00006103515625000,0.41499307990413908,3
0.00000000000000000,0.00012207031250000,0.00097656250000000,0.00048828125000000,0.00000000000000000,0.00006103515625000,0.00024414062500000,0.00097656250000000,0.00000000000000000,0.00006103515625000,0.00000000000000000,0.00006103515625000,0.00000000000000000,0.00000000000000000,0.00000000000000000,0.00006103515625000,0.41499307990413908,3
0.00000000000000000,0.00012207031250000,0.00097656250000000,0.00048828125000000,0.00000000000000000,0.00006103515625000,0.00024414062500000,0.00097656250000000,0.00000000000000000,0.00000000000000000,0.00006103515625000,0.00012207031250000,0.00000000000000000,0.00000000000000000,0.00000000000000000,0.00006103515625000,0.41592405625774137,1
0.00012207031250000,0.00097656250000000,0.00048828125000000,0.00006103515625000,0.00006103515625000,0.00024414062500000,0.00097656250000000,0.00000000000000000,0.00006103515625000,0.00012207031250000,0.00000000000000000,0.00000000000000000,0.00006103515625000,0.00000000000000000,0.00000000000000000,0.00000000000000000,0.41592405625774137,0
0.00012207031250000,0.00097656250000000,0.00048828125000000,0.00006103515625000,0.00012207031250000,0.00024414062500000,0.00097656250000000,0.00000000000000000,0.00006103515625000,0.00012207031250000,0.00000000000000000,0.00000000000000000,0.00006103515625000,0.00000000000000000,0.00000000000000000,0.00000000000000000,0.41684321036962529,1
0.00012207031250000,0.00097656250000000,0.00048828125000000,0.00006103515625000,0.00000000000000000,0.00012207031250000,0.00024414062500000,0.00097656250000000,0.00000000000000000,0.00000000000000000,0.00006103515625000,0.00012207031250000,0.00012207031250000,0.00000000000000000,0.00000000000000000,0.00006103515625000,0.41684321036962529,2
0.00000000000000000,0.00006103515625000,0.00000000000000000,0.00006103515625000,0.00000000000000000,0.00000000000000000,0.00048828125000000,0.00097656250000000,0.00000000000000000,0.00097656250000000,0.00024414062500000,0.00012207031250000,0.00024414062500000,0.00012207031250000,0.00006103515625000,0.00006103515625000,0.41864722682981242,3
0.00024414062500000,0.00006103515625000,0.00048828125000000,0.00006103515625000,0.00006103515625000,0.00097656250000000,0.00024414062500000,0.00097656250000000,0.00000000000000000,0.00012207031250000,0.00006103515625000,0.00012207031250000,0.00000000000000000,0.00000000000000000,0.00000000000000000,0.00006103515625000,0.41864722682981242,2
0.00024414062500000,0.00006103515625000,0.00048828125000000,0.00006103515625000,0.00006103515625000,0.00097656250000000,0.00024414062500000,0.00097656250000000,0.00012207031250000,0.00006103515625000,0.00012207031250000,0.00000000000000000,0.00006103515625000,0.00000000000000000,0.00006103515625000,0.00000000000000000,0.41864722682981242,1
0.00024414062500000,0.00006103515625000,0.00048828125000000,0.00006103515625000,0.00006103515625000,0.00097656250000000,0.00024414062500000,0.00097656250000000,0.00000000000000000,0.00012207031250000,0.00006103515625000,0.00012207031250000,0.00006103515625000,0.00000000000000000,0.00000000000000000,0.00012207031250000,0.41953264965832909,3
0.00006103515625000,0.00000000000000000,0.00000000000000000,0.00000000000000000,0.00000000000000000,0.00006103515625000,0.00048828125000000,0.00006103515625000,0.00024414062500000,0.00097656250000000,0.00024414062500000,0.00097656250000000,0.00012207031250000,0.00012207031250000,0.00006103515625000,0.00024414062500000,0.42212572983208291,3
0.00000000000000000,0.00000000000000000,0.00000000000000000,0.00006103515625000,0.00000000000000000,0.00006103515625000,0.00048828125000000,0.00006103515625000,0.00024414062500000,0.00097656250000000,0.00024414062500000,0.00097656250000000,0.00006103515625000,0.00024414062500000,0.00006103515625000,0.00024414062500000,0.42380423782652993,0
0.00006103515625000,0.00000000000000000,0.00000000000000000,0.00000000000000000,0.00006103515625000,0.00048828125000000,0.00006103515625000,0.00006103515625000,0.00024414062500000,0.00097656250000000,0.00024414062500000,0.00097656250000000,0.00006103515625000,0.00024414062500000,0.00006103515625000,0.00024414062500000,0.42380423782652993,3
0.00006103515625000,0.00006103515625000,0.00000000000000000,0.00000000000000000,0.00006103515625000,0.00048828125000000,0.00012207031250000,0.00000000000000000,0.00024414062500000,0.00097656250000000,0.00024414062500000,0.00097656250000000,0.00006103515625000,0.00024414062500000,0.00006103515625000,0.00024414062500000,0.42462911756463706,3
0.00000000000000000,0.00000000000000000,0.00000000000000000,0.00012207031250000,0.00006103515625000,0.00006103515625000,0.00048828125000000,0.00012207031250000,0.00024414062500000,0.00097656250000000,0.00024414062500000,0.00097656250000000,0.00006103515625000,0.00024414062500000,0.00006103515625000,0.00024414062500000,0.42544470268536555,1
0.00000000000000000,0.00000000000000000,0.00006103515625000,0.00000000000000000,0.00006103515625000,0.00006103515625000,0.00048828125000000,0.00024414062500000,0.00024414062500000,0.00097656250000000,0.00024414062500000,0.00097656250000000,0.00006103515625000,0.00024414062500000,0.00006103515625000,0.00024414062500000,0.42704881074274575,0
0.00006103515625000,0.00006103515625000,0.00006103515625000,0.00024414062500000,0.00024414062500000,0.00097656250000000,0.00048828125000000,0.00097656250000000,0.00006103515625000,0.00024414062500000,0.00024414062500000,0.00024414062500000,0.00000000000000000,0.00000000000000000,0.00006103515625000,0.00006103515625000,0.42704881074274575,3
0.00006103515625000,0.00000000000000000,0.00006103515625000,0.00024414062500000,0.00006103515625000,0.00006103515625000,0.00048828125000000,0.00097656250000000,0.00024414062500000,0.00097656250000000,0.00024414062500000,0.00024414062500000,0.00006103515625000,0.00024414062500000,0.00006103515625000,0.00006103515625000,0.42704881074274575,1
0.00012207031250000,0.00006103515625000,0.00006103515625000,0.00024414062500000,0.00024414062500000,0.00097656250000000,0.00048828125000000,0.00097656250000000,0.00006103515625000,0.00024414062500000,0.00024414062500000,0.00024414062500000,0.00000000000000000,0.00012207031250000,0.00006103515625000,0.00006103515625000,0.42783772769317668,1
0.00000000000000000,0.00012207031250000,0.00012207031250000,0.00024414062500000,0.00024414062500000,0.00097656250000000,0.00048828125000000,0.00097656250000000,0.00006103515625000,0.00006103515625000,0.00024414062500000,0.00048828125000000,0.00000000000000000,0.00000000000000000,0.00012207031250000,0.00012207031250000,0.43239875839590441,3
0.00000000000000000,0.00006103515625000,0.00012207031250000,0.00024414062500000,0.00000000000000000,0.00012207031250000,0.00048828125000000,0.00097656250000000,0.00024414062500000,0.00097656250000000,0.00024414062500000,0.00048828125000000,0.00006103515625000,0.00006103515625000,0.00012207031250000,0.00012207031250000,0.43239875839590441,3
0.00006103515625000,0.00012207031250000,0.00024414062500000,0.00000000000000000,0.00012207031250000,0.00048828125000000,0.00097656250000000,0.00000000000000000,0.00024414062500000,0.00097656250000000,0.00024414062500000,0.00048828125000000,0.00012207031250000,0.00024414062500000,0.00006103515625000,0.00000000000000000,0.43457583720244480,3
0.00006103515625000,0.00012207031250000,0.00024414062500000,0.00048828125000000,0.00012207031250000,0.00048828125000000,0.00097656250000000,0.00000000000000000,0.00024414062500000,0.00097656250000000,0.00024414062500000,0.00000000000000000,0.00012207031250000,0.00024414062500000,0.00006103515625000,0.00006103515625000,0.43457583720244480,3
0.00006103515625000,0.00012207031250000,0.00024414062500000,0.00048828125000000,0.00012207031250000,0.00048828125000000,0.00097656250000000,0.00006103515625000,0.00024414062500000,0.00097656250000000,0.00024414062500000,0.00006103515625000,0.00012207031250000,0.00024414062500000,0.00006103515625000,0.00000000000000000,0.43457583720244480,3
0.00006103515625000,0.00012207031250000,0.00024414062500000,0.00048828125000000,0.00012207031250000,0.00048828125000000,0.00097656250000000,0.00012207031250000,0.00024414062500000,0.00097656250000000,0.00024414062500000,0.00000000000000000,0.00012207031250000,0.00024414062500000,0.00006103515625000,0.00006103515625000,0.43528721800122366,3
0.00006103515625000,0.00012207031250000,0.00024414062500000,0.00048828125000000,0.00012207031250000,0.00048828125000000,0.00097656250000000,0.00012207031250000,0.00000000000000000,0.00024414062500000,0.00097656250000000,0.00024414062500000,0.00006103515625000,0.00012207031250000,0.00024414062500000,0.00012207031250000,0.43599167527606686,0
0.00006103515625000,0.00012207031250000,0.00024414062500000,0.00048828125000000,0.00012207031250000,0.00048828125000000,0.00195312500000000,0.00012207031250000,0.00006103515625000,0.00024414062500000,0.00024414062500000,0.00024414062500000,0.00006103515625000,0.00012207031250000,0.00000000000000000,0.00012207031250000,0.44641972984001899,2
0.00006103515625000,0.00012207031250000,0.00024414062500000,0.00048828125000000,0.00012207031250000,0.00048828125000000,0.00195312500000000,0.00012207031250000,0.00006103515625000,0.00048828125000000,0.00024414062500000,0.00000000000000000,0.00006103515625000,0.00024414062500000,0.00006103515625000,0.00000000000000000,0.44997295431120765,0
0.00006103515625000,0.00012207031250000,0.00024414062500000,0.00048828125000000,0.00012207031250000,0.00097656250000000,0.00195312500000000,0.00012207031250000,0.00012207031250000,0.00024414062500000,0.00024414062500000,0.00000000000000000,0.00006103515625000,0.00000000000000000,0.00006103515625000,0.00000000000000000,0.45499571428325924,0
0.00006103515625000,0.00012207031250000,0.00024414062500000,0.00048828125000000,0.00012207031250000,0.00097656250000000,0.00195312500000000,0.00012207031250000,0.00000000000000000,0.00000000000000000,0.00012207031250000,0.00048828125000000,0.00006103515625000,0.00000000000000000,0.00000000000000000,0.00012207031250000,0.45764253252895482,1
0.00000000000000000,0.00000000000000000,0.00000000000000000,0.00048828125000000,0.00006103515625000,0.00006103515625000,0.00024414062500000,0.00012207031250000,0.00012207031250000,0.00012207031250000,0.00195312500000000,0.00048828125000000,0.00006103515625000,0.00097656250000000,0.00012207031250000,0.00012207031250000,0.45764253252895482,3
0.00048828125000000,0.00000000000000000,0.00006103515625000,0.00000000000000000,0.00012207031250000,0.00024414062500000,0.00012207031250000,0.00000000000000000,0.00024414062500000,0.00195312500000000,0.00048828125000000,0.00000000000000000,0.00006103515625000,0.00097656250000000,0.00024414062500000,0.00000000000000000,0.46019596885928854,2
0.00006103515625000,0.00000000000000000,0.00048828125000000,0.00006103515625000,0.00000000000000000,0.00012207031250000,0.00024414062500000,0.00012207031250000,0.00000000000000000,0.00024414062500000,0.00195312500000000,0.00048828125000000,0.00000000000000000,0.00006103515625000,0.00097656250000000,0.00024414062500000,0.46019596885928854,1
0.00000000000000000,0.00006103515625000,0.00048828125000000,0.00006103515625000,0.00000000000000000,0.00012207031250000,0.00024414062500000,0.00012207031250000,0.00012207031250000,0.00024414062500000,0.00195312500000000,0.00048828125000000,0.00000000000000000,0.00006103515625000,0.00097656250000000,0.00024414062500000,0.46019596885928854,2
0.00006103515625000,0.00048828125000000,0.00006103515625000,0.00000000000000000,0.00012207031250000,0.00024414062500000,0.00012207031250000,0.00006103515625000,0.00012207031250000,0.00024414062500000,0.00195312500000000,0.00048828125000000,0.00006103515625000,0.00097656250000000,0.00024414062500000,0.00000000000000000,0.46019596885928854,0
0.00006103515625000,0.00000000000000000,0.00006103515625000,0.00000000000000000,0.00006103515625000,0.00048828125000000,0.00012207031250000,0.00000000000000000,0.00024414062500000,0.00048828125000000,0.00195312500000000,0.00006103515625000,0.00006103515625000,0.00097656250000000,0.00024414062500000,0.00048828125000000,0.46314574533378994,1
0.00012207031250000,0.00000000000000000,0.00000000000000000,0.00006103515625000,0.00006103515625000,0.00048828125000000,0.00012207031250000,0.00000000000000000,0.00024414062500000,0.00048828125000000,0.00195312500000000,0.00006103515625000,0.00006103515625000,0.00097656250000000,0.00024414062500000,0.00048828125000000,0.46362589577541152,0
0.00012207031250000,0.00097656250000000,0.00012207031250000,0.00012207031250000,0.00006103515625000,0.00097656250000000,0.00195312500000000,0.00048828125000000,0.00024414062500000,0.00006103515625000,0.00024414062500000,0.00000000000000000,0.00006103515625000,0.00000000000000000,0.00000000000000000,0.00000000000000000,0.46780967158646952,2
0.00012207031250000,0.00195312500000000,0.00012207031250000,0.00012207031250000,0.00006103515625000,0.00006103515625000,0.00195312500000000,0.00048828125000000,0.00024414062500000,0.00000000000000000,0.00024414062500000,0.00006103515625000,0.00006103515625000,0.00000000000000000,0.00000000000000000,0.00000000000000000,0.47469818616523313,2
0.00006103515625000,0.00012207031250000,0.00195312500000000,0.00024414062500000,0.00000000000000000,0.00012207031250000,0.00195312500000000,0.00048828125000000,0.00000000000000000,0.00000000000000000,0.00048828125000000,0.00006103515625000,0.00000000000000000,0.00000000000000000,0.00000000000000000,0.00006103515625000,0.47751732910685463,0
0.00006103515625000,0.00024414062500000,0.00390625000000000,0.00024414062500000,0.00000000000000000,0.00000000000000000,0.00048828125000000,0.00048828125000000,0.00006103515625000,0.00000000000000000,0.00000000000000000,0.00012207031250000,0.00000000000000000,0.00000000000000000,0.00000000000000000,0.00000000000000000,0.49016904061759492,3
0.00012207031250000,0.00024414062500000,0.00390625000000000,0.00024414062500000,0.00000000000000000,0.00000000000000000,0.00048828125000000,0.00048828125000000,0.00000000000000000,0.00000000000000000,0.00000000000000000,0.00012207031250000,0.00000000000000000,0.00000000000000000,0.00000000000000000,0.00006103515625000,0.49049993222767346,2
0.00012207031250000,0.00024414062500000,0.00390625000000000,0.00024414062500000,0.00097656250000000,0.00000000000000000,0.00000000000000000,0.00000000000000000,0.00012207031250000,0.00000000000000000,0.00000000000000000,0.00000000000000000,0.00006103515625000,0.00006103515625000,0.00000000000000000,0.00000000000000000,0.49309398053699455,3
0.00012207031250000,0.00024414062500000,0.00390625000000000,0.00024414062500000,0.00097656250000000,0.00006103515625000,0.00000000000000000,0.00012207031250000,0.00012207031250000,0.00000000000000000,0.00000000000000000,0.00000000000000000,0.00006103515625000,0.00000000000000000,0.00000000000000000,0.00000000000000000,0.49309398053699455,3
0.00012207031250000,0.00024414062500000,0.00390625000000000,0.00024414062500000,0.00097656250000000,0.00006103515625000,0.00012207031250000,0.00000000000000000,0.00012207031250000,0.00006103515625000,0.00000000000000000,0.00000000000000000,0.00006103515625000,0.00000000000000000,0.00000000000000000,0.00000000000000000,0.49309398053699455,0
0.00012207031250000,0.00024414062500000,0.00390625000000000,0.00024414062500000,0.00097656250000000,0.00012207031250000,0.00012207031250000,0.00000000000000000,0.00012207031250000,0.00000000000000000,0.00000000000000000,0.00000000000000000,0.00006103515625000,0.00000000000000000,0.00000000000000000,0.00006103515625000,0.49341179625571652,3
0.00012207031250000,0.00024414062500000,0.00390625000000000,0.00024414062500000,0.00097656250000000,0.00012207031250000,0.00012207031250000,0.00006103515625000,0.00012207031250000,0.00000000000000000,0.00006103515625000,0.00000000000000000,0.00006103515625000,0.00000000000000000,0.00000000000000000,0.00000000000000000,0.49341179625571652,1
0.00012207031250000,0.00024414062500000,0.00390625000000000,0.00024414062500000,0.00006103515625000,0.00097656250000000,0.00024414062500000,0.00006103515625000,0.00000000000000000,0.00000000000000000,0.00012207031250000,0.00006103515625000,0.00000000000000000,0.00000000000000000,0.00000000000000000,0.00006103515625000,0.49404327169947487,1
0.00012207031250000,0.00024414062500000,0.00390625000000000,0.00024414062500000,0.00006103515625000,0.00097656250000000,0.00024414062500000,0.00012207031250000,0.00000000000000000,0.00006103515625000,0.00012207031250000,0.00006103515625000,0.00000000000000000,0.00000000000000000,0.00000000000000000,0.00000000000000000,0.49435695545650543,2
0.00012207031250000,0.00024414062500000,0.00390625000000000,0.00024414062500000,0.00006103515625000,0.00097656250000000,0.00024414062500000,0.00012207031250000,0.00006103515625000,0.00012207031250000,0.00006103515625000,0.00000000000000000,0.00000000000000000,0.00000000000000000,0.00000000000000000,0.00006103515625000,0.49435695545650543,3
0.00000000000000000,0.00006103515625000,0.00000000000000000,0.00000000000000000,0.00000000000000000,0.00024414062500000,0.00390625000000000,0.00024414062500000,0.00012207031250000,0.00097656250000000,0.00024414062500000,0.00012207031250000,0.00012207031250000,0.00012207031250000,0.00006103515625000,0.00006103515625000,0.49466928566560697,1
0.00000000000000000,0.00000000000000000,0.00000000000000000,0.00006103515625000,0.00000000000000000,0.00024414062500000,0.00390625000000000,0.00024414062500000,0.00012207031250000,0.00097656250000000,0.00024414062500000,0.00012207031250000,0.00000000000000000,0.00006103515625000,0.00024414062500000,0.00012207031250000,0.49559827057120948,0
0.00000000000000000,0.00000000000000000,0.00000000000000000,0.00006103515625000,0.00000000000000000,0.00024414062500000,0.00000000000000000,0.00006103515625000,0.00000000000000000,0.00097656250000000,0.00390625000000000,0.00024414062500000,0.00012207031250000,0.00006103515625000,0.00048828125000000,0.00024414062500000,0.49742121889063212,0
0.00012207031250000,0.00024414062500000,0.00390625000000000,0.00012207031250000,0.00000000000000000,0.00097656250000000,0.00048828125000000,0.00048828125000000,0.00000000000000000,0.00006103515625000,0.00000000000000000,0.00000000000000000,0.00000000000000000,0.00000000000000000,0.00000000000000000,0.00006103515625000,0.49890603841626863,2
0.00000000000000000,0.00006103515625000,0.00000000000000000,0.00000000000000000,0.00000000000000000,0.00024414062500000,0.00000000000000000,0.00012207031250000,0.00000000000000000,0.00097656250000000,0.00390625000000000,0.00048828125000000,0.00012207031250000,0.00006103515625000,0.00048828125000000,0.00006103515625000,0.49890603841626863,0
0.00012207031250000,0.00006103515625000,0.00390625000000000,0.00012207031250000,0.00000000000000000,0.00024414062500000,0.00048828125000000,0.00048828125000000,0.00000000000000000,0.00097656250000000,0.00000000000000000,0.00006103515625000,0.00000000000000000,0.00006103515625000,0.00000000000000000,0.00012207031250000,0.49890603841626863,2
0.00012207031250000,0.00006103515625000,0.00390625000000000,0.00012207031250000,0.00024414062500000,0.00097656250000000,0.00000000000000000,0.00006103515625000,0.00097656250000000,0.00006103515625000,0.00000000000000000,0.00000000000000000,0.00006103515625000,0.00012207031250000,0.00000000000000000,0.00000000000000000,0.50122015882045745,3
0.00012207031250000,0.00006103515625000,0.00390625000000000,0.00012207031250000,0.00006103515625000,0.00024414062500000,0.00097656250000000,0.00006103515625000,0.00000000000000000,0.00000000000000000,0.00097656250000000,0.00006103515625000,0.00000000000000000,0.00000000000000000,0.00006103515625000,0.00012207031250000,0.50122015882045745,0
0.00000000000000000,0.00000000000000000,0.00006103515625000,0.00000000000000000,0.00000000000000000,0.00000000000000000,0.00390625000000000,0.00012207031250000,0.00012207031250000,0.00006103515625000,0.00195312500000000,0.00012207031250000,0.00006103515625000,0.00024414062500000,0.00006103515625000,0.00012207031250000,0.50590495636409138,1
0.00000000000000000,0.00000000000000000,0.00006103515625000,0.00000000000000000,0.00000000000000000,0.00000000000000000,0.00390625000000000,0.00006103515625000,0.00012207031250000,0.00006103515625000,0.00195312500000000,0.00012207031250000,0.00006103515625000,0.00024414062500000,0.00006103515625000,0.00024414062500000,0.50643669365828381,3
0.00006103515625000,0.00000000000000000,0.00000000000000000,0.00000000000000000,0.00390625000000000,0.00006103515625000,0.00006103515625000,0.00000000000000000,0.00012207031250000,0.00006103515625000,0.00195312500000000,0.00012207031250000,0.00006103515625000,0.00024414062500000,0.00006103515625000,0.00024414062500000,0.50643669365828381,3
0.00000000000000000,0.00000000000000000,0.00006103515625000,0.00006103515625000,0.00000000000000000,0.00000000000000000,0.00390625000000000,0.00012207031250000,0.00012207031250000,0.00006103515625000,0.00195312500000000,0.00012207031250000,0.00006103515625000,0.00024414062500000,0.00006103515625000,0.00024414062500000,0.50670110459578521,0
0.00012207031250000,0.00006103515625000,0.00006103515625000,0.00006103515625000,0.00006103515625000,0.00024414062500000,0.00390625000000000,0.00024414062500000,0.00000000000000000,0.00000000000000000,0.00195312500000000,0.00024414062500000,0.00000000000000000,0.00000000000000000,0.00006103515625000,0.00006103515625000,0.50722704633685489,2
0.00012207031250000,0.00012207031250000,0.00006103515625000,0.00000000000000000,0.00006103515625000,0.00024414062500000,0.00390625000000000,0.00024414062500000,0.00195312500000000,0.00024414062500000,0.00000000000000000,0.00006103515625000,0.00012207031250000,0.00000000000000000,0.00000000000000000,0.00000000000000000,0.50774919405578467,3
0.00024414062500000,0.00006103515625000,0.00006103515625000,0.00000000000000000,0.00006103515625000,0.00024414062500000,0.00390625000000000,0.00024414062500000,0.00195312500000000,0.00024414062500000,0.00006103515625000,0.00000000000000000,0.00012207031250000,0.00000000000000000,0.00000000000000000,0.00000000000000000,0.50826760209916222,2
0.00024414062500000,0.00006103515625000,0.00006103515625000,0.00024414062500000,0.00006103515625000,0.00048828125000000,0.00390625000000000,0.00000000000000000,0.00195312500000000,0.00000000000000000,0.00006103515625000,0.00006103515625000,0.00012207031250000,0.00000000000000000,0.00000000000000000,0.00000000000000000,0.50929341078128909,3
0.00024414062500000,0.00012207031250000,0.00024414062500000,0.00000000000000000,0.00006103515625000,0.00048828125000000,0.00390625000000000,0.00000000000000000,0.00195312500000000,0.00012207031250000,0.00000000000000000,0.00000000000000000,0.00012207031250000,0.00000000000000000,0.00006103515625000,0.00000000000000000,0.50980091444598441,1
0.00006103515625000,0.00024414062500000,0.00012207031250000,0.00024414062500000,0.00000000000000000,0.00006103515625000,0.00048828125000000,0.00390625000000000,0.00000000000000000,0.00000000000000000,0.00195312500000000,0.00012207031250000,0.00000000000000000,0.00000000000000000,0.00012207031250000,0.00006103515625000,0.50980091444598441,1
0.00006103515625000,0.00024414062500000,0.00012207031250000,0.00024414062500000,0.00006103515625000,0.00048828125000000,0.00390625000000000,0.00000000000000000,0.00195312500000000,0.00012207031250000,0.00000000000000000,0.00006103515625000,0.00012207031250000,0.00006103515625000,0.00000000000000000,0.00000000000000000,0.50980091444598441,0
0.00006103515625000,0.00024414062500000,0.00012207031250000,0.00024414062500000,0.00006103515625000,0.00048828125000000,0.00390625000000000,0.00000000000000000,0.00195312500000000,0.00012207031250000,0.00006103515625000,0.00000000000000000,0.00012207031250000,0.00006103515625000,0.00006103515625000,0.00000000000000000,0.50980091444598441,0
0.00012207031250000,0.00024414062500000,0.00012207031250000,0.00024414062500000,0.00195312500000000,0.00048828125000000,0.00390625000000000,0.00000000000000000,0.00012207031250000,0.00012207031250000,0.00012207031250000,0.00000000000000000,0.00006103515625000,0.00006103515625000,0.00000000000000000,0.00000000000000000,0.51030488454911649,1
0.00012207031250000,0.00024414062500000,0.00012207031250000,0.00024414062500000,0.00000000000000000,0.00195312500000000,0.00048828125000000,0.00390625000000000,0.00000000000000000,0.00006103515625000,0.00012207031250000,0.00024414062500000,0.00000000000000000,0.00000000000000000,0.00000000000000000,0.00012207031250000,0.51105432089367298,1
0.00000000000000000,0.00000000000000000,0.00000000000000000,0.00024414062500000,0.00006103515625000,0.00024414062500000,0.00012207031250000,0.00390625000000000,0.00000000000000000,0.00195312500000000,0.00048828125000000,0.00024414062500000,0.00012207031250000,0.00006103515625000,0.00012207031250000,0.00012207031250000,0.51105432089367298,3
0.00000000000000000,0.00000000000000000,0.00006103515625000,0.00024414062500000,0.00000000000000000,0.00024414062500000,0.00012207031250000,0.00390625000000000,0.00006103515625000,0.00195312500000000,0.00048828125000000,0.00024414062500000,0.00012207031250000,0.00006103515625000,0.00012207031250000,0.00012207031250000,0.51105432089367298,3
0.00006103515625000,0.00000000000000000,0.00006103515625000,0.00024414062500000,0.00000000000000000,0.00024414062500000,0.00012207031250000,0.00390625000000000,0.00006103515625000,0.00195312500000000,0.00048828125000000,0.00024414062500000,0.00000000000000000,0.00012207031250000,0.00006103515625000,0.00024414062500000,0.51154966868592155,0
0.00012207031250000,0.00024414062500000,0.00006103515625000,0.00024414062500000,0.00000000000000000,0.00195312500000000,0.00012207031250000,0.00390625000000000,0.00006103515625000,0.00012207031250000,0.00048828125000000,0.00048828125000000,0.00000000000000000,0.00000000000000000,0.00006103515625000,0.00000000000000000,0.51277340727839038,0
0.00012207031250000,0.00024414062500000,0.00006103515625000,0.00024414062500000,0.00006103515625000,0.00195312500000000,0.00012207031250000,0.00390625000000000,0.00000000000000000,0.00012207031250000,0.00048828125000000,0.00048828125000000,0.00000000000000000,0.00000000000000000,0.00006103515625000,0.00006103515625000,0.51277340727839038,1
0.00012207031250000,0.00024414062500000,0.00006103515625000,0.00024414062500000,0.00006103515625000,0.00195312500000000,0.00012207031250000,0.00390625000000000,0.00000000000000000,0.00000000000000000,0.00012207031250000,0.00097656250000000,0.00006103515625000,0.00000000000000000,0.00000000000000000,0.00012207031250000,0.51492531381440898,2
0.00012207031250000,0.00024414062500000,0.00006103515625000,0.00024414062500000,0.00006103515625000,0.00195312500000000,0.00012207031250000,0.00390625000000000,0.00012207031250000,0.00097656250000000,0.00000000000000000,0.00006103515625000,0.00006103515625000,0.00012207031250000,0.00000000000000000,0.00000000000000000,0.51492531381440898,2
0.00012207031250000,0.00024414062500000,0.00006103515625000,0.00024414062500000,0.00006103515625000,0.00195312500000000,0.00012207031250000,0.00390625000000000,0.00000000000000000,0.00012207031250000,0.00097656250000000,0.00006103515625000,0.00000000000000000,0.00006103515625000,0.00006103515625000,0.00012207031250000,0.51492531381440898,3
0.00006103515625000,0.00024414062500000,0.00006103515625000,0.00024414062500000,0.00000000000000000,0.00195312500000000,0.00012207031250000,0.00390625000000000,0.00012207031250000,0.00012207031250000,0.00097656250000000,0.00006103515625000,0.00006103515625000,0.00006103515625000,0.00006103515625000,0.00012207031250000,0.51492531381440898,3
0.00006103515625000,0.00024414062500000,0.00006103515625000,0.00024414062500000,0.00006103515625000,0.00195312500000000,0.00012207031250000,0.00390625000000000,0.00012207031250000,0.00012207031250000,0.00097656250000000,0.00006103515625000,0.00006103515625000,0.00006103515625000,0.00006103515625000,0.00012207031250000,0.51492531381440898,3
0.00006103515625000,0.00024414062500000,0.00006103515625000,0.00024414062500000,0.00006103515625000,0.00195312500000000,0.00012207031250000,0.00390625000000000,0.00000000000000000,0.00024414062500000,0.00097656250000000,0.00006103515625000,0.00006103515625000,0.00006103515625000,0.00012207031250000,0.00012207031250000,0.51562863024978833,0
0.00006103515625000,0.00024414062500000,0.00006103515625000,0.00024414062500000,0.00006103515625000,0.00195312500000000,0.00012207031250000,0.00390625000000000,0.00006103515625000,0.00024414062500000,0.00097656250000000,0.00006103515625000,0.00000000000000000,0.00000000000000000,0.00012207031250000,0.00024414062500000,0.51632517849902493,2
0.00012207031250000,0.00024414062500000,0.00006103515625000,0.00024414062500000,0.00006103515625000,0.00195312500000000,0.00012207031250000,0.00390625000000000,0.00006103515625000,0.00024414062500000,0.00097656250000000,0.00006103515625000,0.00000000000000000,0.00000000000000000,0.00012207031250000,0.00024414062500000,0.51655587961432625,2
0.00012207031250000,0.00024414062500000,0.00006103515625000,0.00024414062500000,0.00012207031250000,0.00195312500000000,0.00012207031250000,0.00390625000000000,0.00000000000000000,0.00024414062500000,0.00097656250000000,0.00006103515625000,0.00000000000000000,0.00006103515625000,0.00012207031250000,0.00024414062500000,0.51678584776218028,2
0.00024414062500000,0.00024414062500000,0.00006103515625000,0.00024414062500000,0.00000000000000000,0.00195312500000000,0.00012207031250000,0.00390625000000000,0.00006103515625000,0.00024414062500000,0.00097656250000000,0.00006103515625000,0.00000000000000000,0.00006103515625000,0.00012207031250000,0.00024414062500000,0.51724360368245081,1
0.00000000000000000,0.00048828125000000,0.00006103515625000,0.00024414062500000,0.00006103515625000,0.00195312500000000,0.00012207031250000,0.00390625000000000,0.00006103515625000,0.00024414062500000,0.00097656250000000,0.00006103515625000,0.00000000000000000,0.00006103515625000,0.00012207031250000,0.00024414062500000,0.51815052127788552,2
0.00000000000000000,0.00048828125000000,0.00006103515625000,0.00024414062500000,0.00012207031250000,0.00195312500000000,0.00012207031250000,0.00390625000000000,0.00000000000000000,0.00024414062500000,0.00097656250000000,0.00006103515625000,0.00012207031250000,0.00006103515625000,0.00012207031250000,0.00024414062500000,0.51837548622556717,0
0.00000000000000000,0.00048828125000000,0.00006103515625000,0.00024414062500000,0.00000000000000000,0.00195312500000000,0.00012207031250000,0.00390625000000000,0.00006103515625000,0.00024414062500000,0.00097656250000000,0.00006103515625000,0.00024414062500000,0.00006103515625000,0.00012207031250000,0.00024414062500000,0.51882332934734665,0
0.00048828125000000,0.00006103515625000,0.00024414062500000,0.00000000000000000,0.00195312500000000,0.00012207031250000,0.00390625000000000,0.00006103515625000,0.00006103515625000,0.00024414062500000,0.00097656250000000,0.00006103515625000,0.00024414062500000,0.00006103515625000,0.00012207031250000,0.00024414062500000,0.51882332934734665,0
0.00048828125000000,0.00006103515625000,0.00024414062500000,0.00000000000000000,0.00195312500000000,0.00012207031250000,0.00390625000000000,0.00012207031250000,0.00006103515625000,0.00024414062500000,0.00097656250000000,0.00012207031250000,0.00024414062500000,0.00006103515625000,0.00012207031250000,0.00024414062500000,0.51904621609359769,0
0.00006103515625000,0.00048828125000000,0.00006103515625000,0.00024414062500000,0.00195312500000000,0.00012207031250000,0.00390625000000000,0.00012207031250000,0.00006103515625000,0.00024414062500000,0.00097656250000000,0.00012207031250000,0.00024414062500000,0.00006103515625000,0.00012207031250000,0.00024414062500000,0.51904621609359769,1
0.00006103515625000,0.00048828125000000,0.00006103515625000,0.00012207031250000,0.00195312500000000,0.00012207031250000,0.00390625000000000,0.00024414062500000,0.00006103515625000,0.00024414062500000,0.00097656250000000,0.00024414062500000,0.00024414062500000,0.00006103515625000,0.00012207031250000,0.00024414062500000,0.51948994109179270,1
0.00000000000000000,0.00000000000000000,0.00000000000000000,0.00006103515625000,0.00000000000000000,0.00006103515625000,0.00000000000000000,0.00000000000000000,0.00000000000000000,0.00000000000000000,0.00000000000000000,0.00000000000000000,0.00000000000000000,0.00000000000000000,0.00000000000000000,0.00000000000000000,0.00000000000000000,3
0.00000000000000000,0.00006103515625000,0.00000000000000000,0.00006103515625000,0.00000000000000000,0.00000000000000000,0.00000000000000000,0.00006103515625000,0.00000000000000000,0.00000000000000000,0.00000000000000000,0.00000000000000000,0.00000000000000000,0.00000000000000000,0.00000000000000000,0.00000000000000000,0.00000000000000000,1
0.00000000000000000,0.00000000000000000,0.00006103515625000,0.00012207031250000,0.00000000000000000,0.00000000000000000,0.00000000000000000,0.00006103515625000,0.00000000000000000,0.00000000000000000,0.00000000000000000,0.00000000000000000,0.00000000000000000,0.00000000000000000,0.00000000000000000,0.00000000000000000,0.11649500072266981,1
0.00000000000000000,0.00000000000000000,0.00000000000000000,0.00000000000000000,0.00000000000000000,0.00006103515625000,0.00000000000000000,0.00000000000000000,0.00000000000000000,0.00000000000000000,0.00000000000000000,0.00012207031250000,0.00000000000000000,0.00000000000000000,0.00006103515625000,0.00006103515625000,0.11649500072266981,1
0.00000000000000000,0.00000000000000000,0.00000000000000000,0.00000000000000000,0.00006103515625000,0.00000000000000000,0.00000000000000000,0.00000000000000000,0.00012207031250000,0.00000000000000000,0.00000000000000000,0.00000000000000000,0.00012207031250000,0.00006103515625000,0.00000000000000000,0.00000000000000000,0.15904041823988749,3
0.00000000000000000,0.00000000000000000,0.00000000000000000,0.00000000000000000,0.00012207031250000,0.00000000000000000,0.00000000000000000,0.00000000000000000,0.00006103515625000,0.00000000000000000,0.00000000000000000,0.00000000000000000,0.00024414062500000,0.00006103515625000,0.00000000000000000,0.00000000000000000,0.20507482022971232,3
0.00012207031250000,0.00006103515625000,0.00000000000000000,0.00000000000000000,0.00006103515625000,0.00000000000000000,0.00000000000000000,0.00000000000000000,0.00024414062500000,0.00000000000000000,0.00000000000000000,0.00000000000000000,0.00000000000000000,0.00012207031250000,0.00000000000000000,0.00000000000000000,0.20507482022971232,0
0.00000000000000000,0.00000000000000000,0.00012207031250000,0.00006103515625000,0.00000000000000000,0.00006103515625000,0.00000000000000000,0.00006103515625000,0.00000000000000000,0.00000000000000000,0.00000000000000000,0.00024414062500000,0.00000000000000000,0.00000000000000000,0.00000000000000000,0.00012207031250000,0.20507482022971232,1
0.00000000000000000,0.00000000000000000,0.00000000000000000,0.00006103515625000,0.00000000000000000,0.00000000000000000,0.00000000000000000,0.00012207031250000,0.00000000000000000,0.00000000000000000,0.00000000000000000,0.00024414062500000,0.00000000000000000,0.00006103515625000,0.00012207031250000,0.00012207031250000,0.22036988245565323,3
0.00000000000000000,0.00012207031250000,0.00000000000000000,0.00006103515625000,0.00000000000000000,0.00000000000000000,0.00000000000000000,0.00012207031250000,0.00000000000000000,0.00000000000000000,0.00000000000000000,0.00024414062500000,0.00000000000000000,0.00000000000000000,0.00006103515625000,0.00024414062500000,0.24373299964982600,0
0.00000000000000000,0.00000000000000000,0.00000000000000000,0.00000000000000000,0.00000000000000000,0.00000000000000000,0.00012207031250000,0.00006103515625000,0.00000000000000000,0.00000000000000000,0.00000000000000000,0.00012207031250000,0.00000000000000000,0.00012207031250000,0.00006103515625000,0.00048828125000000,0.27553541896255729,2
0.00000000000000000,0.00000000000000000,0.00000000000000000,0.00000000000000000,0.00000000000000000,0.00000000000000000,0.00000000000000000,0.00006103515625000,0.00000000000000000,0.00006103515625000,0.00012207031250000,0.00012207031250000,0.00000000000000000,0.00012207031250000,0.00006103515625000,0.00048828125000000,0.27553541896255729,2
0.00006103515625000,0.00000000000000000,0.00000000000000000,0.00000000000000000,0.00000000000000000,0.00000000000000000,0.00000000000000000,0.00006103515625000,0.00000000000000000,0.00000000000000000,0.00006103515625000,0.00024414062500000,0.00000000000000000,0.00012207031250000,0.00006103515625000,0.00048828125000000,0.28737931160013147,1
0.00006103515625000,0.00000000000000000,0.00000000000000000,0.00000000000000000,0.00006103515625000,0.00000000000000000,0.00006103515625000,0.00000000000000000,0.00006103515625000,0.00024414062500000,0.00000000000000000,0.00000000000000000,0.00012207031250000,0.00006103515625000,0.00048828125000000,0.00000000000000000,0.28737931160013147,1
0.00000000000000000,0.00000000000000000,0.00000000000000000,0.00000000000000000,0.00006103515625000,0.00000000000000000,0.00000000000000000,0.00000000000000000,0.00012207031250000,0.00024414062500000,0.00006103515625000,0.00000000000000000,0.00012207031250000,0.00006103515625000,0.00048828125000000,0.00006103515625000,0.29264580927874856,3
0.00000000000000000,0.00000000000000000,0.00000000000000000,0.00000000000000000,0.00000000000000000,0.00000000000000000,0.00000000000000000,0.00000000000000000,0.00006103515625000,0.00024414062500000,0.00006103515625000,0.00006103515625000,0.00024414062500000,0.00006103515625000,0.00048828125000000,0.00006103515625000,0.30215222610714260,2
0.00000000000000000,0.00000000000000000,0.00000000000000000,0.00000000000000000,0.00000000000000000,0.00000000000000000,0.00000000000000000,0.00000000000000000,0.00006103515625000,0.00006103515625000,0.00024414062500000,0.00012207031250000,0.00024414062500000,0.00006103515625000,0.00048828125000000,0.00006103515625000,0.30647484845620920,1
0.00006103515625000,0.00012207031250000,0.00024414062500000,0.00012207031250000,0.00024414062500000,0.00000000000000000,0.00048828125000000,0.00006103515625000,0.00000000000000000,0.00006103515625000,0.00000000000000000,0.00000000000000000,0.00000000000000000,0.00000000000000000,0.00000000000000000,0.00000000000000000,0.31055381002007598,3
0.00006103515625000,0.00012207031250000,0.00024414062500000,0.00012207031250000,0.00024414062500000,0.00048828125000000,0.00006103515625000,0.00000000000000000,0.00006103515625000,0.00000000000000000,0.00006103515625000,0.00000000000000000,0.00000000000000000,0.00000000000000000,0.00000000000000000,0.00000000000000000,0.31055381002007598,3
0.00000000000000000,0.00000000000000000,0.00000000000000000,0.00000000000000000,0.00006103515625000,0.00000000000000000,0.00000000000000000,0.00006103515625000,0.00024414062500000,0.00012207031250000,0.00024414062500000,0.00000000000000000,0.00006103515625000,0.00048828125000000,0.00012207031250000,0.00012207031250000,0.31441512086208029,1
0.00000000000000000,0.00000000000000000,0.00000000000000000,0.00000000000000000,0.00000000000000000,0.00000000000000000,0.00000000000000000,0.00012207031250000,0.00006103515625000,0.00024414062500000,0.00012207031250000,0.00024414062500000,0.00000000000000000,0.00006103515625000,0.00048828125000000,0.00024414062500000,0.32489833444081878,2
0.00000000000000000,0.00000000000000000,0.00000000000000000,0.00000000000000000,0.00012207031250000,0.00000000000000000,0.00006103515625000,0.00000000000000000,0.00006103515625000,0.00024414062500000,0.00012207031250000,0.00024414062500000,0.00006103515625000,0.00048828125000000,0.00024414062500000,0.00000000000000000,0.32489833444081878,0
0.00000000000000000,0.00000000000000000,0.00000000000000000,0.00006103515625000,0.00000000000000000,0.00000000000000000,0.00012207031250000,0.00006103515625000,0.00006103515625000,0.00024414062500000,0.00012207031250000,0.00024414062500000,0.00000000000000000,0.00006103515625000,0.00048828125000000,0.00024414062500000,0.32489833444081878,2
0.00006103515625000,0.00006103515625000,0.00000000000000000,0.00000000000000000,0.00012207031250000,0.00006103515625000,0.00000000000000000,0.00000000000000000,0.00006103515625000,0.00024414062500000,0.00012207031250000,0.00024414062500000,0.00006103515625000,0.00048828125000000,0.00024414062500000,0.00000000000000000,0.32489833444081878,1
0.00006103515625000,0.00012207031250000,0.00012207031250000,0.00024414062500000,0.00012207031250000,0.00024414062500000,0.00024414062500000,0.00000000000000000,0.00012207031250000,0.00048828125000000,0.00000000000000000,0.00000000000000000,0.00000000000000000,0.00000000000000000,0.00000000000000000,0.00006103515625000,0.33112862237770746,3
0.00000000000000000,0.00000000000000000,0.00000000000000000,0.00006103515625000,0.00000000000000000,0.00012207031250000,0.00000000000000000,0.00000000000000000,0.00006103515625000,0.00024414062500000,0.00012207031250000,0.00024414062500000,0.00024414062500000,0.00048828125000000,0.00024414062500000,0.00006103515625000,0.33686488317832303,1
0.00006103515625000,0.00006103515625000,0.00000000000000000,0.00000000000000000,0.00012207031250000,0.00000000000000000,0.00000000000000000,0.00000000000000000,0.00006103515625000,0.00024414062500000,0.00012207031250000,0.00024414062500000,0.00024414062500000,0.00048828125000000,0.00024414062500000,0.00006103515625000,0.33686488317832303,3
0.00012207031250000,0.00000000000000000,0.00000000000000000,0.00000000000000000,0.00012207031250000,0.00000000000000000,0.00000000000000000,0.00006103515625000,0.00006103515625000,0.00024414062500000,0.00012207031250000,0.00024414062500000,0.00024414062500000,0.00048828125000000,0.00024414062500000,0.00006103515625000,0.33957108299010397,1
0.00006103515625000,0.00000000000000000,0.00000000000000000,0.00000000000000000,0.00024414062500000,0.00000000000000000,0.00000000000000000,0.00006103515625000,0.00006103515625000,0.00024414062500000,0.00012207031250000,0.00024414062500000,0.00024414062500000,0.00048828125000000,0.00024414062500000,0.00006103515625000,0.34469764362436028,3
0.00006103515625000,0.00000000000000000,0.00000000000000000,0.00006103515625000,0.00024414062500000,0.00006103515625000,0.00000000000000000,0.00000000000000000,0.00006103515625000,0.00024414062500000,0.00012207031250000,0.00024414062500000,0.00024414062500000,0.00048828125000000,0.00024414062500000,0.00006103515625000,0.34469764362436028,1
0.00006103515625000,0.00006103515625000,0.00012207031250000,0.00006103515625000,0.00024414062500000,0.00024414062500000,0.00024414062500000,0.00024414062500000,0.00006103515625000,0.00048828125000000,0.00000000000000000,0.00006103515625000,0.00024414062500000,0.00006103515625000,0.00000000000000000,0.00000000000000000,0.34469764362436028,2
0.00000000000000000,0.00012207031250000,0.00012207031250000,0.00006103515625000,0.00000000000000000,0.00000000000000000,0.00048828125000000,0.00048828125000000,0.00006103515625000,0.00006103515625000,0.00048828125000000,0.00006103515625000,0.00000000000000000,0.00000000000000000,0.00024414062500000,0.00006103515625000,0.36411523846959981,2
0.00006103515625000,0.00012207031250000,0.00012207031250000,0.00006103515625000,0.00006103515625000,0.00006103515625000,0.00097656250000000,0.00048828125000000,0.00000000000000000,0.00000000000000000,0.00024414062500000,0.00012207031250000,0.00000000000000000,0.00000000000000000,0.00000000000000000,0.00000000000000000,0.37941030069554071,0
0.00000000000000000,0.00006103515625000,0.00024414062500000,0.00006103515625000,0.00000000000000000,0.00012207031250000,0.00097656250000000,0.00048828125000000,0.00006103515625000,0.00000000000000000,0.00024414062500000,0.00012207031250000,0.00000000000000000,0.00000000000000000,0.00000000000000000,0.00000000000000000,0.38386600957008149,2
0.00006103515625000,0.00024414062500000,0.00006103515625000,0.00000000000000000,0.00012207031250000,0.00097656250000000,0.00048828125000000,0.00006103515625000,0.00006103515625000,0.00024414062500000,0.00012207031250000,0.00000000000000000,0.00000000000000000,0.00000000000000000,0.00000000000000000,0.00000000000000000,0.38386600957008149,3
0.00000000000000000,0.00006103515625000,0.00024414062500000,0.00006103515625000,0.00012207031250000,0.00097656250000000,0.00048828125000000,0.00006103515625000,0.00000000000000000,0.00006103515625000,0.00024414062500000,0.00012207031250000,0.00000000000000000,0.00000000000000000,0.00006103515625000,0.00000000000000000,0.38386600957008149,1
0.00006103515625000,0.00006103515625000,0.00024414062500000,0.00006103515625000,0.00012207031250000,0.00097656250000000,0.00048828125000000,0.00006103515625000,0.00000000000000000,0.00006103515625000,0.00024414062500000,0.00012207031250000,0.00000000000000000,0.00000000000000000,0.00000000000000000,0.00006103515625000,0.38386600957008149,0
0.00000000000000000,0.00012207031250000,0.00024414062500000,0.00006103515625000,0.00012207031250000,0.00097656250000000,0.00048828125000000,0.00006103515625000,0.00000000000000000,0.00006103515625000,0.00024414062500000,0.00012207031250000,0.00000000000000000,0.00000000000000000,0.00012207031250000,0.00006103515625000,0.38529231017595905,0
0.00000000000000000,0.00000000000000000,0.00024414062500000,0.00006103515625000,0.00000000000000000,0.00012207031250000,0.00048828125000000,0.00012207031250000,0.00000000000000000,0.00097656250000000,0.00024414062500000,0.00012207031250000,0.00012207031250000,0.00006103515625000,0.00012207031250000,0.00006103515625000,0.38669104768517570,1
0.00024414062500000,0.00006103515625000,0.00006103515625000,0.00000000000000000,0.00012207031250000,0.00048828125000000,0.00012207031250000,0.00000000000000000,0.00097656250000000,0.00024414062500000,0.00012207031250000,0.00000000000000000,0.00012207031250000,0.00006103515625000,0.00012207031250000,0.00006103515625000,0.38669104768517570,2
0.00000000000000000,0.00006103515625000,0.00024414062500000,0.00012207031250000,0.00000000000000000,0.00012207031250000,0.00048828125000000,0.00012207031250000,0.00000000000000000,0.00097656250000000,0.00024414062500000,0.00012207031250000,0.00012207031250000,0.00006103515625000,0.00012207031250000,0.00006103515625000,0.38806326723978962,2
0.00006103515625000,0.00024414062500000,0.00012207031250000,0.00000000000000000,0.00012207031250000,0.00048828125000000,0.00012207031250000,0.00000000000000000,0.00097656250000000,0.00024414062500000,0.00012207031250000,0.00006103515625000,0.00012207031250000,0.00006103515625000,0.00012207031250000,0.00006103515625000,0.38806326723978962,3
0.00006103515625000,0.00006103515625000,0.00024414062500000,0.00012207031250000,0.00000000000000000,0.00012207031250000,0.00048828125000000,0.00012207031250000,0.00097656250000000,0.00024414062500000,0.00012207031250000,0.00006103515625000,0.00012207031250000,0.00006103515625000,0.00012207031250000,0.00006103515625000,0.38806326723978962,3
0.00006103515625000,0.00012207031250000,0.00024414062500000,0.00012207031250000,0.00000000000000000,0.00012207031250000,0.00048828125000000,0.00012207031250000,0.00097656250000000,0.00024414062500000,0.00012207031250000,0.00006103515625000,0.00012207031250000,0.00006103515625000,0.00012207031250000,0.00006103515625000,0.38940995564142161,1
0.00006103515625000,0.00012207031250000,0.00024414062500000,0.00012207031250000,0.00012207031250000,0.00048828125000000,0.00012207031250000,0.00006103515625000,0.00097656250000000,0.00024414062500000,0.00012207031250000,0.00006103515625000,0.00012207031250000,0.00006103515625000,0.00012207031250000,0.00006103515625000,0.38940995564142161,0
0.00006103515625000,0.00012207031250000,0.00024414062500000,0.00012207031250000,0.00012207031250000,0.00048828125000000,0.00024414062500000,0.00012207031250000,0.00097656250000000,0.00024414062500000,0.00012207031250000,0.00006103515625000,0.00012207031250000,0.00006103515625000,0.00006103515625000,0.00000000000000000,0.39330591372331464,0
0.00006103515625000,0.00012207031250000,0.00012207031250000,0.00000000000000000,0.00012207031250000,0.00048828125000000,0.00048828125000000,0.00000000000000000,0.00097656250000000,0.00024414062500000,0.00012207031250000,0.00024414062500000,0.00012207031250000,0.00006103515625000,0.00006103515625000,0.00006103515625000,0.40052008686263635,2
0.00000000000000000,0.00000000000000000,0.00006103515625000,0.00024414062500000,0.00000000000000000,0.00000000000000000,0.00012207031250000,0.00097656250000000,0.00097656250000000,0.00024414062500000,0.00012207031250000,0.00024414062500000,0.00006103515625000,0.00012207031250000,0.00006103515625000,0.00012207031250000,0.41212607488620207,1
0.00000000000000000,0.00006103515625000,0.00000000000000000,0.00024414062500000,0.00000000000000000,0.00000000000000000,0.00006103515625000,0.00097656250000000,0.00097656250000000,0.00024414062500000,0.00024414062500000,0.00024414062500000,0.00006103515625000,0.00012207031250000,0.00006103515625000,0.00012207031250000,0.41404997322446430,1
0.00000000000000000,0.00000000000000000,0.00006103515625000,0.00024414062500000,0.00000000000000000,0.00006103515625000,0.00006103515625000,0.00097656250000000,0.00000000000000000,0.00097656250000000,0.00024414062500000,0.00048828125000000,0.00006103515625000,0.00012207031250000,0.00006103515625000,0.00012207031250000,0.41775083873414531,3
0.00006103515625000,0.00024414062500000,0.00000000000000000,0.00000000000000000,0.00012207031250000,0.00097656250000000,0.00012207031250000,0.00000000000000000,0.00097656250000000,0.00024414062500000,0.00048828125000000,0.00000000000000000,0.00006103515625000,0.00012207031250000,0.00006103515625000,0.00012207031250000,0.41864722682981242,0
0.00006103515625000,0.00024414062500000,0.00012207031250000,0.00012207031250000,0.00012207031250000,0.00097656250000000,0.00048828125000000,0.00006103515625000,0.00097656250000000,0.00024414062500000,0.00006103515625000,0.00000000000000000,0.00006103515625000,0.00012207031250000,0.00000000000000000,0.00000000000000000,0.41864722682981242,2
0.00006103515625000,0.00006103515625000,0.00024414062500000,0.00024414062500000,0.00012207031250000,0.00097656250000000,0.00048828125000000,0.00006103515625000,0.00000000000000000,0.00097656250000000,0.00024414062500000,0.00006103515625000,0.00000000000000000,0.00000000000000000,0.00006103515625000,0.00012207031250000,0.42040737225105329,0
0.00000000000000000,0.00000000000000000,0.00024414062500000,0.00000000000000000,0.00006103515625000,0.00000000000000000,0.00048828125000000,0.00024414062500000,0.00006103515625000,0.00006103515625000,0.00024414062500000,0.00012207031250000,0.00012207031250000,0.00195312500000000,0.00006103515625000,0.00012207031250000,0.43385739543669705,3
0.00000000000000000,0.00000000000000000,0.00000000000000000,0.00024414062500000,0.00006103515625000,0.00006103515625000,0.00048828125000000,0.00024414062500000,0.00000000000000000,0.00012207031250000,0.00024414062500000,0.00012207031250000,0.00012207031250000,0.00195312500000000,0.00006103515625000,0.00012207031250000,0.43457583720244480,0
0.00000000000000000,0.00000000000000000,0.00000000000000000,0.00000000000000000,0.00012207031250000,0.00006103515625000,0.00048828125000000,0.00000000000000000,0.00006103515625000,0.00012207031250000,0.00024414062500000,0.00048828125000000,0.00012207031250000,0.00195312500000000,0.00006103515625000,0.00024414062500000,0.43874288203078743,0
0.00000000000000000,0.00006103515625000,0.00000000000000000,0.00000000000000000,0.00000000000000000,0.00012207031250000,0.00006103515625000,0.00048828125000000,0.00006103515625000,0.00012207031250000,0.00024414062500000,0.00048828125000000,0.00012207031250000,0.00195312500000000,0.00006103515625000,0.00024414062500000,0.43874288203078743,1
0.00000000000000000,0.00000000000000000,0.00000000000000000,0.00006103515625000,0.00006103515625000,0.00012207031250000,0.00006103515625000,0.00048828125000000,0.00006103515625000,0.00012207031250000,0.00024414062500000,0.00048828125000000,0.00012207031250000,0.00195312500000000,0.00006103515625000,0.00024414062500000,0.43874288203078743,1
0.00012207031250000,0.00024414062500000,0.00006103515625000,0.00006103515625000,0.00012207031250000,0.00195312500000000,0.00024414062500000,0.00097656250000000,0.00000000000000000,0.00000000000000000,0.00006103515625000,0.00024414062500000,0.00000000000000000,0.00006103515625000,0.00000000000000000,0.00000000000000000,0.44581019012296857,0
0.00024414062500000,0.00024414062500000,0.00006103515625000,0.00006103515625000,0.00006103515625000,0.00195312500000000,0.00024414062500000,0.00097656250000000,0.00000000000000000,0.00006103515625000,0.00006103515625000,0.00024414062500000,0.00000000000000000,0.00000000000000000,0.00000000000000000,0.00000000000000000,0.44702417939563865,3
0.00000000000000000,0.00000000000000000,0.00048828125000000,0.00012207031250000,0.00006103515625000,0.00195312500000000,0.00024414062500000,0.00097656250000000,0.00000000000000000,0.00006103515625000,0.00012207031250000,0.00024414062500000,0.00000000000000000,0.00000000000000000,0.00000000000000000,0.00000000000000000,0.45054856301977692,1
0.00006103515625000,0.00195312500000000,0.00048828125000000,0.00012207031250000,0.00006103515625000,0.00006103515625000,0.00024414062500000,0.00097656250000000,0.00000000000000000,0.00000000000000000,0.00012207031250000,0.00024414062500000,0.00000000000000000,0.00000000000000000,0.00000000000000000,0.00000000000000000,0.45054856301977692,2
0.00006103515625000,0.00195312500000000,0.00048828125000000,0.00012207031250000,0.00000000000000000,0.00012207031250000,0.00024414062500000,0.00097656250000000,0.00000000000000000,0.00000000000000000,0.00012207031250000,0.00024414062500000,0.00000000000000000,0.00000000000000000,0.00006103515625000,0.00000000000000000,0.45111963038945979,2
0.00006103515625000,0.00195312500000000,0.00048828125000000,0.00012207031250000,0.00012207031250000,0.00024414062500000,0.00097656250000000,0.00006103515625000,0.00012207031250000,0.00024414062500000,0.00000000000000000,0.00000000000000000,0.00006103515625000,0.00000000000000000,0.00000000000000000,0.00000000000000000,0.45111963038945979,0
0.00006103515625000,0.00195312500000000,0.00048828125000000,0.00012207031250000,0.00012207031250000,0.00024414062500000,0.00097656250000000,0.00006103515625000,0.00000000000000000,0.00000000000000000,0.00012207031250000,0.00024414062500000,0.00000000000000000,0.00006103515625000,0.00000000000000000,0.00006103515625000,0.45111963038945979,2
0.00006103515625000,0.00195312500000000,0.00048828125000000,0.00012207031250000,0.00012207031250000,0.00024414062500000,0.00097656250000000,0.00006103515625000,0.00000000000000000,0.00000000000000000,0.00012207031250000,0.00024414062500000,0.00000000000000000,0.00000000000000000,0.00006103515625000,0.00012207031250000,0.45168622751863602,2
0.00006103515625000,0.00195312500000000,0.00048828125000000,0.00012207031250000,0.00012207031250000,0.00024414062500000,0.00097656250000000,0.00006103515625000,0.00012207031250000,0.00024414062500000,0.00006103515625000,0.00000000000000000,0.00006103515625000,0.00012207031250000,0.00000000000000000,0.00000000000000000,0.45168622751863602,3
0.00000000000000000,0.00006103515625000,0.00000000000000000,0.00000000000000000,0.00006103515625000,0.00195312500000000,0.00048828125000000,0.00000000000000000,0.00024414062500000,0.00048828125000000,0.00097656250000000,0.00012207031250000,0.00006103515625000,0.00012207031250000,0.00006103515625000,0.00006103515625000,0.45499571428325924,2
0.00006103515625000,0.00006103515625000,0.00048828125000000,0.00012207031250000,0.00024414062500000,0.00195312500000000,0.00097656250000000,0.00006103515625000,0.00006103515625000,0.00048828125000000,0.00006103515625000,0.00000000000000000,0.00000000000000000,0.00012207031250000,0.00000000000000000,0.00012207031250000,0.45499571428325924,3
0.00006103515625000,0.00012207031250000,0.00048828125000000,0.00012207031250000,0.00024414062500000,0.00195312500000000,0.00097656250000000,0.00006103515625000,0.00000000000000000,0.00006103515625000,0.00048828125000000,0.00006103515625000,0.00000000000000000,0.00000000000000000,0.00000000000000000,0.00024414062500000,0.45659539074168198,1
0.00000000000000000,0.00000000000000000,0.00000000000000000,0.00000000000000000,0.00006103515625000,0.00012207031250000,0.00048828125000000,0.00012207031250000,0.00006103515625000,0.00195312500000000,0.00097656250000000,0.00012207031250000,0.00024414062500000,0.00006103515625000,0.00048828125000000,0.00024414062500000,0.45712085521744972,1
0.00012207031250000,0.00012207031250000,0.00048828125000000,0.00024414062500000,0.00024414062500000,0.00195312500000000,0.00097656250000000,0.00024414062500000,0.00006103515625000,0.00006103515625000,0.00048828125000000,0.00000000000000000,0.00000000000000000,0.00000000000000000,0.00000000000000000,0.00000000000000000,0.45867474130323976,0
0.00000000000000000,0.00024414062500000,0.00048828125000000,0.00024414062500000,0.00024414062500000,0.00195312500000000,0.00097656250000000,0.00024414062500000,0.00006103515625000,0.00000000000000000,0.00012207031250000,0.00048828125000000,0.00000000000000000,0.00000000000000000,0.00000000000000000,0.00000000000000000,0.46019596885928854,3
0.00000000000000000,0.00024414062500000,0.00048828125000000,0.00024414062500000,0.00024414062500000,0.00195312500000000,0.00097656250000000,0.00024414062500000,0.00006103515625000,0.00006103515625000,0.00012207031250000,0.00048828125000000,0.00000000000000000,0.00000000000000000,0.00000000000000000,0.00000000000000000,0.46019596885928854,0
0.00000000000000000,0.00024414062500000,0.00048828125000000,0.00024414062500000,0.00024414062500000,0.00195312500000000,0.00097656250000000,0.00024414062500000,0.00000000000000000,0.00012207031250000,0.00012207031250000,0.00048828125000000,0.00000000000000000,0.00006103515625000,0.00000000000000000,0.00000000000000000,0.46069602206505511,0
0.00024414062500000,0.00024414062500000,0.00048828125000000,0.00048828125000000,0.00000000000000000,0.00195312500000000,0.00097656250000000,0.00048828125000000,0.00000000000000000,0.00012207031250000,0.00012207031250000,0.00000000000000000,0.00006103515625000,0.00006103515625000,0.00000000000000000,0.00000000000000000,0.46266238852156150,2
0.00000000000000000,0.00000000000000000,0.00048828125000000,0.00097656250000000,0.00000000000000000,0.00195312500000000,0.00097656250000000,0.00048828125000000,0.00000000000000000,0.00000000000000000,0.00000000000000000,0.00024414062500000,0.00000000000000000,0.00006103515625000,0.00000000000000000,0.00012207031250000,0.46959422825996344,0
0.00000000000000000,0.00000000000000000,0.00048828125000000,0.00097656250000000,0.00006103515625000,0.00195312500000000,0.00097656250000000,0.00048828125000000,0.00000000000000000,0.00000000000000000,0.00000000000000000,0.00024414062500000,0.00000000000000000,0.00000000000000000,0.00006103515625000,0.00012207031250000,0.46959422825996344,0
0.00048828125000000,0.00097656250000000,0.00000000000000000,0.00000000000000000,0.00006103515625000,0.00195312500000000,0.00097656250000000,0.00048828125000000,0.00024414062500000,0.00000000000000000,0.00006103515625000,0.00000000000000000,0.00006103515625000,0.00012207031250000,0.00000000000000000,0.00000000000000000,0.46959422825996344,0
0.00048828125000000,0.00097656250000000,0.00097656250000000,0.00048828125000000,0.00006103515625000,0.00195312500000000,0.00006103515625000,0.00006103515625000,0.00024414062500000,0.00012207031250000,0.00000000000000000,0.00000000000000000,0.00006103515625000,0.00000000000000000,0.00000000000000000,0.00000000000000000,0.46959422825996344,3
0.00000000000000000,0.00048828125000000,0.00195312500000000,0.00048828125000000,0.00000000000000000,0.00006103515625000,0.00195312500000000,0.00012207031250000,0.00000000000000000,0.00006103515625000,0.00024414062500000,0.00012207031250000,0.00000000000000000,0.00000000000000000,0.00000000000000000,0.00006103515625000,0.47672300109516558,0
0.00000000000000000,0.00048828125000000,0.00390625000000000,0.00048828125000000,0.00006103515625000,0.00012207031250000,0.00024414062500000,0.00024414062500000,0.00000000000000000,0.00000000000000000,0.00000000000000000,0.00006103515625000,0.00000000000000000,0.00000000000000000,0.00000000000000000,0.00000000000000000,0.48950268457746904,3
0.00006103515625000,0.00048828125000000,0.00390625000000000,0.00048828125000000,0.00000000000000000,0.00012207031250000,0.00024414062500000,0.00024414062500000,0.00000000000000000,0.00000000000000000,0.00006103515625000,0.00006103515625000,0.00000000000000000,0.00000000000000000,0.00000000000000000,0.00000000000000000,0.48950268457746904,2
0.00006103515625000,0.00048828125000000,0.00390625000000000,0.00048828125000000,0.00000000000000000,0.00000000000000000,0.00012207031250000,0.00048828125000000,0.00006103515625000,0.00000000000000000,0.00000000000000000,0.00012207031250000,0.00000000000000000,0.00000000000000000,0.00000000000000000,0.00000000000000000,0.49115721178297095,0
0.00006103515625000,0.00048828125000000,0.00390625000000000,0.00048828125000000,0.00012207031250000,0.00048828125000000,0.00000000000000000,0.00000000000000000,0.00006103515625000,0.00012207031250000,0.00000000000000000,0.00000000000000000,0.00000000000000000,0.00006103515625000,0.00000000000000000,0.00000000000000000,0.49115721178297095,1
0.00006103515625000,0.00097656250000000,0.00390625000000000,0.00048828125000000,0.00012207031250000,0.00012207031250000,0.00006103515625000,0.00000000000000000,0.00006103515625000,0.00006103515625000,0.00000000000000000,0.00000000000000000,0.00000000000000000,0.00000000000000000,0.00000000000000000,0.00000000000000000,0.49372822261167015,1
0.00006103515625000,0.00097656250000000,0.00390625000000000,0.00048828125000000,0.00000000000000000,0.00000000000000000,0.00024414062500000,0.00006103515625000,0.00000000000000000,0.00012207031250000,0.00000000000000000,0.00012207031250000,0.00000000000000000,0.00000000000000000,0.00000000000000000,0.00000000000000000,0.49466928566560697,0
0.00006103515625000,0.00097656250000000,0.00390625000000000,0.00048828125000000,0.00024414062500000,0.00006103515625000,0.00000000000000000,0.00000000000000000,0.00024414062500000,0.00000000000000000,0.00000000000000000,0.00000000000000000,0.00000000000000000,0.00000000000000000,0.00006103515625000,0.00000000000000000,0.49528993181462971,1
0.00006103515625000,0.00097656250000000,0.00390625000000000,0.00048828125000000,0.00024414062500000,0.00006103515625000,0.00000000000000000,0.00000000000000000,0.00024414062500000,0.00000000000000000,0.00000000000000000,0.00000000000000000,0.00006103515625000,0.00000000000000000,0.00012207031250000,0.00000000000000000,0.49528993181462971,3
0.00006103515625000,0.00000000000000000,0.00000000000000000,0.00000000000000000,0.00006103515625000,0.00000000000000000,0.00000000000000000,0.00000000000000000,0.00048828125000000,0.00097656250000000,0.00390625000000000,0.00000000000000000,0.00006103515625000,0.00006103515625000,0.00012207031250000,0.00048828125000000,0.49651548343972102,1
0.00012207031250000,0.00097656250000000,0.00390625000000000,0.00048828125000000,0.00048828125000000,0.00006103515625000,0.00012207031250000,0.00000000000000000,0.00006103515625000,0.00000000000000000,0.00000000000000000,0.00006103515625000,0.00000000000000000,0.00000000000000000,0.00000000000000000,0.00000000000000000,0.49681865629614058,2
0.00012207031250000,0.00097656250000000,0.00390625000000000,0.00048828125000000,0.00000000000000000,0.00048828125000000,0.00006103515625000,0.00012207031250000,0.00000000000000000,0.00000000000000000,0.00006103515625000,0.00012207031250000,0.00000000000000000,0.00000000000000000,0.00000000000000000,0.00000000000000000,0.49712056461142423,0
0.00012207031250000,0.00097656250000000,0.00390625000000000,0.00048828125000000,0.00000000000000000,0.00048828125000000,0.00012207031250000,0.00024414062500000,0.00000000000000000,0.00000000000000000,0.00000000000000000,0.00000000000000000,0.00006103515625000,0.00000000000000000,0.00000000000000000,0.00000000000000000,0.49801880671139198,0
0.00012207031250000,0.00097656250000000,0.00390625000000000,0.00048828125000000,0.00012207031250000,0.00048828125000000,0.00012207031250000,0.00024414062500000,0.00000000000000000,0.00000000000000000,0.00000000000000000,0.00000000000000000,0.00000000000000000,0.00000000000000000,0.00000000000000000,0.00006103515625000,0.49801880671139198,2
0.00012207031250000,0.00097656250000000,0.00390625000000000,0.00048828125000000,0.00012207031250000,0.00048828125000000,0.00012207031250000,0.00024414062500000,0.00000000000000000,0.00000000000000000,0.00006103515625000,0.00000000000000000,0.00006103515625000,0.00000000000000000,0.00000000000000000,0.00000000000000000,0.49801880671139198,0
0.00000000000000000,0.00000000000000000,0.00006103515625000,0.00000000000000000,0.00000000000000000,0.00000000000000000,0.00390625000000000,0.00000000000000000,0.00024414062500000,0.00097656250000000,0.00012207031250000,0.00048828125000000,0.00006103515625000,0.00048828125000000,0.00006103515625000,0.00024414062500000,0.49861150122999143,2
0.00024414062500000,0.00097656250000000,0.00006103515625000,0.00048828125000000,0.00006103515625000,0.00048828125000000,0.00390625000000000,0.00024414062500000,0.00000000000000000,0.00000000000000000,0.00012207031250000,0.00006103515625000,0.00000000000000000,0.00000000000000000,0.00006103515625000,0.00000000000000000,0.49861150122999143,1
0.00024414062500000,0.00097656250000000,0.00006103515625000,0.00048828125000000,0.00006103515625000,0.00048828125000000,0.00390625000000000,0.00024414062500000,0.00000000000000000,0.00000000000000000,0.00012207031250000,0.00006103515625000,0.00006103515625000,0.00000000000000000,0.00000000000000000,0.00006103515625000,0.49861150122999143,1
0.00024414062500000,0.00097656250000000,0.00006103515625000,0.00048828125000000,0.00012207031250000,0.00048828125000000,0.00390625000000000,0.00024414062500000,0.00000000000000000,0.00000000000000000,0.00012207031250000,0.00012207031250000,0.00000000000000000,0.00006103515625000,0.00000000000000000,0.00000000000000000,0.49919938193286323,2
0.00000000000000000,0.00006103515625000,0.00000000000000000,0.00000000000000000,0.00000000000000000,0.00097656250000000,0.00006103515625000,0.00048828125000000,0.00024414062500000,0.00048828125000000,0.00390625000000000,0.00024414062500000,0.00012207031250000,0.00006103515625000,0.00012207031250000,0.00012207031250000,0.49919938193286323,3
0.00006103515625000,0.00000000000000000,0.00000000000000000,0.00006103515625000,0.00097656250000000,0.00006103515625000,0.00048828125000000,0.00000000000000000,0.00024414062500000,0.00048828125000000,0.00390625000000000,0.00024414062500000,0.00012207031250000,0.00006103515625000,0.00024414062500000,0.00000000000000000,0.49978252638527598,3
0.00006103515625000,0.00006103515625000,0.00048828125000000,0.00006103515625000,0.00097656250000000,0.00048828125000000,0.00390625000000000,0.00024414062500000,0.00024414062500000,0.00006103515625000,0.00024414062500000,0.00000000000000000,0.00012207031250000,0.00006103515625000,0.00000000000000000,0.00000000000000000,0.49978252638527598,1
0.00006103515625000,0.00000000000000000,0.00000000000000000,0.00006103515625000,0.00097656250000000,0.00006103515625000,0.00048828125000000,0.00000000000000000,0.00024414062500000,0.00048828125000000,0.00390625000000000,0.00006103515625000,0.00012207031250000,0.00012207031250000,0.00024414062500000,0.00024414062500000,0.50007234624655317,2
0.00000000000000000,0.00000000000000000,0.00000000000000000,0.00012207031250000,0.00000000000000000,0.00097656250000000,0.00006103515625000,0.00048828125000000,0.00024414062500000,0.00048828125000000,0.00390625000000000,0.00006103515625000,0.00000000000000000,0.00012207031250000,0.00024414062500000,0.00048828125000000,0.50206922912707219,2
0.00024414062500000,0.00097656250000000,0.00006103515625000,0.00012207031250000,0.00000000000000000,0.00048828125000000,0.00390625000000000,0.00048828125000000,0.00012207031250000,0.00012207031250000,0.00024414062500000,0.00006103515625000,0.00000000000000000,0.00000000000000000,0.00000000000000000,0.00048828125000000,0.50206922912707219,2
0.00024414062500000,0.00097656250000000,0.00006103515625000,0.00012207031250000,0.00048828125000000,0.00390625000000000,0.00048828125000000,0.00000000000000000,0.00024414062500000,0.00024414062500000,0.00006103515625000,0.00000000000000000,0.00048828125000000,0.00000000000000000,0.00006103515625000,0.00000000000000000,0.50262979273150676,2
0.00024414062500000,0.00097656250000000,0.00006103515625000,0.00012207031250000,0.00048828125000000,0.00390625000000000,0.00048828125000000,0.00006103515625000,0.00048828125000000,0.00006103515625000,0.00000000000000000,0.00000000000000000,0.00048828125000000,0.00006103515625000,0.00000000000000000,0.00000000000000000,0.50373806186424774,0
0.00000000000000000,0.00000000000000000,0.00000000000000000,0.00000000000000000,0.00024414062500000,0.00097656250000000,0.00006103515625000,0.00000000000000000,0.00048828125000000,0.00390625000000000,0.00006103515625000,0.00012207031250000,0.00097656250000000,0.00012207031250000,0.00048828125000000,0.00006103515625000,0.50617131329262921,1
0.00000000000000000,0.00000000000000000,0.00012207031250000,0.00000000000000000,0.00000000000000000,0.00024414062500000,0.00097656250000000,0.00006103515625000,0.00048828125000000,0.00390625000000000,0.00006103515625000,0.00012207031250000,0.00097656250000000,0.00012207031250000,0.00048828125000000,0.00006103515625000,0.50617131329262921,2
0.00048828125000000,0.00024414062500000,0.00012207031250000,0.00006103515625000,0.00097656250000000,0.00390625000000000,0.00097656250000000,0.00012207031250000,0.00000000000000000,0.00012207031250000,0.00006103515625000,0.00006103515625000,0.00006103515625000,0.00000000000000000,0.00048828125000000,0.00000000000000000,0.50617131329262921,3
0.00048828125000000,0.00024414062500000,0.00012207031250000,0.00006103515625000,0.00097656250000000,0.00390625000000000,0.00097656250000000,0.00012207031250000,0.00000000000000000,0.00006103515625000,0.00012207031250000,0.00012207031250000,0.00000000000000000,0.00000000000000000,0.00006103515625000,0.00048828125000000,0.50643669365828381,3
0.00048828125000000,0.00024414062500000,0.00012207031250000,0.00006103515625000,0.00097656250000000,0.00390625000000000,0.00097656250000000,0.00012207031250000,0.00000000000000000,0.00006103515625000,0.00006103515625000,0.00024414062500000,0.00000000000000000,0.00000000000000000,0.00006103515625000,0.00048828125000000,0.50696455316195865,0
0.00000000000000000,0.00006103515625000,0.00000000000000000,0.00006103515625000,0.00000000000000000,0.00024414062500000,0.00012207031250000,0.00012207031250000,0.00048828125000000,0.00390625000000000,0.00097656250000000,0.00024414062500000,0.00097656250000000,0.00006103515625000,0.00012207031250000,0.00048828125000000,0.50722704633685489,2
0.00048828125000000,0.00006103515625000,0.00012207031250000,0.00006103515625000,0.00097656250000000,0.00024414062500000,0.00097656250000000,0.00012207031250000,0.00000000000000000,0.00390625000000000,0.00012207031250000,0.00024414062500000,0.00000000000000000,0.00006103515625000,0.00006103515625000,0.00048828125000000,0.50722704633685489,1
0.00048828125000000,0.00006103515625000,0.00012207031250000,0.00006103515625000,0.00097656250000000,0.00024414062500000,0.00097656250000000,0.00012207031250000,0.00390625000000000,0.00012207031250000,0.00024414062500000,0.00000000000000000,0.00012207031250000,0.00048828125000000,0.00000000000000000,0.00006103515625000,0.50748859102485999,1
0.00048828125000000,0.00006103515625000,0.00000000000000000,0.00006103515625000,0.00097656250000000,0.00024414062500000,0.00012207031250000,0.00006103515625000,0.00390625000000000,0.00012207031250000,0.00097656250000000,0.00012207031250000,0.00012207031250000,0.00048828125000000,0.00024414062500000,0.00006103515625000,0.50748859102485999,2
0.00048828125000000,0.00006103515625000,0.00000000000000000,0.00006103515625000,0.00097656250000000,0.00024414062500000,0.00012207031250000,0.00012207031250000,0.00390625000000000,0.00012207031250000,0.00097656250000000,0.00012207031250000,0.00012207031250000,0.00048828125000000,0.00024414062500000,0.00006103515625000,0.50774919405578467,3
0.00048828125000000,0.00006103515625000,0.00000000000000000,0.00012207031250000,0.00097656250000000,0.00024414062500000,0.00012207031250000,0.00006103515625000,0.00390625000000000,0.00012207031250000,0.00097656250000000,0.00024414062500000,0.00012207031250000,0.00048828125000000,0.00024414062500000,0.00006103515625000,0.50826760209916222,2
0.00048828125000000,0.00006103515625000,0.00012207031250000,0.00012207031250000,0.00097656250000000,0.00024414062500000,0.00097656250000000,0.00006103515625000,0.00390625000000000,0.00012207031250000,0.00024414062500000,0.00024414062500000,0.00012207031250000,0.00048828125000000,0.00006103515625000,0.00006103515625000,0.50826760209916222,2
0.00006103515625000,0.00048828125000000,0.00006103515625000,0.00024414062500000,0.00097656250000000,0.00024414062500000,0.00097656250000000,0.00006103515625000,0.00000000000000000,0.00390625000000000,0.00012207031250000,0.00048828125000000,0.00000000000000000,0.00012207031250000,0.00048828125000000,0.00012207031250000,0.51005333811471421,2
0.00006103515625000,0.00048828125000000,0.00006103515625000,0.00024414062500000,0.00097656250000000,0.00024414062500000,0.00097656250000000,0.00006103515625000,0.00390625000000000,0.00012207031250000,0.00048828125000000,0.00006103515625000,0.00012207031250000,0.00048828125000000,0.00012207031250000,0.00000000000000000,0.51005333811471421,3
0.00006103515625000,0.00048828125000000,0.00006103515625000,0.00024414062500000,0.00097656250000000,0.00024414062500000,0.00097656250000000,0.00012207031250000,0.00390625000000000,0.00012207031250000,0.00048828125000000,0.00000000000000000,0.00012207031250000,0.00048828125000000,0.00012207031250000,0.00006103515625000,0.51030488454911649,0
0.00006103515625000,0.00048828125000000,0.00006103515625000,0.00006103515625000,0.00097656250000000,0.00024414062500000,0.00097656250000000,0.00024414062500000,0.00390625000000000,0.00012207031250000,0.00048828125000000,0.00012207031250000,0.00012207031250000,0.00048828125000000,0.00012207031250000,0.00006103515625000,0.51030488454911649,3
0.00000000000000000,0.00006103515625000,0.00000000000000000,0.00000000000000000,0.00000000000000000,0.00000000000000000,0.00000000000000000,0.00000000000000000,0.00000000000000000,0.00000000000000000,0.00000000000000000,0.00006103515625000,0.00000000000000000,0.00000000000000000,0.00000000000000000,0.00000000000000000,0.00000000000000000,0
0.00000000000000000,0.00000000000000000,0.00000000000000000,0.00006103515625000,0.00000000000000000,0.00000000000000000,0.00000000000000000,0.00000000000000000,0.00000000000000000,0.00000000000000000,0.00000000000000000,0.00006103515625000,0.00000000000000000,0.00000000000000000,0.00000000000000000,0.00006103515625000,0.00000000000000000,1
0.00006103515625000,0.00006103515625000,0.00000000000000000,0.00000000000000000,0.00000000000000000,0.00000000000000000,0.00000000000000000,0.00000000000000000,0.00006103515625000,0.00000000000000000,0.00000000000000000,0.00000000000000000,0.00006103515625000,0.00000000000000000,0.00000000000000000,0.00000000000000000,0.00000000000000000,3
0.00012207031250000,0.00000000000000000,0.00000000000000000,0.00000000000000000,0.00000000000000000,0.00000000000000000,0.00000000000000000,0.00006103515625000,0.00006103515625000,0.00000000000000000,0.00000000000000000,0.00000000000000000,0.00006103515625000,0.00000000000000000,0.00000000000000000,0.00000000000000000,0.11649500072266981,3
0.00000000000000000,0.00000000000000000,0.00000000000000000,0.00012207031250000,0.00000000000000000,0.00006103515625000,0.00000000000000000,0.00006103515625000,0.00000000000000000,0.00000000000000000,0.00000000000000000,0.00006103515625000,0.00000000000000000,0.00000000000000000,0.00000000000000000,0.00006103515625000,0.11649500072266981,1
0.00000000000000000,0.00000000000000000,0.00000000000000000,0.00012207031250000,0.00000000000000000,0.00000000000000000,0.00006103515625000,0.00012207031250000,0.00000000000000000,0.00000000000000000,0.00000000000000000,0.00006103515625000,0.00000000000000000,0.00000000000000000,0.00000000000000000,0.00006103515625000,0.15904041823988749,2
0.00000000000000000,0.00000000000000000,0.00000000000000000,0.00000000000000000,0.00000000000000000,0.00000000000000000,0.00000000000000000,0.00000000000000000,0.00000000000000000,0.00000000000000000,0.00000000000000000,0.00024414062500000,0.00000000000000000,0.00006103515625000,0.00006103515625000,0.00012207031250000,0.22036988245565323,0
0.00000000000000000,0.00006103515625000,0.00006103515625000,0.00024414062500000,0.00000000000000000,0.00000000000000000,0.00000000000000000,0.00012207031250000,0.00000000000000000,0.00000000000000000,0.00012207031250000,0.00000000000000000,0.00000000000000000,0.00000000000000000,0.00000000000000000,0.00000000000000000,0.22036988245565323,1
0.00012207031250000,0.00024414062500000,0.00000000000000000,0.00000000000000000,0.00012207031250000,0.00000000000000000,0.00000000000000000,0.00006103515625000,0.00012207031250000,0.00000000000000000,0.00000000000000000,0.00000000000000000,0.00000000000000000,0.00000000000000000,0.00000000000000000,0.00000000000000000,0.23299000144533963,2
0.00000000000000000,0.00000000000000000,0.00000000000000000,0.00000000000000000,0.00006103515625000,0.00000000000000000,0.00000000000000000,0.00000000000000000,0.00012207031250000,0.00000000000000000,0.00000000000000000,0.00000000000000000,0.00024414062500000,0.00024414062500000,0.00000000000000000,0.00006103515625000,0.25308565664631461,3
0.00006103515625000,0.00024414062500000,0.00000000000000000,0.00006103515625000,0.00012207031250000,0.00000000000000000,0.00000000000000000,0.00000000000000000,0.00024414062500000,0.00000000000000000,0.00000000000000000,0.00000000000000000,0.00006103515625000,0.00000000000000000,0.00000000000000000,0.00000000000000000,0.25308565664631461,1
0.00006103515625000,0.00024414062500000,0.00006103515625000,0.00000000000000000,0.00012207031250000,0.00000000000000000,0.00000000000000000,0.00000000000000000,0.00024414062500000,0.00006103515625000,0.00000000000000000,0.00000000000000000,0.00006103515625000,0.00000000000000000,0.00000000000000000,0.00000000000000000,0.25308565664631461,0
0.00006103515625000,0.00024414062500000,0.00006103515625000,0.00000000000000000,0.00012207031250000,0.00006103515625000,0.00000000000000000,0.00000000000000000,0.00024414062500000,0.00000000000000000,0.00000000000000000,0.00000000000000000,0.00006103515625000,0.00000000000000000,0.00012207031250000,0.00000000000000000,0.25308565664631461,2
0.00006103515625000,0.00006103515625000,0.00024414062500000,0.00006103515625000,0.00000000000000000,0.00000000000000000,0.00012207031250000,0.00006103515625000,0.00000000000000000,0.00000000000000000,0.00000000000000000,0.00024414062500000,0.00000000000000000,0.00000000000000000,0.00006103515625000,0.00012207031250000,0.25308565664631461,3
0.00012207031250000,0.00024414062500000,0.00006103515625000,0.00000000000000000,0.00012207031250000,0.00006103515625000,0.00000000000000000,0.00006103515625000,0.00024414062500000,0.00000000000000000,0.00000000000000000,0.00000000000000000,0.00006103515625000,0.00012207031250000,0.00000000000000000,0.00000000000000000,0.26136695401116583,1
0.00024414062500000,0.00024414062500000,0.00006103515625000,0.00006103515625000,0.00024414062500000,0.00006103515625000,0.00000000000000000,0.00000000000000000,0.00006103515625000,0.00012207031250000,0.00000000000000000,0.00000000000000000,0.00000000000000000,0.00006103515625000,0.00000000000000000,0.00000000000000000,0.27553541896255729,1
0.00000000000000000,0.00000000000000000,0.00048828125000000,0.00012207031250000,0.00000000000000000,0.00000000000000000,0.00024414062500000,0.00006103515625000,0.00000000000000000,0.00000000000000000,0.00006103515625000,0.00012207031250000,0.00000000000000000,0.00000000000000000,0.00006103515625000,0.00006103515625000,0.30215222610714260,1
0.00000000000000000,0.00000000000000000,0.00000000000000000,0.00012207031250000,0.00000000000000000,0.00000000000000000,0.00048828125000000,0.00006103515625000,0.00000000000000000,0.00006103515625000,0.00024414062500000,0.00012207031250000,0.00000000000000000,0.00000000000000000,0.00012207031250000,0.00006103515625000,0.30647484845620920,1
0.00012207031250000,0.00000000000000000,0.00000000000000000,0.00000000000000000,0.00048828125000000,0.00006103515625000,0.00000000000000000,0.00000000000000000,0.00006103515625000,0.00024414062500000,0.00012207031250000,0.00006103515625000,0.00012207031250000,0.00006103515625000,0.00000000000000000,0.00000000000000000,0.30647484845620920,1
0.00012207031250000,0.00006103515625000,0.00012207031250000,0.00006103515625000,0.00048828125000000,0.00024414062500000,0.00000000000000000,0.00000000000000000,0.00006103515625000,0.00006103515625000,0.00000000000000000,0.00012207031250000,0.00012207031250000,0.00000000000000000,0.00000000000000000,0.00000000000000000,0.30647484845620920,0
0.00012207031250000,0.00006103515625000,0.00000000000000000,0.00000000000000000,0.00048828125000000,0.00006103515625000,0.00000000000000000,0.00000000000000000,0.00006103515625000,0.00024414062500000,0.00000000000000000,0.00006103515625000,0.00012207031250000,0.00006103515625000,0.00012207031250000,0.00012207031250000,0.30647484845620920,0
0.00000000000000000,0.00000000000000000,0.00012207031250000,0.00006103515625000,0.00000000000000000,0.00000000000000000,0.00048828125000000,0.00006103515625000,0.00000000000000000,0.00006103515625000,0.00024414062500000,0.00006103515625000,0.00006103515625000,0.00012207031250000,0.00006103515625000,0.00024414062500000,0.31441512086208029,0
0.00006103515625000,0.00006103515625000,0.00012207031250000,0.00012207031250000,0.00006103515625000,0.00012207031250000,0.00048828125000000,0.00006103515625000,0.00000000000000000,0.00000000000000000,0.00024414062500000,0.00024414062500000,0.00000000000000000,0.00000000000000000,0.00006103515625000,0.00000000000000000,0.31808083647977498,2
0.00012207031250000,0.00006103515625000,0.00012207031250000,0.00012207031250000,0.00000000000000000,0.00012207031250000,0.00048828125000000,0.00006103515625000,0.00000000000000000,0.00000000000000000,0.00024414062500000,0.00024414062500000,0.00000000000000000,0.00006103515625000,0.00006103515625000,0.00000000000000000,0.32156982095238212,1
0.00000000000000000,0.00000000000000000,0.00012207031250000,0.00000000000000000,0.00012207031250000,0.00006103515625000,0.00048828125000000,0.00012207031250000,0.00000000000000000,0.00012207031250000,0.00024414062500000,0.00006103515625000,0.00012207031250000,0.00006103515625000,0.00006103515625000,0.00024414062500000,0.32156982095238212,3
0.00024414062500000,0.00006103515625000,0.00012207031250000,0.00012207031250000,0.00000000000000000,0.00012207031250000,0.00048828125000000,0.00006103515625000,0.00000000000000000,0.00006103515625000,0.00024414062500000,0.00024414062500000,0.00006103515625000,0.00000000000000000,0.00006103515625000,0.00000000000000000,0.32808049142565582,2
0.00000000000000000,0.00024414062500000,0.00006103515625000,0.00024414062500000,0.00000000000000000,0.00012207031250000,0.00048828125000000,0.00006103515625000,0.00006103515625000,0.00000000000000000,0.00006103515625000,0.00048828125000000,0.00000000000000000,0.00000000000000000,0.00000000000000000,0.00012207031250000,0.34713089505274169,3
0.00000000000000000,0.00000000000000000,0.00000000000000000,0.00024414062500000,0.00000000000000000,0.00012207031250000,0.00006103515625000,0.00006103515625000,0.00000000000000000,0.00024414062500000,0.00048828125000000,0.00048828125000000,0.00006103515625000,0.00012207031250000,0.00006103515625000,0.00012207031250000,0.34713089505274169,3
0.00024414062500000,0.00000000000000000,0.00000000000000000,0.00000000000000000,0.00012207031250000,0.00012207031250000,0.00006103515625000,0.00000000000000000,0.00024414062500000,0.00097656250000000,0.00000000000000000,0.00000000000000000,0.00006103515625000,0.00012207031250000,0.00006103515625000,0.00012207031250000,0.36598327540153891,1
0.00024414062500000,0.00006103515625000,0.00000000000000000,0.00000000000000000,0.00012207031250000,0.00012207031250000,0.00000000000000000,0.00000000000000000,0.00024414062500000,0.00097656250000000,0.00000000000000000,0.00000000000000000,0.00006103515625000,0.00012207031250000,0.00012207031250000,0.00012207031250000,0.36780431267197494,2
0.00024414062500000,0.00006103515625000,0.00012207031250000,0.00012207031250000,0.00012207031250000,0.00012207031250000,0.00000000000000000,0.00000000000000000,0.00024414062500000,0.00097656250000000,0.00000000000000000,0.00006103515625000,0.00006103515625000,0.00012207031250000,0.00000000000000000,0.00000000000000000,0.36780431267197494,0
0.00024414062500000,0.00006103515625000,0.00024414062500000,0.00000000000000000,0.00024414062500000,0.00000000000000000,0.00000000000000000,0.00000000000000000,0.00024414062500000,0.00097656250000000,0.00006103515625000,0.00000000000000000,0.00006103515625000,0.00012207031250000,0.00000000000000000,0.00006103515625000,0.37466221106030112,1
0.00000000000000000,0.00024414062500000,0.00006103515625000,0.00024414062500000,0.00000000000000000,0.00000000000000000,0.00000000000000000,0.00024414062500000,0.00006103515625000,0.00024414062500000,0.00097656250000000,0.00006103515625000,0.00000000000000000,0.00006103515625000,0.00012207031250000,0.00006103515625000,0.37466221106030112,1
0.00000000000000000,0.00000000000000000,0.00006103515625000,0.00000000000000000,0.00000000000000000,0.00000000000000000,0.00006103515625000,0.00000000000000000,0.00000000000000000,0.00048828125000000,0.00097656250000000,0.00048828125000000,0.00006103515625000,0.00006103515625000,0.00012207031250000,0.00012207031250000,0.38806326723978962,2
0.00006103515625000,0.00048828125000000,0.00012207031250000,0.00048828125000000,0.00000000000000000,0.00006103515625000,0.00097656250000000,0.00012207031250000,0.00006103515625000,0.00000000000000000,0.00012207031250000,0.00000000000000000,0.00000000000000000,0.00000000000000000,0.00000000000000000,0.00000000000000000,0.38940995564142161,3
0.00006103515625000,0.00048828125000000,0.00012207031250000,0.00048828125000000,0.00006103515625000,0.00097656250000000,0.00012207031250000,0.00000000000000000,0.00006103515625000,0.00012207031250000,0.00000000000000000,0.00000000000000000,0.00000000000000000,0.00000000000000000,0.00000000000000000,0.00006103515625000,0.38940995564142161,0
0.00000000000000000,0.00000000000000000,0.00000000000000000,0.00000000000000000,0.00000000000000000,0.00048828125000000,0.00000000000000000,0.00006103515625000,0.00006103515625000,0.00097656250000000,0.00000000000000000,0.00048828125000000,0.00012207031250000,0.00012207031250000,0.00024414062500000,0.00006103515625000,0.39330591372331464,3
0.00000000000000000,0.00000000000000000,0.00000000000000000,0.00000000000000000,0.00048828125000000,0.00006103515625000,0.00000000000000000,0.00000000000000000,0.00006103515625000,0.00097656250000000,0.00048828125000000,0.00000000000000000,0.00024414062500000,0.00024414062500000,0.00006103515625000,0.00006103515625000,0.39579139100168398,3
0.00000000000000000,0.00000000000000000,0.00000000000000000,0.00000000000000000,0.00000000000000000,0.00000000000000000,0.00048828125000000,0.00006103515625000,0.00012207031250000,0.00006103515625000,0.00097656250000000,0.00048828125000000,0.00000000000000000,0.00000000000000000,0.00048828125000000,0.00012207031250000,0.40165552055521575,1
0.00000000000000000,0.00000000000000000,0.00000000000000000,0.00000000000000000,0.00048828125000000,0.00006103515625000,0.00000000000000000,0.00000000000000000,0.00012207031250000,0.00006103515625000,0.00097656250000000,0.00048828125000000,0.00048828125000000,0.00012207031250000,0.00000000000000000,0.00006103515625000,0.40165552055521575,2
0.00000000000000000,0.00000000000000000,0.00000000000000000,0.00012207031250000,0.00048828125000000,0.00006103515625000,0.00000000000000000,0.00000000000000000,0.00012207031250000,0.00006103515625000,0.00097656250000000,0.00048828125000000,0.00048828125000000,0.00012207031250000,0.00006103515625000,0.00000000000000000,0.40165552055521575,3
0.00048828125000000,0.00012207031250000,0.00097656250000000,0.00012207031250000,0.00012207031250000,0.00012207031250000,0.00006103515625000,0.00048828125000000,0.00048828125000000,0.00000000000000000,0.00000000000000000,0.00000000000000000,0.00006103515625000,0.00000000000000000,0.00000000000000000,0.00000000000000000,0.40277341788971349,3
0.00048828125000000,0.00012207031250000,0.00097656250000000,0.00012207031250000,0.00024414062500000,0.00006103515625000,0.00048828125000000,0.00000000000000000,0.00048828125000000,0.00000000000000000,0.00000000000000000,0.00000000000000000,0.00006103515625000,0.00006103515625000,0.00000000000000000,0.00000000000000000,0.40495871333373468,0
0.00048828125000000,0.00012207031250000,0.00097656250000000,0.00012207031250000,0.00024414062500000,0.00012207031250000,0.00048828125000000,0.00006103515625000,0.00048828125000000,0.00000000000000000,0.00000000000000000,0.00000000000000000,0.00006103515625000,0.00000000000000000,0.00000000000000000,0.00000000000000000,0.40602710784012602,0
0.00048828125000000,0.00000000000000000,0.00000000000000000,0.00000000000000000,0.00024414062500000,0.00000000000000000,0.00000000000000000,0.00006103515625000,0.00048828125000000,0.00000000000000000,0.00097656250000000,0.00012207031250000,0.00006103515625000,0.00024414062500000,0.00048828125000000,0.00006103515625000,0.40811771998417995,0
0.00048828125000000,0.00000000000000000,0.00000000000000000,0.00000000000000000,0.00024414062500000,0.00006103515625000,0.00000000000000000,0.00006103515625000,0.00048828125000000,0.00097656250000000,0.00012207031250000,0.00000000000000000,0.00006103515625000,0.00024414062500000,0.00048828125000000,0.00006103515625000,0.40811771998417995,3
0.00048828125000000,0.00006103515625000,0.00012207031250000,0.00012207031250000,0.00024414062500000,0.00097656250000000,0.00048828125000000,0.00000000000000000,0.00048828125000000,0.00024414062500000,0.00000000000000000,0.00006103515625000,0.00006103515625000,0.00000000000000000,0.00000000000000000,0.00000000000000000,0.40914081000141839,0
0.00048828125000000,0.00006103515625000,0.00012207031250000,0.00012207031250000,0.00024414062500000,0.00097656250000000,0.00048828125000000,0.00006103515625000,0.00048828125000000,0.00024414062500000,0.00000000000000000,0.00000000000000000,0.00006103515625000,0.00006103515625000,0.00000000000000000,0.00000000000000000,0.40914081000141839,1
0.00000000000000000,0.00048828125000000,0.00006103515625000,0.00024414062500000,0.00024414062500000,0.00097656250000000,0.00048828125000000,0.00006103515625000,0.00006103515625000,0.00000000000000000,0.00048828125000000,0.00024414062500000,0.00000000000000000,0.00000000000000000,0.00000000000000000,0.00012207031250000,0.41212607488620207,1
0.00048828125000000,0.00006103515625000,0.00024414062500000,0.00000000000000000,0.00024414062500000,0.00097656250000000,0.00048828125000000,0.00006103515625000,0.00006103515625000,0.00048828125000000,0.00024414062500000,0.00000000000000000,0.00012207031250000,0.00000000000000000,0.00000000000000000,0.00006103515625000,0.41212607488620207,0
0.00048828125000000,0.00000000000000000,0.00000000000000000,0.00000000000000000,0.00024414062500000,0.00006103515625000,0.00024414062500000,0.00012207031250000,0.00006103515625000,0.00097656250000000,0.00048828125000000,0.00000000000000000,0.00012207031250000,0.00048828125000000,0.00024414062500000,0.00012207031250000,0.41309441593230728,0
0.00048828125000000,0.00006103515625000,0.00024414062500000,0.00024414062500000,0.00024414062500000,0.00097656250000000,0.00048828125000000,0.00000000000000000,0.00006103515625000,0.00048828125000000,0.00024414062500000,0.00000000000000000,0.00012207031250000,0.00000000000000000,0.00006103515625000,0.00000000000000000,0.41499307990413908,1
0.00000000000000000,0.00048828125000000,0.00006103515625000,0.00048828125000000,0.00000000000000000,0.00024414062500000,0.00097656250000000,0.00048828125000000,0.00000000000000000,0.00006103515625000,0.00048828125000000,0.00024414062500000,0.00012207031250000,0.00000000000000000,0.00012207031250000,0.00006103515625000,0.41864722682981242,3
0.00048828125000000,0.00006103515625000,0.00048828125000000,0.00006103515625000,0.00024414062500000,0.00097656250000000,0.00048828125000000,0.00000000000000000,0.00006103515625000,0.00048828125000000,0.00024414062500000,0.00000000000000000,0.00024414062500000,0.00006103515625000,0.00000000000000000,0.00000000000000000,0.42040737225105329,0
0.00048828125000000,0.00006103515625000,0.00006103515625000,0.00000000000000000,0.00024414062500000,0.00097656250000000,0.00000000000000000,0.00000000000000000,0.00006103515625000,0.00048828125000000,0.00097656250000000,0.00000000000000000,0.00024414062500000,0.00006103515625000,0.00024414062500000,0.00006103515625000,0.42704881074274575,1
0.00048828125000000,0.00006103515625000,0.00000000000000000,0.00000000000000000,0.00024414062500000,0.00097656250000000,0.00006103515625000,0.00000000000000000,0.00006103515625000,0.00048828125000000,0.00097656250000000,0.00006103515625000,0.00024414062500000,0.00006103515625000,0.00024414062500000,0.00006103515625000,0.42704881074274575,3
0.00048828125000000,0.00006103515625000,0.00006103515625000,0.00012207031250000,0.00024414062500000,0.00097656250000000,0.00097656250000000,0.00000000000000000,0.00006103515625000,0.00048828125000000,0.00024414062500000,0.00006103515625000,0.00024414062500000,0.00006103515625000,0.00000000000000000,0.00000000000000000,0.42783772769317668,3
0.00048828125000000,0.00006103515625000,0.00006103515625000,0.00012207031250000,0.00024414062500000,0.00097656250000000,0.00097656250000000,0.00006103515625000,0.00006103515625000,0.00048828125000000,0.00024414062500000,0.00006103515625000,0.00024414062500000,0.00006103515625000,0.00000000000000000,0.00000000000000000,0.42783772769317668,2
0.00048828125000000,0.00006103515625000,0.00006103515625000,0.00012207031250000,0.00024414062500000,0.00097656250000000,0.00097656250000000,0.00012207031250000,0.00006103515625000,0.00048828125000000,0.00024414062500000,0.00000000000000000,0.00024414062500000,0.00006103515625000,0.00012207031250000,0.00000000000000000,0.42861813863478132,3
0.00048828125000000,0.00006103515625000,0.00006103515625000,0.00024414062500000,0.00024414062500000,0.00097656250000000,0.00097656250000000,0.00000000000000000,0.00006103515625000,0.00048828125000000,0.00024414062500000,0.00000000000000000,0.00024414062500000,0.00006103515625000,0.00012207031250000,0.00012207031250000,0.43015416261260325,1
0.00048828125000000,0.00006103515625000,0.00006103515625000,0.00024414062500000,0.00024414062500000,0.00097656250000000,0.00097656250000000,0.00012207031250000,0.00006103515625000,0.00048828125000000,0.00024414062500000,0.00000000000000000,0.00024414062500000,0.00006103515625000,0.00012207031250000,0.00006103515625000,0.43015416261260325,0
0.00048828125000000,0.00006103515625000,0.00006103515625000,0.00024414062500000,0.00024414062500000,0.00097656250000000,0.00097656250000000,0.00012207031250000,0.00006103515625000,0.00048828125000000,0.00024414062500000,0.00006103515625000,0.00024414062500000,0.00006103515625000,0.00012207031250000,0.00006103515625000,0.43015416261260325,3
0.00000000000000000,0.00048828125000000,0.00012207031250000,0.00024414062500000,0.00006103515625000,0.00024414062500000,0.00195312500000000,0.00012207031250000,0.00006103515625000,0.00048828125000000,0.00024414062500000,0.00006103515625000,0.00024414062500000,0.00006103515625000,0.00012207031250000,0.00006103515625000,0.44204105683388722,0
0.00006103515625000,0.00048828125000000,0.00012207031250000,0.00000000000000000,0.00000000000000000,0.00024414062500000,0.00195312500000000,0.00024414062500000,0.00012207031250000,0.00048828125000000,0.00024414062500000,0.00012207031250000,0.00024414062500000,0.00006103515625000,0.00012207031250000,0.00012207031250000,0.44331936667830840,1
0.00006103515625000,0.00048828125000000,0.00012207031250000,0.00006103515625000,0.00024414062500000,0.00195312500000000,0.00024414062500000,0.00000000000000000,0.00012207031250000,0.00048828125000000,0.00024414062500000,0.00012207031250000,0.00024414062500000,0.00006103515625000,0.00024414062500000,0.00000000000000000,0.44457549214832565,0
0.00006103515625000,0.00048828125000000,0.00012207031250000,0.00006103515625000,0.00006103515625000,0.00024414062500000,0.00195312500000000,0.00024414062500000,0.00012207031250000,0.00048828125000000,0.00024414062500000,0.00012207031250000,0.00000000000000000,0.00024414062500000,0.00006103515625000,0.00024414062500000,0.44457549214832565,2
0.00006103515625000,0.00048828125000000,0.00012207031250000,0.00006103515625000,0.00006103515625000,0.00024414062500000,0.00195312500000000,0.00024414062500000,0.00012207031250000,0.00048828125000000,0.00024414062500000,0.00012207031250000,0.00024414062500000,0.00006103515625000,0.00024414062500000,0.00006103515625000,0.44457549214832565,0
0.00000000000000000,0.00048828125000000,0.00006103515625000,0.00006103515625000,0.00012207031250000,0.00024414062500000,0.00012207031250000,0.00024414062500000,0.00012207031250000,0.00048828125000000,0.00195312500000000,0.00012207031250000,0.00024414062500000,0.00006103515625000,0.00048828125000000,0.00006103515625000,0.44762362310037723,2
0.00048828125000000,0.00012207031250000,0.00006103515625000,0.00000000000000000,0.00012207031250000,0.00024414062500000,0.00012207031250000,0.00024414062500000,0.00012207031250000,0.00048828125000000,0.00195312500000000,0.00012207031250000,0.00024414062500000,0.00006103515625000,0.00048828125000000,0.00006103515625000,0.44821814318727005,1
0.00000000000000000,0.00012207031250000,0.00006103515625000,0.00006103515625000,0.00048828125000000,0.00024414062500000,0.00012207031250000,0.00024414062500000,0.00024414062500000,0.00048828125000000,0.00195312500000000,0.00012207031250000,0.00024414062500000,0.00006103515625000,0.00048828125000000,0.00006103515625000,0.44939273145555531,3
0.00012207031250000,0.00012207031250000,0.00000000000000000,0.00006103515625000,0.00048828125000000,0.00024414062500000,0.00012207031250000,0.00024414062500000,0.00024414062500000,0.00048828125000000,0.00195312500000000,0.00012207031250000,0.00024414062500000,0.00006103515625000,0.00048828125000000,0.00006103515625000,0.44997295431120765,2
0.00006103515625000,0.00012207031250000,0.00000000000000000,0.00006103515625000,0.00012207031250000,0.00024414062500000,0.00012207031250000,0.00024414062500000,0.00048828125000000,0.00048828125000000,0.00195312500000000,0.00012207031250000,0.00048828125000000,0.00006103515625000,0.00048828125000000,0.00006103515625000,0.45224842384899039,0
0.00006103515625000,0.00012207031250000,0.00000000000000000,0.00006103515625000,0.00006103515625000,0.00024414062500000,0.00012207031250000,0.00024414062500000,0.00012207031250000,0.00048828125000000,0.00195312500000000,0.00012207031250000,0.00097656250000000,0.00006103515625000,0.00048828125000000,0.00006103515625000,0.45659539074168198,3
0.00012207031250000,0.00012207031250000,0.00000000000000000,0.00006103515625000,0.00012207031250000,0.00024414062500000,0.00012207031250000,0.00024414062500000,0.00012207031250000,0.00048828125000000,0.00195312500000000,0.00012207031250000,0.00097656250000000,0.00006103515625000,0.00048828125000000,0.00006103515625000,0.45712085521744972,0
0.00006103515625000,0.00000000000000000,0.00024414062500000,0.00006103515625000,0.00012207031250000,0.00024414062500000,0.00012207031250000,0.00024414062500000,0.00012207031250000,0.00048828125000000,0.00195312500000000,0.00012207031250000,0.00097656250000000,0.00006103515625000,0.00048828125000000,0.00006103515625000,0.45816047687602696,2
0.00000000000000000,0.00006103515625000,0.00024414062500000,0.00006103515625000,0.00006103515625000,0.00024414062500000,0.00012207031250000,0.00024414062500000,0.00024414062500000,0.00048828125000000,0.00195312500000000,0.00012207031250000,0.00097656250000000,0.00006103515625000,0.00048828125000000,0.00006103515625000,0.45918537773251189,0
0.00006103515625000,0.00006103515625000,0.00024414062500000,0.00006103515625000,0.00024414062500000,0.00024414062500000,0.00012207031250000,0.00024414062500000,0.00097656250000000,0.00048828125000000,0.00195312500000000,0.00012207031250000,0.00006103515625000,0.00006103515625000,0.00048828125000000,0.00006103515625000,0.45918537773251189,2
0.00006103515625000,0.00012207031250000,0.00024414062500000,0.00006103515625000,0.00000000000000000,0.00048828125000000,0.00012207031250000,0.00024414062500000,0.00097656250000000,0.00048828125000000,0.00195312500000000,0.00012207031250000,0.00000000000000000,0.00012207031250000,0.00048828125000000,0.00006103515625000,0.46217578222737710,1
0.00000000000000000,0.00006103515625000,0.00024414062500000,0.00006103515625000,0.00000000000000000,0.00012207031250000,0.00012207031250000,0.00024414062500000,0.00006103515625000,0.00097656250000000,0.00195312500000000,0.00012207031250000,0.00097656250000000,0.00012207031250000,0.00048828125000000,0.00006103515625000,0.46598000289067926,0
0.00006103515625000,0.00006103515625000,0.00024414062500000,0.00006103515625000,0.00097656250000000,0.00012207031250000,0.00012207031250000,0.00024414062500000,0.00012207031250000,0.00097656250000000,0.00195312500000000,0.00012207031250000,0.00000000000000000,0.00012207031250000,0.00048828125000000,0.00006103515625000,0.46598000289067926,1
0.00006103515625000,0.00006103515625000,0.00024414062500000,0.00006103515625000,0.00006103515625000,0.00012207031250000,0.00012207031250000,0.00024414062500000,0.00097656250000000,0.00097656250000000,0.00195312500000000,0.00012207031250000,0.00012207031250000,0.00012207031250000,0.00048828125000000,0.00006103515625000,0.46598000289067926,2
0.00012207031250000,0.00006103515625000,0.00024414062500000,0.00006103515625000,0.00097656250000000,0.00012207031250000,0.00012207031250000,0.00024414062500000,0.00012207031250000,0.00097656250000000,0.00195312500000000,0.00012207031250000,0.00012207031250000,0.00012207031250000,0.00048828125000000,0.00006103515625000,0.46644177424087818,1
0.00012207031250000,0.00006103515625000,0.00024414062500000,0.00006103515625000,0.00097656250000000,0.00024414062500000,0.00024414062500000,0.00000000000000000,0.00012207031250000,0.00097656250000000,0.00195312500000000,0.00012207031250000,0.00024414062500000,0.00048828125000000,0.00006103515625000,0.00006103515625000,0.46825995243921126,3
0.00012207031250000,0.00006103515625000,0.00000000000000000,0.00006103515625000,0.00097656250000000,0.00024414062500000,0.00048828125000000,0.00006103515625000,0.00012207031250000,0.00097656250000000,0.00195312500000000,0.00012207031250000,0.00024414062500000,0.00048828125000000,0.00006103515625000,0.00006103515625000,0.47003357658094003,3
0.00012207031250000,0.00006103515625000,0.00048828125000000,0.00012207031250000,0.00097656250000000,0.00024414062500000,0.00195312500000000,0.00012207031250000,0.00012207031250000,0.00097656250000000,0.00006103515625000,0.00006103515625000,0.00024414062500000,0.00048828125000000,0.00006103515625000,0.00000000000000000,0.47047027421718407,1
0.00012207031250000,0.00006103515625000,0.00048828125000000,0.00024414062500000,0.00097656250000000,0.00024414062500000,0.00195312500000000,0.00006103515625000,0.00012207031250000,0.00097656250000000,0.00012207031250000,0.00000000000000000,0.00024414062500000,0.00048828125000000,0.00000000000000000,0.00006103515625000,0.47176477811419071,1
0.00012207031250000,0.00006103515625000,0.00048828125000000,0.00024414062500000,0.00097656250000000,0.00024414062500000,0.00195312500000000,0.00006103515625000,0.00012207031250000,0.00097656250000000,0.00012207031250000,0.00006103515625000,0.00024414062500000,0.00048828125000000,0.00006103515625000,0.00000000000000000,0.47176477811419071,0
0.00012207031250000,0.00006103515625000,0.00048828125000000,0.00006103515625000,0.00097656250000000,0.00024414062500000,0.00195312500000000,0.00000000000000000,0.00012207031250000,0.00097656250000000,0.00012207031250000,0.00024414062500000,0.00024414062500000,0.00048828125000000,0.00006103515625000,0.00012207031250000,0.47219118531879750,3
0.00012207031250000,0.00006103515625000,0.00048828125000000,0.00006103515625000,0.00097656250000000,0.00024414062500000,0.00195312500000000,0.00006103515625000,0.00012207031250000,0.00097656250000000,0.00012207031250000,0.00024414062500000,0.00024414062500000,0.00048828125000000,0.00006103515625000,0.00012207031250000,0.47219118531879750,0
0.00000000000000000,0.00000000000000000,0.00000000000000000,0.00000000000000000,0.00000000000000000,0.00000000000000000,0.00000000000000000,0.00000000000000000,0.00000000000000000,0.00006103515625000,0.00000000000000000,0.00000000000000000,0.00000000000000000,0.00000000000000000,0.00000000000000000,0.00006103515625000,0.00000000000000000,1
0.00000000000000000,0.00000000000000000,0.00000000000000000,0.00000000000000000,0.00000000000000000,0.00000000000000000,0.00000000000000000,0.00000000000000000,0.00006103515625000,0.00000000000000000,0.00000000000000000,0.00000000000000000,0.00006103515625000,0.00000000000000000,0.00000000000000000,0.00006103515625000,0.00000000000000000,2
0.00000000000000000,0.00000000000000000,0.00000000000000000,0.00000000000000000,0.00000000000000000,0.00000000000000000,0.00006103515625000,0.00000000000000000,0.00006103515625000,0.00000000000000000,0.00000000000000000,0.00000000000000000,0.00012207031250000,0.00000000000000000,0.00000000000000000,0.00000000000000000,0.11649500072266981,0
0.00006103515625000,0.00000000000000000,0.00006103515625000,0.00000000000000000,0.00012207031250000,0.00000000000000000,0.00000000000000000,0.00000000000000000,0.00000000000000000,0.00000000000000000,0.00000000000000000,0.00006103515625000,0.00000000000000000,0.00000000000000000,0.00000000000000000,0.00000000000000000,0.11649500072266981,2
0.00006103515625000,0.00000000000000000,0.00006103515625000,0.00006103515625000,0.00012207031250000,0.00006103515625000,0.00000000000000000,0.00000000000000000,0.00000000000000000,0.00000000000000000,0.00000000000000000,0.00000000000000000,0.00000000000000000,0.00000000000000000,0.00000000000000000,0.00000000000000000,0.11649500072266981,1
0.00006103515625000,0.00000000000000000,0.00000000000000000,0.00000000000000000,0.00000000000000000,0.00000000000000000,0.00000000000000000,0.00000000000000000,0.00006103515625000,0.00000000000000000,0.00000000000000000,0.00000000000000000,0.00012207031250000,0.00006103515625000,0.00006103515625000,0.00006103515625000,0.11649500072266981,3
0.00000000000000000,0.00012207031250000,0.00000000000000000,0.00000000000000000,0.00000000000000000,0.00000000000000000,0.00000000000000000,0.00000000000000000,0.00012207031250000,0.00000000000000000,0.00000000000000000,0.00000000000000000,0.00012207031250000,0.00006103515625000,0.00006103515625000,0.00006103515625000,0.15904041823988749,1
0.00000000000000000,0.00000000000000000,0.00000000000000000,0.00000000000000000,0.00000000000000000,0.00000000000000000,0.00000000000000000,0.00000000000000000,0.00000000000000000,0.00012207031250000,0.00000000000000000,0.00006103515625000,0.00024414062500000,0.00006103515625000,0.00006103515625000,0.00006103515625000,0.20507482022971232,0
0.00024414062500000,0.00012207031250000,0.00006103515625000,0.00012207031250000,0.00000000000000000,0.00006103515625000,0.00006103515625000,0.00000000000000000,0.00000000000000000,0.00000000000000000,0.00000000000000000,0.00000000000000000,0.00000000000000000,0.00000000000000000,0.00000000000000000,0.00000000000000000,0.22036988245565323,1
0.00024414062500000,0.00012207031250000,0.00012207031250000,0.00012207031250000,0.00000000000000000,0.00006103515625000,0.00000000000000000,0.00006103515625000,0.00000000000000000,0.00000000000000000,0.00000000000000000,0.00000000000000000,0.00000000000000000,0.00000000000000000,0.00000000000000000,0.00000000000000000,0.23299000144533963,1
0.00024414062500000,0.00024414062500000,0.00012207031250000,0.00000000000000000,0.00012207031250000,0.00000000000000000,0.00000000000000000,0.00000000000000000,0.00000000000000000,0.00000000000000000,0.00000000000000000,0.00006103515625000,0.00000000000000000,0.00000000000000000,0.00000000000000000,0.00000000000000000,0.26136695401116583,3
0.00024414062500000,0.00024414062500000,0.00012207031250000,0.00006103515625000,0.00012207031250000,0.00000000000000000,0.00000000000000000,0.00000000000000000,0.00006103515625000,0.00000000000000000,0.00000000000000000,0.00000000000000000,0.00000000000000000,0.00000000000000000,0.00000000000000000,0.00000000000000000,0.26136695401116583,2
0.00000000000000000,0.00048828125000000,0.00012207031250000,0.00006103515625000,0.00000000000000000,0.00000000000000000,0.00000000000000000,0.00012207031250000,0.00000000000000000,0.00000000000000000,0.00006103515625000,0.00006103515625000,0.00000000000000000,0.00000000000000000,0.00000000000000000,0.00000000000000000,0.28737931160013147,3
0.00048828125000000,0.00012207031250000,0.00006103515625000,0.00000000000000000,0.00012207031250000,0.00000000000000000,0.00000000000000000,0.00006103515625000,0.00012207031250000,0.00000000000000000,0.00000000000000000,0.00000000000000000,0.00000000000000000,0.00000000000000000,0.00000000000000000,0.00000000000000000,0.29264580927874856,3
0.00000000000000000,0.00048828125000000,0.00012207031250000,0.00006103515625000,0.00000000000000000,0.00000000000000000,0.00012207031250000,0.00006103515625000,0.00000000000000000,0.00000000000000000,0.00006103515625000,0.00012207031250000,0.00000000000000000,0.00000000000000000,0.00000000000000000,0.00000000000000000,0.29264580927874856,0
0.00000000000000000,0.00000000000000000,0.00000000000000000,0.00000000000000000,0.00000000000000000,0.00000000000000000,0.00000000000000000,0.00000000000000000,0.00000000000000000,0.00006103515625000,0.00024414062500000,0.00012207031250000,0.00000000000000000,0.00048828125000000,0.00006103515625000,0.00012207031250000,0.30647484845620920,2
0.00000000000000000,0.00006103515625000,0.00024414062500000,0.00024414062500000,0.00000000000000000,0.00048828125000000,0.00006103515625000,0.00000000000000000,0.00000000000000000,0.00000000000000000,0.00000000000000000,0.00000000000000000,0.00006103515625000,0.00000000000000000,0.00000000000000000,0.00000000000000000,0.31441512086208029,2
0.00000000000000000,0.00000000000000000,0.00006103515625000,0.00000000000000000,0.00000000000000000,0.00000000000000000,0.00000000000000000,0.00000000000000000,0.00000000000000000,0.00006103515625000,0.00024414062500000,0.00000000000000000,0.00006103515625000,0.00048828125000000,0.00006103515625000,0.00024414062500000,0.31441512086208029,1
0.00000000000000000,0.00000000000000000,0.00000000000000000,0.00006103515625000,0.00000000000000000,0.00006103515625000,0.00000000000000000,0.00000000000000000,0.00000000000000000,0.00000000000000000,0.00006103515625000,0.00024414062500000,0.00006103515625000,0.00048828125000000,0.00006103515625000,0.00024414062500000,0.31441512086208029,3
0.00006103515625000,0.00000000000000000,0.00000000000000000,0.00006103515625000,0.00006103515625000,0.00000000000000000,0.00000000000000000,0.00000000000000000,0.00006103515625000,0.00024414062500000,0.00000000000000000,0.00000000000000000,0.00006103515625000,0.00048828125000000,0.00006103515625000,0.00024414062500000,0.31441512086208029,0
0.00012207031250000,0.00000000000000000,0.00000000000000000,0.00000000000000000,0.00006103515625000,0.00000000000000000,0.00006103515625000,0.00000000000000000,0.00006103515625000,0.00024414062500000,0.00000000000000000,0.00000000000000000,0.00006103515625000,0.00048828125000000,0.00006103515625000,0.00024414062500000,0.31808083647977498,2
0.00000000000000000,0.00000000000000000,0.00000000000000000,0.00012207031250000,0.00006103515625000,0.00000000000000000,0.00000000000000000,0.00012207031250000,0.00000000000000000,0.00000000000000000,0.00006103515625000,0.00024414062500000,0.00006103515625000,0.00048828125000000,0.00006103515625000,0.00024414062500000,0.32156982095238212,2
0.00000000000000000,0.00000000000000000,0.00006103515625000,0.00000000000000000,0.00000000000000000,0.00000000000000000,0.00000000000000000,0.00000000000000000,0.00000000000000000,0.00000000000000000,0.00000000000000000,0.00024414062500000,0.00012207031250000,0.00048828125000000,0.00012207031250000,0.00048828125000000,0.34469764362436028,0
0.00012207031250000,0.00048828125000000,0.00006103515625000,0.00024414062500000,0.00000000000000000,0.00000000000000000,0.00012207031250000,0.00048828125000000,0.00000000000000000,0.00000000000000000,0.00000000000000000,0.00000000000000000,0.00006103515625000,0.00000000000000000,0.00000000000000000,0.00000000000000000,0.34469764362436028,2
0.00012207031250000,0.00048828125000000,0.00006103515625000,0.00024414062500000,0.00000000000000000,0.00000000000000000,0.00012207031250000,0.00048828125000000,0.00000000000000000,0.00000000000000000,0.00006103515625000,0.00000000000000000,0.00000000000000000,0.00000000000000000,0.00000000000000000,0.00006103515625000,0.34469764362436028,3
0.00012207031250000,0.00048828125000000,0.00006103515625000,0.00024414062500000,0.00006103515625000,0.00000000000000000,0.00012207031250000,0.00048828125000000,0.00000000000000000,0.00000000000000000,0.00000000000000000,0.00006103515625000,0.00000000000000000,0.00000000000000000,0.00000000000000000,0.00006103515625000,0.34469764362436028,2
0.00012207031250000,0.00048828125000000,0.00006103515625000,0.00024414062500000,0.00006103515625000,0.00000000000000000,0.00012207031250000,0.00048828125000000,0.00000000000000000,0.00000000000000000,0.00000000000000000,0.00012207031250000,0.00000000000000000,0.00006103515625000,0.00000000000000000,0.00000000000000000,0.34713089505274169,0
0.00012207031250000,0.00048828125000000,0.00006103515625000,0.00024414062500000,0.00000000000000000,0.00006103515625000,0.00012207031250000,0.00048828125000000,0.00000000000000000,0.00006103515625000,0.00000000000000000,0.00012207031250000,0.00000000000000000,0.00000000000000000,0.00000000000000000,0.00006103515625000,0.34713089505274169,3
0.00000000000000000,0.00000000000000000,0.00000000000000000,0.00024414062500000,0.00000000000000000,0.00000000000000000,0.00006103515625000,0.00048828125000000,0.00000000000000000,0.00048828125000000,0.00006103515625000,0.00012207031250000,0.00012207031250000,0.00012207031250000,0.00012207031250000,0.00006103515625000,0.34948500216800937,2
0.00000000000000000,0.00000000000000000,0.00000000000000000,0.00024414062500000,0.00000000000000000,0.00000000000000000,0.00000000000000000,0.00048828125000000,0.00006103515625000,0.00048828125000000,0.00012207031250000,0.00012207031250000,0.00012207031250000,0.00012207031250000,0.00012207031250000,0.00006103515625000,0.35176495171654149,1
0.00000000000000000,0.00000000000000000,0.00000000000000000,0.00024414062500000,0.00006103515625000,0.00000000000000000,0.00000000000000000,0.00048828125000000,0.00006103515625000,0.00048828125000000,0.00000000000000000,0.00012207031250000,0.00012207031250000,0.00012207031250000,0.00024414062500000,0.00006103515625000,0.35612009452606780,3
0.00012207031250000,0.00048828125000000,0.00024414062500000,0.00024414062500000,0.00012207031250000,0.00012207031250000,0.00000000000000000,0.00048828125000000,0.00000000000000000,0.00000000000000000,0.00012207031250000,0.00012207031250000,0.00000000000000000,0.00000000000000000,0.00000000000000000,0.00006103515625000,0.35820318544256330,3
0.00000000000000000,0.00012207031250000,0.00048828125000000,0.00048828125000000,0.00000000000000000,0.00000000000000000,0.00024414062500000,0.00048828125000000,0.00000000000000000,0.00006103515625000,0.00000000000000000,0.00024414062500000,0.00000000000000000,0.00000000000000000,0.00000000000000000,0.00006103515625000,0.37300768385479927,1
0.00000000000000000,0.00000000000000000,0.00012207031250000,0.00097656250000000,0.00000000000000000,0.00000000000000000,0.00024414062500000,0.00048828125000000,0.00000000000000000,0.00000000000000000,0.00006103515625000,0.00024414062500000,0.00006103515625000,0.00000000000000000,0.00000000000000000,0.00006103515625000,0.38529231017595905,1
0.00012207031250000,0.00097656250000000,0.00000000000000000,0.00000000000000000,0.00024414062500000,0.00048828125000000,0.00000000000000000,0.00012207031250000,0.00006103515625000,0.00024414062500000,0.00000000000000000,0.00000000000000000,0.00012207031250000,0.00000000000000000,0.00000000000000000,0.00000000000000000,0.38669104768517570,2
0.00012207031250000,0.00097656250000000,0.00000000000000000,0.00000000000000000,0.00024414062500000,0.00048828125000000,0.00012207031250000,0.00006103515625000,0.00006103515625000,0.00024414062500000,0.00000000000000000,0.00000000000000000,0.00012207031250000,0.00000000000000000,0.00000000000000000,0.00000000000000000,0.38669104768517570,1
0.00012207031250000,0.00097656250000000,0.00012207031250000,0.00006103515625000,0.00024414062500000,0.00048828125000000,0.00000000000000000,0.00000000000000000,0.00006103515625000,0.00024414062500000,0.00000000000000000,0.00000000000000000,0.00012207031250000,0.00006103515625000,0.00000000000000000,0.00000000000000000,0.38669104768517570,3
0.00012207031250000,0.00097656250000000,0.00006103515625000,0.00000000000000000,0.00024414062500000,0.00048828125000000,0.00000000000000000,0.00000000000000000,0.00006103515625000,0.00024414062500000,0.00000000000000000,0.00000000000000000,0.00012207031250000,0.00006103515625000,0.00012207031250000,0.00006103515625000,0.38669104768517570,1
0.00012207031250000,0.00097656250000000,0.00006103515625000,0.00006103515625000,0.00024414062500000,0.00048828125000000,0.00012207031250000,0.00000000000000000,0.00006103515625000,0.00024414062500000,0.00006103515625000,0.00000000000000000,0.00012207031250000,0.00006103515625000,0.00000000000000000,0.00000000000000000,0.38669104768517570,2
0.00000000000000000,0.00012207031250000,0.00097656250000000,0.00012207031250000,0.00006103515625000,0.00024414062500000,0.00048828125000000,0.00012207031250000,0.00000000000000000,0.00006103515625000,0.00024414062500000,0.00006103515625000,0.00000000000000000,0.00000000000000000,0.00012207031250000,0.00006103515625000,0.38806326723978962,2
0.00012207031250000,0.00097656250000000,0.00012207031250000,0.00000000000000000,0.00006103515625000,0.00024414062500000,0.00048828125000000,0.00012207031250000,0.00006103515625000,0.00024414062500000,0.00006103515625000,0.00000000000000000,0.00012207031250000,0.00006103515625000,0.00012207031250000,0.00000000000000000,0.38806326723978962,0
0.00000000000000000,0.00012207031250000,0.00097656250000000,0.00012207031250000,0.00006103515625000,0.00024414062500000,0.00048828125000000,0.00012207031250000,0.00000000000000000,0.00006103515625000,0.00024414062500000,0.00006103515625000,0.00006103515625000,0.00012207031250000,0.00006103515625000,0.00012207031250000,0.38806326723978962,0
0.00012207031250000,0.00097656250000000,0.00012207031250000,0.00000000000000000,0.00006103515625000,0.00024414062500000,0.00048828125000000,0.00012207031250000,0.00006103515625000,0.00024414062500000,0.00006103515625000,0.00006103515625000,0.00006103515625000,0.00012207031250000,0.00006103515625000,0.00012207031250000,0.38806326723978962,0
0.00000000000000000,0.00012207031250000,0.00097656250000000,0.00012207031250000,0.00006103515625000,0.00024414062500000,0.00048828125000000,0.00012207031250000,0.00006103515625000,0.00006103515625000,0.00024414062500000,0.00012207031250000,0.00006103515625000,0.00012207031250000,0.00006103515625000,0.00012207031250000,0.38940995564142161,1
0.00000000000000000,0.00012207031250000,0.00097656250000000,0.00012207031250000,0.00000000000000000,0.00024414062500000,0.00048828125000000,0.00000000000000000,0.00006103515625000,0.00006103515625000,0.00024414062500000,0.00024414062500000,0.00012207031250000,0.00012207031250000,0.00006103515625000,0.00024414062500000,0.39579139100168398,2
0.00000000000000000,0.00012207031250000,0.00097656250000000,0.00012207031250000,0.00000000000000000,0.00006103515625000,0.00024414062500000,0.00048828125000000,0.00000000000000000,0.00000000000000000,0.00012207031250000,0.00048828125000000,0.00000000000000000,0.00024414062500000,0.00006103515625000,0.00024414062500000,0.40387431232280130,1
0.00000000000000000,0.00012207031250000,0.00097656250000000,0.00012207031250000,0.00000000000000000,0.00006103515625000,0.00024414062500000,0.00097656250000000,0.00000000000000000,0.00024414062500000,0.00012207031250000,0.00024414062500000,0.00000000000000000,0.00006103515625000,0.00006103515625000,0.00000000000000000,0.41212607488620207,2
0.00000000000000000,0.00012207031250000,0.00097656250000000,0.00012207031250000,0.00000000000000000,0.00006103515625000,0.00024414062500000,0.00097656250000000,0.00000000000000000,0.00024414062500000,0.00012207031250000,0.00024414062500000,0.00006103515625000,0.00000000000000000,0.00000000000000000,0.00012207031250000,0.41309441593230728,3
0.00000000000000000,0.00012207031250000,0.00097656250000000,0.00012207031250000,0.00000000000000000,0.00006103515625000,0.00024414062500000,0.00097656250000000,0.00006103515625000,0.00024414062500000,0.00012207031250000,0.00024414062500000,0.00000000000000000,0.00000000000000000,0.00006103515625000,0.00012207031250000,0.41309441593230728,0
0.00012207031250000,0.00097656250000000,0.00012207031250000,0.00006103515625000,0.00006103515625000,0.00024414062500000,0.00097656250000000,0.00000000000000000,0.00006103515625000,0.00024414062500000,0.00012207031250000,0.00024414062500000,0.00006103515625000,0.00012207031250000,0.00000000000000000,0.00000000000000000,0.41309441593230728,1
0.00006103515625000,0.00000000000000000,0.00000000000000000,0.00000000000000000,0.00012207031250000,0.00097656250000000,0.00012207031250000,0.00000000000000000,0.00006103515625000,0.00048828125000000,0.00097656250000000,0.00006103515625000,0.00012207031250000,0.00012207031250000,0.00012207031250000,0.00024414062500000,0.41775083873414531,3
0.00006103515625000,0.00097656250000000,0.00012207031250000,0.00006103515625000,0.00012207031250000,0.00048828125000000,0.00097656250000000,0.00024414062500000,0.00006103515625000,0.00012207031250000,0.00012207031250000,0.00000000000000000,0.00012207031250000,0.00000000000000000,0.00000000000000000,0.00006103515625000,0.41775083873414531,0
0.00006103515625000,0.00000000000000000,0.00000000000000000,0.00006103515625000,0.00012207031250000,0.00097656250000000,0.00012207031250000,0.00006103515625000,0.00006103515625000,0.00048828125000000,0.00097656250000000,0.00024414062500000,0.00012207031250000,0.00012207031250000,0.00012207031250000,0.00006103515625000,0.41775083873414531,2
0.00006103515625000,0.00097656250000000,0.00012207031250000,0.00012207031250000,0.00012207031250000,0.00048828125000000,0.00097656250000000,0.00024414062500000,0.00006103515625000,0.00012207031250000,0.00012207031250000,0.00006103515625000,0.00012207031250000,0.00006103515625000,0.00000000000000000,0.00000000000000000,0.41864722682981242,3
0.00006103515625000,0.00097656250000000,0.00024414062500000,0.00000000000000000,0.00012207031250000,0.00048828125000000,0.00097656250000000,0.00024414062500000,0.00006103515625000,0.00024414062500000,0.00006103515625000,0.00000000000000000,0.00012207031250000,0.00006103515625000,0.00006103515625000,0.00000000000000000,0.42212572983208291,2
0.00006103515625000,0.00097656250000000,0.00024414062500000,0.00024414062500000,0.00012207031250000,0.00048828125000000,0.00097656250000000,0.00000000000000000,0.00006103515625000,0.00024414062500000,0.00012207031250000,0.00000000000000000,0.00012207031250000,0.00006103515625000,0.00006103515625000,0.00000000000000000,0.42296984917887898,2
0.00006103515625000,0.00097656250000000,0.00048828125000000,0.00000000000000000,0.00012207031250000,0.00048828125000000,0.00097656250000000,0.00000000000000000,0.00006103515625000,0.00024414062500000,0.00012207031250000,0.00000000000000000,0.00012207031250000,0.00012207031250000,0.00006103515625000,0.00000000000000000,0.42704881074274575,3
0.00006103515625000,0.00097656250000000,0.00048828125000000,0.00000000000000000,0.00012207031250000,0.00048828125000000,0.00097656250000000,0.00000000000000000,0.00006103515625000,0.00024414062500000,0.00012207031250000,0.00000000000000000,0.00024414062500000,0.00006103515625000,0.00000000000000000,0.00006103515625000,0.42861813863478132,0
0.00006103515625000,0.00097656250000000,0.00048828125000000,0.00006103515625000,0.00012207031250000,0.00048828125000000,0.00097656250000000,0.00006103515625000,0.00006103515625000,0.00024414062500000,0.00012207031250000,0.00000000000000000,0.00024414062500000,0.00006103515625000,0.00000000000000000,0.00000000000000000,0.42861813863478132,0
0.00006103515625000,0.00097656250000000,0.00000000000000000,0.00000000000000000,0.00012207031250000,0.00048828125000000,0.00048828125000000,0.00012207031250000,0.00006103515625000,0.00024414062500000,0.00097656250000000,0.00000000000000000,0.00024414062500000,0.00006103515625000,0.00012207031250000,0.00012207031250000,0.42939022503429886,3
0.00000000000000000,0.00000000000000000,0.00006103515625000,0.00097656250000000,0.00000000000000000,0.00012207031250000,0.00097656250000000,0.00012207031250000,0.00000000000000000,0.00006103515625000,0.00024414062500000,0.00097656250000000,0.00006103515625000,0.00024414062500000,0.00006103515625000,0.00024414062500000,0.43668934249562624,0
0.00006103515625000,0.00012207031250000,0.00006103515625000,0.00097656250000000,0.00006103515625000,0.00006103515625000,0.00097656250000000,0.00012207031250000,0.00000000000000000,0.00024414062500000,0.00024414062500000,0.00097656250000000,0.00000000000000000,0.00000000000000000,0.00006103515625000,0.00024414062500000,0.43668934249562624,0
0.00006103515625000,0.00012207031250000,0.00006103515625000,0.00097656250000000,0.00000000000000000,0.00012207031250000,0.00097656250000000,0.00012207031250000,0.00000000000000000,0.00000000000000000,0.00048828125000000,0.00097656250000000,0.00006103515625000,0.00000000000000000,0.00006103515625000,0.00024414062500000,0.44008023949507030,3
0.00000000000000000,0.00000000000000000,0.00006103515625000,0.00097656250000000,0.00006103515625000,0.00000000000000000,0.00097656250000000,0.00012207031250000,0.00000000000000000,0.00000000000000000,0.00048828125000000,0.00097656250000000,0.00012207031250000,0.00024414062500000,0.00006103515625000,0.00024414062500000,0.44204105683388722,2
0.00006103515625000,0.00097656250000000,0.00006103515625000,0.00000000000000000,0.00006103515625000,0.00097656250000000,0.00012207031250000,0.00000000000000000,0.00048828125000000,0.00097656250000000,0.00000000000000000,0.00000000000000000,0.00012207031250000,0.00024414062500000,0.00006103515625000,0.00024414062500000,0.44204105683388722,0
0.00006103515625000,0.00006103515625000,0.00097656250000000,0.00006103515625000,0.00000000000000000,0.00006103515625000,0.00097656250000000,0.00012207031250000,0.00000000000000000,0.00000000000000000,0.00048828125000000,0.00097656250000000,0.00012207031250000,0.00024414062500000,0.00006103515625000,0.00024414062500000,0.44204105683388722,1
0.00000000000000000,0.00012207031250000,0.00097656250000000,0.00006103515625000,0.00006103515625000,0.00006103515625000,0.00097656250000000,0.00012207031250000,0.00000000000000000,0.00000000000000000,0.00048828125000000,0.00097656250000000,0.00012207031250000,0.00024414062500000,0.00006103515625000,0.00024414062500000,0.44268303366880529,0
0.00000000000000000,0.00000000000000000,0.00006103515625000,0.00006103515625000,0.00000000000000000,0.00012207031250000,0.00195312500000000,0.00012207031250000,0.00006103515625000,0.00006103515625000,0.00048828125000000,0.00097656250000000,0.00012207031250000,0.00024414062500000,0.00006103515625000,0.00024414062500000,0.45224842384899039,3
0.00006103515625000,0.00012207031250000,0.00006103515625000,0.00006103515625000,0.00012207031250000,0.00006103515625000,0.00195312500000000,0.00012207031250000,0.00000000000000000,0.00024414062500000,0.00048828125000000,0.00097656250000000,0.00006103515625000,0.00000000000000000,0.00006103515625000,0.00024414062500000,0.45224842384899039,0
0.00006103515625000,0.00012207031250000,0.00006103515625000,0.00006103515625000,0.00012207031250000,0.00006103515625000,0.00195312500000000,0.00012207031250000,0.00006103515625000,0.00024414062500000,0.00048828125000000,0.00097656250000000,0.00000000000000000,0.00006103515625000,0.00006103515625000,0.00024414062500000,0.45224842384899039,3
0.00000000000000000,0.00006103515625000,0.00012207031250000,0.00012207031250000,0.00012207031250000,0.00006103515625000,0.00195312500000000,0.00012207031250000,0.00006103515625000,0.00024414062500000,0.00048828125000000,0.00097656250000000,0.00000000000000000,0.00006103515625000,0.00012207031250000,0.00024414062500000,0.45335988390099285,0
0.00012207031250000,0.00012207031250000,0.00012207031250000,0.00024414062500000,0.00006103515625000,0.00024414062500000,0.00195312500000000,0.00097656250000000,0.00000000000000000,0.00006103515625000,0.00048828125000000,0.00024414062500000,0.00000000000000000,0.00006103515625000,0.00012207031250000,0.00000000000000000,0.45499571428325924,1
0.00000000000000000,0.00000000000000000,0.00012207031250000,0.00000000000000000,0.00006103515625000,0.00012207031250000,0.00195312500000000,0.00024414062500000,0.00012207031250000,0.00024414062500000,0.00048828125000000,0.00097656250000000,0.00006103515625000,0.00012207031250000,0.00012207031250000,0.00024414062500000,0.45553287751776156,2
0.00012207031250000,0.00000000000000000,0.00000000000000000,0.00000000000000000,0.00006103515625000,0.00012207031250000,0.00195312500000000,0.00024414062500000,0.00012207031250000,0.00024414062500000,0.00048828125000000,0.00097656250000000,0.00006103515625000,0.00024414062500000,0.00024414062500000,0.00012207031250000,0.45659539074168198,3
0.00012207031250000,0.00000000000000000,0.00000000000000000,0.00000000000000000,0.00006103515625000,0.00012207031250000,0.00195312500000000,0.00024414062500000,0.00012207031250000,0.00024414062500000,0.00048828125000000,0.00097656250000000,0.00006103515625000,0.00048828125000000,0.00012207031250000,0.00006103515625000,0.45867474130323976,3
0.00012207031250000,0.00000000000000000,0.00000000000000000,0.00012207031250000,0.00006103515625000,0.00012207031250000,0.00195312500000000,0.00024414062500000,0.00012207031250000,0.00024414062500000,0.00048828125000000,0.00097656250000000,0.00006103515625000,0.00048828125000000,0.00012207031250000,0.00006103515625000,0.45867474130323976,3
0.00012207031250000,0.00012207031250000,0.00195312500000000,0.00012207031250000,0.00006103515625000,0.00024414062500000,0.00048828125000000,0.00024414062500000,0.00012207031250000,0.00048828125000000,0.00012207031250000,0.00097656250000000,0.00006103515625000,0.00000000000000000,0.00006103515625000,0.00006103515625000,0.45867474130323976,3
0.00012207031250000,0.00006103515625000,0.00195312500000000,0.00012207031250000,0.00006103515625000,0.00012207031250000,0.00048828125000000,0.00024414062500000,0.00012207031250000,0.00024414062500000,0.00012207031250000,0.00097656250000000,0.00006103515625000,0.00048828125000000,0.00006103515625000,0.00006103515625000,0.45867474130323976,2
0.00012207031250000,0.00006103515625000,0.00195312500000000,0.00012207031250000,0.00006103515625000,0.00012207031250000,0.00048828125000000,0.00024414062500000,0.00012207031250000,0.00024414062500000,0.00012207031250000,0.00097656250000000,0.00006103515625000,0.00006103515625000,0.00048828125000000,0.00012207031250000,0.45918537773251189,2
0.00012207031250000,0.00006103515625000,0.00195312500000000,0.00012207031250000,0.00006103515625000,0.00012207031250000,0.00048828125000000,0.00024414062500000,0.00012207031250000,0.00024414062500000,0.00012207031250000,0.00097656250000000,0.00012207031250000,0.00048828125000000,0.00012207031250000,0.00006103515625000,0.45969243699456497,1
0.00000000000000000,0.00006103515625000,0.00006103515625000,0.00012207031250000,0.00012207031250000,0.00012207031250000,0.00195312500000000,0.00024414062500000,0.00006103515625000,0.00024414062500000,0.00048828125000000,0.00097656250000000,0.00024414062500000,0.00048828125000000,0.00024414062500000,0.00006103515625000,0.46168588246451692,0
0.00012207031250000,0.00006103515625000,0.00006103515625000,0.00012207031250000,0.00006103515625000,0.00012207031250000,0.00195312500000000,0.00024414062500000,0.00024414062500000,0.00024414062500000,0.00048828125000000,0.00097656250000000,0.00006103515625000,0.00048828125000000,0.00024414062500000,0.00006103515625000,0.46168588246451692,3
0.00012207031250000,0.00012207031250000,0.00012207031250000,0.00006103515625000,0.00006103515625000,0.00012207031250000,0.00195312500000000,0.00024414062500000,0.00048828125000000,0.00048828125000000,0.00097656250000000,0.00000000000000000,0.00006103515625000,0.00048828125000000,0.00024414062500000,0.00006103515625000,0.46410288210547918,3
0.00012207031250000,0.00006103515625000,0.00012207031250000,0.00000000000000000,0.00006103515625000,0.00000000000000000,0.00195312500000000,0.00006103515625000,0.00048828125000000,0.00024414062500000,0.00097656250000000,0.00024414062500000,0.00006103515625000,0.00097656250000000,0.00024414062500000,0.00006103515625000,0.46870744946672821,0
0.00012207031250000,0.00000000000000000,0.00012207031250000,0.00012207031250000,0.00006103515625000,0.00006103515625000,0.00195312500000000,0.00006103515625000,0.00048828125000000,0.00024414062500000,0.00097656250000000,0.00024414062500000,0.00006103515625000,0.00097656250000000,0.00024414062500000,0.00006103515625000,0.46870744946672821,0
0.00012207031250000,0.00006103515625000,0.00012207031250000,0.00012207031250000,0.00006103515625000,0.00024414062500000,0.00195312500000000,0.00006103515625000,0.00048828125000000,0.00097656250000000,0.00097656250000000,0.00024414062500000,0.00006103515625000,0.00006103515625000,0.00024414062500000,0.00006103515625000,0.46870744946672821,3
0.00012207031250000,0.00006103515625000,0.00024414062500000,0.00000000000000000,0.00006103515625000,0.00024414062500000,0.00195312500000000,0.00006103515625000,0.00048828125000000,0.00195312500000000,0.00024414062500000,0.00006103515625000,0.00012207031250000,0.00024414062500000,0.00006103515625000,0.00000000000000000,0.47672300109516558,3
0.00012207031250000,0.00006103515625000,0.00024414062500000,0.00012207031250000,0.00006103515625000,0.00024414062500000,0.00195312500000000,0.00006103515625000,0.00048828125000000,0.00195312500000000,0.00024414062500000,0.00000000000000000,0.00012207031250000,0.00024414062500000,0.00006103515625000,0.00000000000000000,0.47712125471966244,3
0.00012207031250000,0.00006103515625000,0.00024414062500000,0.00012207031250000,0.00006103515625000,0.00024414062500000,0.00195312500000000,0.00006103515625000,0.00006103515625000,0.00048828125000000,0.00195312500000000,0.00024414062500000,0.00000000000000000,0.00012207031250000,0.00024414062500000,0.00006103515625000,0.47712125471966244,1
0.00012207031250000,0.00006103515625000,0.00024414062500000,0.00012207031250000,0.00012207031250000,0.00024414062500000,0.00390625000000000,0.00006103515625000,0.00006103515625000,0.00048828125000000,0.00024414062500000,0.00024414062500000,0.00000000000000000,0.00012207031250000,0.00000000000000000,0.00006103515625000,0.48916719190894248,0
0.00012207031250000,0.00006103515625000,0.00024414062500000,0.00012207031250000,0.00012207031250000,0.00024414062500000,0.00390625000000000,0.00006103515625000,0.00006103515625000,0.00048828125000000,0.00048828125000000,0.00000000000000000,0.00012207031250000,0.00006103515625000,0.00000000000000000,0.00006103515625000,0.49049993222767346,2
0.00012207031250000,0.00006103515625000,0.00024414062500000,0.00012207031250000,0.00012207031250000,0.00024414062500000,0.00390625000000000,0.00006103515625000,0.00006103515625000,0.00097656250000000,0.00000000000000000,0.00006103515625000,0.00012207031250000,0.00012207031250000,0.00000000000000000,0.00000000000000000,0.49341179625571652,0
0.00012207031250000,0.00006103515625000,0.00024414062500000,0.00012207031250000,0.00012207031250000,0.00024414062500000,0.00390625000000000,0.00006103515625000,0.00000000000000000,0.00006103515625000,0.00097656250000000,0.00006103515625000,0.00000000000000000,0.00000000000000000,0.00006103515625000,0.00024414062500000,0.49404327169947487,0
0.00024414062500000,0.00006103515625000,0.00024414062500000,0.00012207031250000,0.00000000000000000,0.00024414062500000,0.00390625000000000,0.00012207031250000,0.00006103515625000,0.00006103515625000,0.00097656250000000,0.00024414062500000,0.00000000000000000,0.00000000000000000,0.00006103515625000,0.00000000000000000,0.49498027395775002,3
0.00024414062500000,0.00006103515625000,0.00024414062500000,0.00024414062500000,0.00006103515625000,0.00024414062500000,0.00390625000000000,0.00024414062500000,0.00000000000000000,0.00006103515625000,0.00097656250000000,0.00000000000000000,0.00000000000000000,0.00000000000000000,0.00006103515625000,0.00006103515625000,0.49559827057120948,1
0.00000000000000000,0.00006103515625000,0.00024414062500000,0.00000000000000000,0.00000000000000000,0.00006103515625000,0.00390625000000000,0.00000000000000000,0.00024414062500000,0.00024414062500000,0.00097656250000000,0.00048828125000000,0.00006103515625000,0.00006103515625000,0.00006103515625000,0.00006103515625000,0.49681865629614058,3
0.00000000000000000,0.00000000000000000,0.00006103515625000,0.00024414062500000,0.00006103515625000,0.00000000000000000,0.00006103515625000,0.00390625000000000,0.00000000000000000,0.00048828125000000,0.00097656250000000,0.00048828125000000,0.00000000000000000,0.00000000000000000,0.00012207031250000,0.00012207031250000,0.49861150122999143,1
0.00006103515625000,0.00024414062500000,0.00000000000000000,0.00000000000000000,0.00012207031250000,0.00390625000000000,0.00000000000000000,0.00006103515625000,0.00048828125000000,0.00097656250000000,0.00048828125000000,0.00000000000000000,0.00024414062500000,0.00000000000000000,0.00000000000000000,0.00000000000000000,0.49949154141589686,1
0.00000000000000000,0.00000000000000000,0.00006103515625000,0.00024414062500000,0.00000000000000000,0.00012207031250000,0.00390625000000000,0.00006103515625000,0.00006103515625000,0.00048828125000000,0.00097656250000000,0.00048828125000000,0.00000000000000000,0.00000000000000000,0.00000000000000000,0.00024414062500000,0.49949154141589686,0
0.00006103515625000,0.00012207031250000,0.00006103515625000,0.00024414062500000,0.00006103515625000,0.00048828125000000,0.00390625000000000,0.00006103515625000,0.00000000000000000,0.00000000000000000,0.00097656250000000,0.00048828125000000,0.00000000000000000,0.00000000000000000,0.00000000000000000,0.00024414062500000,0.49949154141589686,2
0.00012207031250000,0.00012207031250000,0.00006103515625000,0.00024414062500000,0.00000000000000000,0.00048828125000000,0.00390625000000000,0.00006103515625000,0.00000000000000000,0.00006103515625000,0.00097656250000000,0.00048828125000000,0.00000000000000000,0.00000000000000000,0.00000000000000000,0.00024414062500000,0.49978252638527598,1
0.00000000000000000,0.00000000000000000,0.00000000000000000,0.00024414062500000,0.00006103515625000,0.00012207031250000,0.00006103515625000,0.00006103515625000,0.00000000000000000,0.00048828125000000,0.00390625000000000,0.00048828125000000,0.00012207031250000,0.00006103515625000,0.00097656250000000,0.00024414062500000,0.49978252638527598,1
0.00000000000000000,0.00000000000000000,0.00000000000000000,0.00024414062500000,0.00006103515625000,0.00012207031250000,0.00006103515625000,0.00006103515625000,0.00006103515625000,0.00048828125000000,0.00390625000000000,0.00048828125000000,0.00012207031250000,0.00006103515625000,0.00097656250000000,0.00024414062500000,0.49978252638527598,2
0.00012207031250000,0.00000000000000000,0.00000000000000000,0.00024414062500000,0.00000000000000000,0.00006103515625000,0.00012207031250000,0.00012207031250000,0.00006103515625000,0.00048828125000000,0.00390625000000000,0.00048828125000000,0.00012207031250000,0.00006103515625000,0.00097656250000000,0.00024414062500000,0.50007234624655317,2
0.00000000000000000,0.00012207031250000,0.00012207031250000,0.00024414062500000,0.00000000000000000,0.00000000000000000,0.00006103515625000,0.00024414062500000,0.00006103515625000,0.00048828125000000,0.00390625000000000,0.00048828125000000,0.00012207031250000,0.00006103515625000,0.00097656250000000,0.00024414062500000,0.50064852770615176,2
0.00000000000000000,0.00006103515625000,0.00024414062500000,0.00024414062500000,0.00000000000000000,0.00000000000000000,0.00006103515625000,0.00024414062500000,0.00006103515625000,0.00048828125000000,0.00390625000000000,0.00048828125000000,0.00012207031250000,0.00006103515625000,0.00097656250000000,0.00024414062500000,0.50122015882045745,0
0.00000000000000000,0.00006103515625000,0.00006103515625000,0.00048828125000000,0.00000000000000000,0.00000000000000000,0.00006103515625000,0.00024414062500000,0.00006103515625000,0.00048828125000000,0.00390625000000000,0.00048828125000000,0.00012207031250000,0.00006103515625000,0.00097656250000000,0.00024414062500000,0.50235005358660345,0
0.00000000000000000,0.00000000000000000,0.00006103515625000,0.00048828125000000,0.00000000000000000,0.00006103515625000,0.00012207031250000,0.00024414062500000,0.00006103515625000,0.00048828125000000,0.00390625000000000,0.00048828125000000,0.00012207031250000,0.00006103515625000,0.00097656250000000,0.00024414062500000,0.50262979273150676,0
0.00006103515625000,0.00006103515625000,0.00006103515625000,0.00048828125000000,0.00012207031250000,0.00048828125000000,0.00012207031250000,0.00024414062500000,0.00006103515625000,0.00006103515625000,0.00390625000000000,0.00048828125000000,0.00000000000000000,0.00000000000000000,0.00097656250000000,0.00024414062500000,0.50262979273150676,3
0.00000000000000000,0.00006103515625000,0.00012207031250000,0.00048828125000000,0.00012207031250000,0.00048828125000000,0.00012207031250000,0.00024414062500000,0.00012207031250000,0.00012207031250000,0.00390625000000000,0.00048828125000000,0.00000000000000000,0.00000000000000000,0.00097656250000000,0.00024414062500000,0.50318604840784553,3
0.00024414062500000,0.00006103515625000,0.00024414062500000,0.00048828125000000,0.00006103515625000,0.00048828125000000,0.00390625000000000,0.00024414062500000,0.00000000000000000,0.00012207031250000,0.00097656250000000,0.00048828125000000,0.00000000000000000,0.00000000000000000,0.00000000000000000,0.00024414062500000,0.50428589731689011,1
0.00024414062500000,0.00006103515625000,0.00024414062500000,0.00048828125000000,0.00006103515625000,0.00048828125000000,0.00390625000000000,0.00024414062500000,0.00012207031250000,0.00097656250000000,0.00048828125000000,0.00006103515625000,0.00024414062500000,0.00000000000000000,0.00000000000000000,0.00000000000000000,0.50428589731689011,1
0.00024414062500000,0.00000000000000000,0.00000000000000000,0.00006103515625000,0.00006103515625000,0.00006103515625000,0.00024414062500000,0.00048828125000000,0.00012207031250000,0.00048828125000000,0.00390625000000000,0.00024414062500000,0.00024414062500000,0.00097656250000000,0.00048828125000000,0.00006103515625000,0.50428589731689011,2
0.00024414062500000,0.00006103515625000,0.00024414062500000,0.00006103515625000,0.00006103515625000,0.00048828125000000,0.00390625000000000,0.00048828125000000,0.00012207031250000,0.00097656250000000,0.00048828125000000,0.00024414062500000,0.00024414062500000,0.00006103515625000,0.00000000000000000,0.00006103515625000,0.50428589731689011,1
0.00000000000000000,0.00000000000000000,0.00000000000000000,0.00000000000000000,0.00000000000000000,0.00000000000000000,0.00006103515625000,0.00000000000000000,0.00000000000000000,0.00000000000000000,0.00000000000000000,0.00000000000000000,0.00006103515625000,0.00000000000000000,0.00000000000000000,0.00000000000000000,0.00000000000000000,1
0.00006103515625000,0.00000000000000000,0.00006103515625000,0.00000000000000000,0.00000000000000000,0.00000000000000000,0.00000000000000000,0.00000000000000000,0.00006103515625000,0.00000000000000000,0.00000000000000000,0.00000000000000000,0.00000000000000000,0.00000000000000000,0.00000000000000000,0.00000000000000000,0.00000000000000000,2
0.00000000000000000,0.00000000000000000,0.00000000000000000,0.00000000000000000,0.00000000000000000,0.00000000000000000,0.00000000000000000,0.00000000000000000,0.00000000000000000,0.00000000000000000,0.00000000000000000,0.00000000000000000,0.00012207031250000,0.00000000000000000,0.00006103515625000,0.00012207031250000,0.11649500072266981,0
0.00000000000000000,0.00006103515625000,0.00000000000000000,0.00000000000000000,0.00000000000000000,0.00000000000000000,0.00000000000000000,0.00000000000000000,0.00000000000000000,0.00000000000000000,0.00000000000000000,0.00000000000000000,0.00012207031250000,0.00006103515625000,0.00012207031250000,0.00000000000000000,0.11649500072266981,0
0.00012207031250000,0.00012207031250000,0.00012207031250000,0.00000000000000000,0.00000000000000000,0.00000000000000000,0.00000000000000000,0.00000000000000000,0.00000000000000000,0.00000000000000000,0.00000000000000000,0.00000000000000000,0.00000000000000000,0.00000000000000000,0.00000000000000000,0.00006103515625000,0.15904041823988749,0
0.00024414062500000,0.00012207031250000,0.00000000000000000,0.00000000000000000,0.00000000000000000,0.00006103515625000,0.00000000000000000,0.00000000000000000,0.00000000000000000,0.00000000000000000,0.00000000000000000,0.00000000000000000,0.00006103515625000,0.00000000000000000,0.00000000000000000,0.00000000000000000,0.20507482022971232,2
0.00024414062500000,0.00012207031250000,0.00000000000000000,0.00006103515625000,0.00006103515625000,0.00006103515625000,0.00000000000000000,0.00000000000000000,0.00000000000000000,0.00000000000000000,0.00000000000000000,0.00000000000000000,0.00000000000000000,0.00000000000000000,0.00000000000000000,0.00000000000000000,0.20507482022971232,3
0.00024414062500000,0.00012207031250000,0.00006103515625000,0.00000000000000000,0.00012207031250000,0.00000000000000000,0.00000000000000000,0.00000000000000000,0.00000000000000000,0.00000000000000000,0.00000000000000000,0.00000000000000000,0.00000000000000000,0.00000000000000000,0.00006103515625000,0.00000000000000000,0.22036988245565323,1
0.00024414062500000,0.00012207031250000,0.00006103515625000,0.00006103515625000,0.00012207031250000,0.00000000000000000,0.00000000000000000,0.00000000000000000,0.00000000000000000,0.00000000000000000,0.00000000000000000,0.00000000000000000,0.00006103515625000,0.00000000000000000,0.00000000000000000,0.00000000000000000,0.22036988245565323,2
0.00024414062500000,0.00012207031250000,0.00006103515625000,0.00006103515625000,0.00012207031250000,0.00000000000000000,0.00000000000000000,0.00006103515625000,0.00006103515625000,0.00000000000000000,0.00000000000000000,0.00000000000000000,0.00000000000000000,0.00000000000000000,0.00000000000000000,0.00000000000000000,0.22036988245565323,0
0.00000000000000000,0.00024414062500000,0.00012207031250000,0.00012207031250000,0.00000000000000000,0.00000000000000000,0.00012207031250000,0.00006103515625000,0.00000000000000000,0.00000000000000000,0.00000000000000000,0.00006103515625000,0.00000000000000000,0.00000000000000000,0.00006103515625000,0.00000000000000000,0.23299000144533963,1
0.00000000000000000,0.00006103515625000,0.00024414062500000,0.00024414062500000,0.00000000000000000,0.00000000000000000,0.00012207031250000,0.00006103515625000,0.00000000000000000,0.00000000000000000,0.00000000000000000,0.00006103515625000,0.00000000000000000,0.00000000000000000,0.00000000000000000,0.00006103515625000,0.25308565664631461,2
0.00000000000000000,0.00006103515625000,0.00024414062500000,0.00024414062500000,0.00000000000000000,0.00000000000000000,0.00012207031250000,0.00012207031250000,0.00000000000000000,0.00000000000000000,0.00006103515625000,0.00006103515625000,0.00000000000000000,0.00000000000000000,0.00000000000000000,0.00000000000000000,0.26136695401116583,1
0.00000000000000000,0.00000000000000000,0.00000000000000000,0.00000000000000000,0.00006103515625000,0.00000000000000000,0.00024414062500000,0.00024414062500000,0.00000000000000000,0.00000000000000000,0.00012207031250000,0.00012207031250000,0.00000000000000000,0.00006103515625000,0.00006103515625000,0.00006103515625000,0.26136695401116583,2
0.00000000000000000,0.00000000000000000,0.00000000000000000,0.00000000000000000,0.00000000000000000,0.00000000000000000,0.00006103515625000,0.00048828125000000,0.00000000000000000,0.00000000000000000,0.00006103515625000,0.00024414062500000,0.00000000000000000,0.00000000000000000,0.00006103515625000,0.00012207031250000,0.30215222610714260,0
0.00000000000000000,0.00000000000000000,0.00000000000000000,0.00000000000000000,0.00006103515625000,0.00048828125000000,0.00000000000000000,0.00000000000000000,0.00006103515625000,0.00024414062500000,0.00000000000000000,0.00000000000000000,0.00006103515625000,0.00012207031250000,0.00000000000000000,0.00006103515625000,0.30215222610714260,3
0.00000000000000000,0.00000000000000000,0.00000000000000000,0.00000000000000000,0.00000000000000000,0.00000000000000000,0.00006103515625000,0.00048828125000000,0.00006103515625000,0.00000000000000000,0.00006103515625000,0.00024414062500000,0.00000000000000000,0.00006103515625000,0.00012207031250000,0.00006103515625000,0.30215222610714260,2
0.00000000000000000,0.00000000000000000,0.00000000000000000,0.00000000000000000,0.00000000000000000,0.00000000000000000,0.00000000000000000,0.00048828125000000,0.00000000000000000,0.00006103515625000,0.00012207031250000,0.00024414062500000,0.00006103515625000,0.00006103515625000,0.00012207031250000,0.00006103515625000,0.30647484845620920,2
0.00000000000000000,0.00000000000000000,0.00000000000000000,0.00000000000000000,0.00048828125000000,0.00000000000000000,0.00000000000000000,0.00000000000000000,0.00006103515625000,0.00012207031250000,0.00024414062500000,0.00006103515625000,0.00012207031250000,0.00012207031250000,0.00006103515625000,0.00000000000000000,0.31055381002007598,0
0.00000000000000000,0.00000000000000000,0.00000000000000000,0.00006103515625000,0.00048828125000000,0.00000000000000000,0.00000000000000000,0.00000000000000000,0.00006103515625000,0.00012207031250000,0.00024414062500000,0.00006103515625000,0.00024414062500000,0.00006103515625000,0.00000000000000000,0.00000000000000000,0.31808083647977498,2
0.00048828125000000,0.00012207031250000,0.00024414062500000,0.00012207031250000,0.00006103515625000,0.00006103515625000,0.00000000000000000,0.00000000000000000,0.00024414062500000,0.00006103515625000,0.00000000000000000,0.00000000000000000,0.00000000000000000,0.00000000000000000,0.00000000000000000,0.00000000000000000,0.32156982095238212,1
0.00048828125000000,0.00012207031250000,0.00024414062500000,0.00012207031250000,0.00000000000000000,0.00000000000000000,0.00006103515625000,0.00012207031250000,0.00000000000000000,0.00000000000000000,0.00024414062500000,0.00006103515625000,0.00000000000000000,0.00000000000000000,0.00000000000000000,0.00000000000000000,0.32489833444081878,1
0.00048828125000000,0.00012207031250000,0.00024414062500000,0.00024414062500000,0.00000000000000000,0.00000000000000000,0.00006103515625000,0.00006103515625000,0.00000000000000000,0.00006103515625000,0.00024414062500000,0.00000000000000000,0.00000000000000000,0.00000000000000000,0.00000000000000000,0.00000000000000000,0.33112862237770746,0
0.00048828125000000,0.00012207031250000,0.00048828125000000,0.00000000000000000,0.00012207031250000,0.00000000000000000,0.00000000000000000,0.00000000000000000,0.00006103515625000,0.00024414062500000,0.00000000000000000,0.00000000000000000,0.00000000000000000,0.00000000000000000,0.00000000000000000,0.00006103515625000,0.34469764362436028,3
0.00000000000000000,0.00000000000000000,0.00000000000000000,0.00000000000000000,0.00048828125000000,0.00000000000000000,0.00000000000000000,0.00000000000000000,0.00012207031250000,0.00012207031250000,0.00006103515625000,0.00000000000000000,0.00006103515625000,0.00024414062500000,0.00048828125000000,0.00006103515625000,0.34469764362436028,0
0.00000000000000000,0.00000000000000000,0.00000000000000000,0.00000000000000000,0.00048828125000000,0.00000000000000000,0.00006103515625000,0.00000000000000000,0.00024414062500000,0.00006103515625000,0.00000000000000000,0.00000000000000000,0.00006103515625000,0.00024414062500000,0.00048828125000000,0.00006103515625000,0.34948500216800937,3
0.00048828125000000,0.00006103515625000,0.00006103515625000,0.00006103515625000,0.00024414062500000,0.00024414062500000,0.00048828125000000,0.00000000000000000,0.00006103515625000,0.00000000000000000,0.00000000000000000,0.00000000000000000,0.00000000000000000,0.00000000000000000,0.00000000000000000,0.00006103515625000,0.34948500216800937,2
0.00048828125000000,0.00012207031250000,0.00006103515625000,0.00000000000000000,0.00048828125000000,0.00048828125000000,0.00000000000000000,0.00000000000000000,0.00006103515625000,0.00000000000000000,0.00000000000000000,0.00000000000000000,0.00006103515625000,0.00000000000000000,0.00000000000000000,0.00006103515625000,0.36022800037249580,0
0.00048828125000000,0.00012207031250000,0.00006103515625000,0.00000000000000000,0.00097656250000000,0.00000000000000000,0.00000000000000000,0.00000000000000000,0.00006103515625000,0.00006103515625000,0.00000000000000000,0.00000000000000000,0.00012207031250000,0.00000000000000000,0.00000000000000000,0.00000000000000000,0.37627976247819744,3
0.00000000000000000,0.00048828125000000,0.00012207031250000,0.00006103515625000,0.00000000000000000,0.00000000000000000,0.00000000000000000,0.00097656250000000,0.00000000000000000,0.00006103515625000,0.00000000000000000,0.00012207031250000,0.00000000000000000,0.00000000000000000,0.00000000000000000,0.00012207031250000,0.37786195473383560,3
0.00000000000000000,0.00048828125000000,0.00012207031250000,0.00006103515625000,0.00000000000000000,0.00006103515625000,0.00000000000000000,0.00097656250000000,0.00000000000000000,0.00000000000000000,0.00000000000000000,0.00024414062500000,0.00000000000000000,0.00000000000000000,0.00006103515625000,0.00000000000000000,0.38092621816796229,2
0.00000000000000000,0.00048828125000000,0.00012207031250000,0.00006103515625000,0.00000000000000000,0.00000000000000000,0.00006103515625000,0.00097656250000000,0.00000000000000000,0.00000000000000000,0.00000000000000000,0.00024414062500000,0.00000000000000000,0.00006103515625000,0.00000000000000000,0.00006103515625000,0.38092621816796229,2
0.00000000000000000,0.00048828125000000,0.00012207031250000,0.00006103515625000,0.00006103515625000,0.00006103515625000,0.00006103515625000,0.00097656250000000,0.00000000000000000,0.00000000000000000,0.00000000000000000,0.00024414062500000,0.00000000000000000,0.00000000000000000,0.00000000000000000,0.00006103515625000,0.38092621816796229,2
0.00048828125000000,0.00012207031250000,0.00006103515625000,0.00000000000000000,0.00012207031250000,0.00006103515625000,0.00097656250000000,0.00000000000000000,0.00024414062500000,0.00000000000000000,0.00006103515625000,0.00000000000000000,0.00006103515625000,0.00000000000000000,0.00000000000000000,0.00000000000000000,0.38241103769359880,2
0.00000000000000000,0.00048828125000000,0.00012207031250000,0.00006103515625000,0.00000000000000000,0.00012207031250000,0.00006103515625000,0.00097656250000000,0.00000000000000000,0.00006103515625000,0.00024414062500000,0.00006103515625000,0.00000000000000000,0.00000000000000000,0.00000000000000000,0.00006103515625000,0.38241103769359880,0
0.00048828125000000,0.00012207031250000,0.00006103515625000,0.00000000000000000,0.00012207031250000,0.00006103515625000,0.00097656250000000,0.00000000000000000,0.00006103515625000,0.00024414062500000,0.00006103515625000,0.00000000000000000,0.00006103515625000,0.00000000000000000,0.00006103515625000,0.00000000000000000,0.38241103769359880,1
0.00006103515625000,0.00000000000000000,0.00000000000000000,0.00000000000000000,0.00048828125000000,0.00012207031250000,0.00006103515625000,0.00000000000000000,0.00012207031250000,0.00006103515625000,0.00097656250000000,0.00000000000000000,0.00012207031250000,0.00024414062500000,0.00012207031250000,0.00000000000000000,0.38529231017595905,1
0.00000000000000000,0.00000000000000000,0.00000000000000000,0.00000000000000000,0.00006103515625000,0.00012207031250000,0.00006103515625000,0.00000000000000000,0.00048828125000000,0.00006103515625000,0.00097656250000000,0.00000000000000000,0.00024414062500000,0.00024414062500000,0.00012207031250000,0.00006103515625000,0.38806326723978962,3
0.00000000000000000,0.00012207031250000,0.00000000000000000,0.00000000000000000,0.00006103515625000,0.00012207031250000,0.00006103515625000,0.00000000000000000,0.00048828125000000,0.00006103515625000,0.00097656250000000,0.00000000000000000,0.00048828125000000,0.00012207031250000,0.00006103515625000,0.00000000000000000,0.39330591372331464,1
0.00000000000000000,0.00000000000000000,0.00000000000000000,0.00000000000000000,0.00000000000000000,0.00024414062500000,0.00006103515625000,0.00000000000000000,0.00006103515625000,0.00006103515625000,0.00097656250000000,0.00000000000000000,0.00097656250000000,0.00012207031250000,0.00006103515625000,0.00006103515625000,0.40495871333373468,2
0.00006103515625000,0.00024414062500000,0.00006103515625000,0.00006103515625000,0.00097656250000000,0.00006103515625000,0.00097656250000000,0.00000000000000000,0.00000000000000000,0.00012207031250000,0.00006103515625000,0.00000000000000000,0.00000000000000000,0.00000000000000000,0.00006103515625000,0.00000000000000000,0.40495871333373468,3
0.00000000000000000,0.00006103515625000,0.00024414062500000,0.00012207031250000,0.00000000000000000,0.00097656250000000,0.00006103515625000,0.00097656250000000,0.00000000000000000,0.00000000000000000,0.00012207031250000,0.00006103515625000,0.00000000000000000,0.00000000000000000,0.00006103515625000,0.00006103515625000,0.40602710784012602,0
0.00006103515625000,0.00024414062500000,0.00012207031250000,0.00000000000000000,0.00097656250000000,0.00006103515625000,0.00097656250000000,0.00000000000000000,0.00012207031250000,0.00006103515625000,0.00000000000000000,0.00000000000000000,0.00012207031250000,0.00000000000000000,0.00000000000000000,0.00006103515625000,0.40707996151074144,0
0.00000000000000000,0.00000000000000000,0.00000000000000000,0.00000000000000000,0.00006103515625000,0.00000000000000000,0.00012207031250000,0.00000000000000000,0.00097656250000000,0.00024414062500000,0.00012207031250000,0.00000000000000000,0.00024414062500000,0.00012207031250000,0.00097656250000000,0.00006103515625000,0.41014964045942465,3
0.00000000000000000,0.00000000000000000,0.00000000000000000,0.00006103515625000,0.00006103515625000,0.00012207031250000,0.00000000000000000,0.00000000000000000,0.00097656250000000,0.00024414062500000,0.00012207031250000,0.00000000000000000,0.00024414062500000,0.00012207031250000,0.00097656250000000,0.00006103515625000,0.41014964045942465,2
0.00000000000000000,0.00000000000000000,0.00006103515625000,0.00006103515625000,0.00000000000000000,0.00000000000000000,0.00006103515625000,0.00012207031250000,0.00000000000000000,0.00097656250000000,0.00024414062500000,0.00012207031250000,0.00024414062500000,0.00012207031250000,0.00097656250000000,0.00006103515625000,0.41014964045942465,3
0.00012207031250000,0.00000000000000000,0.00000000000000000,0.00000000000000000,0.00006103515625000,0.00012207031250000,0.00000000000000000,0.00006103515625000,0.00097656250000000,0.00024414062500000,0.00012207031250000,0.00000000000000000,0.00024414062500000,0.00012207031250000,0.00097656250000000,0.00006103515625000,0.41114460339235159,3
0.00000000000000000,0.00006103515625000,0.00000000000000000,0.00012207031250000,0.00000000000000000,0.00006103515625000,0.00012207031250000,0.00006103515625000,0.00000000000000000,0.00097656250000000,0.00024414062500000,0.00012207031250000,0.00024414062500000,0.00012207031250000,0.00097656250000000,0.00006103515625000,0.41114460339235159,0
0.00000000000000000,0.00000000000000000,0.00000000000000000,0.00012207031250000,0.00000000000000000,0.00012207031250000,0.00012207031250000,0.00006103515625000,0.00006103515625000,0.00097656250000000,0.00024414062500000,0.00012207031250000,0.00024414062500000,0.00012207031250000,0.00097656250000000,0.00006103515625000,0.41212607488620207,2
0.00012207031250000,0.00000000000000000,0.00000000000000000,0.00000000000000000,0.00024414062500000,0.00006103515625000,0.00000000000000000,0.00006103515625000,0.00006103515625000,0.00097656250000000,0.00024414062500000,0.00012207031250000,0.00024414062500000,0.00012207031250000,0.00097656250000000,0.00006103515625000,0.41404997322446430,3
0.00012207031250000,0.00000000000000000,0.00006103515625000,0.00000000000000000,0.00024414062500000,0.00012207031250000,0.00000000000000000,0.00000000000000000,0.00006103515625000,0.00097656250000000,0.00024414062500000,0.00012207031250000,0.00024414062500000,0.00012207031250000,0.00097656250000000,0.00006103515625000,0.41499307990413908,2
0.00012207031250000,0.00000000000000000,0.00006103515625000,0.00000000000000000,0.00024414062500000,0.00012207031250000,0.00006103515625000,0.00000000000000000,0.00006103515625000,0.00097656250000000,0.00024414062500000,0.00012207031250000,0.00024414062500000,0.00012207031250000,0.00097656250000000,0.00006103515625000,0.41499307990413908,0
0.00000000000000000,0.00006103515625000,0.00012207031250000,0.00006103515625000,0.00000000000000000,0.00024414062500000,0.00012207031250000,0.00006103515625000,0.00006103515625000,0.00097656250000000,0.00024414062500000,0.00012207031250000,0.00024414062500000,0.00012207031250000,0.00097656250000000,0.00006103515625000,0.41499307990413908,1
0.00006103515625000,0.00006103515625000,0.00024414062500000,0.00012207031250000,0.00024414062500000,0.00024414062500000,0.00024414062500000,0.00012207031250000,0.00000000000000000,0.00097656250000000,0.00097656250000000,0.00006103515625000,0.00000000000000000,0.00012207031250000,0.00006103515625000,0.00000000000000000,0.41775083873414531,1
0.00006103515625000,0.00006103515625000,0.00048828125000000,0.00024414062500000,0.00024414062500000,0.00024414062500000,0.00097656250000000,0.00006103515625000,0.00000000000000000,0.00097656250000000,0.00006103515625000,0.00006103515625000,0.00000000000000000,0.00012207031250000,0.00000000000000000,0.00000000000000000,0.42296984917887898,0
0.00000000000000000,0.00006103515625000,0.00000000000000000,0.00000000000000000,0.00006103515625000,0.00024414062500000,0.00048828125000000,0.00000000000000000,0.00006103515625000,0.00097656250000000,0.00097656250000000,0.00024414062500000,0.00024414062500000,0.00012207031250000,0.00006103515625000,0.00012207031250000,0.42380423782652993,2
0.00006103515625000,0.00000000000000000,0.00000000000000000,0.00006103515625000,0.00000000000000000,0.00006103515625000,0.00024414062500000,0.00048828125000000,0.00000000000000000,0.00006103515625000,0.00195312500000000,0.00024414062500000,0.00024414062500000,0.00012207031250000,0.00006103515625000,0.00012207031250000,0.43599167527606686,2
0.00006103515625000,0.00012207031250000,0.00024414062500000,0.00006103515625000,0.00024414062500000,0.00012207031250000,0.00195312500000000,0.00048828125000000,0.00000000000000000,0.00000000000000000,0.00006103515625000,0.00024414062500000,0.00000000000000000,0.00006103515625000,0.00000000000000000,0.00012207031250000,0.43668934249562624,0
0.00006103515625000,0.00012207031250000,0.00024414062500000,0.00006103515625000,0.00024414062500000,0.00012207031250000,0.00195312500000000,0.00048828125000000,0.00006103515625000,0.00024414062500000,0.00006103515625000,0.00000000000000000,0.00006103515625000,0.00012207031250000,0.00000000000000000,0.00000000000000000,0.43668934249562624,3
0.00006103515625000,0.00012207031250000,0.00024414062500000,0.00006103515625000,0.00024414062500000,0.00012207031250000,0.00195312500000000,0.00048828125000000,0.00000000000000000,0.00006103515625000,0.00024414062500000,0.00006103515625000,0.00006103515625000,0.00000000000000000,0.00006103515625000,0.00012207031250000,0.43668934249562624,3
0.00006103515625000,0.00024414062500000,0.00024414062500000,0.00006103515625000,0.00024414062500000,0.00006103515625000,0.00195312500000000,0.00048828125000000,0.00006103515625000,0.00000000000000000,0.00024414062500000,0.00006103515625000,0.00006103515625000,0.00000000000000000,0.00006103515625000,0.00012207031250000,0.43806482167505195,0
0.00006103515625000,0.00024414062500000,0.00024414062500000,0.00006103515625000,0.00024414062500000,0.00006103515625000,0.00195312500000000,0.00048828125000000,0.00012207031250000,0.00000000000000000,0.00024414062500000,0.00006103515625000,0.00006103515625000,0.00000000000000000,0.00006103515625000,0.00012207031250000,0.43874288203078743,3
0.00006103515625000,0.00000000000000000,0.00024414062500000,0.00006103515625000,0.00024414062500000,0.00006103515625000,0.00195312500000000,0.00048828125000000,0.00012207031250000,0.00024414062500000,0.00024414062500000,0.00006103515625000,0.00006103515625000,0.00006103515625000,0.00006103515625000,0.00012207031250000,0.43874288203078743,0
0.00006103515625000,0.00024414062500000,0.00006103515625000,0.00000000000000000,0.00024414062500000,0.00006103515625000,0.00195312500000000,0.00048828125000000,0.00012207031250000,0.00048828125000000,0.00006103515625000,0.00000000000000000,0.00012207031250000,0.00006103515625000,0.00012207031250000,0.00006103515625000,0.44204105683388722,0
0.00006103515625000,0.00006103515625000,0.00024414062500000,0.00006103515625000,0.00024414062500000,0.00006103515625000,0.00195312500000000,0.00048828125000000,0.00000000000000000,0.00012207031250000,0.00048828125000000,0.00006103515625000,0.00012207031250000,0.00006103515625000,0.00012207031250000,0.00006103515625000,0.44204105683388722,0
0.00006103515625000,0.00012207031250000,0.00024414062500000,0.00006103515625000,0.00024414062500000,0.00006103515625000,0.00195312500000000,0.00048828125000000,0.00000000000000000,0.00012207031250000,0.00048828125000000,0.00006103515625000,0.00012207031250000,0.00006103515625000,0.00012207031250000,0.00006103515625000,0.44268303366880529,0
0.00006103515625000,0.00012207031250000,0.00024414062500000,0.00006103515625000,0.00024414062500000,0.00006103515625000,0.00195312500000000,0.00048828125000000,0.00012207031250000,0.00048828125000000,0.00006103515625000,0.00006103515625000,0.00012207031250000,0.00006103515625000,0.00012207031250000,0.00006103515625000,0.44268303366880529,1
0.00006103515625000,0.00012207031250000,0.00024414062500000,0.00006103515625000,0.00024414062500000,0.00006103515625000,0.00195312500000000,0.00048828125000000,0.00012207031250000,0.00048828125000000,0.00012207031250000,0.00006103515625000,0.00012207031250000,0.00006103515625000,0.00012207031250000,0.00006103515625000,0.44331936667830840,0
0.00006103515625000,0.00012207031250000,0.00024414062500000,0.00006103515625000,0.00024414062500000,0.00006103515625000,0.00195312500000000,0.00048828125000000,0.00024414062500000,0.00048828125000000,0.00024414062500000,0.00012207031250000,0.00000000000000000,0.00006103515625000,0.00006103515625000,0.00000000000000000,0.44641972984001899,1
0.00006103515625000,0.00012207031250000,0.00024414062500000,0.00006103515625000,0.00024414062500000,0.00006103515625000,0.00195312500000000,0.00048828125000000,0.00024414062500000,0.00048828125000000,0.00024414062500000,0.00012207031250000,0.00012207031250000,0.00006103515625000,0.00000000000000000,0.00000000000000000,0.44702417939563865,1
0.00006103515625000,0.00012207031250000,0.00024414062500000,0.00006103515625000,0.00048828125000000,0.00006103515625000,0.00195312500000000,0.00048828125000000,0.00012207031250000,0.00048828125000000,0.00024414062500000,0.00012207031250000,0.00000000000000000,0.00006103515625000,0.00006103515625000,0.00000000000000000,0.44939273145555531,1
0.00012207031250000,0.00012207031250000,0.00024414062500000,0.00000000000000000,0.00006103515625000,0.00006103515625000,0.00195312500000000,0.00006103515625000,0.00048828125000000,0.00048828125000000,0.00024414062500000,0.00048828125000000,0.00012207031250000,0.00006103515625000,0.00006103515625000,0.00012207031250000,0.44939273145555531,0
0.00024414062500000,0.00024414062500000,0.00000000000000000,0.00000000000000000,0.00012207031250000,0.00195312500000000,0.00006103515625000,0.00000000000000000,0.00097656250000000,0.00024414062500000,0.00048828125000000,0.00000000000000000,0.00012207031250000,0.00012207031250000,0.00012207031250000,0.00006103515625000,0.45606608371277374,2
0.00006103515625000,0.00000000000000000,0.00000000000000000,0.00048828125000000,0.00000000000000000,0.00012207031250000,0.00195312500000000,0.00006103515625000,0.00000000000000000,0.00097656250000000,0.00024414062500000,0.00048828125000000,0.00000000000000000,0.00012207031250000,0.00024414062500000,0.00006103515625000,0.45918537773251189,0
0.00006103515625000,0.00012207031250000,0.00195312500000000,0.00048828125000000,0.00000000000000000,0.00097656250000000,0.00048828125000000,0.00006103515625000,0.00006103515625000,0.00012207031250000,0.00000000000000000,0.00048828125000000,0.00000000000000000,0.00000000000000000,0.00000000000000000,0.00006103515625000,0.46119264434703006,3
0.00000000000000000,0.00000000000000000,0.00000000000000000,0.00048828125000000,0.00000000000000000,0.00012207031250000,0.00006103515625000,0.00006103515625000,0.00000000000000000,0.00097656250000000,0.00195312500000000,0.00048828125000000,0.00012207031250000,0.00012207031250000,0.00048828125000000,0.00006103515625000,0.46168588246451692,0
0.00000000000000000,0.00000000000000000,0.00000000000000000,0.00048828125000000,0.00000000000000000,0.00006103515625000,0.00012207031250000,0.00012207031250000,0.00000000000000000,0.00097656250000000,0.00195312500000000,0.00048828125000000,0.00000000000000000,0.00024414062500000,0.00048828125000000,0.00006103515625000,0.46314574533378994,3
0.00048828125000000,0.00006103515625000,0.00000000000000000,0.00000000000000000,0.00006103515625000,0.00024414062500000,0.00000000000000000,0.00000000000000000,0.00097656250000000,0.00195312500000000,0.00048828125000000,0.00000000000000000,0.00024414062500000,0.00048828125000000,0.00006103515625000,0.00000000000000000,0.46410288210547918,3
0.00000000000000000,0.00000000000000000,0.00048828125000000,0.00006103515625000,0.00000000000000000,0.00006103515625000,0.00006103515625000,0.00024414062500000,0.00000000000000000,0.00097656250000000,0.00195312500000000,0.00048828125000000,0.00000000000000000,0.00024414062500000,0.00048828125000000,0.00006103515625000,0.46410288210547918,3
0.00048828125000000,0.00006103515625000,0.00000000000000000,0.00006103515625000,0.00012207031250000,0.00024414062500000,0.00000000000000000,0.00000000000000000,0.00097656250000000,0.00195312500000000,0.00048828125000000,0.00000000000000000,0.00024414062500000,0.00048828125000000,0.00006103515625000,0.00000000000000000,0.46457674575306918,2
0.00048828125000000,0.00006103515625000,0.00048828125000000,0.00006103515625000,0.00012207031250000,0.00024414062500000,0.00006103515625000,0.00000000000000000,0.00097656250000000,0.00195312500000000,0.00012207031250000,0.00000000000000000,0.00024414062500000,0.00048828125000000,0.00000000000000000,0.00000000000000000,0.46457674575306918,1
0.00048828125000000,0.00006103515625000,0.00006103515625000,0.00000000000000000,0.00012207031250000,0.00024414062500000,0.00048828125000000,0.00000000000000000,0.00097656250000000,0.00195312500000000,0.00006103515625000,0.00000000000000000,0.00024414062500000,0.00048828125000000,0.00012207031250000,0.00006103515625000,0.46457674575306918,3
0.00048828125000000,0.00006103515625000,0.00006103515625000,0.00006103515625000,0.00012207031250000,0.00024414062500000,0.00048828125000000,0.00006103515625000,0.00097656250000000,0.00195312500000000,0.00006103515625000,0.00000000000000000,0.00024414062500000,0.00048828125000000,0.00012207031250000,0.00000000000000000,0.46457674575306918,3
0.00048828125000000,0.00006103515625000,0.00006103515625000,0.00012207031250000,0.00012207031250000,0.00024414062500000,0.00048828125000000,0.00000000000000000,0.00097656250000000,0.00195312500000000,0.00006103515625000,0.00000000000000000,0.00024414062500000,0.00048828125000000,0.00012207031250000,0.00006103515625000,0.46504752733887361,2
0.00048828125000000,0.00006103515625000,0.00006103515625000,0.00012207031250000,0.00012207031250000,0.00024414062500000,0.00048828125000000,0.00006103515625000,0.00097656250000000,0.00195312500000000,0.00006103515625000,0.00006103515625000,0.00024414062500000,0.00048828125000000,0.00012207031250000,0.00000000000000000,0.46504752733887361,3
0.00048828125000000,0.00012207031250000,0.00012207031250000,0.00012207031250000,0.00012207031250000,0.00024414062500000,0.00048828125000000,0.00006103515625000,0.00097656250000000,0.00195312500000000,0.00012207031250000,0.00000000000000000,0.00024414062500000,0.00048828125000000,0.00012207031250000,0.00000000000000000,0.46598000289067926,2
0.00006103515625000,0.00048828125000000,0.00012207031250000,0.00024414062500000,0.00012207031250000,0.00024414062500000,0.00048828125000000,0.00006103515625000,0.00000000000000000,0.00097656250000000,0.00195312500000000,0.00012207031250000,0.00000000000000000,0.00024414062500000,0.00048828125000000,0.00012207031250000,0.46690061833622587,1
0.00006103515625000,0.00048828125000000,0.00012207031250000,0.00024414062500000,0.00012207031250000,0.00024414062500000,0.00048828125000000,0.00006103515625000,0.00012207031250000,0.00097656250000000,0.00195312500000000,0.00024414062500000,0.00000000000000000,0.00024414062500000,0.00048828125000000,0.00000000000000000,0.46780967158646952,1
0.00006103515625000,0.00048828125000000,0.00012207031250000,0.00024414062500000,0.00024414062500000,0.00024414062500000,0.00048828125000000,0.00006103515625000,0.00000000000000000,0.00097656250000000,0.00195312500000000,0.00024414062500000,0.00000000000000000,0.00024414062500000,0.00048828125000000,0.00012207031250000,0.46870744946672821,2
0.00006103515625000,0.00048828125000000,0.00012207031250000,0.00024414062500000,0.00048828125000000,0.00048828125000000,0.00006103515625000,0.00000000000000000,0.00097656250000000,0.00195312500000000,0.00024414062500000,0.00006103515625000,0.00024414062500000,0.00048828125000000,0.00012207031250000,0.00000000000000000,0.47047027421718407,2
0.00006103515625000,0.00006103515625000,0.00012207031250000,0.00000000000000000,0.00048828125000000,0.00097656250000000,0.00006103515625000,0.00000000000000000,0.00097656250000000,0.00195312500000000,0.00024414062500000,0.00024414062500000,0.00024414062500000,0.00048828125000000,0.00012207031250000,0.00006103515625000,0.47387212968300158,2
0.00012207031250000,0.00012207031250000,0.00000000000000000,0.00006103515625000,0.00048828125000000,0.00097656250000000,0.00006103515625000,0.00000000000000000,0.00097656250000000,0.00195312500000000,0.00048828125000000,0.00000000000000000,0.00024414062500000,0.00048828125000000,0.00012207031250000,0.00006103515625000,0.47591985927796671,2
0.00000000000000000,0.00000000000000000,0.00024414062500000,0.00006103515625000,0.00000000000000000,0.00048828125000000,0.00097656250000000,0.00006103515625000,0.00006103515625000,0.00097656250000000,0.00195312500000000,0.00048828125000000,0.00024414062500000,0.00048828125000000,0.00012207031250000,0.00006103515625000,0.47672300109516558,1
0.00000000000000000,0.00006103515625000,0.00024414062500000,0.00000000000000000,0.00000000000000000,0.00048828125000000,0.00097656250000000,0.00012207031250000,0.00006103515625000,0.00097656250000000,0.00195312500000000,0.00048828125000000,0.00024414062500000,0.00048828125000000,0.00012207031250000,0.00006103515625000,0.47712125471966244,2
0.00006103515625000,0.00006103515625000,0.00024414062500000,0.00012207031250000,0.00024414062500000,0.00048828125000000,0.00097656250000000,0.00048828125000000,0.00006103515625000,0.00097656250000000,0.00195312500000000,0.00006103515625000,0.00000000000000000,0.00048828125000000,0.00012207031250000,0.00000000000000000,0.47712125471966244,2
0.00012207031250000,0.00024414062500000,0.00012207031250000,0.00012207031250000,0.00024414062500000,0.00048828125000000,0.00097656250000000,0.00048828125000000,0.00006103515625000,0.00097656250000000,0.00195312500000000,0.00006103515625000,0.00048828125000000,0.00012207031250000,0.00000000000000000,0.00000000000000000,0.47751732910685463,2
0.00012207031250000,0.00024414062500000,0.00024414062500000,0.00000000000000000,0.00024414062500000,0.00048828125000000,0.00097656250000000,0.00048828125000000,0.00006103515625000,0.00097656250000000,0.00195312500000000,0.00006103515625000,0.00048828125000000,0.00012207031250000,0.00000000000000000,0.00006103515625000,0.47830303466322133,0
0.00012207031250000,0.00048828125000000,0.00006103515625000,0.00000000000000000,0.00024414062500000,0.00048828125000000,0.00097656250000000,0.00048828125000000,0.00006103515625000,0.00097656250000000,0.00195312500000000,0.00006103515625000,0.00048828125000000,0.00012207031250000,0.00006103515625000,0.00000000000000000,0.47984931325001212,0
0.00012207031250000,0.00012207031250000,0.00006103515625000,0.00000000000000000,0.00024414062500000,0.00097656250000000,0.00097656250000000,0.00000000000000000,0.00006103515625000,0.00097656250000000,0.00195312500000000,0.00048828125000000,0.00048828125000000,0.00012207031250000,0.00006103515625000,0.00006103515625000,0.48284616720157003,3
0.00012207031250000,0.00012207031250000,0.00006103515625000,0.00048828125000000,0.00024414062500000,0.00195312500000000,0.00097656250000000,0.00006103515625000,0.00006103515625000,0.00012207031250000,0.00195312500000000,0.00012207031250000,0.00048828125000000,0.00000000000000000,0.00006103515625000,0.00000000000000000,0.48849150519458712,2
0.00006103515625000,0.00024414062500000,0.00006103515625000,0.00048828125000000,0.00024414062500000,0.00195312500000000,0.00097656250000000,0.00006103515625000,0.00006103515625000,0.00012207031250000,0.00195312500000000,0.00012207031250000,0.00000000000000000,0.00000000000000000,0.00048828125000000,0.00006103515625000,0.48916719190894248,1
0.00000000000000000,0.00006103515625000,0.00006103515625000,0.00048828125000000,0.00006103515625000,0.00024414062500000,0.00097656250000000,0.00006103515625000,0.00024414062500000,0.00195312500000000,0.00195312500000000,0.00012207031250000,0.00006103515625000,0.00012207031250000,0.00048828125000000,0.00006103515625000,0.48916719190894248,3
0.00006103515625000,0.00006103515625000,0.00006103515625000,0.00048828125000000,0.00024414062500000,0.00024414062500000,0.00097656250000000,0.00006103515625000,0.00006103515625000,0.00195312500000000,0.00195312500000000,0.00012207031250000,0.00006103515625000,0.00012207031250000,0.00048828125000000,0.00006103515625000,0.48916719190894248,2
0.00012207031250000,0.00006103515625000,0.00048828125000000,0.00006103515625000,0.00048828125000000,0.00097656250000000,0.00006103515625000,0.00000000000000000,0.00006103515625000,0.00390625000000000,0.00012207031250000,0.00000000000000000,0.00006103515625000,0.00012207031250000,0.00048828125000000,0.00006103515625000,0.50064852770615176,3
0.00000000000000000,0.00006103515625000,0.00048828125000000,0.00000000000000000,0.00012207031250000,0.00097656250000000,0.00006103515625000,0.00006103515625000,0.00048828125000000,0.00390625000000000,0.00012207031250000,0.00000000000000000,0.00012207031250000,0.00012207031250000,0.00048828125000000,0.00012207031250000,0.50122015882045745,2
0.00006103515625000,0.00006103515625000,0.00048828125000000,0.00000000000000000,0.00012207031250000,0.00097656250000000,0.00006103515625000,0.00000000000000000,0.00048828125000000,0.00390625000000000,0.00012207031250000,0.00006103515625000,0.00012207031250000,0.00012207031250000,0.00048828125000000,0.00012207031250000,0.50122015882045745,2
0.00012207031250000,0.00048828125000000,0.00000000000000000,0.00006103515625000,0.00012207031250000,0.00097656250000000,0.00006103515625000,0.00000000000000000,0.00048828125000000,0.00390625000000000,0.00012207031250000,0.00006103515625000,0.00024414062500000,0.00048828125000000,0.00012207031250000,0.00000000000000000,0.50206922912707219,0
0.00024414062500000,0.00048828125000000,0.00006103515625000,0.00012207031250000,0.00048828125000000,0.00097656250000000,0.00024414062500000,0.00000000000000000,0.00024414062500000,0.00390625000000000,0.00000000000000000,0.00000000000000000,0.00000000000000000,0.00048828125000000,0.00012207031250000,0.00000000000000000,0.50346258136559296,3
0.00000000000000000,0.00048828125000000,0.00000000000000000,0.00000000000000000,0.00024414062500000,0.00097656250000000,0.00006103515625000,0.00000000000000000,0.00048828125000000,0.00390625000000000,0.00024414062500000,0.00006103515625000,0.00024414062500000,0.00048828125000000,0.00012207031250000,0.00012207031250000,0.50346258136559296,3
0.00000000000000000,0.00006103515625000,0.00000000000000000,0.00048828125000000,0.00000000000000000,0.00024414062500000,0.00097656250000000,0.00006103515625000,0.00048828125000000,0.00390625000000000,0.00024414062500000,0.00006103515625000,0.00000000000000000,0.00024414062500000,0.00048828125000000,0.00024414062500000,0.50401249788457103,0
0.00048828125000000,0.00006103515625000,0.00097656250000000,0.00048828125000000,0.00000000000000000,0.00024414062500000,0.00024414062500000,0.00012207031250000,0.00006103515625000,0.00390625000000000,0.00048828125000000,0.00024414062500000,0.00000000000000000,0.00024414062500000,0.00000000000000000,0.00000000000000000,0.50428589731689011,3
0.00048828125000000,0.00006103515625000,0.00097656250000000,0.00048828125000000,0.00006103515625000,0.00024414062500000,0.00024414062500000,0.00012207031250000,0.00000000000000000,0.00390625000000000,0.00048828125000000,0.00024414062500000,0.00006103515625000,0.00024414062500000,0.00000000000000000,0.00000000000000000,0.50428589731689011,2
0.00048828125000000,0.00006103515625000,0.00097656250000000,0.00048828125000000,0.00006103515625000,0.00048828125000000,0.00012207031250000,0.00000000000000000,0.00390625000000000,0.00048828125000000,0.00024414062500000,0.00000000000000000,0.00006103515625000,0.00024414062500000,0.00006103515625000,0.00000000000000000,0.50536928388299696,1
0.00048828125000000,0.00006103515625000,0.00097656250000000,0.00048828125000000,0.00006103515625000,0.00097656250000000,0.00012207031250000,0.00000000000000000,0.00390625000000000,0.00024414062500000,0.00024414062500000,0.00000000000000000,0.00006103515625000,0.00006103515625000,0.00006103515625000,0.00000000000000000,0.50748859102485999,2
0.00048828125000000,0.00006103515625000,0.00097656250000000,0.00000000000000000,0.00006103515625000,0.00097656250000000,0.00012207031250000,0.00006103515625000,0.00390625000000000,0.00024414062500000,0.00024414062500000,0.00000000000000000,0.00006103515625000,0.00006103515625000,0.00006103515625000,0.00048828125000000,0.50748859102485999,0
0.00000000000000000,0.00048828125000000,0.00006103515625000,0.00097656250000000,0.00006103515625000,0.00097656250000000,0.00012207031250000,0.00006103515625000,0.00000000000000000,0.00006103515625000,0.00390625000000000,0.00048828125000000,0.00000000000000000,0.00006103515625000,0.00012207031250000,0.00048828125000000,0.50878232365416132,1
0.00006103515625000,0.00048828125000000,0.00006103515625000,0.00097656250000000,0.00000000000000000,0.00097656250000000,0.00012207031250000,0.00006103515625000,0.00000000000000000,0.00012207031250000,0.00390625000000000,0.00097656250000000,0.00000000000000000,0.00000000000000000,0.00012207031250000,0.00006103515625000,0.51105432089367298,2
0.00000000000000000,0.00000000000000000,0.00006103515625000,0.00097656250000000,0.00006103515625000,0.00048828125000000,0.00012207031250000,0.00006103515625000,0.00000000000000000,0.00097656250000000,0.00390625000000000,0.00097656250000000,0.00006103515625000,0.00012207031250000,0.00012207031250000,0.00006103515625000,0.51105432089367298,3
0.00012207031250000,0.00048828125000000,0.00006103515625000,0.00097656250000000,0.00000000000000000,0.00097656250000000,0.00012207031250000,0.00006103515625000,0.00006103515625000,0.00012207031250000,0.00390625000000000,0.00097656250000000,0.00000000000000000,0.00000000000000000,0.00012207031250000,0.00006103515625000,0.51130241852697333,2
0.00012207031250000,0.00048828125000000,0.00006103515625000,0.00097656250000000,0.00006103515625000,0.00097656250000000,0.00012207031250000,0.00006103515625000,0.00000000000000000,0.00012207031250000,0.00390625000000000,0.00097656250000000,0.00000000000000000,0.00006103515625000,0.00012207031250000,0.00006103515625000,0.51130241852697333,1
0.00012207031250000,0.00048828125000000,0.00006103515625000,0.00097656250000000,0.00006103515625000,0.00097656250000000,0.00012207031250000,0.00006103515625000,0.00012207031250000,0.00390625000000000,0.00097656250000000,0.00006103515625000,0.00006103515625000,0.00012207031250000,0.00006103515625000,0.00000000000000000,0.51130241852697333,1
0.00012207031250000,0.00048828125000000,0.00006103515625000,0.00097656250000000,0.00006103515625000,0.00097656250000000,0.00012207031250000,0.00006103515625000,0.00012207031250000,0.00390625000000000,0.00097656250000000,0.00006103515625000,0.00006103515625000,0.00006103515625000,0.00012207031250000,0.00006103515625000,0.51130241852697333,1
0.00012207031250000,0.00048828125000000,0.00006103515625000,0.00097656250000000,0.00006103515625000,0.00097656250000000,0.00012207031250000,0.00006103515625000,0.00012207031250000,0.00390625000000000,0.00097656250000000,0.00006103515625000,0.00012207031250000,0.00012207031250000,0.00006103515625000,0.00006103515625000,0.51154966868592155,2
0.00012207031250000,0.00048828125000000,0.00006103515625000,0.00097656250000000,0.00006103515625000,0.00097656250000000,0.00012207031250000,0.00012207031250000,0.00024414062500000,0.00390625000000000,0.00097656250000000,0.00006103515625000,0.00006103515625000,0.00012207031250000,0.00006103515625000,0.00000000000000000,0.51228639172435375,3
0.00012207031250000,0.00048828125000000,0.00006103515625000,0.00097656250000000,0.00006103515625000,0.00097656250000000,0.00024414062500000,0.00006103515625000,0.00024414062500000,0.00390625000000000,0.00097656250000000,0.00006103515625000,0.00006103515625000,0.00012207031250000,0.00006103515625000,0.00000000000000000,0.51277340727839038,1
0.00012207031250000,0.00048828125000000,0.00006103515625000,0.00097656250000000,0.00006103515625000,0.00097656250000000,0.00024414062500000,0.00012207031250000,0.00024414062500000,0.00390625000000000,0.00097656250000000,0.00000000000000000,0.00006103515625000,0.00012207031250000,0.00006103515625000,0.00006103515625000,0.51301569173440176,1
0.00012207031250000,0.00048828125000000,0.00006103515625000,0.00097656250000000,0.00006103515625000,0.00097656250000000,0.00024414062500000,0.00012207031250000,0.00024414062500000,0.00390625000000000,0.00097656250000000,0.00006103515625000,0.00006103515625000,0.00012207031250000,0.00006103515625000,0.00006103515625000,0.51301569173440176,0
0.00012207031250000,0.00048828125000000,0.00006103515625000,0.00097656250000000,0.00006103515625000,0.00097656250000000,0.00024414062500000,0.00012207031250000,0.00024414062500000,0.00390625000000000,0.00097656250000000,0.00012207031250000,0.00006103515625000,0.00012207031250000,0.00006103515625000,0.00006103515625000,0.51325716790048437,0
0.00012207031250000,0.00048828125000000,0.00006103515625000,0.00006103515625000,0.00006103515625000,0.00097656250000000,0.00024414062500000,0.00097656250000000,0.00024414062500000,0.00390625000000000,0.00097656250000000,0.00024414062500000,0.00006103515625000,0.00012207031250000,0.00006103515625000,0.00006103515625000,0.51373771681012859,2
0.00006103515625000,0.00012207031250000,0.00048828125000000,0.00012207031250000,0.00006103515625000,0.00097656250000000,0.00024414062500000,0.00097656250000000,0.00024414062500000,0.00390625000000000,0.00097656250000000,0.00024414062500000,0.00000000000000000,0.00006103515625000,0.00012207031250000,0.00012207031250000,0.51421509637167750,0
0.00012207031250000,0.00012207031250000,0.00048828125000000,0.00012207031250000,0.00024414062500000,0.00097656250000000,0.00024414062500000,0.00097656250000000,0.00000000000000000,0.00390625000000000,0.00097656250000000,0.00024414062500000,0.00006103515625000,0.00006103515625000,0.00012207031250000,0.00012207031250000,0.51445261065748038,2
0.00024414062500000,0.00048828125000000,0.00012207031250000,0.00006103515625000,0.00024414062500000,0.00097656250000000,0.00024414062500000,0.00097656250000000,0.00390625000000000,0.00097656250000000,0.00024414062500000,0.00000000000000000,0.00012207031250000,0.00024414062500000,0.00000000000000000,0.00000000000000000,0.51562863024978833,1
0.00024414062500000,0.00048828125000000,0.00012207031250000,0.00006103515625000,0.00024414062500000,0.00097656250000000,0.00024414062500000,0.00097656250000000,0.00000000000000000,0.00390625000000000,0.00097656250000000,0.00024414062500000,0.00006103515625000,0.00000000000000000,0.00012207031250000,0.00024414062500000,0.51562863024978833,0
0.00024414062500000,0.00048828125000000,0.00012207031250000,0.00006103515625000,0.00024414062500000,0.00097656250000000,0.00024414062500000,0.00097656250000000,0.00390625000000000,0.00097656250000000,0.00024414062500000,0.00006103515625000,0.00006103515625000,0.00012207031250000,0.00024414062500000,0.00000000000000000,0.51562863024978833,3
0.00048828125000000,0.00048828125000000,0.00012207031250000,0.00006103515625000,0.00390625000000000,0.00195312500000000,0.00048828125000000,0.00097656250000000,0.00006103515625000,0.00012207031250000,0.00024414062500000,0.00006103515625000,0.00000000000000000,0.00000000000000000,0.00006103515625000,0.00000000000000000,0.52102190121033076,1
0.00097656250000000,0.00012207031250000,0.00006103515625000,0.00006103515625000,0.00390625000000000,0.00195312500000000,0.00048828125000000,0.00097656250000000,0.00006103515625000,0.00012207031250000,0.00024414062500000,0.00006103515625000,0.00006103515625000,0.00000000000000000,0.00000000000000000,0.00000000000000000,0.52273390802233166,1
0.00097656250000000,0.00012207031250000,0.00012207031250000,0.00000000000000000,0.00390625000000000,0.00195312500000000,0.00048828125000000,0.00097656250000000,0.00006103515625000,0.00012207031250000,0.00024414062500000,0.00006103515625000,0.00006103515625000,0.00000000000000000,0.00012207031250000,0.00000000000000000,0.52294508953945917,2
0.00000000000000000,0.00000000000000000,0.00012207031250000,0.00000000000000000,0.00097656250000000,0.00012207031250000,0.00048828125000000,0.00006103515625000,0.00390625000000000,0.00195312500000000,0.00024414062500000,0.00097656250000000,0.00012207031250000,0.00012207031250000,0.00012207031250000,0.00006103515625000,0.52315565670948727,3
0.00000000000000000,0.00006103515625000,0.00000000000000000,0.00012207031250000,0.00097656250000000,0.00012207031250000,0.00048828125000000,0.00006103515625000,0.00390625000000000,0.00195312500000000,0.00024414062500000,0.00097656250000000,0.00000000000000000,0.00012207031250000,0.00024414062500000,0.00006103515625000,0.52357496223341127,1
0.00000000000000000,0.00006103515625000,0.00006103515625000,0.00012207031250000,0.00097656250000000,0.00012207031250000,0.00048828125000000,0.00006103515625000,0.00390625000000000,0.00195312500000000,0.00024414062500000,0.00097656250000000,0.00000000000000000,0.00012207031250000,0.00024414062500000,0.00006103515625000,0.52357496223341127,0
0.00012207031250000,0.00012207031250000,0.00000000000000000,0.00000000000000000,0.00097656250000000,0.00012207031250000,0.00048828125000000,0.00006103515625000,0.00390625000000000,0.00195312500000000,0.00024414062500000,0.00097656250000000,0.00012207031250000,0.00024414062500000,0.00006103515625000,0.00006103515625000,0.52378370762293591,3
0.00012207031250000,0.00000000000000000,0.00006103515625000,0.00000000000000000,0.00097656250000000,0.00024414062500000,0.00048828125000000,0.00006103515625000,0.00390625000000000,0.00195312500000000,0.00024414062500000,0.00097656250000000,0.00012207031250000,0.00024414062500000,0.00006103515625000,0.00006103515625000,0.52419940101903029,3
0.00012207031250000,0.00024414062500000,0.00006103515625000,0.00006103515625000,0.00097656250000000,0.00195312500000000,0.00048828125000000,0.00097656250000000,0.00390625000000000,0.00024414062500000,0.00024414062500000,0.00006103515625000,0.00012207031250000,0.00000000000000000,0.00006103515625000,0.00006103515625000,0.52419940101903029,3
0.00012207031250000,0.00024414062500000,0.00006103515625000,0.00006103515625000,0.00097656250000000,0.00195312500000000,0.00048828125000000,0.00097656250000000,0.00390625000000000,0.00024414062500000,0.00024414062500000,0.00012207031250000,0.00012207031250000,0.00000000000000000,0.00006103515625000,0.00006103515625000,0.52440635588096240,3
0.00006103515625000,0.00012207031250000,0.00024414062500000,0.00012207031250000,0.00097656250000000,0.00195312500000000,0.00048828125000000,0.00097656250000000,0.00000000000000000,0.00390625000000000,0.00048828125000000,0.00012207031250000,0.00000000000000000,0.00000000000000000,0.00012207031250000,0.00012207031250000,0.52563581072408816,1
0.00006103515625000,0.00012207031250000,0.00024414062500000,0.00012207031250000,0.00097656250000000,0.00195312500000000,0.00097656250000000,0.00097656250000000,0.00000000000000000,0.00390625000000000,0.00012207031250000,0.00024414062500000,0.00000000000000000,0.00006103515625000,0.00000000000000000,0.00000000000000000,0.52763960411502142,2
0.00006103515625000,0.00012207031250000,0.00000000000000000,0.00000000000000000,0.00000000000000000,0.00195312500000000,0.00024414062500000,0.00012207031250000,0.00006103515625000,0.00390625000000000,0.00097656250000000,0.00097656250000000,0.00097656250000000,0.00006103515625000,0.00012207031250000,0.00024414062500000,0.52763960411502142,0
0.00006103515625000,0.00012207031250000,0.00000000000000000,0.00006103515625000,0.00195312500000000,0.00024414062500000,0.00012207031250000,0.00000000000000000,0.00006103515625000,0.00390625000000000,0.00195312500000000,0.00000000000000000,0.00097656250000000,0.00006103515625000,0.00012207031250000,0.00024414062500000,0.53073458090205339,2
0.00006103515625000,0.00012207031250000,0.00006103515625000,0.00006103515625000,0.00195312500000000,0.00024414062500000,0.00012207031250000,0.00000000000000000,0.00006103515625000,0.00390625000000000,0.00195312500000000,0.00000000000000000,0.00097656250000000,0.00006103515625000,0.00012207031250000,0.00024414062500000,0.53073458090205339,1
0.00006103515625000,0.00012207031250000,0.00006103515625000,0.00000000000000000,0.00195312500000000,0.00024414062500000,0.00012207031250000,0.00006103515625000,0.00006103515625000,0.00390625000000000,0.00195312500000000,0.00006103515625000,0.00097656250000000,0.00006103515625000,0.00012207031250000,0.00024414062500000,0.53073458090205339,1
0.00006103515625000,0.00012207031250000,0.00006103515625000,0.00006103515625000,0.00195312500000000,0.00024414062500000,0.00012207031250000,0.00000000000000000,0.00006103515625000,0.00390625000000000,0.00195312500000000,0.00012207031250000,0.00097656250000000,0.00006103515625000,0.00012207031250000,0.00024414062500000,0.53092369247572913,3
0.00006103515625000,0.00012207031250000,0.00012207031250000,0.00006103515625000,0.00195312500000000,0.00024414062500000,0.00012207031250000,0.00000000000000000,0.00006103515625000,0.00390625000000000,0.00195312500000000,0.00012207031250000,0.00097656250000000,0.00006103515625000,0.00012207031250000,0.00024414062500000,0.53111231124995750,3
0.00006103515625000,0.00024414062500000,0.00006103515625000,0.00000000000000000,0.00195312500000000,0.00024414062500000,0.00012207031250000,0.00012207031250000,0.00006103515625000,0.00390625000000000,0.00195312500000000,0.00012207031250000,0.00097656250000000,0.00006103515625000,0.00012207031250000,0.00024414062500000,0.53148808062680886,3
0.00006103515625000,0.00048828125000000,0.00006103515625000,0.00024414062500000,0.00195312500000000,0.00390625000000000,0.00012207031250000,0.00024414062500000,0.00006103515625000,0.00006103515625000,0.00195312500000000,0.00000000000000000,0.00097656250000000,0.00006103515625000,0.00012207031250000,0.00000000000000000,0.53260382393115613,2
0.00006103515625000,0.00048828125000000,0.00006103515625000,0.00048828125000000,0.00195312500000000,0.00390625000000000,0.00012207031250000,0.00006103515625000,0.00006103515625000,0.00012207031250000,0.00195312500000000,0.00000000000000000,0.00097656250000000,0.00000000000000000,0.00012207031250000,0.00000000000000000,0.53352064953456324,2
0.00006103515625000,0.00006103515625000,0.00006103515625000,0.00000000000000000,0.00195312500000000,0.00048828125000000,0.00012207031250000,0.00000000000000000,0.00006103515625000,0.00390625000000000,0.00195312500000000,0.00048828125000000,0.00097656250000000,0.00012207031250000,0.00012207031250000,0.00006103515625000,0.53352064953456324,3
0.00012207031250000,0.00006103515625000,0.00000000000000000,0.00000000000000000,0.00195312500000000,0.00048828125000000,0.00012207031250000,0.00000000000000000,0.00006103515625000,0.00390625000000000,0.00195312500000000,0.00048828125000000,0.00097656250000000,0.00024414062500000,0.00006103515625000,0.00006103515625000,0.53406522198654993,3
0.00012207031250000,0.00006103515625000,0.00000000000000000,0.00000000000000000,0.00195312500000000,0.00048828125000000,0.00012207031250000,0.00000000000000000,0.00006103515625000,0.00390625000000000,0.00195312500000000,0.00048828125000000,0.00097656250000000,0.00024414062500000,0.00012207031250000,0.00006103515625000,0.53424583945681514,3
0.00000000000000000,0.00006103515625000,0.00012207031250000,0.00006103515625000,0.00000000000000000,0.00195312500000000,0.00048828125000000,0.00012207031250000,0.00006103515625000,0.00390625000000000,0.00195312500000000,0.00048828125000000,0.00097656250000000,0.00024414062500000,0.00012207031250000,0.00006103515625000,0.53424583945681514,0
0.00006103515625000,0.00006103515625000,0.00012207031250000,0.00006103515625000,0.00097656250000000,0.00195312500000000,0.00048828125000000,0.00012207031250000,0.00000000000000000,0.00390625000000000,0.00195312500000000,0.00048828125000000,0.00006103515625000,0.00024414062500000,0.00012207031250000,0.00006103515625000,0.53424583945681514,2
0.00000000000000000,0.00012207031250000,0.00012207031250000,0.00006103515625000,0.00097656250000000,0.00195312500000000,0.00048828125000000,0.00012207031250000,0.00006103515625000,0.00390625000000000,0.00195312500000000,0.00048828125000000,0.00006103515625000,0.00024414062500000,0.00012207031250000,0.00006103515625000,0.53442600734983825,2
0.00006103515625000,0.00012207031250000,0.00012207031250000,0.00006103515625000,0.00000000000000000,0.00195312500000000,0.00048828125000000,0.00012207031250000,0.00097656250000000,0.00390625000000000,0.00195312500000000,0.00048828125000000,0.00012207031250000,0.00024414062500000,0.00012207031250000,0.00006103515625000,0.53460572789816030,2
0.00012207031250000,0.00012207031250000,0.00012207031250000,0.00006103515625000,0.00006103515625000,0.00195312500000000,0.00048828125000000,0.00012207031250000,0.00097656250000000,0.00390625000000000,0.00195312500000000,0.00048828125000000,0.00012207031250000,0.00024414062500000,0.00012207031250000,0.00006103515625000,0.53460572789816030,2
0.00024414062500000,0.00012207031250000,0.00006103515625000,0.00006103515625000,0.00006103515625000,0.00195312500000000,0.00048828125000000,0.00012207031250000,0.00097656250000000,0.00390625000000000,0.00195312500000000,0.00048828125000000,0.00012207031250000,0.00024414062500000,0.00012207031250000,0.00006103515625000,0.53496383580808582,2
0.00006103515625000,0.00024414062500000,0.00012207031250000,0.00012207031250000,0.00006103515625000,0.00195312500000000,0.00048828125000000,0.00012207031250000,0.00097656250000000,0.00390625000000000,0.00195312500000000,0.00048828125000000,0.00012207031250000,0.00024414062500000,0.00012207031250000,0.00006103515625000,0.53514222755248220,2
0.00012207031250000,0.00006103515625000,0.00024414062500000,0.00024414062500000,0.00006103515625000,0.00195312500000000,0.00048828125000000,0.00012207031250000,0.00097656250000000,0.00390625000000000,0.00195312500000000,0.00048828125000000,0.00012207031250000,0.00024414062500000,0.00012207031250000,0.00006103515625000,0.53549769745611131,2
0.00006103515625000,0.00012207031250000,0.00006103515625000,0.00048828125000000,0.00006103515625000,0.00195312500000000,0.00048828125000000,0.00012207031250000,0.00097656250000000,0.00390625000000000,0.00195312500000000,0.00048828125000000,0.00012207031250000,0.00024414062500000,0.00012207031250000,0.00006103515625000,0.53620344260741981,0
0.00000000000000000,0.00000000000000000,0.00000000000000000,0.00000000000000000,0.00000000000000000,0.00000000000000000,0.00000000000000000,0.00000000000000000,0.00000000000000000,0.00000000000000000,0.00000000000000000,0.00006103515625000,0.00000000000000000,0.00006103515625000,0.00000000000000000,0.00000000000000000,0.00000000000000000,3
0.00000000000000000,0.00006103515625000,0.00000000000000000,0.00006103515625000,0.00000000000000000,0.00006103515625000,0.00000000000000000,0.00000000000000000,0.00000000000000000,0.00000000000000000,0.00000000000000000,0.00000000000000000,0.00000000000000000,0.00000000000000000,0.00000000000000000,0.00000000000000000,0.00000000000000000,0
0.00000000000000000,0.00000000000000000,0.00000000000000000,0.00012207031250000,0.00000000000000000,0.00000000000000000,0.00000000000000000,0.00006103515625000,0.00000000000000000,0.00000000000000000,0.00006103515625000,0.00000000000000000,0.00000000000000000,0.00000000000000000,0.00000000000000000,0.00000000000000000,0.11649500072266981,2
0.00012207031250000,0.00000000000000000,0.00000000000000000,0.00000000000000000,0.00006103515625000,0.00000000000000000,0.00000000000000000,0.00000000000000000,0.00006103515625000,0.00000000000000000,0.00000000000000000,0.00000000000000000,0.00000000000000000,0.00000000000000000,0.00000000000000000,0.00006103515625000,0.11649500072266981,1
0.00012207031250000,0.00000000000000000,0.00000000000000000,0.00006103515625000,0.00012207031250000,0.00000000000000000,0.00000000000000000,0.00000000000000000,0.00006103515625000,0.00000000000000000,0.00000000000000000,0.00000000000000000,0.00000000000000000,0.00000000000000000,0.00000000000000000,0.00000000000000000,0.15904041823988749,2
0.00012207031250000,0.00006103515625000,0.00000000000000000,0.00000000000000000,0.00012207031250000,0.00000000000000000,0.00000000000000000,0.00000000000000000,0.00006103515625000,0.00000000000000000,0.00000000000000000,0.00012207031250000,0.00000000000000000,0.00000000000000000,0.00000000000000000,0.00000000000000000,0.15904041823988749,3
0.00024414062500000,0.00006103515625000,0.00000000000000000,0.00012207031250000,0.00006103515625000,0.00006103515625000,0.00000000000000000,0.00000000000000000,0.00000000000000000,0.00000000000000000,0.00000000000000000,0.00000000000000000,0.00000000000000000,0.00000000000000000,0.00000000000000000,0.00000000000000000,0.20507482022971232,2
0.00000000000000000,0.00024414062500000,0.00006103515625000,0.00012207031250000,0.00000000000000000,0.00000000000000000,0.00000000000000000,0.00012207031250000,0.00000000000000000,0.00000000000000000,0.00000000000000000,0.00000000000000000,0.00000000000000000,0.00006103515625000,0.00000000000000000,0.00000000000000000,0.22036988245565323,3
0.00000000000000000,0.00024414062500000,0.00006103515625000,0.00012207031250000,0.00000000000000000,0.00000000000000000,0.00006103515625000,0.00012207031250000,0.00000000000000000,0.00000000000000000,0.00000000000000000,0.00000000000000000,0.00000000000000000,0.00000000000000000,0.00000000000000000,0.00006103515625000,0.22036988245565323,2
0.00000000000000000,0.00024414062500000,0.00012207031250000,0.00024414062500000,0.00000000000000000,0.00000000000000000,0.00000000000000000,0.00006103515625000,0.00000000000000000,0.00000000000000000,0.00000000000000000,0.00000000000000000,0.00000000000000000,0.00006103515625000,0.00000000000000000,0.00000000000000000,0.25308565664631461,2
0.00000000000000000,0.00024414062500000,0.00012207031250000,0.00024414062500000,0.00000000000000000,0.00006103515625000,0.00000000000000000,0.00006103515625000,0.00000000000000000,0.00000000000000000,0.00000000000000000,0.00000000000000000,0.00000000000000000,0.00000000000000000,0.00006103515625000,0.00000000000000000,0.25308565664631461,2
0.00000000000000000,0.00024414062500000,0.00012207031250000,0.00024414062500000,0.00000000000000000,0.00006103515625000,0.00006103515625000,0.00006103515625000,0.00000000000000000,0.00000000000000000,0.00000000000000000,0.00006103515625000,0.00000000000000000,0.00000000000000000,0.00000000000000000,0.00000000000000000,0.25308565664631461,3
0.00000000000000000,0.00024414062500000,0.00012207031250000,0.00024414062500000,0.00000000000000000,0.00000000000000000,0.00006103515625000,0.00012207031250000,0.00006103515625000,0.00000000000000000,0.00000000000000000,0.00006103515625000,0.00000000000000000,0.00000000000000000,0.00000000000000000,0.00000000000000000,0.26136695401116583,3
0.00024414062500000,0.00012207031250000,0.00024414062500000,0.00000000000000000,0.00006103515625000,0.00012207031250000,0.00000000000000000,0.00000000000000000,0.00012207031250000,0.00000000000000000,0.00000000000000000,0.00000000000000000,0.00000000000000000,0.00000000000000000,0.00000000000000000,0.00012207031250000,0.26879730945328922,1
0.00000000000000000,0.00006103515625000,0.00000000000000000,0.00000000000000000,0.00024414062500000,0.00000000000000000,0.00000000000000000,0.00000000000000000,0.00006103515625000,0.00000000000000000,0.00000000000000000,0.00000000000000000,0.00012207031250000,0.00024414062500000,0.00024414062500000,0.00012207031250000,0.28169934667141894,2
0.00006103515625000,0.00000000000000000,0.00000000000000000,0.00000000000000000,0.00024414062500000,0.00000000000000000,0.00000000000000000,0.00000000000000000,0.00006103515625000,0.00000000000000000,0.00000000000000000,0.00000000000000000,0.00012207031250000,0.00048828125000000,0.00012207031250000,0.00006103515625000,0.30215222610714260,0
0.00006103515625000,0.00048828125000000,0.00012207031250000,0.00006103515625000,0.00024414062500000,0.00000000000000000,0.00000000000000000,0.00000000000000000,0.00006103515625000,0.00000000000000000,0.00006103515625000,0.00000000000000000,0.00012207031250000,0.00000000000000000,0.00000000000000000,0.00000000000000000,0.30215222610714260,2
0.00006103515625000,0.00048828125000000,0.00012207031250000,0.00006103515625000,0.00000000000000000,0.00000000000000000,0.00000000000000000,0.00024414062500000,0.00000000000000000,0.00006103515625000,0.00000000000000000,0.00012207031250000,0.00000000000000000,0.00000000000000000,0.00000000000000000,0.00012207031250000,0.30647484845620920,2
0.00006103515625000,0.00048828125000000,0.00012207031250000,0.00006103515625000,0.00000000000000000,0.00006103515625000,0.00000000000000000,0.00024414062500000,0.00006103515625000,0.00000000000000000,0.00000000000000000,0.00024414062500000,0.00000000000000000,0.00000000000000000,0.00000000000000000,0.00000000000000000,0.31441512086208029,1
0.00006103515625000,0.00048828125000000,0.00012207031250000,0.00006103515625000,0.00006103515625000,0.00024414062500000,0.00000000000000000,0.00000000000000000,0.00006103515625000,0.00024414062500000,0.00000000000000000,0.00000000000000000,0.00000000000000000,0.00000000000000000,0.00000000000000000,0.00006103515625000,0.31441512086208029,1
0.00006103515625000,0.00048828125000000,0.00012207031250000,0.00006103515625000,0.00006103515625000,0.00024414062500000,0.00006103515625000,0.00000000000000000,0.00006103515625000,0.00024414062500000,0.00000000000000000,0.00000000000000000,0.00006103515625000,0.00000000000000000,0.00000000000000000,0.00000000000000000,0.31441512086208029,3
0.00006103515625000,0.00048828125000000,0.00012207031250000,0.00006103515625000,0.00006103515625000,0.00006103515625000,0.00024414062500000,0.00006103515625000,0.00000000000000000,0.00000000000000000,0.00006103515625000,0.00024414062500000,0.00000000000000000,0.00000000000000000,0.00000000000000000,0.00006103515625000,0.31441512086208029,0
0.00012207031250000,0.00048828125000000,0.00012207031250000,0.00012207031250000,0.00000000000000000,0.00006103515625000,0.00024414062500000,0.00024414062500000,0.00000000000000000,0.00000000000000000,0.00006103515625000,0.00006103515625000,0.00000000000000000,0.00000000000000000,0.00006103515625000,0.00000000000000000,0.32156982095238212,0
0.00012207031250000,0.00048828125000000,0.00024414062500000,0.00000000000000000,0.00006103515625000,0.00048828125000000,0.00000000000000000,0.00000000000000000,0.00012207031250000,0.00000000000000000,0.00006103515625000,0.00000000000000000,0.00006103515625000,0.00000000000000000,0.00000000000000000,0.00000000000000000,0.34217974058056994,1
0.00000000000000000,0.00012207031250000,0.00048828125000000,0.00024414062500000,0.00000000000000000,0.00000000000000000,0.00006103515625000,0.00048828125000000,0.00000000000000000,0.00000000000000000,0.00012207031250000,0.00006103515625000,0.00006103515625000,0.00000000000000000,0.00000000000000000,0.00006103515625000,0.34217974058056994,0
0.00012207031250000,0.00048828125000000,0.00024414062500000,0.00000000000000000,0.00006103515625000,0.00048828125000000,0.00000000000000000,0.00000000000000000,0.00012207031250000,0.00006103515625000,0.00000000000000000,0.00000000000000000,0.00012207031250000,0.00012207031250000,0.00000000000000000,0.00000000000000000,0.34469764362436028,2
0.00012207031250000,0.00048828125000000,0.00024414062500000,0.00000000000000000,0.00006103515625000,0.00048828125000000,0.00000000000000000,0.00000000000000000,0.00012207031250000,0.00006103515625000,0.00000000000000000,0.00000000000000000,0.00024414062500000,0.00006103515625000,0.00000000000000000,0.00000000000000000,0.34948500216800937,0
0.00012207031250000,0.00097656250000000,0.00024414062500000,0.00000000000000000,0.00006103515625000,0.00012207031250000,0.00000000000000000,0.00000000000000000,0.00012207031250000,0.00000000000000000,0.00000000000000000,0.00000000000000000,0.00024414062500000,0.00000000000000000,0.00006103515625000,0.00000000000000000,0.36780431267197494,1
0.00012207031250000,0.00097656250000000,0.00024414062500000,0.00000000000000000,0.00006103515625000,0.00012207031250000,0.00000000000000000,0.00000000000000000,0.00012207031250000,0.00000000000000000,0.00000000000000000,0.00000000000000000,0.00024414062500000,0.00006103515625000,0.00000000000000000,0.00006103515625000,0.36780431267197494,2
0.00000000000000000,0.00012207031250000,0.00097656250000000,0.00024414062500000,0.00000000000000000,0.00006103515625000,0.00006103515625000,0.00012207031250000,0.00000000000000000,0.00000000000000000,0.00000000000000000,0.00012207031250000,0.00000000000000000,0.00000000000000000,0.00024414062500000,0.00012207031250000,0.36958065736898438,0
0.00000000000000000,0.00012207031250000,0.00097656250000000,0.00024414062500000,0.00000000000000000,0.00006103515625000,0.00006103515625000,0.00024414062500000,0.00000000000000000,0.00000000000000000,0.00024414062500000,0.00012207031250000,0.00000000000000000,0.00000000000000000,0.00000000000000000,0.00006103515625000,0.37300768385479927,3
0.00006103515625000,0.00012207031250000,0.00097656250000000,0.00048828125000000,0.00000000000000000,0.00006103515625000,0.00006103515625000,0.00012207031250000,0.00000000000000000,0.00000000000000000,0.00024414062500000,0.00006103515625000,0.00000000000000000,0.00000000000000000,0.00000000000000000,0.00000000000000000,0.37941030069554071,3
0.00006103515625000,0.00000000000000000,0.00000000000000000,0.00000000000000000,0.00000000000000000,0.00000000000000000,0.00097656250000000,0.00048828125000000,0.00000000000000000,0.00012207031250000,0.00006103515625000,0.00012207031250000,0.00006103515625000,0.00006103515625000,0.00024414062500000,0.00006103515625000,0.37941030069554071,1
0.00006103515625000,0.00000000000000000,0.00000000000000000,0.00000000000000000,0.00097656250000000,0.00048828125000000,0.00006103515625000,0.00000000000000000,0.00012207031250000,0.00006103515625000,0.00012207031250000,0.00000000000000000,0.00012207031250000,0.00024414062500000,0.00006103515625000,0.00000000000000000,0.38092621816796229,0
0.00006103515625000,0.00048828125000000,0.00006103515625000,0.00000000000000000,0.00097656250000000,0.00006103515625000,0.00012207031250000,0.00000000000000000,0.00024414062500000,0.00024414062500000,0.00006103515625000,0.00000000000000000,0.00000000000000000,0.00000000000000000,0.00006103515625000,0.00000000000000000,0.38386600957008149,0
0.00006103515625000,0.00048828125000000,0.00006103515625000,0.00000000000000000,0.00097656250000000,0.00006103515625000,0.00012207031250000,0.00000000000000000,0.00048828125000000,0.00006103515625000,0.00000000000000000,0.00000000000000000,0.00006103515625000,0.00000000000000000,0.00000000000000000,0.00006103515625000,0.38940995564142161,3
0.00006103515625000,0.00000000000000000,0.00000000000000000,0.00000000000000000,0.00097656250000000,0.00000000000000000,0.00000000000000000,0.00000000000000000,0.00048828125000000,0.00048828125000000,0.00006103515625000,0.00006103515625000,0.00006103515625000,0.00012207031250000,0.00012207031250000,0.00006103515625000,0.39073204561418512,3
0.00006103515625000,0.00000000000000000,0.00000000000000000,0.00000000000000000,0.00097656250000000,0.00000000000000000,0.00006103515625000,0.00000000000000000,0.00048828125000000,0.00048828125000000,0.00006103515625000,0.00000000000000000,0.00006103515625000,0.00012207031250000,0.00012207031250000,0.00012207031250000,0.39203041968522712,3
0.00006103515625000,0.00000000000000000,0.00000000000000000,0.00000000000000000,0.00097656250000000,0.00006103515625000,0.00000000000000000,0.00000000000000000,0.00097656250000000,0.00006103515625000,0.00006103515625000,0.00000000000000000,0.00006103515625000,0.00024414062500000,0.00012207031250000,0.00000000000000000,0.40387431232280130,1
0.00006103515625000,0.00012207031250000,0.00006103515625000,0.00000000000000000,0.00195312500000000,0.00024414062500000,0.00012207031250000,0.00000000000000000,0.00006103515625000,0.00000000000000000,0.00006103515625000,0.00000000000000000,0.00000000000000000,0.00000000000000000,0.00000000000000000,0.00000000000000000,0.42040737225105329,2
0.00000000000000000,0.00000000000000000,0.00006103515625000,0.00000000000000000,0.00006103515625000,0.00000000000000000,0.00006103515625000,0.00000000000000000,0.00195312500000000,0.00012207031250000,0.00012207031250000,0.00000000000000000,0.00006103515625000,0.00024414062500000,0.00006103515625000,0.00000000000000000,0.42040737225105329,0
0.00000000000000000,0.00000000000000000,0.00000000000000000,0.00000000000000000,0.00006103515625000,0.00000000000000000,0.00012207031250000,0.00006103515625000,0.00195312500000000,0.00012207031250000,0.00012207031250000,0.00000000000000000,0.00006103515625000,0.00024414062500000,0.00006103515625000,0.00000000000000000,0.42127165014522311,1
0.00006103515625000,0.00012207031250000,0.00024414062500000,0.00006103515625000,0.00195312500000000,0.00024414062500000,0.00006103515625000,0.00000000000000000,0.00006103515625000,0.00000000000000000,0.00000000000000000,0.00000000000000000,0.00000000000000000,0.00000000000000000,0.00006103515625000,0.00000000000000000,0.42296984917887898,1
0.00006103515625000,0.00012207031250000,0.00024414062500000,0.00006103515625000,0.00195312500000000,0.00024414062500000,0.00012207031250000,0.00000000000000000,0.00006103515625000,0.00000000000000000,0.00000000000000000,0.00000000000000000,0.00000000000000000,0.00006103515625000,0.00000000000000000,0.00000000000000000,0.42380423782652993,3
0.00006103515625000,0.00012207031250000,0.00024414062500000,0.00006103515625000,0.00195312500000000,0.00024414062500000,0.00012207031250000,0.00000000000000000,0.00006103515625000,0.00000000000000000,0.00000000000000000,0.00006103515625000,0.00006103515625000,0.00000000000000000,0.00000000000000000,0.00000000000000000,0.42380423782652993,2
0.00000000000000000,0.00012207031250000,0.00000000000000000,0.00000000000000000,0.00006103515625000,0.00000000000000000,0.00000000000000000,0.00000000000000000,0.00195312500000000,0.00012207031250000,0.00024414062500000,0.00000000000000000,0.00012207031250000,0.00024414062500000,0.00012207031250000,0.00012207031250000,0.42544470268536555,1
0.00006103515625000,0.00024414062500000,0.00024414062500000,0.00012207031250000,0.00195312500000000,0.00024414062500000,0.00012207031250000,0.00000000000000000,0.00012207031250000,0.00000000000000000,0.00000000000000000,0.00000000000000000,0.00000000000000000,0.00006103515625000,0.00000000000000000,0.00000000000000000,0.42704881074274575,3
0.00006103515625000,0.00048828125000000,0.00012207031250000,0.00000000000000000,0.00195312500000000,0.00024414062500000,0.00012207031250000,0.00000000000000000,0.00012207031250000,0.00000000000000000,0.00000000000000000,0.00000000000000000,0.00006103515625000,0.00000000000000000,0.00012207031250000,0.00000000000000000,0.43015416261260325,1
0.00006103515625000,0.00048828125000000,0.00012207031250000,0.00006103515625000,0.00195312500000000,0.00024414062500000,0.00012207031250000,0.00000000000000000,0.00012207031250000,0.00000000000000000,0.00000000000000000,0.00000000000000000,0.00006103515625000,0.00012207031250000,0.00000000000000000,0.00000000000000000,0.43015416261260325,0
0.00006103515625000,0.00000000000000000,0.00000000000000000,0.00006103515625000,0.00195312500000000,0.00048828125000000,0.00000000000000000,0.00000000000000000,0.00012207031250000,0.00024414062500000,0.00000000000000000,0.00000000000000000,0.00006103515625000,0.00012207031250000,0.00024414062500000,0.00006103515625000,0.43165826688761794,0
0.00012207031250000,0.00006103515625000,0.00000000000000000,0.00000000000000000,0.00195312500000000,0.00048828125000000,0.00000000000000000,0.00000000000000000,0.00012207031250000,0.00024414062500000,0.00000000000000000,0.00000000000000000,0.00006103515625000,0.00012207031250000,0.00024414062500000,0.00006103515625000,0.43239875839590441,0
0.00006103515625000,0.00000000000000000,0.00012207031250000,0.00006103515625000,0.00000000000000000,0.00000000000000000,0.00195312500000000,0.00048828125000000,0.00000000000000000,0.00000000000000000,0.00012207031250000,0.00024414062500000,0.00006103515625000,0.00012207031250000,0.00024414062500000,0.00006103515625000,0.43239875839590441,2
0.00006103515625000,0.00000000000000000,0.00012207031250000,0.00006103515625000,0.00000000000000000,0.00000000000000000,0.00195312500000000,0.00048828125000000,0.00000000000000000,0.00000000000000000,0.00012207031250000,0.00024414062500000,0.00012207031250000,0.00012207031250000,0.00024414062500000,0.00006103515625000,0.43313175112718588,0
0.00006103515625000,0.00012207031250000,0.00006103515625000,0.00000000000000000,0.00195312500000000,0.00048828125000000,0.00006103515625000,0.00000000000000000,0.00012207031250000,0.00024414062500000,0.00000000000000000,0.00000000000000000,0.00024414062500000,0.00024414062500000,0.00006103515625000,0.00000000000000000,0.43457583720244480,2
0.00006103515625000,0.00000000000000000,0.00000000000000000,0.00006103515625000,0.00195312500000000,0.00012207031250000,0.00000000000000000,0.00000000000000000,0.00012207031250000,0.00048828125000000,0.00006103515625000,0.00000000000000000,0.00024414062500000,0.00048828125000000,0.00012207031250000,0.00000000000000000,0.43806482167505195,2
0.00000000000000000,0.00000000000000000,0.00000000000000000,0.00012207031250000,0.00000000000000000,0.00000000000000000,0.00195312500000000,0.00012207031250000,0.00012207031250000,0.00012207031250000,0.00048828125000000,0.00006103515625000,0.00000000000000000,0.00024414062500000,0.00048828125000000,0.00012207031250000,0.43874288203078743,0
0.00000000000000000,0.00000000000000000,0.00006103515625000,0.00000000000000000,0.00000000000000000,0.00000000000000000,0.00000000000000000,0.00024414062500000,0.00000000000000000,0.00012207031250000,0.00195312500000000,0.00006103515625000,0.00012207031250000,0.00024414062500000,0.00097656250000000,0.00012207031250000,0.44519547378584723,2
0.00000000000000000,0.00006103515625000,0.00000000000000000,0.00000000000000000,0.00000000000000000,0.00000000000000000,0.00006103515625000,0.00024414062500000,0.00000000000000000,0.00012207031250000,0.00195312500000000,0.00006103515625000,0.00012207031250000,0.00024414062500000,0.00097656250000000,0.00012207031250000,0.44519547378584723,0
0.00006103515625000,0.00000000000000000,0.00000000000000000,0.00000000000000000,0.00006103515625000,0.00024414062500000,0.00000000000000000,0.00000000000000000,0.00012207031250000,0.00195312500000000,0.00006103515625000,0.00006103515625000,0.00012207031250000,0.00024414062500000,0.00097656250000000,0.00012207031250000,0.44519547378584723,3
0.00012207031250000,0.00024414062500000,0.00006103515625000,0.00006103515625000,0.00024414062500000,0.00195312500000000,0.00097656250000000,0.00012207031250000,0.00000000000000000,0.00024414062500000,0.00000000000000000,0.00000000000000000,0.00000000000000000,0.00000000000000000,0.00000000000000000,0.00006103515625000,0.44702417939563865,3
0.00000000000000000,0.00012207031250000,0.00024414062500000,0.00012207031250000,0.00024414062500000,0.00195312500000000,0.00097656250000000,0.00012207031250000,0.00000000000000000,0.00000000000000000,0.00000000000000000,0.00024414062500000,0.00000000000000000,0.00006103515625000,0.00000000000000000,0.00006103515625000,0.44762362310037723,1
0.00000000000000000,0.00000000000000000,0.00000000000000000,0.00000000000000000,0.00000000000000000,0.00012207031250000,0.00000000000000000,0.00024414062500000,0.00006103515625000,0.00195312500000000,0.00024414062500000,0.00024414062500000,0.00024414062500000,0.00006103515625000,0.00097656250000000,0.00006103515625000,0.44880781987953838,1
0.00000000000000000,0.00012207031250000,0.00000000000000000,0.00000000000000000,0.00000000000000000,0.00012207031250000,0.00000000000000000,0.00000000000000000,0.00006103515625000,0.00195312500000000,0.00024414062500000,0.00048828125000000,0.00024414062500000,0.00006103515625000,0.00097656250000000,0.00006103515625000,0.45111963038945979,0
0.00006103515625000,0.00000000000000000,0.00000000000000000,0.00012207031250000,0.00000000000000000,0.00000000000000000,0.00000000000000000,0.00012207031250000,0.00006103515625000,0.00195312500000000,0.00024414062500000,0.00048828125000000,0.00024414062500000,0.00006103515625000,0.00097656250000000,0.00006103515625000,0.45111963038945979,0
0.00006103515625000,0.00012207031250000,0.00000000000000000,0.00000000000000000,0.00012207031250000,0.00006103515625000,0.00000000000000000,0.00000000000000000,0.00006103515625000,0.00195312500000000,0.00024414062500000,0.00048828125000000,0.00024414062500000,0.00006103515625000,0.00097656250000000,0.00006103515625000,0.45111963038945979,3
0.00006103515625000,0.00000000000000000,0.00006103515625000,0.00012207031250000,0.00000000000000000,0.00000000000000000,0.00012207031250000,0.00006103515625000,0.00006103515625000,0.00195312500000000,0.00024414062500000,0.00048828125000000,0.00024414062500000,0.00006103515625000,0.00097656250000000,0.00006103515625000,0.45111963038945979,0
0.00000000000000000,0.00000000000000000,0.00012207031250000,0.00012207031250000,0.00000000000000000,0.00012207031250000,0.00012207031250000,0.00006103515625000,0.00006103515625000,0.00195312500000000,0.00024414062500000,0.00048828125000000,0.00024414062500000,0.00006103515625000,0.00097656250000000,0.00006103515625000,0.45168622751863602,1
0.00006103515625000,0.00012207031250000,0.00024414062500000,0.00012207031250000,0.00024414062500000,0.00195312500000000,0.00024414062500000,0.00006103515625000,0.00000000000000000,0.00006103515625000,0.00097656250000000,0.00048828125000000,0.00000000000000000,0.00006103515625000,0.00000000000000000,0.00006103515625000,0.45280628721658744,1
0.00006103515625000,0.00012207031250000,0.00024414062500000,0.00012207031250000,0.00024414062500000,0.00195312500000000,0.00024414062500000,0.00006103515625000,0.00006103515625000,0.00097656250000000,0.00048828125000000,0.00000000000000000,0.00012207031250000,0.00000000000000000,0.00006103515625000,0.00000000000000000,0.45335988390099285,0
0.00006103515625000,0.00012207031250000,0.00024414062500000,0.00012207031250000,0.00024414062500000,0.00195312500000000,0.00024414062500000,0.00006103515625000,0.00000000000000000,0.00006103515625000,0.00097656250000000,0.00048828125000000,0.00000000000000000,0.00006103515625000,0.00012207031250000,0.00006103515625000,0.45335988390099285,2
0.00006103515625000,0.00012207031250000,0.00024414062500000,0.00012207031250000,0.00024414062500000,0.00195312500000000,0.00024414062500000,0.00006103515625000,0.00006103515625000,0.00097656250000000,0.00048828125000000,0.00006103515625000,0.00006103515625000,0.00012207031250000,0.00006103515625000,0.00000000000000000,0.45335988390099285,1
0.00006103515625000,0.00012207031250000,0.00024414062500000,0.00012207031250000,0.00024414062500000,0.00195312500000000,0.00024414062500000,0.00006103515625000,0.00006103515625000,0.00097656250000000,0.00048828125000000,0.00006103515625000,0.00006103515625000,0.00006103515625000,0.00012207031250000,0.00006103515625000,0.45335988390099285,2
0.00000000000000000,0.00012207031250000,0.00000000000000000,0.00006103515625000,0.00006103515625000,0.00195312500000000,0.00048828125000000,0.00012207031250000,0.00024414062500000,0.00097656250000000,0.00048828125000000,0.00006103515625000,0.00012207031250000,0.00006103515625000,0.00012207031250000,0.00012207031250000,0.45659539074168198,3
0.00012207031250000,0.00006103515625000,0.00006103515625000,0.00000000000000000,0.00006103515625000,0.00195312500000000,0.00048828125000000,0.00012207031250000,0.00024414062500000,0.00097656250000000,0.00048828125000000,0.00006103515625000,0.00012207031250000,0.00006103515625000,0.00024414062500000,0.00000000000000000,0.45764253252895482,1
0.00012207031250000,0.00012207031250000,0.00006103515625000,0.00000000000000000,0.00006103515625000,0.00195312500000000,0.00048828125000000,0.00012207031250000,0.00024414062500000,0.00097656250000000,0.00048828125000000,0.00006103515625000,0.00012207031250000,0.00006103515625000,0.00024414062500000,0.00000000000000000,0.45816047687602696,3
0.00012207031250000,0.00012207031250000,0.00006103515625000,0.00012207031250000,0.00006103515625000,0.00195312500000000,0.00097656250000000,0.00006103515625000,0.00024414062500000,0.00097656250000000,0.00024414062500000,0.00000000000000000,0.00012207031250000,0.00006103515625000,0.00000000000000000,0.00006103515625000,0.46217578222737710,1
0.00024414062500000,0.00006103515625000,0.00012207031250000,0.00006103515625000,0.00006103515625000,0.00195312500000000,0.00097656250000000,0.00006103515625000,0.00024414062500000,0.00097656250000000,0.00024414062500000,0.00000000000000000,0.00012207031250000,0.00012207031250000,0.00000000000000000,0.00000000000000000,0.46362589577541152,1
0.00024414062500000,0.00006103515625000,0.00012207031250000,0.00000000000000000,0.00006103515625000,0.00195312500000000,0.00012207031250000,0.00000000000000000,0.00024414062500000,0.00097656250000000,0.00097656250000000,0.00000000000000000,0.00012207031250000,0.00012207031250000,0.00024414062500000,0.00012207031250000,0.46410288210547918,3
0.00000000000000000,0.00024414062500000,0.00006103515625000,0.00012207031250000,0.00000000000000000,0.00006103515625000,0.00195312500000000,0.00012207031250000,0.00000000000000000,0.00000000000000000,0.00024414062500000,0.00195312500000000,0.00006103515625000,0.00024414062500000,0.00024414062500000,0.00012207031250000,0.47219118531879750,0
0.00000000000000000,0.00000000000000000,0.00000000000000000,0.00006103515625000,0.00000000000000000,0.00024414062500000,0.00006103515625000,0.00024414062500000,0.00000000000000000,0.00006103515625000,0.00195312500000000,0.00195312500000000,0.00006103515625000,0.00024414062500000,0.00048828125000000,0.00012207031250000,0.47469818616523313,3
0.00006103515625000,0.00000000000000000,0.00000000000000000,0.00000000000000000,0.00024414062500000,0.00006103515625000,0.00024414062500000,0.00012207031250000,0.00006103515625000,0.00390625000000000,0.00000000000000000,0.00000000000000000,0.00006103515625000,0.00024414062500000,0.00048828125000000,0.00012207031250000,0.48677416690113123,0
0.00000000000000000,0.00000000000000000,0.00000000000000000,0.00006103515625000,0.00024414062500000,0.00006103515625000,0.00024414062500000,0.00012207031250000,0.00006103515625000,0.00000000000000000,0.00006103515625000,0.00390625000000000,0.00006103515625000,0.00024414062500000,0.00048828125000000,0.00012207031250000,0.48677416690113123,1
0.00006103515625000,0.00000000000000000,0.00000000000000000,0.00000000000000000,0.00024414062500000,0.00006103515625000,0.00024414062500000,0.00012207031250000,0.00012207031250000,0.00390625000000000,0.00000000000000000,0.00006103515625000,0.00006103515625000,0.00024414062500000,0.00048828125000000,0.00012207031250000,0.48712090966554333,1
0.00006103515625000,0.00000000000000000,0.00006103515625000,0.00000000000000000,0.00024414062500000,0.00006103515625000,0.00024414062500000,0.00012207031250000,0.00012207031250000,0.00390625000000000,0.00006103515625000,0.00000000000000000,0.00006103515625000,0.00024414062500000,0.00048828125000000,0.00012207031250000,0.48712090966554333,3
0.00012207031250000,0.00000000000000000,0.00000000000000000,0.00006103515625000,0.00024414062500000,0.00006103515625000,0.00024414062500000,0.00012207031250000,0.00012207031250000,0.00390625000000000,0.00006103515625000,0.00000000000000000,0.00006103515625000,0.00024414062500000,0.00048828125000000,0.00012207031250000,0.48746599929965201,3
0.00012207031250000,0.00006103515625000,0.00000000000000000,0.00000000000000000,0.00024414062500000,0.00006103515625000,0.00024414062500000,0.00012207031250000,0.00012207031250000,0.00390625000000000,0.00006103515625000,0.00006103515625000,0.00006103515625000,0.00024414062500000,0.00048828125000000,0.00012207031250000,0.48746599929965201,3
0.00012207031250000,0.00000000000000000,0.00000000000000000,0.00006103515625000,0.00024414062500000,0.00012207031250000,0.00024414062500000,0.00012207031250000,0.00012207031250000,0.00390625000000000,0.00006103515625000,0.00006103515625000,0.00006103515625000,0.00024414062500000,0.00048828125000000,0.00012207031250000,0.48780945149161536,3
0.00000000000000000,0.00000000000000000,0.00012207031250000,0.00006103515625000,0.00024414062500000,0.00012207031250000,0.00024414062500000,0.00012207031250000,0.00006103515625000,0.00012207031250000,0.00390625000000000,0.00012207031250000,0.00006103515625000,0.00024414062500000,0.00048828125000000,0.00012207031250000,0.48815128170732547,0
0.00024414062500000,0.00024414062500000,0.00012207031250000,0.00006103515625000,0.00012207031250000,0.00024414062500000,0.00024414062500000,0.00024414062500000,0.00000000000000000,0.00006103515625000,0.00390625000000000,0.00012207031250000,0.00000000000000000,0.00000000000000000,0.00048828125000000,0.00000000000000000,0.48983662940811107,2
0.00024414062500000,0.00048828125000000,0.00012207031250000,0.00006103515625000,0.00012207031250000,0.00006103515625000,0.00024414062500000,0.00024414062500000,0.00000000000000000,0.00000000000000000,0.00390625000000000,0.00012207031250000,0.00006103515625000,0.00000000000000000,0.00048828125000000,0.00000000000000000,0.49115721178297095,1
0.00000000000000000,0.00000000000000000,0.00012207031250000,0.00006103515625000,0.00024414062500000,0.00000000000000000,0.00024414062500000,0.00006103515625000,0.00012207031250000,0.00048828125000000,0.00390625000000000,0.00024414062500000,0.00006103515625000,0.00006103515625000,0.00048828125000000,0.00012207031250000,0.49115721178297095,3
0.00000000000000000,0.00006103515625000,0.00012207031250000,0.00000000000000000,0.00024414062500000,0.00000000000000000,0.00024414062500000,0.00012207031250000,0.00012207031250000,0.00048828125000000,0.00390625000000000,0.00024414062500000,0.00006103515625000,0.00006103515625000,0.00048828125000000,0.00012207031250000,0.49148362682836894,3
0.00024414062500000,0.00006103515625000,0.00012207031250000,0.00012207031250000,0.00012207031250000,0.00048828125000000,0.00024414062500000,0.00024414062500000,0.00006103515625000,0.00006103515625000,0.00390625000000000,0.00012207031250000,0.00000000000000000,0.00006103515625000,0.00048828125000000,0.00000000000000000,0.49148362682836894,0
0.00024414062500000,0.00006103515625000,0.00024414062500000,0.00000000000000000,0.00012207031250000,0.00048828125000000,0.00048828125000000,0.00006103515625000,0.00012207031250000,0.00390625000000000,0.00012207031250000,0.00000000000000000,0.00006103515625000,0.00048828125000000,0.00000000000000000,0.00000000000000000,0.49372822261167015,0
0.00000000000000000,0.00006103515625000,0.00000000000000000,0.00000000000000000,0.00024414062500000,0.00048828125000000,0.00024414062500000,0.00006103515625000,0.00024414062500000,0.00390625000000000,0.00048828125000000,0.00000000000000000,0.00006103515625000,0.00048828125000000,0.00012207031250000,0.00006103515625000,0.49435695545650543,0
0.00048828125000000,0.00006103515625000,0.00024414062500000,0.00012207031250000,0.00006103515625000,0.00048828125000000,0.00048828125000000,0.00000000000000000,0.00000000000000000,0.00390625000000000,0.00012207031250000,0.00000000000000000,0.00000000000000000,0.00048828125000000,0.00000000000000000,0.00006103515625000,0.49590530141821049,0
0.00048828125000000,0.00006103515625000,0.00024414062500000,0.00012207031250000,0.00006103515625000,0.00097656250000000,0.00000000000000000,0.00006103515625000,0.00390625000000000,0.00012207031250000,0.00000000000000000,0.00000000000000000,0.00048828125000000,0.00006103515625000,0.00000000000000000,0.00000000000000000,0.49831576061979549,2
0.00048828125000000,0.00006103515625000,0.00024414062500000,0.00012207031250000,0.00006103515625000,0.00097656250000000,0.00006103515625000,0.00000000000000000,0.00390625000000000,0.00012207031250000,0.00000000000000000,0.00000000000000000,0.00048828125000000,0.00006103515625000,0.00000000000000000,0.00006103515625000,0.49831576061979549,0
0.00048828125000000,0.00006103515625000,0.00024414062500000,0.00012207031250000,0.00000000000000000,0.00006103515625000,0.00097656250000000,0.00006103515625000,0.00000000000000000,0.00000000000000000,0.00390625000000000,0.00012207031250000,0.00006103515625000,0.00000000000000000,0.00048828125000000,0.00012207031250000,0.49861150122999143,1
0.00048828125000000,0.00006103515625000,0.00024414062500000,0.00012207031250000,0.00006103515625000,0.00097656250000000,0.00006103515625000,0.00006103515625000,0.00390625000000000,0.00012207031250000,0.00000000000000000,0.00000000000000000,0.00006103515625000,0.00048828125000000,0.00012207031250000,0.00000000000000000,0.49861150122999143,3
0.00048828125000000,0.00006103515625000,0.00024414062500000,0.00012207031250000,0.00006103515625000,0.00097656250000000,0.00006103515625000,0.00006103515625000,0.00390625000000000,0.00012207031250000,0.00012207031250000,0.00006103515625000,0.00006103515625000,0.00048828125000000,0.00000000000000000,0.00000000000000000,0.49861150122999143,2
0.00048828125000000,0.00006103515625000,0.00024414062500000,0.00012207031250000,0.00006103515625000,0.00097656250000000,0.00012207031250000,0.00000000000000000,0.00390625000000000,0.00024414062500000,0.00006103515625000,0.00000000000000000,0.00006103515625000,0.00048828125000000,0.00006103515625000,0.00000000000000000,0.49949154141589686,1
0.00048828125000000,0.00006103515625000,0.00024414062500000,0.00012207031250000,0.00006103515625000,0.00006103515625000,0.00097656250000000,0.00012207031250000,0.00000000000000000,0.00390625000000000,0.00024414062500000,0.00006103515625000,0.00000000000000000,0.00006103515625000,0.00048828125000000,0.00006103515625000,0.49949154141589686,0
0.00048828125000000,0.00012207031250000,0.00024414062500000,0.00024414062500000,0.00006103515625000,0.00390625000000000,0.00097656250000000,0.00012207031250000,0.00006103515625000,0.00006103515625000,0.00024414062500000,0.00000000000000000,0.00000000000000000,0.00000000000000000,0.00048828125000000,0.00000000000000000,0.50064852770615176,1
0.00000000000000000,0.00048828125000000,0.00012207031250000,0.00048828125000000,0.00006103515625000,0.00390625000000000,0.00097656250000000,0.00012207031250000,0.00006103515625000,0.00000000000000000,0.00012207031250000,0.00024414062500000,0.00000000000000000,0.00000000000000000,0.00000000000000000,0.00048828125000000,0.50206922912707219,0
0.00048828125000000,0.00012207031250000,0.00048828125000000,0.00000000000000000,0.00006103515625000,0.00390625000000000,0.00097656250000000,0.00012207031250000,0.00006103515625000,0.00012207031250000,0.00024414062500000,0.00000000000000000,0.00048828125000000,0.00000000000000000,0.00000000000000000,0.00006103515625000,0.50206922912707219,3
0.00000000000000000,0.00000000000000000,0.00000000000000000,0.00012207031250000,0.00048828125000000,0.00012207031250000,0.00048828125000000,0.00000000000000000,0.00012207031250000,0.00390625000000000,0.00097656250000000,0.00012207031250000,0.00048828125000000,0.00012207031250000,0.00024414062500000,0.00006103515625000,0.50235005358660345,2
0.00012207031250000,0.00000000000000000,0.00000000000000000,0.00000000000000000,0.00048828125000000,0.00012207031250000,0.00048828125000000,0.00006103515625000,0.00012207031250000,0.00390625000000000,0.00097656250000000,0.00012207031250000,0.00048828125000000,0.00012207031250000,0.00024414062500000,0.00006103515625000,0.50235005358660345,0
0.00012207031250000,0.00012207031250000,0.00048828125000000,0.00006103515625000,0.00048828125000000,0.00390625000000000,0.00097656250000000,0.00012207031250000,0.00012207031250000,0.00012207031250000,0.00024414062500000,0.00006103515625000,0.00048828125000000,0.00000000000000000,0.00000000000000000,0.00006103515625000,0.50235005358660345,2
0.00012207031250000,0.00000000000000000,0.00012207031250000,0.00000000000000000,0.00048828125000000,0.00012207031250000,0.00048828125000000,0.00006103515625000,0.00012207031250000,0.00390625000000000,0.00097656250000000,0.00012207031250000,0.00048828125000000,0.00012207031250000,0.00024414062500000,0.00012207031250000,0.50262979273150676,3
0.00012207031250000,0.00012207031250000,0.00012207031250000,0.00006103515625000,0.00048828125000000,0.00390625000000000,0.00048828125000000,0.00024414062500000,0.00012207031250000,0.00012207031250000,0.00097656250000000,0.00000000000000000,0.00048828125000000,0.00006103515625000,0.00024414062500000,0.00000000000000000,0.50318604840784553,2
0.00000000000000000,0.00012207031250000,0.00024414062500000,0.00006103515625000,0.00048828125000000,0.00390625000000000,0.00048828125000000,0.00024414062500000,0.00006103515625000,0.00000000000000000,0.00024414062500000,0.00097656250000000,0.00000000000000000,0.00048828125000000,0.00006103515625000,0.00024414062500000,0.50428589731689011,0
0.00048828125000000,0.00012207031250000,0.00024414062500000,0.00006103515625000,0.00006103515625000,0.00390625000000000,0.00048828125000000,0.00024414062500000,0.00000000000000000,0.00048828125000000,0.00024414062500000,0.00097656250000000,0.00000000000000000,0.00006103515625000,0.00006103515625000,0.00024414062500000,0.50428589731689011,1
0.00048828125000000,0.00012207031250000,0.00024414062500000,0.00006103515625000,0.00006103515625000,0.00390625000000000,0.00048828125000000,0.00024414062500000,0.00048828125000000,0.00024414062500000,0.00097656250000000,0.00000000000000000,0.00012207031250000,0.00024414062500000,0.00006103515625000,0.00000000000000000,0.50455826796245939,0
0.00048828125000000,0.00006103515625000,0.00024414062500000,0.00000000000000000,0.00006103515625000,0.00012207031250000,0.00048828125000000,0.00000000000000000,0.00048828125000000,0.00390625000000000,0.00097656250000000,0.00006103515625000,0.00012207031250000,0.00048828125000000,0.00006103515625000,0.00024414062500000,0.50563761565888499,3
0.00048828125000000,0.00006103515625000,0.00024414062500000,0.00006103515625000,0.00006103515625000,0.00012207031250000,0.00048828125000000,0.00024414062500000,0.00048828125000000,0.00390625000000000,0.00097656250000000,0.00000000000000000,0.00012207031250000,0.00048828125000000,0.00006103515625000,0.00006103515625000,0.50563761565888499,3
0.00048828125000000,0.00006103515625000,0.00024414062500000,0.00006103515625000,0.00006103515625000,0.00012207031250000,0.00048828125000000,0.00024414062500000,0.00048828125000000,0.00390625000000000,0.00097656250000000,0.00006103515625000,0.00012207031250000,0.00048828125000000,0.00006103515625000,0.00006103515625000,0.50563761565888499,0
0.00048828125000000,0.00006103515625000,0.00024414062500000,0.00006103515625000,0.00006103515625000,0.00012207031250000,0.00048828125000000,0.00006103515625000,0.00048828125000000,0.00390625000000000,0.00097656250000000,0.00024414062500000,0.00012207031250000,0.00048828125000000,0.00006103515625000,0.00012207031250000,0.50590495636409138,0
0.00048828125000000,0.00006103515625000,0.00024414062500000,0.00012207031250000,0.00006103515625000,0.00012207031250000,0.00048828125000000,0.00024414062500000,0.00048828125000000,0.00390625000000000,0.00097656250000000,0.00012207031250000,0.00012207031250000,0.00048828125000000,0.00006103515625000,0.00006103515625000,0.50617131329262921,3
0.00048828125000000,0.00006103515625000,0.00024414062500000,0.00012207031250000,0.00006103515625000,0.00012207031250000,0.00048828125000000,0.00024414062500000,0.00048828125000000,0.00390625000000000,0.00097656250000000,0.00012207031250000,0.00006103515625000,0.00012207031250000,0.00048828125000000,0.00012207031250000,0.50643669365828381,1
0.00048828125000000,0.00006103515625000,0.00024414062500000,0.00012207031250000,0.00006103515625000,0.00012207031250000,0.00048828125000000,0.00024414062500000,0.00048828125000000,0.00390625000000000,0.00097656250000000,0.00024414062500000,0.00006103515625000,0.00012207031250000,0.00048828125000000,0.00006103515625000,0.50696455316195865,0
0.00006103515625000,0.00000000000000000,0.00000000000000000,0.00000000000000000,0.00000000000000000,0.00000000000000000,0.00000000000000000,0.00012207031250000,0.00000000000000000,0.00000000000000000,0.00000000000000000,0.00000000000000000,0.00000000000000000,0.00000000000000000,0.00000000000000000,0.00000000000000000,0.00000000000000000,1
0.00006103515625000,0.00000000000000000,0.00000000000000000,0.00000000000000000,0.00012207031250000,0.00000000000000000,0.00000000000000000,0.00000000000000000,0.00000000000000000,0.00006103515625000,0.00000000000000000,0.00000000000000000,0.00000000000000000,0.00000000000000000,0.00000000000000000,0.00000000000000000,0.00000000000000000,0
0.00006103515625000,0.00006103515625000,0.00000000000000000,0.00000000000000000,0.00012207031250000,0.00000000000000000,0.00006103515625000,0.00000000000000000,0.00000000000000000,0.00000000000000000,0.00000000000000000,0.00000000000000000,0.00000000000000000,0.00000000000000000,0.00000000000000000,0.00000000000000000,0.00000000000000000,0
0.00000000000000000,0.00006103515625000,0.00000000000000000,0.00012207031250000,0.00000000000000000,0.00000000000000000,0.00012207031250000,0.00006103515625000,0.00000000000000000,0.00000000000000000,0.00000000000000000,0.00000000000000000,0.00000000000000000,0.00000000000000000,0.00000000000000000,0.00000000000000000,0.11649500072266981,2
0.00000000000000000,0.00006103515625000,0.00012207031250000,0.00012207031250000,0.00000000000000000,0.00000000000000000,0.00000000000000000,0.00006103515625000,0.00006103515625000,0.00000000000000000,0.00000000000000000,0.00000000000000000,0.00000000000000000,0.00000000000000000,0.00000000000000000,0.00000000000000000,0.11649500072266981,1
0.00006103515625000,0.00006103515625000,0.00012207031250000,0.00012207031250000,0.00000000000000000,0.00000000000000000,0.00012207031250000,0.00006103515625000,0.00000000000000000,0.00000000000000000,0.00000000000000000,0.00000000000000000,0.00000000000000000,0.00000000000000000,0.00000000000000000,0.00000000000000000,0.11649500072266981,2
0.00000000000000000,0.00006103515625000,0.00012207031250000,0.00024414062500000,0.00000000000000000,0.00000000000000000,0.00012207031250000,0.00006103515625000,0.00000000000000000,0.00000000000000000,0.00000000000000000,0.00000000000000000,0.00000000000000000,0.00000000000000000,0.00000000000000000,0.00000000000000000,0.20507482022971232,2
0.00000000000000000,0.00000000000000000,0.00006103515625000,0.00000000000000000,0.00000000000000000,0.00000000000000000,0.00000000000000000,0.00000000000000000,0.00000000000000000,0.00000000000000000,0.00000000000000000,0.00024414062500000,0.00000000000000000,0.00006103515625000,0.00024414062500000,0.00006103515625000,0.23299000144533963,1
0.00000000000000000,0.00006103515625000,0.00000000000000000,0.00006103515625000,0.00000000000000000,0.00000000000000000,0.00000000000000000,0.00000000000000000,0.00000000000000000,0.00000000000000000,0.00000000000000000,0.00024414062500000,0.00000000000000000,0.00006103515625000,0.00024414062500000,0.00006103515625000,0.23299000144533963,3
0.00000000000000000,0.00012207031250000,0.00024414062500000,0.00006103515625000,0.00006103515625000,0.00000000000000000,0.00000000000000000,0.00024414062500000,0.00000000000000000,0.00000000000000000,0.00000000000000000,0.00006103515625000,0.00000000000000000,0.00000000000000000,0.00000000000000000,0.00000000000000000,0.24373299964982600,0
0.00000000000000000,0.00012207031250000,0.00024414062500000,0.00006103515625000,0.00000000000000000,0.00000000000000000,0.00006103515625000,0.00024414062500000,0.00000000000000000,0.00012207031250000,0.00000000000000000,0.00006103515625000,0.00000000000000000,0.00000000000000000,0.00000000000000000,0.00000000000000000,0.24373299964982600,3
0.00006103515625000,0.00000000000000000,0.00000000000000000,0.00000000000000000,0.00000000000000000,0.00000000000000000,0.00000000000000000,0.00006103515625000,0.00000000000000000,0.00000000000000000,0.00024414062500000,0.00024414062500000,0.00000000000000000,0.00024414062500000,0.00006103515625000,0.00006103515625000,0.26136695401116583,2
0.00006103515625000,0.00000000000000000,0.00000000000000000,0.00000000000000000,0.00006103515625000,0.00000000000000000,0.00000000000000000,0.00000000000000000,0.00048828125000000,0.00000000000000000,0.00000000000000000,0.00006103515625000,0.00024414062500000,0.00012207031250000,0.00000000000000000,0.00000000000000000,0.29264580927874856,2
0.00006103515625000,0.00000000000000000,0.00000000000000000,0.00000000000000000,0.00006103515625000,0.00000000000000000,0.00000000000000000,0.00006103515625000,0.00048828125000000,0.00006103515625000,0.00000000000000000,0.00000000000000000,0.00024414062500000,0.00012207031250000,0.00000000000000000,0.00000000000000000,0.29264580927874856,1
0.00012207031250000,0.00006103515625000,0.00000000000000000,0.00006103515625000,0.00048828125000000,0.00012207031250000,0.00000000000000000,0.00000000000000000,0.00024414062500000,0.00000000000000000,0.00000000000000000,0.00000000000000000,0.00000000000000000,0.00000000000000000,0.00006103515625000,0.00000000000000000,0.29755497250179452,0
0.00012207031250000,0.00000000000000000,0.00000000000000000,0.00000000000000000,0.00012207031250000,0.00000000000000000,0.00000000000000000,0.00000000000000000,0.00048828125000000,0.00006103515625000,0.00000000000000000,0.00000000000000000,0.00024414062500000,0.00012207031250000,0.00006103515625000,0.00006103515625000,0.29755497250179452,2
0.00000000000000000,0.00000000000000000,0.00000000000000000,0.00012207031250000,0.00000000000000000,0.00000000000000000,0.00006103515625000,0.00012207031250000,0.00000000000000000,0.00000000000000000,0.00048828125000000,0.00006103515625000,0.00000000000000000,0.00024414062500000,0.00012207031250000,0.00012207031250000,0.30215222610714260,1
0.00006103515625000,0.00024414062500000,0.00006103515625000,0.00024414062500000,0.00000000000000000,0.00000000000000000,0.00048828125000000,0.00006103515625000,0.00000000000000000,0.00000000000000000,0.00012207031250000,0.00012207031250000,0.00000000000000000,0.00000000000000000,0.00000000000000000,0.00000000000000000,0.31055381002007598,2
0.00006103515625000,0.00024414062500000,0.00006103515625000,0.00024414062500000,0.00012207031250000,0.00000000000000000,0.00048828125000000,0.00006103515625000,0.00000000000000000,0.00000000000000000,0.00000000000000000,0.00024414062500000,0.00000000000000000,0.00000000000000000,0.00000000000000000,0.00000000000000000,0.31808083647977498,3
0.00006103515625000,0.00024414062500000,0.00006103515625000,0.00024414062500000,0.00012207031250000,0.00048828125000000,0.00006103515625000,0.00000000000000000,0.00024414062500000,0.00000000000000000,0.00000000000000000,0.00000000000000000,0.00000000000000000,0.00000000000000000,0.00000000000000000,0.00006103515625000,0.31808083647977498,2
0.00006103515625000,0.00024414062500000,0.00006103515625000,0.00024414062500000,0.00000000000000000,0.00012207031250000,0.00048828125000000,0.00006103515625000,0.00000000000000000,0.00000000000000000,0.00000000000000000,0.00024414062500000,0.00006103515625000,0.00000000000000000,0.00000000000000000,0.00006103515625000,0.31808083647977498,2
0.00012207031250000,0.00024414062500000,0.00006103515625000,0.00024414062500000,0.00000000000000000,0.00012207031250000,0.00048828125000000,0.00006103515625000,0.00000000000000000,0.00000000000000000,0.00006103515625000,0.00024414062500000,0.00000000000000000,0.00000000000000000,0.00000000000000000,0.00006103515625000,0.32156982095238212,2
0.00000000000000000,0.00000000000000000,0.00000000000000000,0.00024414062500000,0.00000000000000000,0.00000000000000000,0.00006103515625000,0.00006103515625000,0.00006103515625000,0.00024414062500000,0.00048828125000000,0.00024414062500000,0.00012207031250000,0.00012207031250000,0.00006103515625000,0.00006103515625000,0.32156982095238212,0
0.00006103515625000,0.00024414062500000,0.00006103515625000,0.00024414062500000,0.00012207031250000,0.00012207031250000,0.00048828125000000,0.00006103515625000,0.00000000000000000,0.00012207031250000,0.00006103515625000,0.00024414062500000,0.00000000000000000,0.00000000000000000,0.00000000000000000,0.00006103515625000,0.32156982095238212,1
0.00006103515625000,0.00024414062500000,0.00006103515625000,0.00024414062500000,0.00012207031250000,0.00024414062500000,0.00048828125000000,0.00006103515625000,0.00012207031250000,0.00000000000000000,0.00006103515625000,0.00024414062500000,0.00000000000000000,0.00000000000000000,0.00000000000000000,0.00006103515625000,0.32808049142565582,2
0.00006103515625000,0.00048828125000000,0.00006103515625000,0.00024414062500000,0.00024414062500000,0.00000000000000000,0.00048828125000000,0.00006103515625000,0.00000000000000000,0.00000000000000000,0.00006103515625000,0.00024414062500000,0.00012207031250000,0.00000000000000000,0.00000000000000000,0.00006103515625000,0.34469764362436028,2
0.00006103515625000,0.00048828125000000,0.00006103515625000,0.00024414062500000,0.00024414062500000,0.00048828125000000,0.00006103515625000,0.00000000000000000,0.00006103515625000,0.00024414062500000,0.00000000000000000,0.00000000000000000,0.00012207031250000,0.00006103515625000,0.00006103515625000,0.00000000000000000,0.34469764362436028,1
0.00006103515625000,0.00097656250000000,0.00012207031250000,0.00024414062500000,0.00024414062500000,0.00024414062500000,0.00006103515625000,0.00012207031250000,0.00006103515625000,0.00006103515625000,0.00000000000000000,0.00000000000000000,0.00012207031250000,0.00000000000000000,0.00000000000000000,0.00000000000000000,0.36411523846959981,3
0.00006103515625000,0.00097656250000000,0.00012207031250000,0.00024414062500000,0.00048828125000000,0.00006103515625000,0.00012207031250000,0.00000000000000000,0.00012207031250000,0.00006103515625000,0.00000000000000000,0.00000000000000000,0.00012207031250000,0.00000000000000000,0.00000000000000000,0.00000000000000000,0.37300768385479927,1
0.00006103515625000,0.00097656250000000,0.00012207031250000,0.00024414062500000,0.00000000000000000,0.00048828125000000,0.00006103515625000,0.00012207031250000,0.00006103515625000,0.00000000000000000,0.00012207031250000,0.00006103515625000,0.00000000000000000,0.00000000000000000,0.00000000000000000,0.00012207031250000,0.37300768385479927,0
0.00006103515625000,0.00000000000000000,0.00000000000000000,0.00024414062500000,0.00000000000000000,0.00000000000000000,0.00012207031250000,0.00012207031250000,0.00000000000000000,0.00097656250000000,0.00006103515625000,0.00006103515625000,0.00012207031250000,0.00048828125000000,0.00012207031250000,0.00012207031250000,0.37466221106030112,2
0.00000000000000000,0.00006103515625000,0.00006103515625000,0.00024414062500000,0.00000000000000000,0.00000000000000000,0.00000000000000000,0.00024414062500000,0.00000000000000000,0.00000000000000000,0.00097656250000000,0.00012207031250000,0.00000000000000000,0.00012207031250000,0.00048828125000000,0.00024414062500000,0.38241103769359880,0
0.00000000000000000,0.00000000000000000,0.00012207031250000,0.00024414062500000,0.00000000000000000,0.00006103515625000,0.00000000000000000,0.00024414062500000,0.00000000000000000,0.00000000000000000,0.00097656250000000,0.00012207031250000,0.00000000000000000,0.00012207031250000,0.00048828125000000,0.00024414062500000,0.38386600957008149,2
0.00000000000000000,0.00006103515625000,0.00012207031250000,0.00048828125000000,0.00000000000000000,0.00012207031250000,0.00097656250000000,0.00012207031250000,0.00006103515625000,0.00000000000000000,0.00048828125000000,0.00024414062500000,0.00000000000000000,0.00000000000000000,0.00000000000000000,0.00000000000000000,0.38940995564142161,0
0.00006103515625000,0.00012207031250000,0.00048828125000000,0.00006103515625000,0.00012207031250000,0.00097656250000000,0.00012207031250000,0.00000000000000000,0.00006103515625000,0.00048828125000000,0.00024414062500000,0.00000000000000000,0.00000000000000000,0.00000000000000000,0.00000000000000000,0.00000000000000000,0.38940995564142161,1
0.00006103515625000,0.00012207031250000,0.00048828125000000,0.00006103515625000,0.00000000000000000,0.00012207031250000,0.00097656250000000,0.00012207031250000,0.00000000000000000,0.00006103515625000,0.00048828125000000,0.00024414062500000,0.00000000000000000,0.00000000000000000,0.00000000000000000,0.00006103515625000,0.38940995564142161,2
0.00000000000000000,0.00000000000000000,0.00000000000000000,0.00006103515625000,0.00000000000000000,0.00000000000000000,0.00048828125000000,0.00012207031250000,0.00006103515625000,0.00024414062500000,0.00097656250000000,0.00024414062500000,0.00006103515625000,0.00006103515625000,0.00048828125000000,0.00006103515625000,0.39203041968522712,3
0.00000000000000000,0.00000000000000000,0.00000000000000000,0.00006103515625000,0.00000000000000000,0.00006103515625000,0.00048828125000000,0.00012207031250000,0.00006103515625000,0.00024414062500000,0.00097656250000000,0.00024414062500000,0.00000000000000000,0.00012207031250000,0.00048828125000000,0.00006103515625000,0.39330591372331464,0
0.00000000000000000,0.00000000000000000,0.00006103515625000,0.00006103515625000,0.00000000000000000,0.00006103515625000,0.00048828125000000,0.00012207031250000,0.00000000000000000,0.00024414062500000,0.00097656250000000,0.00024414062500000,0.00006103515625000,0.00012207031250000,0.00048828125000000,0.00006103515625000,0.39330591372331464,2
0.00006103515625000,0.00006103515625000,0.00006103515625000,0.00006103515625000,0.00000000000000000,0.00024414062500000,0.00048828125000000,0.00012207031250000,0.00006103515625000,0.00012207031250000,0.00097656250000000,0.00024414062500000,0.00000000000000000,0.00000000000000000,0.00048828125000000,0.00006103515625000,0.39330591372331464,1
0.00000000000000000,0.00000000000000000,0.00012207031250000,0.00012207031250000,0.00000000000000000,0.00024414062500000,0.00048828125000000,0.00012207031250000,0.00006103515625000,0.00012207031250000,0.00097656250000000,0.00024414062500000,0.00006103515625000,0.00000000000000000,0.00048828125000000,0.00006103515625000,0.39579139100168398,1
0.00012207031250000,0.00024414062500000,0.00012207031250000,0.00024414062500000,0.00000000000000000,0.00012207031250000,0.00048828125000000,0.00024414062500000,0.00000000000000000,0.00000000000000000,0.00097656250000000,0.00006103515625000,0.00006103515625000,0.00000000000000000,0.00048828125000000,0.00000000000000000,0.39936655784928937,1
0.00012207031250000,0.00024414062500000,0.00012207031250000,0.00024414062500000,0.00006103515625000,0.00012207031250000,0.00048828125000000,0.00024414062500000,0.00000000000000000,0.00000000000000000,0.00097656250000000,0.00006103515625000,0.00000000000000000,0.00000000000000000,0.00006103515625000,0.00048828125000000,0.39936655784928937,1
0.00012207031250000,0.00024414062500000,0.00012207031250000,0.00024414062500000,0.00006103515625000,0.00012207031250000,0.00048828125000000,0.00024414062500000,0.00097656250000000,0.00006103515625000,0.00006103515625000,0.00000000000000000,0.00006103515625000,0.00048828125000000,0.00000000000000000,0.00000000000000000,0.39936655784928937,3
0.00012207031250000,0.00024414062500000,0.00000000000000000,0.00006103515625000,0.00006103515625000,0.00012207031250000,0.00012207031250000,0.00000000000000000,0.00097656250000000,0.00006103515625000,0.00048828125000000,0.00000000000000000,0.00006103515625000,0.00048828125000000,0.00006103515625000,0.00048828125000000,0.40387431232280130,0
0.00012207031250000,0.00024414062500000,0.00006103515625000,0.00000000000000000,0.00006103515625000,0.00012207031250000,0.00012207031250000,0.00000000000000000,0.00097656250000000,0.00006103515625000,0.00048828125000000,0.00006103515625000,0.00006103515625000,0.00048828125000000,0.00006103515625000,0.00048828125000000,0.40387431232280130,2
0.00012207031250000,0.00024414062500000,0.00006103515625000,0.00000000000000000,0.00006103515625000,0.00024414062500000,0.00000000000000000,0.00006103515625000,0.00097656250000000,0.00006103515625000,0.00048828125000000,0.00006103515625000,0.00006103515625000,0.00048828125000000,0.00006103515625000,0.00048828125000000,0.40602710784012602,3
0.00000000000000000,0.00012207031250000,0.00024414062500000,0.00006103515625000,0.00006103515625000,0.00006103515625000,0.00024414062500000,0.00006103515625000,0.00097656250000000,0.00006103515625000,0.00048828125000000,0.00006103515625000,0.00006103515625000,0.00048828125000000,0.00006103515625000,0.00048828125000000,0.40602710784012602,0
0.00006103515625000,0.00000000000000000,0.00000000000000000,0.00000000000000000,0.00006103515625000,0.00012207031250000,0.00048828125000000,0.00006103515625000,0.00097656250000000,0.00012207031250000,0.00048828125000000,0.00012207031250000,0.00006103515625000,0.00048828125000000,0.00006103515625000,0.00048828125000000,0.41212607488620207,0
0.00012207031250000,0.00024414062500000,0.00097656250000000,0.00006103515625000,0.00097656250000000,0.00048828125000000,0.00006103515625000,0.00012207031250000,0.00006103515625000,0.00000000000000000,0.00000000000000000,0.00048828125000000,0.00006103515625000,0.00000000000000000,0.00000000000000000,0.00000000000000000,0.42212572983208291,2
0.00012207031250000,0.00024414062500000,0.00097656250000000,0.00006103515625000,0.00097656250000000,0.00048828125000000,0.00006103515625000,0.00012207031250000,0.00006103515625000,0.00048828125000000,0.00000000000000000,0.00000000000000000,0.00006103515625000,0.00000000000000000,0.00006103515625000,0.00000000000000000,0.42212572983208291,2
0.00012207031250000,0.00024414062500000,0.00097656250000000,0.00006103515625000,0.00097656250000000,0.00048828125000000,0.00006103515625000,0.00012207031250000,0.00000000000000000,0.00006103515625000,0.00006103515625000,0.00048828125000000,0.00000000000000000,0.00000000000000000,0.00000000000000000,0.00012207031250000,0.42296984917887898,2
0.00012207031250000,0.00024414062500000,0.00097656250000000,0.00006103515625000,0.00097656250000000,0.00048828125000000,0.00006103515625000,0.00012207031250000,0.00012207031250000,0.00048828125000000,0.00000000000000000,0.00006103515625000,0.00012207031250000,0.00000000000000000,0.00000000000000000,0.00000000000000000,0.42380423782652993,0
0.00012207031250000,0.00024414062500000,0.00097656250000000,0.00006103515625000,0.00097656250000000,0.00097656250000000,0.00006103515625000,0.00012207031250000,0.00024414062500000,0.00006103515625000,0.00000000000000000,0.00006103515625000,0.00000000000000000,0.00000000000000000,0.00000000000000000,0.00000000000000000,0.43165826688761794,3
0.00012207031250000,0.00024414062500000,0.00097656250000000,0.00006103515625000,0.00000000000000000,0.00195312500000000,0.00006103515625000,0.00012207031250000,0.00000000000000000,0.00006103515625000,0.00024414062500000,0.00012207031250000,0.00000000000000000,0.00000000000000000,0.00000000000000000,0.00000000000000000,0.44331936667830840,2
0.00000000000000000,0.00000000000000000,0.00000000000000000,0.00000000000000000,0.00000000000000000,0.00024414062500000,0.00097656250000000,0.00000000000000000,0.00006103515625000,0.00195312500000000,0.00006103515625000,0.00006103515625000,0.00012207031250000,0.00006103515625000,0.00024414062500000,0.00024414062500000,0.44457549214832565,3
0.00000000000000000,0.00000000000000000,0.00000000000000000,0.00000000000000000,0.00024414062500000,0.00097656250000000,0.00000000000000000,0.00006103515625000,0.00006103515625000,0.00195312500000000,0.00012207031250000,0.00000000000000000,0.00012207031250000,0.00006103515625000,0.00048828125000000,0.00000000000000000,0.44762362310037723,2
0.00006103515625000,0.00000000000000000,0.00000000000000000,0.00000000000000000,0.00000000000000000,0.00024414062500000,0.00097656250000000,0.00006103515625000,0.00000000000000000,0.00006103515625000,0.00195312500000000,0.00012207031250000,0.00000000000000000,0.00012207031250000,0.00006103515625000,0.00048828125000000,0.44762362310037723,0
0.00006103515625000,0.00024414062500000,0.00097656250000000,0.00006103515625000,0.00006103515625000,0.00006103515625000,0.00195312500000000,0.00012207031250000,0.00000000000000000,0.00012207031250000,0.00006103515625000,0.00048828125000000,0.00000000000000000,0.00000000000000000,0.00000000000000000,0.00000000000000000,0.44762362310037723,2
0.00006103515625000,0.00024414062500000,0.00097656250000000,0.00006103515625000,0.00000000000000000,0.00012207031250000,0.00195312500000000,0.00012207031250000,0.00000000000000000,0.00012207031250000,0.00006103515625000,0.00048828125000000,0.00000000000000000,0.00000000000000000,0.00006103515625000,0.00000000000000000,0.44821814318727005,2
0.00006103515625000,0.00024414062500000,0.00097656250000000,0.00006103515625000,0.00000000000000000,0.00012207031250000,0.00195312500000000,0.00012207031250000,0.00000000000000000,0.00012207031250000,0.00006103515625000,0.00048828125000000,0.00000000000000000,0.00000000000000000,0.00012207031250000,0.00006103515625000,0.44821814318727005,2
0.00006103515625000,0.00024414062500000,0.00097656250000000,0.00006103515625000,0.00000000000000000,0.00024414062500000,0.00195312500000000,0.00012207031250000,0.00000000000000000,0.00000000000000000,0.00006103515625000,0.00048828125000000,0.00000000000000000,0.00006103515625000,0.00012207031250000,0.00006103515625000,0.44939273145555531,2
0.00000000000000000,0.00006103515625000,0.00097656250000000,0.00006103515625000,0.00000000000000000,0.00000000000000000,0.00195312500000000,0.00012207031250000,0.00000000000000000,0.00048828125000000,0.00006103515625000,0.00048828125000000,0.00006103515625000,0.00006103515625000,0.00012207031250000,0.00006103515625000,0.45168622751863602,0
0.00006103515625000,0.00097656250000000,0.00006103515625000,0.00000000000000000,0.00195312500000000,0.00012207031250000,0.00000000000000000,0.00006103515625000,0.00048828125000000,0.00006103515625000,0.00048828125000000,0.00000000000000000,0.00012207031250000,0.00012207031250000,0.00006103515625000,0.00000000000000000,0.45224842384899039,0
0.00000000000000000,0.00006103515625000,0.00097656250000000,0.00006103515625000,0.00000000000000000,0.00195312500000000,0.00012207031250000,0.00006103515625000,0.00006103515625000,0.00048828125000000,0.00006103515625000,0.00048828125000000,0.00000000000000000,0.00000000000000000,0.00024414062500000,0.00006103515625000,0.45335988390099285,0
0.00006103515625000,0.00097656250000000,0.00006103515625000,0.00000000000000000,0.00195312500000000,0.00012207031250000,0.00006103515625000,0.00006103515625000,0.00006103515625000,0.00048828125000000,0.00006103515625000,0.00048828125000000,0.00024414062500000,0.00006103515625000,0.00000000000000000,0.00000000000000000,0.45335988390099285,1
0.00000000000000000,0.00006103515625000,0.00097656250000000,0.00006103515625000,0.00000000000000000,0.00195312500000000,0.00012207031250000,0.00012207031250000,0.00006103515625000,0.00048828125000000,0.00006103515625000,0.00048828125000000,0.00012207031250000,0.00000000000000000,0.00024414062500000,0.00006103515625000,0.45390927867253095,3
0.00006103515625000,0.00097656250000000,0.00006103515625000,0.00012207031250000,0.00195312500000000,0.00024414062500000,0.00000000000000000,0.00000000000000000,0.00006103515625000,0.00048828125000000,0.00006103515625000,0.00048828125000000,0.00012207031250000,0.00024414062500000,0.00006103515625000,0.00000000000000000,0.45499571428325924,0
0.00006103515625000,0.00097656250000000,0.00012207031250000,0.00000000000000000,0.00195312500000000,0.00024414062500000,0.00000000000000000,0.00000000000000000,0.00006103515625000,0.00048828125000000,0.00006103515625000,0.00012207031250000,0.00012207031250000,0.00024414062500000,0.00012207031250000,0.00048828125000000,0.45553287751776156,0
0.00006103515625000,0.00097656250000000,0.00006103515625000,0.00000000000000000,0.00195312500000000,0.00024414062500000,0.00012207031250000,0.00000000000000000,0.00006103515625000,0.00048828125000000,0.00006103515625000,0.00012207031250000,0.00012207031250000,0.00024414062500000,0.00012207031250000,0.00048828125000000,0.45553287751776156,0
0.00006103515625000,0.00097656250000000,0.00006103515625000,0.00012207031250000,0.00195312500000000,0.00024414062500000,0.00012207031250000,0.00048828125000000,0.00006103515625000,0.00048828125000000,0.00006103515625000,0.00012207031250000,0.00012207031250000,0.00024414062500000,0.00012207031250000,0.00000000000000000,0.45553287751776156,1
0.00006103515625000,0.00097656250000000,0.00006103515625000,0.00012207031250000,0.00195312500000000,0.00024414062500000,0.00012207031250000,0.00048828125000000,0.00006103515625000,0.00048828125000000,0.00006103515625000,0.00012207031250000,0.00006103515625000,0.00012207031250000,0.00024414062500000,0.00012207031250000,0.45553287751776156,1
0.00006103515625000,0.00097656250000000,0.00006103515625000,0.00012207031250000,0.00195312500000000,0.00024414062500000,0.00012207031250000,0.00048828125000000,0.00012207031250000,0.00048828125000000,0.00006103515625000,0.00024414062500000,0.00000000000000000,0.00012207031250000,0.00024414062500000,0.00006103515625000,0.45712085521744972,1
0.00006103515625000,0.00097656250000000,0.00006103515625000,0.00012207031250000,0.00006103515625000,0.00024414062500000,0.00012207031250000,0.00048828125000000,0.00195312500000000,0.00048828125000000,0.00006103515625000,0.00024414062500000,0.00012207031250000,0.00012207031250000,0.00024414062500000,0.00006103515625000,0.45712085521744972,2
0.00006103515625000,0.00097656250000000,0.00006103515625000,0.00012207031250000,0.00006103515625000,0.00024414062500000,0.00012207031250000,0.00048828125000000,0.00195312500000000,0.00048828125000000,0.00006103515625000,0.00024414062500000,0.00024414062500000,0.00024414062500000,0.00006103515625000,0.00006103515625000,0.45816047687602696,0
0.00006103515625000,0.00097656250000000,0.00006103515625000,0.00012207031250000,0.00006103515625000,0.00024414062500000,0.00012207031250000,0.00048828125000000,0.00195312500000000,0.00048828125000000,0.00006103515625000,0.00024414062500000,0.00048828125000000,0.00012207031250000,0.00000000000000000,0.00006103515625000,0.46069602206505511,1
0.00006103515625000,0.00097656250000000,0.00000000000000000,0.00012207031250000,0.00012207031250000,0.00024414062500000,0.00006103515625000,0.00048828125000000,0.00195312500000000,0.00048828125000000,0.00012207031250000,0.00024414062500000,0.00048828125000000,0.00012207031250000,0.00006103515625000,0.00006103515625000,0.46119264434703006,3
0.00006103515625000,0.00097656250000000,0.00006103515625000,0.00012207031250000,0.00012207031250000,0.00024414062500000,0.00012207031250000,0.00048828125000000,0.00195312500000000,0.00048828125000000,0.00006103515625000,0.00024414062500000,0.00048828125000000,0.00012207031250000,0.00006103515625000,0.00006103515625000,0.46119264434703006,0
0.00006103515625000,0.00097656250000000,0.00006103515625000,0.00012207031250000,0.00012207031250000,0.00024414062500000,0.00006103515625000,0.00048828125000000,0.00195312500000000,0.00048828125000000,0.00012207031250000,0.00024414062500000,0.00048828125000000,0.00012207031250000,0.00012207031250000,0.00006103515625000,0.46168588246451692,3
0.00006103515625000,0.00097656250000000,0.00006103515625000,0.00012207031250000,0.00012207031250000,0.00024414062500000,0.00000000000000000,0.00048828125000000,0.00195312500000000,0.00048828125000000,0.00012207031250000,0.00024414062500000,0.00048828125000000,0.00012207031250000,0.00024414062500000,0.00006103515625000,0.46314574533378994,0
0.00006103515625000,0.00097656250000000,0.00006103515625000,0.00012207031250000,0.00012207031250000,0.00024414062500000,0.00012207031250000,0.00048828125000000,0.00195312500000000,0.00048828125000000,0.00024414062500000,0.00024414062500000,0.00048828125000000,0.00012207031250000,0.00006103515625000,0.00006103515625000,0.46314574533378994,2
0.00006103515625000,0.00097656250000000,0.00006103515625000,0.00012207031250000,0.00012207031250000,0.00024414062500000,0.00012207031250000,0.00048828125000000,0.00195312500000000,0.00048828125000000,0.00048828125000000,0.00000000000000000,0.00048828125000000,0.00012207031250000,0.00012207031250000,0.00006103515625000,0.46551526669609666,1
0.00006103515625000,0.00097656250000000,0.00006103515625000,0.00006103515625000,0.00012207031250000,0.00024414062500000,0.00012207031250000,0.00012207031250000,0.00195312500000000,0.00048828125000000,0.00048828125000000,0.00048828125000000,0.00048828125000000,0.00012207031250000,0.00012207031250000,0.00006103515625000,0.46551526669609666,3
0.00000000000000000,0.00006103515625000,0.00097656250000000,0.00012207031250000,0.00006103515625000,0.00012207031250000,0.00024414062500000,0.00024414062500000,0.00000000000000000,0.00195312500000000,0.00048828125000000,0.00097656250000000,0.00000000000000000,0.00048828125000000,0.00024414062500000,0.00006103515625000,0.47133584403732948,2
0.00006103515625000,0.00097656250000000,0.00012207031250000,0.00000000000000000,0.00006103515625000,0.00012207031250000,0.00048828125000000,0.00000000000000000,0.00195312500000000,0.00048828125000000,0.00097656250000000,0.00000000000000000,0.00048828125000000,0.00024414062500000,0.00006103515625000,0.00006103515625000,0.47303653698460429,0
0.00012207031250000,0.00097656250000000,0.00012207031250000,0.00006103515625000,0.00195312500000000,0.00012207031250000,0.00048828125000000,0.00000000000000000,0.00048828125000000,0.00048828125000000,0.00097656250000000,0.00006103515625000,0.00000000000000000,0.00024414062500000,0.00006103515625000,0.00000000000000000,0.47345553910196775,2
0.00012207031250000,0.00097656250000000,0.00012207031250000,0.00006103515625000,0.00195312500000000,0.00012207031250000,0.00048828125000000,0.00006103515625000,0.00097656250000000,0.00097656250000000,0.00006103515625000,0.00000000000000000,0.00024414062500000,0.00006103515625000,0.00000000000000000,0.00000000000000000,0.47672300109516558,1
0.00012207031250000,0.00097656250000000,0.00012207031250000,0.00012207031250000,0.00195312500000000,0.00012207031250000,0.00048828125000000,0.00000000000000000,0.00097656250000000,0.00097656250000000,0.00006103515625000,0.00012207031250000,0.00024414062500000,0.00006103515625000,0.00000000000000000,0.00000000000000000,0.47712125471966244,2
0.00000000000000000,0.00012207031250000,0.00097656250000000,0.00024414062500000,0.00000000000000000,0.00195312500000000,0.00012207031250000,0.00048828125000000,0.00000000000000000,0.00195312500000000,0.00006103515625000,0.00012207031250000,0.00000000000000000,0.00006103515625000,0.00024414062500000,0.00006103515625000,0.48393875268070624,1
0.00012207031250000,0.00097656250000000,0.00024414062500000,0.00006103515625000,0.00195312500000000,0.00012207031250000,0.00048828125000000,0.00000000000000000,0.00195312500000000,0.00006103515625000,0.00012207031250000,0.00000000000000000,0.00006103515625000,0.00024414062500000,0.00006103515625000,0.00000000000000000,0.48393875268070624,1
0.00000000000000000,0.00097656250000000,0.00024414062500000,0.00006103515625000,0.00012207031250000,0.00012207031250000,0.00048828125000000,0.00000000000000000,0.00390625000000000,0.00006103515625000,0.00012207031250000,0.00000000000000000,0.00006103515625000,0.00024414062500000,0.00006103515625000,0.00006103515625000,0.49466928566560697,3
0.00012207031250000,0.00097656250000000,0.00024414062500000,0.00012207031250000,0.00390625000000000,0.00012207031250000,0.00048828125000000,0.00000000000000000,0.00006103515625000,0.00006103515625000,0.00012207031250000,0.00000000000000000,0.00000000000000000,0.00024414062500000,0.00006103515625000,0.00012207031250000,0.49498027395775002,1
0.00012207031250000,0.00097656250000000,0.00024414062500000,0.00012207031250000,0.00390625000000000,0.00012207031250000,0.00048828125000000,0.00006103515625000,0.00012207031250000,0.00012207031250000,0.00000000000000000,0.00000000000000000,0.00024414062500000,0.00006103515625000,0.00012207031250000,0.00000000000000000,0.49528993181462971,3
0.00012207031250000,0.00000000000000000,0.00000000000000000,0.00000000000000000,0.00390625000000000,0.00097656250000000,0.00024414062500000,0.00006103515625000,0.00012207031250000,0.00024414062500000,0.00048828125000000,0.00012207031250000,0.00024414062500000,0.00006103515625000,0.00012207031250000,0.00006103515625000,0.49590530141821049,3
0.00012207031250000,0.00097656250000000,0.00024414062500000,0.00006103515625000,0.00390625000000000,0.00024414062500000,0.00048828125000000,0.00012207031250000,0.00012207031250000,0.00006103515625000,0.00012207031250000,0.00006103515625000,0.00024414062500000,0.00006103515625000,0.00000000000000000,0.00000000000000000,0.49590530141821049,1
0.00012207031250000,0.00000000000000000,0.00006103515625000,0.00000000000000000,0.00390625000000000,0.00097656250000000,0.00024414062500000,0.00006103515625000,0.00012207031250000,0.00024414062500000,0.00048828125000000,0.00012207031250000,0.00024414062500000,0.00012207031250000,0.00012207031250000,0.00006103515625000,0.49621103540454881,2
0.00006103515625000,0.00000000000000000,0.00012207031250000,0.00006103515625000,0.00390625000000000,0.00097656250000000,0.00024414062500000,0.00006103515625000,0.00012207031250000,0.00024414062500000,0.00048828125000000,0.00012207031250000,0.00000000000000000,0.00024414062500000,0.00024414062500000,0.00006103515625000,0.49681865629614058,0
0.00006103515625000,0.00012207031250000,0.00006103515625000,0.00000000000000000,0.00390625000000000,0.00097656250000000,0.00024414062500000,0.00006103515625000,0.00012207031250000,0.00024414062500000,0.00048828125000000,0.00012207031250000,0.00048828125000000,0.00006103515625000,0.00000000000000000,0.00012207031250000,0.49801880671139198,0
0.00006103515625000,0.00006103515625000,0.00012207031250000,0.00006103515625000,0.00390625000000000,0.00097656250000000,0.00024414062500000,0.00006103515625000,0.00012207031250000,0.00024414062500000,0.00048828125000000,0.00012207031250000,0.00000000000000000,0.00048828125000000,0.00006103515625000,0.00012207031250000,0.49801880671139198,0
0.00012207031250000,0.00012207031250000,0.00006103515625000,0.00000000000000000,0.00390625000000000,0.00097656250000000,0.00024414062500000,0.00006103515625000,0.00012207031250000,0.00024414062500000,0.00048828125000000,0.00012207031250000,0.00048828125000000,0.00006103515625000,0.00012207031250000,0.00006103515625000,0.49831576061979549,3
0.00006103515625000,0.00000000000000000,0.00024414062500000,0.00006103515625000,0.00390625000000000,0.00097656250000000,0.00024414062500000,0.00006103515625000,0.00012207031250000,0.00024414062500000,0.00048828125000000,0.00012207031250000,0.00048828125000000,0.00006103515625000,0.00012207031250000,0.00006103515625000,0.49890603841626863,0
0.00006103515625000,0.00006103515625000,0.00000000000000000,0.00000000000000000,0.00390625000000000,0.00097656250000000,0.00048828125000000,0.00012207031250000,0.00012207031250000,0.00024414062500000,0.00048828125000000,0.00012207031250000,0.00048828125000000,0.00006103515625000,0.00012207031250000,0.00006103515625000,0.50036101029275126,0
0.00012207031250000,0.00006103515625000,0.00000000000000000,0.00000000000000000,0.00390625000000000,0.00097656250000000,0.00048828125000000,0.00012207031250000,0.00012207031250000,0.00024414062500000,0.00048828125000000,0.00012207031250000,0.00048828125000000,0.00006103515625000,0.00012207031250000,0.00006103515625000,0.50064852770615176,0
0.00012207031250000,0.00006103515625000,0.00097656250000000,0.00024414062500000,0.00390625000000000,0.00097656250000000,0.00012207031250000,0.00006103515625000,0.00012207031250000,0.00024414062500000,0.00000000000000000,0.00006103515625000,0.00048828125000000,0.00006103515625000,0.00000000000000000,0.00000000000000000,0.50346258136559296,3
0.00012207031250000,0.00006103515625000,0.00097656250000000,0.00024414062500000,0.00390625000000000,0.00097656250000000,0.00012207031250000,0.00006103515625000,0.00006103515625000,0.00012207031250000,0.00024414062500000,0.00006103515625000,0.00000000000000000,0.00000000000000000,0.00048828125000000,0.00006103515625000,0.50346258136559296,0
0.00012207031250000,0.00006103515625000,0.00097656250000000,0.00024414062500000,0.00390625000000000,0.00097656250000000,0.00012207031250000,0.00006103515625000,0.00006103515625000,0.00012207031250000,0.00024414062500000,0.00006103515625000,0.00048828125000000,0.00006103515625000,0.00012207031250000,0.00000000000000000,0.50346258136559296,3
0.00012207031250000,0.00006103515625000,0.00097656250000000,0.00024414062500000,0.00390625000000000,0.00097656250000000,0.00012207031250000,0.00006103515625000,0.00006103515625000,0.00012207031250000,0.00024414062500000,0.00006103515625000,0.00006103515625000,0.00048828125000000,0.00006103515625000,0.00012207031250000,0.50346258136559296,0
0.00006103515625000,0.00006103515625000,0.00097656250000000,0.00000000000000000,0.00012207031250000,0.00097656250000000,0.00012207031250000,0.00024414062500000,0.00390625000000000,0.00012207031250000,0.00024414062500000,0.00012207031250000,0.00012207031250000,0.00048828125000000,0.00006103515625000,0.00012207031250000,0.50401249788457103,0
0.00006103515625000,0.00006103515625000,0.00097656250000000,0.00006103515625000,0.00012207031250000,0.00097656250000000,0.00012207031250000,0.00000000000000000,0.00390625000000000,0.00012207031250000,0.00024414062500000,0.00024414062500000,0.00012207031250000,0.00048828125000000,0.00006103515625000,0.00024414062500000,0.50455826796245939,2
0.00000000000000000,0.00012207031250000,0.00097656250000000,0.00006103515625000,0.00000000000000000,0.00012207031250000,0.00097656250000000,0.00012207031250000,0.00006103515625000,0.00390625000000000,0.00012207031250000,0.00048828125000000,0.00012207031250000,0.00048828125000000,0.00006103515625000,0.00024414062500000,0.50590495636409138,1
0.00012207031250000,0.00097656250000000,0.00006103515625000,0.00012207031250000,0.00012207031250000,0.00097656250000000,0.00012207031250000,0.00000000000000000,0.00006103515625000,0.00390625000000000,0.00012207031250000,0.00048828125000000,0.00012207031250000,0.00048828125000000,0.00006103515625000,0.00024414062500000,0.50590495636409138,0
0.00012207031250000,0.00097656250000000,0.00006103515625000,0.00012207031250000,0.00006103515625000,0.00012207031250000,0.00097656250000000,0.00012207031250000,0.00006103515625000,0.00390625000000000,0.00012207031250000,0.00048828125000000,0.00012207031250000,0.00048828125000000,0.00006103515625000,0.00024414062500000,0.50590495636409138,0
0.00012207031250000,0.00097656250000000,0.00006103515625000,0.00024414062500000,0.00012207031250000,0.00012207031250000,0.00097656250000000,0.00048828125000000,0.00012207031250000,0.00390625000000000,0.00012207031250000,0.00024414062500000,0.00000000000000000,0.00048828125000000,0.00006103515625000,0.00006103515625000,0.50670110459578521,0
0.00012207031250000,0.00097656250000000,0.00006103515625000,0.00024414062500000,0.00000000000000000,0.00024414062500000,0.00097656250000000,0.00048828125000000,0.00012207031250000,0.00390625000000000,0.00012207031250000,0.00024414062500000,0.00000000000000000,0.00006103515625000,0.00048828125000000,0.00012207031250000,0.50748859102485999,2
0.00000000000000000,0.00097656250000000,0.00006103515625000,0.00024414062500000,0.00000000000000000,0.00024414062500000,0.00097656250000000,0.00048828125000000,0.00006103515625000,0.00390625000000000,0.00012207031250000,0.00024414062500000,0.00024414062500000,0.00006103515625000,0.00048828125000000,0.00012207031250000,0.50800886218593477,0
0.00097656250000000,0.00006103515625000,0.00024414062500000,0.00006103515625000,0.00024414062500000,0.00097656250000000,0.00048828125000000,0.00000000000000000,0.00006103515625000,0.00390625000000000,0.00012207031250000,0.00024414062500000,0.00024414062500000,0.00006103515625000,0.00048828125000000,0.00012207031250000,0.50800886218593477,0
0.00097656250000000,0.00006103515625000,0.00024414062500000,0.00006103515625000,0.00024414062500000,0.00097656250000000,0.00048828125000000,0.00006103515625000,0.00006103515625000,0.00390625000000000,0.00012207031250000,0.00024414062500000,0.00024414062500000,0.00006103515625000,0.00048828125000000,0.00012207031250000,0.50800886218593477,0
0.00097656250000000,0.00006103515625000,0.00024414062500000,0.00012207031250000,0.00024414062500000,0.00097656250000000,0.00048828125000000,0.00024414062500000,0.00006103515625000,0.00390625000000000,0.00012207031250000,0.00012207031250000,0.00024414062500000,0.00006103515625000,0.00048828125000000,0.00006103515625000,0.50826760209916222,3
0.00097656250000000,0.00006103515625000,0.00024414062500000,0.00012207031250000,0.00024414062500000,0.00097656250000000,0.00048828125000000,0.00024414062500000,0.00006103515625000,0.00006103515625000,0.00390625000000000,0.00024414062500000,0.00024414062500000,0.00006103515625000,0.00048828125000000,0.00006103515625000,0.50878232365416132,0
0.00097656250000000,0.00000000000000000,0.00024414062500000,0.00006103515625000,0.00024414062500000,0.00006103515625000,0.00048828125000000,0.00012207031250000,0.00006103515625000,0.00097656250000000,0.00390625000000000,0.00048828125000000,0.00024414062500000,0.00012207031250000,0.00048828125000000,0.00006103515625000,0.51005333811471421,2
0.00000000000000000,0.00000000000000000,0.00000000000000000,0.00000000000000000,0.00000000000000000,0.00006103515625000,0.00000000000000000,0.00000000000000000,0.00000000000000000,0.00000000000000000,0.00000000000000000,0.00000000000000000,0.00000000000000000,0.00000000000000000,0.00006103515625000,0.00000000000000000,0.00000000000000000,3
0.00000000000000000,0.00006103515625000,0.00000000000000000,0.00000000000000000,0.00000000000000000,0.00000000000000000,0.00000000000000000,0.00006103515625000,0.00000000000000000,0.00000000000000000,0.00000000000000000,0.00000000000000000,0.00000000000000000,0.00000000000000000,0.00000000000000000,0.00006103515625000,0.00000000000000000,0
0.00000000000000000,0.00006103515625000,0.00000000000000000,0.00012207031250000,0.00000000000000000,0.00000000000000000,0.00000000000000000,0.00000000000000000,0.00000000000000000,0.00000000000000000,0.00000000000000000,0.00006103515625000,0.00000000000000000,0.00000000000000000,0.00000000000000000,0.00000000000000000,0.11649500072266981,2
0.00000000000000000,0.00000000000000000,0.00006103515625000,0.00012207031250000,0.00000000000000000,0.00000000000000000,0.00000000000000000,0.00000000000000000,0.00000000000000000,0.00006103515625000,0.00000000000000000,0.00006103515625000,0.00000000000000000,0.00000000000000000,0.00000000000000000,0.00000000000000000,0.11649500072266981,3
0.00000000000000000,0.00006103515625000,0.00006103515625000,0.00012207031250000,0.00000000000000000,0.00000000000000000,0.00006103515625000,0.00006103515625000,0.00000000000000000,0.00000000000000000,0.00000000000000000,0.00000000000000000,0.00000000000000000,0.00000000000000000,0.00000000000000000,0.00000000000000000,0.11649500072266981,2
0.00000000000000000,0.00000000000000000,0.00012207031250000,0.00012207031250000,0.00000000000000000,0.00000000000000000,0.00000000000000000,0.00012207031250000,0.00000000000000000,0.00000000000000000,0.00000000000000000,0.00000000000000000,0.00000000000000000,0.00000000000000000,0.00006103515625000,0.00000000000000000,0.18565722538447280,2
0.00024414062500000,0.00000000000000000,0.00000000000000000,0.00000000000000000,0.00012207031250000,0.00000000000000000,0.00000000000000000,0.00006103515625000,0.00000000000000000,0.00000000000000000,0.00000000000000000,0.00000000000000000,0.00006103515625000,0.00000000000000000,0.00000000000000000,0.00000000000000000,0.22036988245565323,1
0.00000000000000000,0.00000000000000000,0.00000000000000000,0.00000000000000000,0.00024414062500000,0.00000000000000000,0.00000000000000000,0.00000000000000000,0.00012207031250000,0.00006103515625000,0.00000000000000000,0.00000000000000000,0.00006103515625000,0.00000000000000000,0.00000000000000000,0.00006103515625000,0.22036988245565323,0
0.00006103515625000,0.00000000000000000,0.00000000000000000,0.00000000000000000,0.00024414062500000,0.00000000000000000,0.00000000000000000,0.00000000000000000,0.00012207031250000,0.00006103515625000,0.00000000000000000,0.00000000000000000,0.00012207031250000,0.00000000000000000,0.00000000000000000,0.00000000000000000,0.23299000144533963,0
0.00000000000000000,0.00000000000000000,0.00000000000000000,0.00006103515625000,0.00000000000000000,0.00000000000000000,0.00000000000000000,0.00024414062500000,0.00000000000000000,0.00000000000000000,0.00012207031250000,0.00006103515625000,0.00000000000000000,0.00000000000000000,0.00006103515625000,0.00012207031250000,0.23299000144533963,0
0.00006103515625000,0.00000000000000000,0.00000000000000000,0.00000000000000000,0.00024414062500000,0.00000000000000000,0.00000000000000000,0.00000000000000000,0.00012207031250000,0.00006103515625000,0.00006103515625000,0.00000000000000000,0.00006103515625000,0.00012207031250000,0.00000000000000000,0.00000000000000000,0.23299000144533963,2
0.00006103515625000,0.00006103515625000,0.00006103515625000,0.00000000000000000,0.00024414062500000,0.00012207031250000,0.00000000000000000,0.00000000000000000,0.00012207031250000,0.00000000000000000,0.00000000000000000,0.00006103515625000,0.00006103515625000,0.00000000000000000,0.00000000000000000,0.00000000000000000,0.23299000144533963,0
0.00006103515625000,0.00006103515625000,0.00006103515625000,0.00006103515625000,0.00024414062500000,0.00012207031250000,0.00000000000000000,0.00000000000000000,0.00012207031250000,0.00006103515625000,0.00000000000000000,0.00000000000000000,0.00006103515625000,0.00000000000000000,0.00000000000000000,0.00000000000000000,0.23299000144533963,2
0.00000000000000000,0.00000000000000000,0.00012207031250000,0.00012207031250000,0.00000000000000000,0.00000000000000000,0.00024414062500000,0.00012207031250000,0.00000000000000000,0.00000000000000000,0.00012207031250000,0.00006103515625000,0.00000000000000000,0.00006103515625000,0.00000000000000000,0.00006103515625000,0.25308565664631461,2
0.00000000000000000,0.00006103515625000,0.00012207031250000,0.00024414062500000,0.00006103515625000,0.00000000000000000,0.00024414062500000,0.00012207031250000,0.00000000000000000,0.00000000000000000,0.00012207031250000,0.00000000000000000,0.00000000000000000,0.00000000000000000,0.00000000000000000,0.00000000000000000,0.27553541896255729,0
0.00000000000000000,0.00006103515625000,0.00000000000000000,0.00000000000000000,0.00000000000000000,0.00000000000000000,0.00012207031250000,0.00000000000000000,0.00000000000000000,0.00000000000000000,0.00024414062500000,0.00024414062500000,0.00006103515625000,0.00006103515625000,0.00012207031250000,0.00012207031250000,0.27553541896255729,1
0.00000000000000000,0.00000000000000000,0.00000000000000000,0.00006103515625000,0.00000000000000000,0.00006103515625000,0.00000000000000000,0.00012207031250000,0.00000000000000000,0.00000000000000000,0.00000000000000000,0.00048828125000000,0.00000000000000000,0.00000000000000000,0.00012207031250000,0.00024414062500000,0.31055381002007598,1
0.00000000000000000,0.00000000000000000,0.00000000000000000,0.00006103515625000,0.00006103515625000,0.00000000000000000,0.00000000000000000,0.00012207031250000,0.00000000000000000,0.00000000000000000,0.00000000000000000,0.00048828125000000,0.00000000000000000,0.00006103515625000,0.00012207031250000,0.00024414062500000,0.31055381002007598,1
0.00006103515625000,0.00006103515625000,0.00012207031250000,0.00006103515625000,0.00000000000000000,0.00000000000000000,0.00000000000000000,0.00012207031250000,0.00000000000000000,0.00000000000000000,0.00000000000000000,0.00048828125000000,0.00000000000000000,0.00006103515625000,0.00000000000000000,0.00024414062500000,0.31055381002007598,0
0.00000000000000000,0.00000000000000000,0.00000000000000000,0.00006103515625000,0.00000000000000000,0.00000000000000000,0.00006103515625000,0.00012207031250000,0.00000000000000000,0.00000000000000000,0.00000000000000000,0.00048828125000000,0.00006103515625000,0.00012207031250000,0.00012207031250000,0.00024414062500000,0.31441512086208029,3
0.00000000000000000,0.00000000000000000,0.00006103515625000,0.00006103515625000,0.00000000000000000,0.00000000000000000,0.00006103515625000,0.00012207031250000,0.00000000000000000,0.00000000000000000,0.00000000000000000,0.00048828125000000,0.00000000000000000,0.00006103515625000,0.00024414062500000,0.00024414062500000,0.32156982095238212,2
0.00000000000000000,0.00000000000000000,0.00006103515625000,0.00006103515625000,0.00000000000000000,0.00000000000000000,0.00000000000000000,0.00012207031250000,0.00000000000000000,0.00000000000000000,0.00012207031250000,0.00048828125000000,0.00000000000000000,0.00006103515625000,0.00024414062500000,0.00024414062500000,0.32489833444081878,0
0.00000000000000000,0.00000000000000000,0.00000000000000000,0.00006103515625000,0.00012207031250000,0.00000000000000000,0.00006103515625000,0.00012207031250000,0.00000000000000000,0.00000000000000000,0.00012207031250000,0.00048828125000000,0.00000000000000000,0.00006103515625000,0.00024414062500000,0.00024414062500000,0.32489833444081878,3
0.00006103515625000,0.00000000000000000,0.00000000000000000,0.00000000000000000,0.00012207031250000,0.00006103515625000,0.00012207031250000,0.00000000000000000,0.00012207031250000,0.00048828125000000,0.00000000000000000,0.00000000000000000,0.00006103515625000,0.00048828125000000,0.00000000000000000,0.00006103515625000,0.33686488317832303,3
0.00000000000000000,0.00006103515625000,0.00000000000000000,0.00000000000000000,0.00006103515625000,0.00000000000000000,0.00000000000000000,0.00000000000000000,0.00024414062500000,0.00006103515625000,0.00000000000000000,0.00000000000000000,0.00006103515625000,0.00097656250000000,0.00012207031250000,0.00006103515625000,0.36022800037249580,0
0.00000000000000000,0.00006103515625000,0.00000000000000000,0.00000000000000000,0.00006103515625000,0.00000000000000000,0.00000000000000000,0.00000000000000000,0.00024414062500000,0.00012207031250000,0.00000000000000000,0.00000000000000000,0.00006103515625000,0.00097656250000000,0.00012207031250000,0.00006103515625000,0.36219771140204565,3
0.00006103515625000,0.00000000000000000,0.00000000000000000,0.00000000000000000,0.00006103515625000,0.00006103515625000,0.00000000000000000,0.00000000000000000,0.00024414062500000,0.00012207031250000,0.00000000000000000,0.00000000000000000,0.00006103515625000,0.00097656250000000,0.00012207031250000,0.00006103515625000,0.36219771140204565,2
0.00012207031250000,0.00006103515625000,0.00012207031250000,0.00006103515625000,0.00024414062500000,0.00012207031250000,0.00006103515625000,0.00000000000000000,0.00006103515625000,0.00097656250000000,0.00000000000000000,0.00000000000000000,0.00000000000000000,0.00000000000000000,0.00000000000000000,0.00000000000000000,0.36411523846959981,3
0.00012207031250000,0.00006103515625000,0.00012207031250000,0.00006103515625000,0.00000000000000000,0.00024414062500000,0.00012207031250000,0.00006103515625000,0.00000000000000000,0.00000000000000000,0.00006103515625000,0.00097656250000000,0.00000000000000000,0.00012207031250000,0.00000000000000000,0.00000000000000000,0.36411523846959981,3
0.00012207031250000,0.00006103515625000,0.00024414062500000,0.00012207031250000,0.00000000000000000,0.00024414062500000,0.00006103515625000,0.00097656250000000,0.00000000000000000,0.00012207031250000,0.00000000000000000,0.00000000000000000,0.00006103515625000,0.00000000000000000,0.00000000000000000,0.00000000000000000,0.36958065736898438,3
0.00012207031250000,0.00006103515625000,0.00024414062500000,0.00012207031250000,0.00006103515625000,0.00024414062500000,0.00006103515625000,0.00097656250000000,0.00000000000000000,0.00012207031250000,0.00000000000000000,0.00000000000000000,0.00000000000000000,0.00000000000000000,0.00000000000000000,0.00006103515625000,0.36958065736898438,3
0.00012207031250000,0.00006103515625000,0.00024414062500000,0.00012207031250000,0.00006103515625000,0.00024414062500000,0.00006103515625000,0.00097656250000000,0.00000000000000000,0.00000000000000000,0.00000000000000000,0.00012207031250000,0.00006103515625000,0.00000000000000000,0.00000000000000000,0.00006103515625000,0.36958065736898438,0
0.00012207031250000,0.00006103515625000,0.00024414062500000,0.00012207031250000,0.00006103515625000,0.00024414062500000,0.00006103515625000,0.00097656250000000,0.00000000000000000,0.00000000000000000,0.00000000000000000,0.00012207031250000,0.00000000000000000,0.00006103515625000,0.00000000000000000,0.00012207031250000,0.37131445076894559,3
0.00012207031250000,0.00006103515625000,0.00024414062500000,0.00012207031250000,0.00006103515625000,0.00024414062500000,0.00006103515625000,0.00097656250000000,0.00000000000000000,0.00006103515625000,0.00000000000000000,0.00012207031250000,0.00000000000000000,0.00000000000000000,0.00006103515625000,0.00012207031250000,0.37131445076894559,1
0.00012207031250000,0.00006103515625000,0.00024414062500000,0.00012207031250000,0.00006103515625000,0.00024414062500000,0.00012207031250000,0.00097656250000000,0.00000000000000000,0.00006103515625000,0.00000000000000000,0.00024414062500000,0.00006103515625000,0.00000000000000000,0.00000000000000000,0.00000000000000000,0.37627976247819744,1
0.00012207031250000,0.00006103515625000,0.00024414062500000,0.00012207031250000,0.00006103515625000,0.00024414062500000,0.00012207031250000,0.00097656250000000,0.00006103515625000,0.00024414062500000,0.00000000000000000,0.00000000000000000,0.00006103515625000,0.00000000000000000,0.00000000000000000,0.00012207031250000,0.37627976247819744,3
0.00012207031250000,0.00006103515625000,0.00024414062500000,0.00012207031250000,0.00006103515625000,0.00024414062500000,0.00012207031250000,0.00097656250000000,0.00000000000000000,0.00000000000000000,0.00006103515625000,0.00024414062500000,0.00006103515625000,0.00000000000000000,0.00006103515625000,0.00012207031250000,0.37627976247819744,3
0.00012207031250000,0.00006103515625000,0.00024414062500000,0.00012207031250000,0.00012207031250000,0.00024414062500000,0.00012207031250000,0.00097656250000000,0.00000000000000000,0.00000000000000000,0.00012207031250000,0.00024414062500000,0.00006103515625000,0.00000000000000000,0.00000000000000000,0.00012207031250000,0.37941030069554071,0
0.00024414062500000,0.00006103515625000,0.00024414062500000,0.00012207031250000,0.00006103515625000,0.00024414062500000,0.00024414062500000,0.00097656250000000,0.00000000000000000,0.00000000000000000,0.00000000000000000,0.00024414062500000,0.00000000000000000,0.00006103515625000,0.00000000000000000,0.00012207031250000,0.38529231017595905,1
0.00000000000000000,0.00000000000000000,0.00000000000000000,0.00012207031250000,0.00000000000000000,0.00006103515625000,0.00006103515625000,0.00097656250000000,0.00024414062500000,0.00024414062500000,0.00000000000000000,0.00024414062500000,0.00006103515625000,0.00006103515625000,0.00048828125000000,0.00012207031250000,0.39073204561418512,3
0.00006103515625000,0.00000000000000000,0.00000000000000000,0.00012207031250000,0.00000000000000000,0.00006103515625000,0.00000000000000000,0.00097656250000000,0.00024414062500000,0.00024414062500000,0.00006103515625000,0.00024414062500000,0.00006103515625000,0.00006103515625000,0.00048828125000000,0.00012207031250000,0.39073204561418512,2
0.00000000000000000,0.00000000000000000,0.00006103515625000,0.00012207031250000,0.00006103515625000,0.00006103515625000,0.00000000000000000,0.00097656250000000,0.00024414062500000,0.00024414062500000,0.00006103515625000,0.00024414062500000,0.00006103515625000,0.00006103515625000,0.00048828125000000,0.00012207031250000,0.39073204561418512,1
0.00000000000000000,0.00000000000000000,0.00006103515625000,0.00012207031250000,0.00006103515625000,0.00006103515625000,0.00000000000000000,0.00097656250000000,0.00024414062500000,0.00024414062500000,0.00012207031250000,0.00024414062500000,0.00006103515625000,0.00006103515625000,0.00048828125000000,0.00012207031250000,0.39203041968522712,0
0.00006103515625000,0.00000000000000000,0.00000000000000000,0.00012207031250000,0.00006103515625000,0.00006103515625000,0.00006103515625000,0.00097656250000000,0.00024414062500000,0.00024414062500000,0.00012207031250000,0.00024414062500000,0.00006103515625000,0.00006103515625000,0.00048828125000000,0.00012207031250000,0.39203041968522712,1
0.00012207031250000,0.00006103515625000,0.00006103515625000,0.00012207031250000,0.00024414062500000,0.00024414062500000,0.00012207031250000,0.00097656250000000,0.00006103515625000,0.00006103515625000,0.00048828125000000,0.00024414062500000,0.00006103515625000,0.00000000000000000,0.00000000000000000,0.00012207031250000,0.39330591372331464,2
0.00012207031250000,0.00000000000000000,0.00000000000000000,0.00012207031250000,0.00012207031250000,0.00006103515625000,0.00006103515625000,0.00097656250000000,0.00024414062500000,0.00024414062500000,0.00012207031250000,0.00024414062500000,0.00012207031250000,0.00006103515625000,0.00048828125000000,0.00012207031250000,0.39455932017100315,1
0.00024414062500000,0.00000000000000000,0.00000000000000000,0.00006103515625000,0.00012207031250000,0.00012207031250000,0.00097656250000000,0.00000000000000000,0.00048828125000000,0.00012207031250000,0.00024414062500000,0.00000000000000000,0.00012207031250000,0.00006103515625000,0.00048828125000000,0.00012207031250000,0.40277341788971349,1
0.00024414062500000,0.00006103515625000,0.00000000000000000,0.00000000000000000,0.00012207031250000,0.00000000000000000,0.00097656250000000,0.00000000000000000,0.00048828125000000,0.00024414062500000,0.00024414062500000,0.00006103515625000,0.00012207031250000,0.00006103515625000,0.00048828125000000,0.00012207031250000,0.40495871333373468,2
0.00024414062500000,0.00006103515625000,0.00097656250000000,0.00006103515625000,0.00012207031250000,0.00024414062500000,0.00024414062500000,0.00012207031250000,0.00048828125000000,0.00006103515625000,0.00048828125000000,0.00000000000000000,0.00012207031250000,0.00000000000000000,0.00006103515625000,0.00000000000000000,0.40495871333373468,2
0.00024414062500000,0.00006103515625000,0.00097656250000000,0.00006103515625000,0.00012207031250000,0.00048828125000000,0.00012207031250000,0.00000000000000000,0.00048828125000000,0.00006103515625000,0.00048828125000000,0.00006103515625000,0.00012207031250000,0.00006103515625000,0.00000000000000000,0.00000000000000000,0.40914081000141839,1
0.00024414062500000,0.00006103515625000,0.00097656250000000,0.00006103515625000,0.00006103515625000,0.00012207031250000,0.00048828125000000,0.00012207031250000,0.00048828125000000,0.00006103515625000,0.00048828125000000,0.00006103515625000,0.00000000000000000,0.00000000000000000,0.00012207031250000,0.00006103515625000,0.40914081000141839,1
0.00000000000000000,0.00000000000000000,0.00000000000000000,0.00006103515625000,0.00024414062500000,0.00006103515625000,0.00097656250000000,0.00006103515625000,0.00006103515625000,0.00012207031250000,0.00097656250000000,0.00012207031250000,0.00048828125000000,0.00006103515625000,0.00012207031250000,0.00012207031250000,0.41775083873414531,1
0.00000000000000000,0.00000000000000000,0.00000000000000000,0.00000000000000000,0.00024414062500000,0.00006103515625000,0.00000000000000000,0.00006103515625000,0.00006103515625000,0.00012207031250000,0.00195312500000000,0.00012207031250000,0.00048828125000000,0.00006103515625000,0.00012207031250000,0.00024414062500000,0.43313175112718588,2
0.00024414062500000,0.00006103515625000,0.00195312500000000,0.00006103515625000,0.00006103515625000,0.00012207031250000,0.00012207031250000,0.00012207031250000,0.00048828125000000,0.00006103515625000,0.00000000000000000,0.00024414062500000,0.00000000000000000,0.00000000000000000,0.00000000000000000,0.00006103515625000,0.43313175112718588,3
0.00000000000000000,0.00000000000000000,0.00000000000000000,0.00006103515625000,0.00024414062500000,0.00006103515625000,0.00006103515625000,0.00012207031250000,0.00006103515625000,0.00012207031250000,0.00195312500000000,0.00024414062500000,0.00048828125000000,0.00006103515625000,0.00012207031250000,0.00006103515625000,0.43313175112718588,3
0.00006103515625000,0.00000000000000000,0.00000000000000000,0.00000000000000000,0.00024414062500000,0.00012207031250000,0.00012207031250000,0.00006103515625000,0.00006103515625000,0.00012207031250000,0.00195312500000000,0.00024414062500000,0.00048828125000000,0.00006103515625000,0.00012207031250000,0.00006103515625000,0.43385739543669705,3
0.00000000000000000,0.00000000000000000,0.00006103515625000,0.00006103515625000,0.00000000000000000,0.00024414062500000,0.00024414062500000,0.00006103515625000,0.00006103515625000,0.00012207031250000,0.00195312500000000,0.00024414062500000,0.00048828125000000,0.00006103515625000,0.00012207031250000,0.00006103515625000,0.43528721800122366,0
0.00000000000000000,0.00006103515625000,0.00000000000000000,0.00012207031250000,0.00000000000000000,0.00000000000000000,0.00048828125000000,0.00006103515625000,0.00006103515625000,0.00012207031250000,0.00195312500000000,0.00024414062500000,0.00048828125000000,0.00006103515625000,0.00012207031250000,0.00006103515625000,0.43874288203078743,1
0.00000000000000000,0.00000000000000000,0.00006103515625000,0.00012207031250000,0.00000000000000000,0.00006103515625000,0.00048828125000000,0.00006103515625000,0.00006103515625000,0.00012207031250000,0.00195312500000000,0.00024414062500000,0.00048828125000000,0.00006103515625000,0.00012207031250000,0.00006103515625000,0.43874288203078743,2
0.00006103515625000,0.00006103515625000,0.00006103515625000,0.00012207031250000,0.00048828125000000,0.00012207031250000,0.00048828125000000,0.00006103515625000,0.00000000000000000,0.00006103515625000,0.00195312500000000,0.00024414062500000,0.00000000000000000,0.00006103515625000,0.00012207031250000,0.00006103515625000,0.43874288203078743,0
0.00012207031250000,0.00006103515625000,0.00012207031250000,0.00000000000000000,0.00048828125000000,0.00012207031250000,0.00048828125000000,0.00006103515625000,0.00006103515625000,0.00195312500000000,0.00024414062500000,0.00000000000000000,0.00006103515625000,0.00012207031250000,0.00006103515625000,0.00012207031250000,0.43941464939222757,1
0.00000000000000000,0.00006103515625000,0.00012207031250000,0.00006103515625000,0.00012207031250000,0.00012207031250000,0.00048828125000000,0.00000000000000000,0.00048828125000000,0.00195312500000000,0.00024414062500000,0.00006103515625000,0.00012207031250000,0.00012207031250000,0.00006103515625000,0.00012207031250000,0.44008023949507030,3
0.00006103515625000,0.00006103515625000,0.00012207031250000,0.00000000000000000,0.00012207031250000,0.00012207031250000,0.00048828125000000,0.00000000000000000,0.00048828125000000,0.00195312500000000,0.00024414062500000,0.00012207031250000,0.00012207031250000,0.00012207031250000,0.00006103515625000,0.00012207031250000,0.44073976491130645,2
0.00006103515625000,0.00006103515625000,0.00012207031250000,0.00024414062500000,0.00012207031250000,0.00012207031250000,0.00048828125000000,0.00006103515625000,0.00048828125000000,0.00195312500000000,0.00024414062500000,0.00000000000000000,0.00012207031250000,0.00012207031250000,0.00006103515625000,0.00000000000000000,0.44204105683388722,3
0.00012207031250000,0.00012207031250000,0.00024414062500000,0.00006103515625000,0.00024414062500000,0.00048828125000000,0.00006103515625000,0.00000000000000000,0.00048828125000000,0.00195312500000000,0.00024414062500000,0.00000000000000000,0.00024414062500000,0.00006103515625000,0.00000000000000000,0.00000000000000000,0.44519547378584723,3
0.00012207031250000,0.00012207031250000,0.00006103515625000,0.00000000000000000,0.00024414062500000,0.00048828125000000,0.00024414062500000,0.00000000000000000,0.00048828125000000,0.00195312500000000,0.00006103515625000,0.00000000000000000,0.00024414062500000,0.00006103515625000,0.00024414062500000,0.00006103515625000,0.44519547378584723,0
0.00006103515625000,0.00000000000000000,0.00024414062500000,0.00006103515625000,0.00000000000000000,0.00024414062500000,0.00048828125000000,0.00024414062500000,0.00000000000000000,0.00048828125000000,0.00195312500000000,0.00006103515625000,0.00024414062500000,0.00006103515625000,0.00024414062500000,0.00006103515625000,0.44641972984001899,0
0.00006103515625000,0.00024414062500000,0.00006103515625000,0.00000000000000000,0.00024414062500000,0.00048828125000000,0.00024414062500000,0.00000000000000000,0.00048828125000000,0.00195312500000000,0.00006103515625000,0.00006103515625000,0.00024414062500000,0.00006103515625000,0.00024414062500000,0.00006103515625000,0.44641972984001899,3
0.00006103515625000,0.00024414062500000,0.00006103515625000,0.00012207031250000,0.00024414062500000,0.00048828125000000,0.00024414062500000,0.00006103515625000,0.00048828125000000,0.00195312500000000,0.00006103515625000,0.00000000000000000,0.00024414062500000,0.00006103515625000,0.00024414062500000,0.00000000000000000,0.44702417939563865,3
0.00006103515625000,0.00024414062500000,0.00006103515625000,0.00012207031250000,0.00024414062500000,0.00048828125000000,0.00024414062500000,0.00006103515625000,0.00006103515625000,0.00048828125000000,0.00195312500000000,0.00006103515625000,0.00000000000000000,0.00024414062500000,0.00006103515625000,0.00024414062500000,0.44702417939563865,0
0.00006103515625000,0.00024414062500000,0.00006103515625000,0.00012207031250000,0.00024414062500000,0.00048828125000000,0.00024414062500000,0.00006103515625000,0.00006103515625000,0.00048828125000000,0.00195312500000000,0.00006103515625000,0.00024414062500000,0.00006103515625000,0.00024414062500000,0.00006103515625000,0.44702417939563865,0
0.00006103515625000,0.00006103515625000,0.00006103515625000,0.00000000000000000,0.00024414062500000,0.00024414062500000,0.00024414062500000,0.00012207031250000,0.00006103515625000,0.00097656250000000,0.00195312500000000,0.00006103515625000,0.00024414062500000,0.00006103515625000,0.00024414062500000,0.00012207031250000,0.45224842384899039,2
0.00006103515625000,0.00006103515625000,0.00006103515625000,0.00012207031250000,0.00024414062500000,0.00024414062500000,0.00024414062500000,0.00006103515625000,0.00006103515625000,0.00097656250000000,0.00195312500000000,0.00012207031250000,0.00024414062500000,0.00006103515625000,0.00024414062500000,0.00006103515625000,0.45224842384899039,3
0.00012207031250000,0.00006103515625000,0.00012207031250000,0.00006103515625000,0.00048828125000000,0.00024414062500000,0.00006103515625000,0.00000000000000000,0.00006103515625000,0.00097656250000000,0.00195312500000000,0.00012207031250000,0.00024414062500000,0.00006103515625000,0.00024414062500000,0.00006103515625000,0.45499571428325924,3
0.00012207031250000,0.00006103515625000,0.00012207031250000,0.00006103515625000,0.00006103515625000,0.00048828125000000,0.00024414062500000,0.00006103515625000,0.00006103515625000,0.00097656250000000,0.00195312500000000,0.00012207031250000,0.00024414062500000,0.00006103515625000,0.00024414062500000,0.00006103515625000,0.45499571428325924,1
0.00006103515625000,0.00006103515625000,0.00012207031250000,0.00000000000000000,0.00012207031250000,0.00048828125000000,0.00024414062500000,0.00012207031250000,0.00012207031250000,0.00097656250000000,0.00195312500000000,0.00012207031250000,0.00024414062500000,0.00006103515625000,0.00024414062500000,0.00006103515625000,0.45606608371277374,0
0.00006103515625000,0.00006103515625000,0.00012207031250000,0.00000000000000000,0.00006103515625000,0.00048828125000000,0.00024414062500000,0.00000000000000000,0.00024414062500000,0.00097656250000000,0.00195312500000000,0.00024414062500000,0.00024414062500000,0.00006103515625000,0.00024414062500000,0.00006103515625000,0.45816047687602696,0
0.00000000000000000,0.00006103515625000,0.00012207031250000,0.00012207031250000,0.00000000000000000,0.00006103515625000,0.00048828125000000,0.00024414062500000,0.00024414062500000,0.00097656250000000,0.00195312500000000,0.00024414062500000,0.00024414062500000,0.00006103515625000,0.00024414062500000,0.00006103515625000,0.45867474130323976,0
0.00000000000000000,0.00006103515625000,0.00006103515625000,0.00024414062500000,0.00000000000000000,0.00006103515625000,0.00048828125000000,0.00024414062500000,0.00024414062500000,0.00097656250000000,0.00195312500000000,0.00024414062500000,0.00024414062500000,0.00006103515625000,0.00024414062500000,0.00006103515625000,0.45969243699456497,3
0.00000000000000000,0.00000000000000000,0.00006103515625000,0.00006103515625000,0.00000000000000000,0.00012207031250000,0.00048828125000000,0.00024414062500000,0.00000000000000000,0.00097656250000000,0.00195312500000000,0.00048828125000000,0.00048828125000000,0.00006103515625000,0.00024414062500000,0.00006103515625000,0.46410288210547918,0
0.00000000000000000,0.00000000000000000,0.00006103515625000,0.00012207031250000,0.00000000000000000,0.00012207031250000,0.00048828125000000,0.00024414062500000,0.00000000000000000,0.00097656250000000,0.00195312500000000,0.00048828125000000,0.00048828125000000,0.00006103515625000,0.00024414062500000,0.00006103515625000,0.46457674575306918,0
0.00048828125000000,0.00012207031250000,0.00006103515625000,0.00012207031250000,0.00000000000000000,0.00097656250000000,0.00048828125000000,0.00024414062500000,0.00000000000000000,0.00006103515625000,0.00195312500000000,0.00048828125000000,0.00000000000000000,0.00006103515625000,0.00024414062500000,0.00006103515625000,0.46457674575306918,2
0.00006103515625000,0.00000000000000000,0.00006103515625000,0.00012207031250000,0.00000000000000000,0.00012207031250000,0.00048828125000000,0.00024414062500000,0.00000000000000000,0.00097656250000000,0.00195312500000000,0.00048828125000000,0.00048828125000000,0.00012207031250000,0.00024414062500000,0.00006103515625000,0.46504752733887361,3
0.00012207031250000,0.00012207031250000,0.00000000000000000,0.00000000000000000,0.00012207031250000,0.00048828125000000,0.00024414062500000,0.00006103515625000,0.00097656250000000,0.00195312500000000,0.00048828125000000,0.00000000000000000,0.00048828125000000,0.00012207031250000,0.00024414062500000,0.00006103515625000,0.46551526669609666,0
0.00000000000000000,0.00012207031250000,0.00000000000000000,0.00000000000000000,0.00024414062500000,0.00048828125000000,0.00024414062500000,0.00006103515625000,0.00097656250000000,0.00195312500000000,0.00048828125000000,0.00000000000000000,0.00048828125000000,0.00012207031250000,0.00024414062500000,0.00012207031250000,0.46690061833622587,0
0.00006103515625000,0.00000000000000000,0.00000000000000000,0.00012207031250000,0.00024414062500000,0.00048828125000000,0.00024414062500000,0.00006103515625000,0.00000000000000000,0.00097656250000000,0.00195312500000000,0.00048828125000000,0.00048828125000000,0.00012207031250000,0.00024414062500000,0.00012207031250000,0.46690061833622587,2
0.00006103515625000,0.00048828125000000,0.00024414062500000,0.00012207031250000,0.00024414062500000,0.00097656250000000,0.00195312500000000,0.00006103515625000,0.00048828125000000,0.00012207031250000,0.00024414062500000,0.00048828125000000,0.00000000000000000,0.00000000000000000,0.00006103515625000,0.00012207031250000,0.46690061833622587,2
0.00006103515625000,0.00048828125000000,0.00024414062500000,0.00012207031250000,0.00024414062500000,0.00097656250000000,0.00195312500000000,0.00006103515625000,0.00048828125000000,0.00012207031250000,0.00024414062500000,0.00048828125000000,0.00006103515625000,0.00012207031250000,0.00006103515625000,0.00000000000000000,0.46690061833622587,0
0.00006103515625000,0.00000000000000000,0.00024414062500000,0.00006103515625000,0.00024414062500000,0.00048828125000000,0.00195312500000000,0.00012207031250000,0.00048828125000000,0.00097656250000000,0.00024414062500000,0.00006103515625000,0.00006103515625000,0.00024414062500000,0.00006103515625000,0.00048828125000000,0.46780967158646952,0
0.00006103515625000,0.00006103515625000,0.00024414062500000,0.00006103515625000,0.00024414062500000,0.00048828125000000,0.00195312500000000,0.00012207031250000,0.00048828125000000,0.00097656250000000,0.00024414062500000,0.00006103515625000,0.00006103515625000,0.00024414062500000,0.00006103515625000,0.00048828125000000,0.46780967158646952,2
0.00000000000000000,0.00000000000000000,0.00000000000000000,0.00000000000000000,0.00006103515625000,0.00000000000000000,0.00000000000000000,0.00000000000000000,0.00000000000000000,0.00000000000000000,0.00006103515625000,0.00000000000000000,0.00000000000000000,0.00000000000000000,0.00000000000000000,0.00000000000000000,0.00000000000000000,2
0.00000000000000000,0.00000000000000000,0.00000000000000000,0.00006103515625000,0.00000000000000000,0.00000000000000000,0.00000000000000000,0.00006103515625000,0.00000000000000000,0.00000000000000000,0.00000000000000000,0.00006103515625000,0.00000000000000000,0.00000000000000000,0.00000000000000000,0.00000000000000000,0.00000000000000000,2
0.00000000000000000,0.00000000000000000,0.00000000000000000,0.00012207031250000,0.00000000000000000,0.00000000000000000,0.00000000000000000,0.00006103515625000,0.00000000000000000,0.00006103515625000,0.00000000000000000,0.00000000000000000,0.00000000000000000,0.00000000000000000,0.00000000000000000,0.00000000000000000,0.11649500072266981,0
0.00012207031250000,0.00000000000000000,0.00000000000000000,0.00000000000000000,0.00006103515625000,0.00000000000000000,0.00000000000000000,0.00000000000000000,0.00006103515625000,0.00000000000000000,0.00000000000000000,0.00000000000000000,0.00000000000000000,0.00006103515625000,0.00000000000000000,0.00000000000000000,0.11649500072266981,0
0.00012207031250000,0.00006103515625000,0.00000000000000000,0.00000000000000000,0.00012207031250000,0.00000000000000000,0.00000000000000000,0.00006103515625000,0.00000000000000000,0.00000000000000000,0.00000000000000000,0.00000000000000000,0.00000000000000000,0.00000000000000000,0.00000000000000000,0.00000000000000000,0.15904041823988749,0
0.00012207031250000,0.00006103515625000,0.00012207031250000,0.00000000000000000,0.00012207031250000,0.00006103515625000,0.00000000000000000,0.00000000000000000,0.00000000000000000,0.00000000000000000,0.00000000000000000,0.00000000000000000,0.00000000000000000,0.00000000000000000,0.00000000000000000,0.00000000000000000,0.15904041823988749,3
0.00000000000000000,0.00012207031250000,0.00006103515625000,0.00012207031250000,0.00000000000000000,0.00000000000000000,0.00012207031250000,0.00006103515625000,0.00000000000000000,0.00000000000000000,0.00000000000000000,0.00000000000000000,0.00006103515625000,0.00000000000000000,0.00000000000000000,0.00000000000000000,0.15904041823988749,3
0.00006103515625000,0.00012207031250000,0.00006103515625000,0.00012207031250000,0.00000000000000000,0.00000000000000000,0.00012207031250000,0.00006103515625000,0.00000000000000000,0.00000000000000000,0.00000000000000000,0.00000000000000000,0.00006103515625000,0.00000000000000000,0.00000000000000000,0.00000000000000000,0.15904041823988749,3
0.00000000000000000,0.00000000000000000,0.00000000000000000,0.00000000000000000,0.00006103515625000,0.00000000000000000,0.00000000000000000,0.00000000000000000,0.00000000000000000,0.00000000000000000,0.00006103515625000,0.00012207031250000,0.00012207031250000,0.00012207031250000,0.00012207031250000,0.00006103515625000,0.18565722538447280,1
0.00006103515625000,0.00012207031250000,0.00006103515625000,0.00012207031250000,0.00012207031250000,0.00000000000000000,0.00012207031250000,0.00006103515625000,0.00000000000000000,0.00000000000000000,0.00006103515625000,0.00000000000000000,0.00000000000000000,0.00000000000000000,0.00000000000000000,0.00000000000000000,0.18565722538447280,3
0.00000000000000000,0.00000000000000000,0.00000000000000000,0.00000000000000000,0.00000000000000000,0.00000000000000000,0.00006103515625000,0.00012207031250000,0.00006103515625000,0.00000000000000000,0.00012207031250000,0.00012207031250000,0.00012207031250000,0.00012207031250000,0.00006103515625000,0.00006103515625000,0.18565722538447280,2
0.00006103515625000,0.00000000000000000,0.00000000000000000,0.00000000000000000,0.00006103515625000,0.00012207031250000,0.00000000000000000,0.00000000000000000,0.00006103515625000,0.00024414062500000,0.00000000000000000,0.00000000000000000,0.00024414062500000,0.00012207031250000,0.00000000000000000,0.00000000000000000,0.25308565664631461,1
0.00000000000000000,0.00006103515625000,0.00000000000000000,0.00000000000000000,0.00006103515625000,0.00012207031250000,0.00000000000000000,0.00000000000000000,0.00012207031250000,0.00024414062500000,0.00000000000000000,0.00000000000000000,0.00024414062500000,0.00012207031250000,0.00000000000000000,0.00000000000000000,0.26136695401116583,2
0.00006103515625000,0.00006103515625000,0.00000000000000000,0.00000000000000000,0.00012207031250000,0.00012207031250000,0.00000000000000000,0.00000000000000000,0.00024414062500000,0.00024414062500000,0.00000000000000000,0.00000000000000000,0.00000000000000000,0.00012207031250000,0.00000000000000000,0.00006103515625000,0.26136695401116583,3
0.00006103515625000,0.00006103515625000,0.00000000000000000,0.00006103515625000,0.00012207031250000,0.00012207031250000,0.00000000000000000,0.00000000000000000,0.00024414062500000,0.00024414062500000,0.00006103515625000,0.00000000000000000,0.00000000000000000,0.00012207031250000,0.00000000000000000,0.00000000000000000,0.26136695401116583,2
0.00000000000000000,0.00000000000000000,0.00006103515625000,0.00012207031250000,0.00006103515625000,0.00000000000000000,0.00000000000000000,0.00024414062500000,0.00000000000000000,0.00000000000000000,0.00048828125000000,0.00006103515625000,0.00000000000000000,0.00000000000000000,0.00000000000000000,0.00012207031250000,0.30215222610714260,2
0.00006103515625000,0.00000000000000000,0.00006103515625000,0.00012207031250000,0.00000000000000000,0.00000000000000000,0.00048828125000000,0.00024414062500000,0.00000000000000000,0.00000000000000000,0.00000000000000000,0.00006103515625000,0.00000000000000000,0.00006103515625000,0.00000000000000000,0.00012207031250000,0.30215222610714260,0
0.00000000000000000,0.00000000000000000,0.00000000000000000,0.00012207031250000,0.00000000000000000,0.00000000000000000,0.00000000000000000,0.00024414062500000,0.00006103515625000,0.00000000000000000,0.00006103515625000,0.00006103515625000,0.00006103515625000,0.00006103515625000,0.00048828125000000,0.00012207031250000,0.30215222610714260,0
0.00012207031250000,0.00006103515625000,0.00006103515625000,0.00012207031250000,0.00000000000000000,0.00000000000000000,0.00048828125000000,0.00024414062500000,0.00000000000000000,0.00000000000000000,0.00000000000000000,0.00006103515625000,0.00000000000000000,0.00006103515625000,0.00000000000000000,0.00012207031250000,0.30647484845620920,1
0.00012207031250000,0.00012207031250000,0.00012207031250000,0.00000000000000000,0.00048828125000000,0.00024414062500000,0.00000000000000000,0.00012207031250000,0.00006103515625000,0.00000000000000000,0.00000000000000000,0.00000000000000000,0.00006103515625000,0.00012207031250000,0.00000000000000000,0.00000000000000000,0.31055381002007598,0
0.00012207031250000,0.00012207031250000,0.00012207031250000,0.00012207031250000,0.00048828125000000,0.00024414062500000,0.00000000000000000,0.00000000000000000,0.00012207031250000,0.00012207031250000,0.00000000000000000,0.00000000000000000,0.00000000000000000,0.00000000000000000,0.00000000000000000,0.00006103515625000,0.31441512086208029,2
0.00000000000000000,0.00000000000000000,0.00024414062500000,0.00024414062500000,0.00000000000000000,0.00000000000000000,0.00048828125000000,0.00024414062500000,0.00000000000000000,0.00000000000000000,0.00000000000000000,0.00024414062500000,0.00000000000000000,0.00006103515625000,0.00000000000000000,0.00006103515625000,0.33405356229710709,2
0.00000000000000000,0.00006103515625000,0.00024414062500000,0.00048828125000000,0.00000000000000000,0.00000000000000000,0.00048828125000000,0.00024414062500000,0.00000000000000000,0.00006103515625000,0.00000000000000000,0.00006103515625000,0.00000000000000000,0.00000000000000000,0.00000000000000000,0.00000000000000000,0.34469764362436028,2
0.00000000000000000,0.00012207031250000,0.00024414062500000,0.00048828125000000,0.00000000000000000,0.00000000000000000,0.00048828125000000,0.00024414062500000,0.00000000000000000,0.00000000000000000,0.00000000000000000,0.00006103515625000,0.00000000000000000,0.00000000000000000,0.00000000000000000,0.00006103515625000,0.34713089505274169,2
0.00000000000000000,0.00012207031250000,0.00024414062500000,0.00048828125000000,0.00000000000000000,0.00000000000000000,0.00048828125000000,0.00024414062500000,0.00006103515625000,0.00000000000000000,0.00000000000000000,0.00012207031250000,0.00000000000000000,0.00000000000000000,0.00000000000000000,0.00000000000000000,0.34948500216800937,1
0.00012207031250000,0.00024414062500000,0.00048828125000000,0.00000000000000000,0.00048828125000000,0.00024414062500000,0.00000000000000000,0.00006103515625000,0.00006103515625000,0.00012207031250000,0.00000000000000000,0.00000000000000000,0.00000000000000000,0.00000000000000000,0.00000000000000000,0.00000000000000000,0.34948500216800937,1
0.00012207031250000,0.00048828125000000,0.00048828125000000,0.00006103515625000,0.00048828125000000,0.00012207031250000,0.00000000000000000,0.00000000000000000,0.00006103515625000,0.00000000000000000,0.00006103515625000,0.00000000000000000,0.00000000000000000,0.00000000000000000,0.00000000000000000,0.00000000000000000,0.35820318544256330,1
0.00012207031250000,0.00048828125000000,0.00048828125000000,0.00006103515625000,0.00048828125000000,0.00012207031250000,0.00006103515625000,0.00000000000000000,0.00006103515625000,0.00000000000000000,0.00000000000000000,0.00000000000000000,0.00000000000000000,0.00000000000000000,0.00006103515625000,0.00000000000000000,0.35820318544256330,3
0.00012207031250000,0.00048828125000000,0.00048828125000000,0.00006103515625000,0.00048828125000000,0.00012207031250000,0.00012207031250000,0.00000000000000000,0.00006103515625000,0.00000000000000000,0.00000000000000000,0.00000000000000000,0.00000000000000000,0.00000000000000000,0.00006103515625000,0.00000000000000000,0.36022800037249580,2
0.00000000000000000,0.00012207031250000,0.00097656250000000,0.00006103515625000,0.00000000000000000,0.00006103515625000,0.00048828125000000,0.00024414062500000,0.00000000000000000,0.00000000000000000,0.00000000000000000,0.00006103515625000,0.00000000000000000,0.00000000000000000,0.00000000000000000,0.00006103515625000,0.37786195473383560,0
0.00000000000000000,0.00000000000000000,0.00000000000000000,0.00000000000000000,0.00000000000000000,0.00000000000000000,0.00012207031250000,0.00006103515625000,0.00000000000000000,0.00012207031250000,0.00097656250000000,0.00024414062500000,0.00000000000000000,0.00006103515625000,0.00048828125000000,0.00012207031250000,0.37941030069554071,2
0.00000000000000000,0.00000000000000000,0.00000000000000000,0.00000000000000000,0.00012207031250000,0.00006103515625000,0.00006103515625000,0.00000000000000000,0.00012207031250000,0.00097656250000000,0.00024414062500000,0.00000000000000000,0.00006103515625000,0.00048828125000000,0.00012207031250000,0.00000000000000000,0.37941030069554071,1
0.00024414062500000,0.00006103515625000,0.00006103515625000,0.00000000000000000,0.00006103515625000,0.00097656250000000,0.00024414062500000,0.00000000000000000,0.00000000000000000,0.00048828125000000,0.00012207031250000,0.00006103515625000,0.00000000000000000,0.00000000000000000,0.00000000000000000,0.00000000000000000,0.38241103769359880,3
0.00000000000000000,0.00000000000000000,0.00024414062500000,0.00012207031250000,0.00006103515625000,0.00006103515625000,0.00097656250000000,0.00024414062500000,0.00000000000000000,0.00048828125000000,0.00012207031250000,0.00006103515625000,0.00000000000000000,0.00000000000000000,0.00000000000000000,0.00000000000000000,0.38386600957008149,0
0.00000000000000000,0.00000000000000000,0.00000000000000000,0.00000000000000000,0.00006103515625000,0.00000000000000000,0.00024414062500000,0.00012207031250000,0.00000000000000000,0.00006103515625000,0.00097656250000000,0.00024414062500000,0.00006103515625000,0.00048828125000000,0.00012207031250000,0.00006103515625000,0.38386600957008149,2
0.00012207031250000,0.00006103515625000,0.00024414062500000,0.00012207031250000,0.00006103515625000,0.00048828125000000,0.00097656250000000,0.00024414062500000,0.00000000000000000,0.00000000000000000,0.00012207031250000,0.00006103515625000,0.00000000000000000,0.00000000000000000,0.00000000000000000,0.00000000000000000,0.38529231017595905,2
0.00000000000000000,0.00006103515625000,0.00000000000000000,0.00000000000000000,0.00000000000000000,0.00000000000000000,0.00024414062500000,0.00012207031250000,0.00012207031250000,0.00006103515625000,0.00097656250000000,0.00024414062500000,0.00006103515625000,0.00048828125000000,0.00012207031250000,0.00006103515625000,0.38529231017595905,1
0.00006103515625000,0.00000000000000000,0.00000000000000000,0.00000000000000000,0.00024414062500000,0.00012207031250000,0.00006103515625000,0.00000000000000000,0.00012207031250000,0.00006103515625000,0.00097656250000000,0.00024414062500000,0.00006103515625000,0.00048828125000000,0.00012207031250000,0.00006103515625000,0.38529231017595905,0
0.00000000000000000,0.00000000000000000,0.00006103515625000,0.00006103515625000,0.00000000000000000,0.00024414062500000,0.00012207031250000,0.00006103515625000,0.00012207031250000,0.00006103515625000,0.00097656250000000,0.00024414062500000,0.00006103515625000,0.00048828125000000,0.00012207031250000,0.00006103515625000,0.38529231017595905,0
0.00000000000000000,0.00006103515625000,0.00000000000000000,0.00012207031250000,0.00000000000000000,0.00024414062500000,0.00012207031250000,0.00006103515625000,0.00012207031250000,0.00006103515625000,0.00097656250000000,0.00024414062500000,0.00006103515625000,0.00048828125000000,0.00012207031250000,0.00006103515625000,0.38669104768517570,0
0.00006103515625000,0.00012207031250000,0.00000000000000000,0.00006103515625000,0.00024414062500000,0.00012207031250000,0.00006103515625000,0.00000000000000000,0.00012207031250000,0.00006103515625000,0.00097656250000000,0.00024414062500000,0.00006103515625000,0.00048828125000000,0.00012207031250000,0.00006103515625000,0.38669104768517570,3
0.00006103515625000,0.00024414062500000,0.00006103515625000,0.00006103515625000,0.00024414062500000,0.00006103515625000,0.00097656250000000,0.00024414062500000,0.00012207031250000,0.00048828125000000,0.00012207031250000,0.00006103515625000,0.00006103515625000,0.00006103515625000,0.00000000000000000,0.00000000000000000,0.38940995564142161,2
0.00006103515625000,0.00024414062500000,0.00012207031250000,0.00000000000000000,0.00024414062500000,0.00006103515625000,0.00097656250000000,0.00024414062500000,0.00012207031250000,0.00048828125000000,0.00012207031250000,0.00006103515625000,0.00012207031250000,0.00006103515625000,0.00000000000000000,0.00000000000000000,0.39203041968522712,1
0.00000000000000000,0.00006103515625000,0.00024414062500000,0.00012207031250000,0.00024414062500000,0.00006103515625000,0.00097656250000000,0.00024414062500000,0.00012207031250000,0.00048828125000000,0.00012207031250000,0.00006103515625000,0.00012207031250000,0.00000000000000000,0.00012207031250000,0.00006103515625000,0.39203041968522712,1
0.00024414062500000,0.00012207031250000,0.00024414062500000,0.00012207031250000,0.00024414062500000,0.00048828125000000,0.00097656250000000,0.00024414062500000,0.00000000000000000,0.00006103515625000,0.00024414062500000,0.00012207031250000,0.00000000000000000,0.00000000000000000,0.00000000000000000,0.00000000000000000,0.39936655784928937,1
0.00024414062500000,0.00012207031250000,0.00024414062500000,0.00012207031250000,0.00024414062500000,0.00048828125000000,0.00097656250000000,0.00024414062500000,0.00006103515625000,0.00024414062500000,0.00012207031250000,0.00000000000000000,0.00000000000000000,0.00000000000000000,0.00000000000000000,0.00006103515625000,0.39936655784928937,1
0.00024414062500000,0.00012207031250000,0.00024414062500000,0.00012207031250000,0.00024414062500000,0.00048828125000000,0.00097656250000000,0.00024414062500000,0.00000000000000000,0.00006103515625000,0.00024414062500000,0.00012207031250000,0.00006103515625000,0.00000000000000000,0.00000000000000000,0.00006103515625000,0.39936655784928937,1
0.00024414062500000,0.00012207031250000,0.00024414062500000,0.00012207031250000,0.00024414062500000,0.00048828125000000,0.00097656250000000,0.00024414062500000,0.00006103515625000,0.00006103515625000,0.00024414062500000,0.00012207031250000,0.00000000000000000,0.00000000000000000,0.00000000000000000,0.00012207031250000,0.40052008686263635,1
0.00000000000000000,0.00000000000000000,0.00006103515625000,0.00000000000000000,0.00000000000000000,0.00012207031250000,0.00024414062500000,0.00012207031250000,0.00048828125000000,0.00048828125000000,0.00097656250000000,0.00024414062500000,0.00006103515625000,0.00006103515625000,0.00024414062500000,0.00024414062500000,0.40707996151074144,2
0.00048828125000000,0.00012207031250000,0.00006103515625000,0.00012207031250000,0.00006103515625000,0.00048828125000000,0.00024414062500000,0.00048828125000000,0.00000000000000000,0.00006103515625000,0.00097656250000000,0.00000000000000000,0.00000000000000000,0.00000000000000000,0.00024414062500000,0.00006103515625000,0.41114460339235159,1
0.00048828125000000,0.00012207031250000,0.00006103515625000,0.00012207031250000,0.00006103515625000,0.00048828125000000,0.00024414062500000,0.00048828125000000,0.00006103515625000,0.00006103515625000,0.00097656250000000,0.00006103515625000,0.00000000000000000,0.00000000000000000,0.00024414062500000,0.00000000000000000,0.41114460339235159,1
0.00048828125000000,0.00012207031250000,0.00006103515625000,0.00012207031250000,0.00006103515625000,0.00048828125000000,0.00024414062500000,0.00048828125000000,0.00012207031250000,0.00097656250000000,0.00006103515625000,0.00000000000000000,0.00024414062500000,0.00012207031250000,0.00000000000000000,0.00000000000000000,0.41212607488620207,1
0.00048828125000000,0.00012207031250000,0.00000000000000000,0.00000000000000000,0.00006103515625000,0.00048828125000000,0.00006103515625000,0.00006103515625000,0.00012207031250000,0.00097656250000000,0.00024414062500000,0.00012207031250000,0.00024414062500000,0.00012207031250000,0.00006103515625000,0.00048828125000000,0.41212607488620207,3
0.00000000000000000,0.00006103515625000,0.00048828125000000,0.00012207031250000,0.00000000000000000,0.00006103515625000,0.00048828125000000,0.00012207031250000,0.00012207031250000,0.00097656250000000,0.00024414062500000,0.00012207031250000,0.00024414062500000,0.00012207031250000,0.00006103515625000,0.00048828125000000,0.41309441593230728,1
0.00000000000000000,0.00006103515625000,0.00000000000000000,0.00000000000000000,0.00000000000000000,0.00012207031250000,0.00097656250000000,0.00012207031250000,0.00012207031250000,0.00097656250000000,0.00024414062500000,0.00024414062500000,0.00024414062500000,0.00012207031250000,0.00006103515625000,0.00048828125000000,0.42296984917887898,2
0.00012207031250000,0.00006103515625000,0.00097656250000000,0.00012207031250000,0.00024414062500000,0.00012207031250000,0.00024414062500000,0.00024414062500000,0.00000000000000000,0.00097656250000000,0.00006103515625000,0.00048828125000000,0.00006103515625000,0.00012207031250000,0.00000000000000000,0.00000000000000000,0.42296984917887898,2
0.00006103515625000,0.00006103515625000,0.00000000000000000,0.00000000000000000,0.00012207031250000,0.00012207031250000,0.00097656250000000,0.00012207031250000,0.00024414062500000,0.00097656250000000,0.00024414062500000,0.00024414062500000,0.00006103515625000,0.00012207031250000,0.00006103515625000,0.00048828125000000,0.42296984917887898,3
0.00006103515625000,0.00006103515625000,0.00097656250000000,0.00012207031250000,0.00012207031250000,0.00012207031250000,0.00024414062500000,0.00024414062500000,0.00024414062500000,0.00097656250000000,0.00006103515625000,0.00048828125000000,0.00006103515625000,0.00012207031250000,0.00006103515625000,0.00000000000000000,0.42296984917887898,0
0.00006103515625000,0.00006103515625000,0.00097656250000000,0.00012207031250000,0.00012207031250000,0.00012207031250000,0.00024414062500000,0.00024414062500000,0.00024414062500000,0.00097656250000000,0.00012207031250000,0.00048828125000000,0.00006103515625000,0.00012207031250000,0.00000000000000000,0.00006103515625000,0.42380423782652993,3
0.00006103515625000,0.00006103515625000,0.00006103515625000,0.00012207031250000,0.00012207031250000,0.00012207031250000,0.00097656250000000,0.00024414062500000,0.00024414062500000,0.00097656250000000,0.00024414062500000,0.00048828125000000,0.00006103515625000,0.00012207031250000,0.00012207031250000,0.00006103515625000,0.42380423782652993,3
0.00012207031250000,0.00006103515625000,0.00012207031250000,0.00000000000000000,0.00024414062500000,0.00097656250000000,0.00024414062500000,0.00012207031250000,0.00024414062500000,0.00097656250000000,0.00024414062500000,0.00048828125000000,0.00006103515625000,0.00024414062500000,0.00006103515625000,0.00000000000000000,0.42783772769317668,3
0.00006103515625000,0.00012207031250000,0.00006103515625000,0.00012207031250000,0.00024414062500000,0.00097656250000000,0.00024414062500000,0.00012207031250000,0.00024414062500000,0.00097656250000000,0.00024414062500000,0.00048828125000000,0.00000000000000000,0.00006103515625000,0.00024414062500000,0.00006103515625000,0.42783772769317668,0
0.00000000000000000,0.00000000000000000,0.00000000000000000,0.00000000000000000,0.00006103515625000,0.00012207031250000,0.00006103515625000,0.00024414062500000,0.00006103515625000,0.00195312500000000,0.00024414062500000,0.00048828125000000,0.00048828125000000,0.00006103515625000,0.00048828125000000,0.00006103515625000,0.44581019012296857,0
0.00012207031250000,0.00012207031250000,0.00006103515625000,0.00024414062500000,0.00048828125000000,0.00195312500000000,0.00024414062500000,0.00048828125000000,0.00000000000000000,0.00006103515625000,0.00048828125000000,0.00006103515625000,0.00000000000000000,0.00000000000000000,0.00000000000000000,0.00006103515625000,0.44641972984001899,0
0.00000000000000000,0.00024414062500000,0.00006103515625000,0.00024414062500000,0.00048828125000000,0.00195312500000000,0.00024414062500000,0.00048828125000000,0.00000000000000000,0.00006103515625000,0.00048828125000000,0.00006103515625000,0.00006103515625000,0.00000000000000000,0.00000000000000000,0.00006103515625000,0.44762362310037723,3
0.00000000000000000,0.00000000000000000,0.00000000000000000,0.00000000000000000,0.00006103515625000,0.00024414062500000,0.00006103515625000,0.00024414062500000,0.00048828125000000,0.00195312500000000,0.00024414062500000,0.00048828125000000,0.00006103515625000,0.00006103515625000,0.00048828125000000,0.00012207031250000,0.44821814318727005,3
0.00000000000000000,0.00000000000000000,0.00000000000000000,0.00006103515625000,0.00006103515625000,0.00024414062500000,0.00006103515625000,0.00024414062500000,0.00048828125000000,0.00195312500000000,0.00024414062500000,0.00048828125000000,0.00012207031250000,0.00048828125000000,0.00012207031250000,0.00000000000000000,0.44880781987953838,1
0.00006103515625000,0.00000000000000000,0.00006103515625000,0.00000000000000000,0.00006103515625000,0.00024414062500000,0.00006103515625000,0.00024414062500000,0.00048828125000000,0.00195312500000000,0.00024414062500000,0.00048828125000000,0.00012207031250000,0.00048828125000000,0.00012207031250000,0.00000000000000000,0.44880781987953838,1
0.00012207031250000,0.00024414062500000,0.00012207031250000,0.00024414062500000,0.00048828125000000,0.00195312500000000,0.00024414062500000,0.00048828125000000,0.00012207031250000,0.00048828125000000,0.00012207031250000,0.00000000000000000,0.00006103515625000,0.00000000000000000,0.00000000000000000,0.00000000000000000,0.44997295431120765,1
0.00012207031250000,0.00006103515625000,0.00000000000000000,0.00000000000000000,0.00048828125000000,0.00024414062500000,0.00012207031250000,0.00000000000000000,0.00012207031250000,0.00195312500000000,0.00024414062500000,0.00024414062500000,0.00006103515625000,0.00048828125000000,0.00012207031250000,0.00048828125000000,0.44997295431120765,2
0.00012207031250000,0.00006103515625000,0.00012207031250000,0.00024414062500000,0.00048828125000000,0.00024414062500000,0.00024414062500000,0.00048828125000000,0.00012207031250000,0.00195312500000000,0.00012207031250000,0.00006103515625000,0.00006103515625000,0.00048828125000000,0.00000000000000000,0.00000000000000000,0.44997295431120765,3
0.00012207031250000,0.00006103515625000,0.00012207031250000,0.00024414062500000,0.00048828125000000,0.00048828125000000,0.00048828125000000,0.00000000000000000,0.00012207031250000,0.00195312500000000,0.00012207031250000,0.00006103515625000,0.00006103515625000,0.00048828125000000,0.00000000000000000,0.00006103515625000,0.45224842384899039,1
0.00012207031250000,0.00006103515625000,0.00012207031250000,0.00024414062500000,0.00048828125000000,0.00048828125000000,0.00048828125000000,0.00012207031250000,0.00012207031250000,0.00195312500000000,0.00012207031250000,0.00000000000000000,0.00006103515625000,0.00048828125000000,0.00006103515625000,0.00000000000000000,0.45280628721658744,2
0.00012207031250000,0.00006103515625000,0.00012207031250000,0.00024414062500000,0.00097656250000000,0.00048828125000000,0.00012207031250000,0.00000000000000000,0.00012207031250000,0.00195312500000000,0.00012207031250000,0.00006103515625000,0.00006103515625000,0.00048828125000000,0.00006103515625000,0.00000000000000000,0.45712085521744972,0
0.00012207031250000,0.00006103515625000,0.00012207031250000,0.00024414062500000,0.00000000000000000,0.00097656250000000,0.00048828125000000,0.00012207031250000,0.00012207031250000,0.00195312500000000,0.00012207031250000,0.00006103515625000,0.00012207031250000,0.00006103515625000,0.00048828125000000,0.00006103515625000,0.45712085521744972,1
0.00000000000000000,0.00006103515625000,0.00012207031250000,0.00000000000000000,0.00006103515625000,0.00097656250000000,0.00048828125000000,0.00024414062500000,0.00012207031250000,0.00195312500000000,0.00012207031250000,0.00012207031250000,0.00024414062500000,0.00006103515625000,0.00048828125000000,0.00012207031250000,0.45867474130323976,3
0.00006103515625000,0.00012207031250000,0.00000000000000000,0.00006103515625000,0.00006103515625000,0.00097656250000000,0.00048828125000000,0.00024414062500000,0.00012207031250000,0.00195312500000000,0.00024414062500000,0.00000000000000000,0.00024414062500000,0.00006103515625000,0.00048828125000000,0.00012207031250000,0.45969243699456497,3
0.00006103515625000,0.00012207031250000,0.00006103515625000,0.00000000000000000,0.00006103515625000,0.00097656250000000,0.00048828125000000,0.00024414062500000,0.00012207031250000,0.00195312500000000,0.00024414062500000,0.00006103515625000,0.00024414062500000,0.00006103515625000,0.00048828125000000,0.00012207031250000,0.45969243699456497,1
0.00012207031250000,0.00012207031250000,0.00006103515625000,0.00024414062500000,0.00012207031250000,0.00097656250000000,0.00048828125000000,0.00006103515625000,0.00024414062500000,0.00195312500000000,0.00024414062500000,0.00012207031250000,0.00006103515625000,0.00006103515625000,0.00048828125000000,0.00000000000000000,0.46019596885928854,1
0.00000000000000000,0.00024414062500000,0.00006103515625000,0.00024414062500000,0.00012207031250000,0.00097656250000000,0.00048828125000000,0.00006103515625000,0.00024414062500000,0.00195312500000000,0.00024414062500000,0.00012207031250000,0.00006103515625000,0.00000000000000000,0.00012207031250000,0.00048828125000000,0.46168588246451692,1
0.00012207031250000,0.00024414062500000,0.00006103515625000,0.00024414062500000,0.00024414062500000,0.00097656250000000,0.00048828125000000,0.00006103515625000,0.00006103515625000,0.00195312500000000,0.00024414062500000,0.00012207031250000,0.00006103515625000,0.00000000000000000,0.00012207031250000,0.00048828125000000,0.46168588246451692,1
0.00012207031250000,0.00024414062500000,0.00006103515625000,0.00024414062500000,0.00024414062500000,0.00097656250000000,0.00048828125000000,0.00006103515625000,0.00006103515625000,0.00195312500000000,0.00024414062500000,0.00012207031250000,0.00006103515625000,0.00012207031250000,0.00048828125000000,0.00006103515625000,0.46168588246451692,1
0.00006103515625000,0.00024414062500000,0.00006103515625000,0.00024414062500000,0.00012207031250000,0.00097656250000000,0.00048828125000000,0.00006103515625000,0.00024414062500000,0.00195312500000000,0.00024414062500000,0.00012207031250000,0.00012207031250000,0.00012207031250000,0.00048828125000000,0.00006103515625000,0.46217578222737710,2
0.00006103515625000,0.00024414062500000,0.00006103515625000,0.00024414062500000,0.00012207031250000,0.00097656250000000,0.00048828125000000,0.00006103515625000,0.00024414062500000,0.00195312500000000,0.00024414062500000,0.00012207031250000,0.00024414062500000,0.00048828125000000,0.00006103515625000,0.00006103515625000,0.46314574533378994,1
0.00006103515625000,0.00024414062500000,0.00006103515625000,0.00024414062500000,0.00012207031250000,0.00097656250000000,0.00048828125000000,0.00006103515625000,0.00024414062500000,0.00195312500000000,0.00024414062500000,0.00012207031250000,0.00024414062500000,0.00048828125000000,0.00012207031250000,0.00012207031250000,0.46362589577541152,0
0.00006103515625000,0.00024414062500000,0.00006103515625000,0.00024414062500000,0.00012207031250000,0.00097656250000000,0.00048828125000000,0.00006103515625000,0.00048828125000000,0.00195312500000000,0.00024414062500000,0.00024414062500000,0.00000000000000000,0.00048828125000000,0.00012207031250000,0.00006103515625000,0.46644177424087818,2
0.00006103515625000,0.00024414062500000,0.00006103515625000,0.00024414062500000,0.00012207031250000,0.00097656250000000,0.00048828125000000,0.00006103515625000,0.00048828125000000,0.00195312500000000,0.00048828125000000,0.00000000000000000,0.00048828125000000,0.00012207031250000,0.00006103515625000,0.00006103515625000,0.46825995243921126,0
0.00006103515625000,0.00024414062500000,0.00006103515625000,0.00024414062500000,0.00012207031250000,0.00097656250000000,0.00097656250000000,0.00012207031250000,0.00097656250000000,0.00195312500000000,0.00006103515625000,0.00000000000000000,0.00006103515625000,0.00012207031250000,0.00000000000000000,0.00000000000000000,0.47551492164197762,3
0.00006103515625000,0.00024414062500000,0.00006103515625000,0.00024414062500000,0.00012207031250000,0.00195312500000000,0.00012207031250000,0.00000000000000000,0.00097656250000000,0.00195312500000000,0.00006103515625000,0.00000000000000000,0.00006103515625000,0.00012207031250000,0.00000000000000000,0.00006103515625000,0.48173683646681903,0
0.00006103515625000,0.00000000000000000,0.00000000000000000,0.00006103515625000,0.00012207031250000,0.00024414062500000,0.00006103515625000,0.00000000000000000,0.00097656250000000,0.00390625000000000,0.00012207031250000,0.00024414062500000,0.00006103515625000,0.00012207031250000,0.00006103515625000,0.00006103515625000,0.49277476320086722,3
0.00000000000000000,0.00006103515625000,0.00000000000000000,0.00012207031250000,0.00000000000000000,0.00012207031250000,0.00024414062500000,0.00006103515625000,0.00097656250000000,0.00390625000000000,0.00012207031250000,0.00024414062500000,0.00000000000000000,0.00006103515625000,0.00012207031250000,0.00012207031250000,0.49341179625571652,3
0.00097656250000000,0.00006103515625000,0.00024414062500000,0.00012207031250000,0.00000000000000000,0.00012207031250000,0.00024414062500000,0.00006103515625000,0.00006103515625000,0.00390625000000000,0.00000000000000000,0.00024414062500000,0.00000000000000000,0.00006103515625000,0.00000000000000000,0.00012207031250000,0.49404327169947487,0
0.00000000000000000,0.00006103515625000,0.00000000000000000,0.00012207031250000,0.00006103515625000,0.00012207031250000,0.00000000000000000,0.00006103515625000,0.00097656250000000,0.00390625000000000,0.00000000000000000,0.00024414062500000,0.00006103515625000,0.00006103515625000,0.00048828125000000,0.00012207031250000,0.49528993181462971,2
0.00006103515625000,0.00012207031250000,0.00000000000000000,0.00000000000000000,0.00006103515625000,0.00012207031250000,0.00006103515625000,0.00006103515625000,0.00097656250000000,0.00390625000000000,0.00024414062500000,0.00000000000000000,0.00012207031250000,0.00048828125000000,0.00012207031250000,0.00000000000000000,0.49559827057120948,1
0.00012207031250000,0.00024414062500000,0.00006103515625000,0.00006103515625000,0.00097656250000000,0.00390625000000000,0.00024414062500000,0.00000000000000000,0.00012207031250000,0.00048828125000000,0.00012207031250000,0.00000000000000000,0.00000000000000000,0.00006103515625000,0.00000000000000000,0.00000000000000000,0.49651548343972102,2
0.00000000000000000,0.00012207031250000,0.00024414062500000,0.00012207031250000,0.00000000000000000,0.00097656250000000,0.00390625000000000,0.00024414062500000,0.00000000000000000,0.00012207031250000,0.00048828125000000,0.00012207031250000,0.00006103515625000,0.00000000000000000,0.00000000000000000,0.00006103515625000,0.49681865629614058,3
0.00006103515625000,0.00012207031250000,0.00024414062500000,0.00012207031250000,0.00006103515625000,0.00097656250000000,0.00390625000000000,0.00024414062500000,0.00000000000000000,0.00012207031250000,0.00048828125000000,0.00012207031250000,0.00000000000000000,0.00000000000000000,0.00000000000000000,0.00006103515625000,0.49681865629614058,1
0.00012207031250000,0.00012207031250000,0.00024414062500000,0.00012207031250000,0.00006103515625000,0.00097656250000000,0.00390625000000000,0.00024414062500000,0.00000000000000000,0.00012207031250000,0.00048828125000000,0.00012207031250000,0.00000000000000000,0.00000000000000000,0.00000000000000000,0.00006103515625000,0.49712056461142423,3
0.00000000000000000,0.00024414062500000,0.00024414062500000,0.00012207031250000,0.00006103515625000,0.00097656250000000,0.00390625000000000,0.00024414062500000,0.00000000000000000,0.00012207031250000,0.00048828125000000,0.00012207031250000,0.00000000000000000,0.00000000000000000,0.00006103515625000,0.00006103515625000,0.49772062950846085,3
0.00000000000000000,0.00000000000000000,0.00048828125000000,0.00012207031250000,0.00006103515625000,0.00097656250000000,0.00390625000000000,0.00024414062500000,0.00000000000000000,0.00012207031250000,0.00048828125000000,0.00012207031250000,0.00000000000000000,0.00000000000000000,0.00006103515625000,0.00012207031250000,0.49919938193286323,0
0.00006103515625000,0.00097656250000000,0.00048828125000000,0.00012207031250000,0.00000000000000000,0.00012207031250000,0.00390625000000000,0.00024414062500000,0.00006103515625000,0.00000000000000000,0.00048828125000000,0.00024414062500000,0.00000000000000000,0.00000000000000000,0.00006103515625000,0.00000000000000000,0.49978252638527598,2
0.00006103515625000,0.00097656250000000,0.00048828125000000,0.00012207031250000,0.00012207031250000,0.00390625000000000,0.00024414062500000,0.00000000000000000,0.00006103515625000,0.00048828125000000,0.00024414062500000,0.00012207031250000,0.00006103515625000,0.00000000000000000,0.00000000000000000,0.00000000000000000,0.49978252638527598,1
0.00006103515625000,0.00097656250000000,0.00048828125000000,0.00024414062500000,0.00012207031250000,0.00390625000000000,0.00048828125000000,0.00000000000000000,0.00012207031250000,0.00048828125000000,0.00000000000000000,0.00000000000000000,0.00012207031250000,0.00000000000000000,0.00000000000000000,0.00000000000000000,0.50178731089862882,0
0.00006103515625000,0.00097656250000000,0.00097656250000000,0.00024414062500000,0.00024414062500000,0.00390625000000000,0.00006103515625000,0.00000000000000000,0.00012207031250000,0.00048828125000000,0.00000000000000000,0.00000000000000000,0.00000000000000000,0.00000000000000000,0.00000000000000000,0.00000000000000000,0.50455826796245939,2
0.00000000000000000,0.00006103515625000,0.00195312500000000,0.00024414062500000,0.00000000000000000,0.00024414062500000,0.00390625000000000,0.00006103515625000,0.00000000000000000,0.00000000000000000,0.00012207031250000,0.00048828125000000,0.00000000000000000,0.00012207031250000,0.00000000000000000,0.00000000000000000,0.50878232365416132,1
0.00006103515625000,0.00006103515625000,0.00195312500000000,0.00024414062500000,0.00000000000000000,0.00024414062500000,0.00390625000000000,0.00006103515625000,0.00000000000000000,0.00000000000000000,0.00012207031250000,0.00048828125000000,0.00000000000000000,0.00000000000000000,0.00000000000000000,0.00012207031250000,0.50878232365416132,2
0.00012207031250000,0.00195312500000000,0.00024414062500000,0.00000000000000000,0.00024414062500000,0.00390625000000000,0.00006103515625000,0.00000000000000000,0.00012207031250000,0.00048828125000000,0.00000000000000000,0.00006103515625000,0.00012207031250000,0.00000000000000000,0.00000000000000000,0.00000000000000000,0.50903831831056623,0
0.00012207031250000,0.00195312500000000,0.00024414062500000,0.00006103515625000,0.00024414062500000,0.00390625000000000,0.00006103515625000,0.00000000000000000,0.00024414062500000,0.00048828125000000,0.00000000000000000,0.00000000000000000,0.00000000000000000,0.00012207031250000,0.00000000000000000,0.00000000000000000,0.50954760740303573,0
0.00012207031250000,0.00195312500000000,0.00024414062500000,0.00006103515625000,0.00048828125000000,0.00390625000000000,0.00006103515625000,0.00012207031250000,0.00000000000000000,0.00048828125000000,0.00000000000000000,0.00000000000000000,0.00000000000000000,0.00012207031250000,0.00000000000000000,0.00000000000000000,0.51055555982529166,1
0.00012207031250000,0.00195312500000000,0.00024414062500000,0.00006103515625000,0.00048828125000000,0.00390625000000000,0.00006103515625000,0.00012207031250000,0.00000000000000000,0.00006103515625000,0.00000000000000000,0.00048828125000000,0.00000000000000000,0.00000000000000000,0.00000000000000000,0.00012207031250000,0.51055555982529166,2
0.00012207031250000,0.00195312500000000,0.00024414062500000,0.00006103515625000,0.00048828125000000,0.00390625000000000,0.00006103515625000,0.00012207031250000,0.00006103515625000,0.00048828125000000,0.00000000000000000,0.00000000000000000,0.00012207031250000,0.00000000000000000,0.00006103515625000,0.00000000000000000,0.51055555982529166,3
0.00012207031250000,0.00195312500000000,0.00024414062500000,0.00006103515625000,0.00048828125000000,0.00390625000000000,0.00006103515625000,0.00012207031250000,0.00000000000000000,0.00000000000000000,0.00006103515625000,0.00048828125000000,0.00006103515625000,0.00000000000000000,0.00012207031250000,0.00006103515625000,0.51055555982529166,1
0.00012207031250000,0.00195312500000000,0.00024414062500000,0.00006103515625000,0.00048828125000000,0.00390625000000000,0.00006103515625000,0.00012207031250000,0.00000000000000000,0.00006103515625000,0.00006103515625000,0.00048828125000000,0.00000000000000000,0.00006103515625000,0.00012207031250000,0.00006103515625000,0.51055555982529166,0
0.00012207031250000,0.00195312500000000,0.00024414062500000,0.00006103515625000,0.00048828125000000,0.00390625000000000,0.00006103515625000,0.00012207031250000,0.00006103515625000,0.00000000000000000,0.00012207031250000,0.00048828125000000,0.00000000000000000,0.00006103515625000,0.00012207031250000,0.00006103515625000,0.51080536995642900,1
0.00012207031250000,0.00195312500000000,0.00024414062500000,0.00006103515625000,0.00048828125000000,0.00390625000000000,0.00006103515625000,0.00012207031250000,0.00006103515625000,0.00006103515625000,0.00024414062500000,0.00048828125000000,0.00000000000000000,0.00006103515625000,0.00000000000000000,0.00006103515625000,0.51130241852697333,2
0.00012207031250000,0.00195312500000000,0.00024414062500000,0.00006103515625000,0.00048828125000000,0.00390625000000000,0.00006103515625000,0.00012207031250000,0.00006103515625000,0.00012207031250000,0.00024414062500000,0.00048828125000000,0.00006103515625000,0.00000000000000000,0.00000000000000000,0.00006103515625000,0.51154966868592155,3
0.00006103515625000,0.00000000000000000,0.00000000000000000,0.00006103515625000,0.00012207031250000,0.00195312500000000,0.00024414062500000,0.00012207031250000,0.00048828125000000,0.00390625000000000,0.00006103515625000,0.00048828125000000,0.00012207031250000,0.00012207031250000,0.00024414062500000,0.00006103515625000,0.51179607714057240,3
0.00012207031250000,0.00000000000000000,0.00000000000000000,0.00000000000000000,0.00012207031250000,0.00195312500000000,0.00024414062500000,0.00012207031250000,0.00048828125000000,0.00390625000000000,0.00006103515625000,0.00048828125000000,0.00024414062500000,0.00024414062500000,0.00006103515625000,0.00006103515625000,0.51253030910311526,2
0.00024414062500000,0.00195312500000000,0.00024414062500000,0.00012207031250000,0.00048828125000000,0.00390625000000000,0.00012207031250000,0.00048828125000000,0.00024414062500000,0.00024414062500000,0.00006103515625000,0.00006103515625000,0.00000000000000000,0.00000000000000000,0.00000000000000000,0.00000000000000000,0.51325716790048437,1
0.00024414062500000,0.00195312500000000,0.00024414062500000,0.00012207031250000,0.00048828125000000,0.00390625000000000,0.00012207031250000,0.00048828125000000,0.00048828125000000,0.00012207031250000,0.00000000000000000,0.00000000000000000,0.00006103515625000,0.00000000000000000,0.00000000000000000,0.00000000000000000,0.51445261065748038,1
0.00024414062500000,0.00195312500000000,0.00024414062500000,0.00012207031250000,0.00048828125000000,0.00390625000000000,0.00012207031250000,0.00048828125000000,0.00000000000000000,0.00006103515625000,0.00048828125000000,0.00012207031250000,0.00000000000000000,0.00000000000000000,0.00000000000000000,0.00006103515625000,0.51445261065748038,2
0.00024414062500000,0.00195312500000000,0.00024414062500000,0.00012207031250000,0.00048828125000000,0.00390625000000000,0.00012207031250000,0.00048828125000000,0.00006103515625000,0.00048828125000000,0.00012207031250000,0.00006103515625000,0.00006103515625000,0.00000000000000000,0.00000000000000000,0.00000000000000000,0.51445261065748038,0
0.00024414062500000,0.00195312500000000,0.00024414062500000,0.00012207031250000,0.00048828125000000,0.00390625000000000,0.00024414062500000,0.00048828125000000,0.00012207031250000,0.00048828125000000,0.00000000000000000,0.00006103515625000,0.00000000000000000,0.00000000000000000,0.00000000000000000,0.00006103515625000,0.51516051276595520,3
0.00024414062500000,0.00195312500000000,0.00048828125000000,0.00012207031250000,0.00048828125000000,0.00390625000000000,0.00000000000000000,0.00048828125000000,0.00012207031250000,0.00048828125000000,0.00000000000000000,0.00012207031250000,0.00006103515625000,0.00000000000000000,0.00000000000000000,0.00000000000000000,0.51632517849902493,3
0.00024414062500000,0.00000000000000000,0.00000000000000000,0.00000000000000000,0.00048828125000000,0.00195312500000000,0.00006103515625000,0.00012207031250000,0.00012207031250000,0.00390625000000000,0.00000000000000000,0.00048828125000000,0.00006103515625000,0.00048828125000000,0.00048828125000000,0.00012207031250000,0.51632517849902493,0
0.00024414062500000,0.00000000000000000,0.00000000000000000,0.00000000000000000,0.00048828125000000,0.00195312500000000,0.00006103515625000,0.00012207031250000,0.00012207031250000,0.00390625000000000,0.00048828125000000,0.00000000000000000,0.00006103515625000,0.00097656250000000,0.00012207031250000,0.00006103515625000,0.51815052127788552,0
0.00024414062500000,0.00000000000000000,0.00000000000000000,0.00012207031250000,0.00048828125000000,0.00195312500000000,0.00006103515625000,0.00000000000000000,0.00012207031250000,0.00390625000000000,0.00048828125000000,0.00012207031250000,0.00006103515625000,0.00097656250000000,0.00012207031250000,0.00006103515625000,0.51815052127788552,1
0.00024414062500000,0.00195312500000000,0.00006103515625000,0.00024414062500000,0.00048828125000000,0.00390625000000000,0.00048828125000000,0.00006103515625000,0.00012207031250000,0.00097656250000000,0.00012207031250000,0.00000000000000000,0.00006103515625000,0.00000000000000000,0.00006103515625000,0.00000000000000000,0.51859975414673232,1
0.00024414062500000,0.00000000000000000,0.00006103515625000,0.00000000000000000,0.00048828125000000,0.00195312500000000,0.00048828125000000,0.00006103515625000,0.00012207031250000,0.00390625000000000,0.00012207031250000,0.00024414062500000,0.00006103515625000,0.00097656250000000,0.00006103515625000,0.00006103515625000,0.51859975414673232,0
0.00024414062500000,0.00006103515625000,0.00000000000000000,0.00000000000000000,0.00048828125000000,0.00195312500000000,0.00048828125000000,0.00006103515625000,0.00012207031250000,0.00390625000000000,0.00012207031250000,0.00024414062500000,0.00006103515625000,0.00097656250000000,0.00012207031250000,0.00012207031250000,0.51882332934734665,0
0.00024414062500000,0.00006103515625000,0.00000000000000000,0.00012207031250000,0.00048828125000000,0.00195312500000000,0.00048828125000000,0.00006103515625000,0.00012207031250000,0.00390625000000000,0.00012207031250000,0.00024414062500000,0.00006103515625000,0.00097656250000000,0.00024414062500000,0.00000000000000000,0.51926841861238326,1
0.00024414062500000,0.00006103515625000,0.00006103515625000,0.00000000000000000,0.00048828125000000,0.00195312500000000,0.00048828125000000,0.00012207031250000,0.00012207031250000,0.00390625000000000,0.00012207031250000,0.00006103515625000,0.00006103515625000,0.00097656250000000,0.00024414062500000,0.00024414062500000,0.51926841861238326,3
0.00024414062500000,0.00012207031250000,0.00000000000000000,0.00000000000000000,0.00048828125000000,0.00195312500000000,0.00048828125000000,0.00012207031250000,0.00012207031250000,0.00390625000000000,0.00012207031250000,0.00006103515625000,0.00006103515625000,0.00097656250000000,0.00048828125000000,0.00006103515625000,0.52036931304547107,3
0.00000000000000000,0.00006103515625000,0.00024414062500000,0.00012207031250000,0.00048828125000000,0.00195312500000000,0.00048828125000000,0.00012207031250000,0.00012207031250000,0.00390625000000000,0.00012207031250000,0.00006103515625000,0.00006103515625000,0.00097656250000000,0.00048828125000000,0.00006103515625000,0.52036931304547107,0
0.00006103515625000,0.00024414062500000,0.00012207031250000,0.00006103515625000,0.00048828125000000,0.00195312500000000,0.00048828125000000,0.00012207031250000,0.00012207031250000,0.00390625000000000,0.00012207031250000,0.00006103515625000,0.00006103515625000,0.00097656250000000,0.00048828125000000,0.00006103515625000,0.52036931304547107,1
0.00006103515625000,0.00024414062500000,0.00012207031250000,0.00006103515625000,0.00048828125000000,0.00195312500000000,0.00048828125000000,0.00012207031250000,0.00012207031250000,0.00390625000000000,0.00012207031250000,0.00012207031250000,0.00006103515625000,0.00097656250000000,0.00048828125000000,0.00006103515625000,0.52058749682378869,2
0.00006103515625000,0.00024414062500000,0.00012207031250000,0.00012207031250000,0.00048828125000000,0.00195312500000000,0.00048828125000000,0.00006103515625000,0.00012207031250000,0.00390625000000000,0.00012207031250000,0.00024414062500000,0.00006103515625000,0.00097656250000000,0.00048828125000000,0.00006103515625000,0.52102190121033076,2
0.00006103515625000,0.00006103515625000,0.00024414062500000,0.00024414062500000,0.00048828125000000,0.00195312500000000,0.00048828125000000,0.00006103515625000,0.00012207031250000,0.00390625000000000,0.00012207031250000,0.00024414062500000,0.00006103515625000,0.00097656250000000,0.00048828125000000,0.00006103515625000,0.52145371405640450,3
0.00000000000000000,0.00006103515625000,0.00012207031250000,0.00048828125000000,0.00048828125000000,0.00195312500000000,0.00048828125000000,0.00006103515625000,0.00012207031250000,0.00390625000000000,0.00012207031250000,0.00024414062500000,0.00006103515625000,0.00097656250000000,0.00048828125000000,0.00006103515625000,0.52252210856279580,2
0.00006103515625000,0.00012207031250000,0.00048828125000000,0.00006103515625000,0.00048828125000000,0.00195312500000000,0.00048828125000000,0.00006103515625000,0.00012207031250000,0.00390625000000000,0.00012207031250000,0.00024414062500000,0.00006103515625000,0.00097656250000000,0.00048828125000000,0.00006103515625000,0.52252210856279580,0
0.00006103515625000,0.00012207031250000,0.00097656250000000,0.00012207031250000,0.00048828125000000,0.00195312500000000,0.00012207031250000,0.00024414062500000,0.00012207031250000,0.00390625000000000,0.00048828125000000,0.00006103515625000,0.00006103515625000,0.00097656250000000,0.00000000000000000,0.00006103515625000,0.52440635588096240,0
0.00006103515625000,0.00012207031250000,0.00006103515625000,0.00000000000000000,0.00048828125000000,0.00195312500000000,0.00097656250000000,0.00012207031250000,0.00012207031250000,0.00390625000000000,0.00012207031250000,0.00024414062500000,0.00006103515625000,0.00097656250000000,0.00048828125000000,0.00012207031250000,0.52461272070684972,0
0.00006103515625000,0.00012207031250000,0.00006103515625000,0.00012207031250000,0.00048828125000000,0.00195312500000000,0.00097656250000000,0.00024414062500000,0.00012207031250000,0.00390625000000000,0.00012207031250000,0.00012207031250000,0.00006103515625000,0.00097656250000000,0.00048828125000000,0.00006103515625000,0.52461272070684972,3
0.00006103515625000,0.00012207031250000,0.00006103515625000,0.00012207031250000,0.00048828125000000,0.00195312500000000,0.00097656250000000,0.00024414062500000,0.00012207031250000,0.00390625000000000,0.00024414062500000,0.00006103515625000,0.00006103515625000,0.00097656250000000,0.00048828125000000,0.00006103515625000,0.52502369364142643,1
0.00006103515625000,0.00012207031250000,0.00006103515625000,0.00012207031250000,0.00048828125000000,0.00195312500000000,0.00097656250000000,0.00012207031250000,0.00012207031250000,0.00390625000000000,0.00024414062500000,0.00024414062500000,0.00006103515625000,0.00097656250000000,0.00048828125000000,0.00012207031250000,0.52522830837457668,2
0.00006103515625000,0.00012207031250000,0.00006103515625000,0.00006103515625000,0.00048828125000000,0.00195312500000000,0.00097656250000000,0.00024414062500000,0.00012207031250000,0.00390625000000000,0.00024414062500000,0.00024414062500000,0.00006103515625000,0.00097656250000000,0.00048828125000000,0.00012207031250000,0.52563581072408816,2
0.00006103515625000,0.00012207031250000,0.00006103515625000,0.00006103515625000,0.00048828125000000,0.00195312500000000,0.00097656250000000,0.00006103515625000,0.00012207031250000,0.00390625000000000,0.00024414062500000,0.00048828125000000,0.00006103515625000,0.00097656250000000,0.00048828125000000,0.00012207031250000,0.52644399680233156,1
0.00006103515625000,0.00012207031250000,0.00012207031250000,0.00006103515625000,0.00048828125000000,0.00195312500000000,0.00097656250000000,0.00006103515625000,0.00012207031250000,0.00390625000000000,0.00024414062500000,0.00048828125000000,0.00006103515625000,0.00097656250000000,0.00048828125000000,0.00012207031250000,0.52664464118209442,3
0.00006103515625000,0.00012207031250000,0.00012207031250000,0.00006103515625000,0.00048828125000000,0.00195312500000000,0.00097656250000000,0.00012207031250000,0.00012207031250000,0.00390625000000000,0.00024414062500000,0.00048828125000000,0.00006103515625000,0.00097656250000000,0.00048828125000000,0.00012207031250000,0.52684473091186246,2
0.00006103515625000,0.00024414062500000,0.00006103515625000,0.00006103515625000,0.00048828125000000,0.00195312500000000,0.00097656250000000,0.00012207031250000,0.00012207031250000,0.00390625000000000,0.00024414062500000,0.00048828125000000,0.00006103515625000,0.00097656250000000,0.00048828125000000,0.00012207031250000,0.52724325862833166,3
0.00000000000000000,0.00000000000000000,0.00000000000000000,0.00000000000000000,0.00006103515625000,0.00000000000000000,0.00000000000000000,0.00000000000000000,0.00000000000000000,0.00000000000000000,0.00000000000000000,0.00000000000000000,0.00000000000000000,0.00006103515625000,0.00000000000000000,0.00000000000000000,0.00000000000000000,3
0.00000000000000000,0.00000000000000000,0.00000000000000000,0.00000000000000000,0.00000000000000000,0.00006103515625000,0.00000000000000000,0.00006103515625000,0.00000000000000000,0.00000000000000000,0.00000000000000000,0.00000000000000000,0.00000000000000000,0.00000000000000000,0.00000000000000000,0.00006103515625000,0.00000000000000000,1
0.00000000000000000,0.00000000000000000,0.00000000000000000,0.00006103515625000,0.00000000000000000,0.00000000000000000,0.00000000000000000,0.00012207031250000,0.00000000000000000,0.00000000000000000,0.00000000000000000,0.00000000000000000,0.00000000000000000,0.00000000000000000,0.00000000000000000,0.00006103515625000,0.11649500072266981,2
0.00006103515625000,0.00000000000000000,0.00000000000000000,0.00000000000000000,0.00012207031250000,0.00000000000000000,0.00000000000000000,0.00006103515625000,0.00000000000000000,0.00000000000000000,0.00000000000000000,0.00000000000000000,0.00006103515625000,0.00000000000000000,0.00000000000000000,0.00000000000000000,0.11649500072266981,3
0.00006103515625000,0.00000000000000000,0.00000000000000000,0.00000000000000000,0.00012207031250000,0.00006103515625000,0.00000000000000000,0.00000000000000000,0.00000000000000000,0.00000000000000000,0.00000000000000000,0.00006103515625000,0.00006103515625000,0.00000000000000000,0.00000000000000000,0.00000000000000000,0.11649500072266981,0
0.00000000000000000,0.00000000000000000,0.00006103515625000,0.00000000000000000,0.00006103515625000,0.00000000000000000,0.00000000000000000,0.00000000000000000,0.00012207031250000,0.00000000000000000,0.00000000000000000,0.00000000000000000,0.00006103515625000,0.00006103515625000,0.00000000000000000,0.00006103515625000,0.11649500072266981,1
0.00000000000000000,0.00000000000000000,0.00000000000000000,0.00000000000000000,0.00006103515625000,0.00000000000000000,0.00000000000000000,0.00000000000000000,0.00012207031250000,0.00006103515625000,0.00000000000000000,0.00000000000000000,0.00006103515625000,0.00006103515625000,0.00006103515625000,0.00006103515625000,0.11649500072266981,3
0.00000000000000000,0.00000000000000000,0.00000000000000000,0.00000000000000000,0.00000000000000000,0.00000000000000000,0.00000000000000000,0.00006103515625000,0.00006103515625000,0.00000000000000000,0.00012207031250000,0.00006103515625000,0.00000000000000000,0.00000000000000000,0.00012207031250000,0.00012207031250000,0.18565722538447280,3
0.00006103515625000,0.00000000000000000,0.00024414062500000,0.00012207031250000,0.00000000000000000,0.00000000000000000,0.00000000000000000,0.00012207031250000,0.00000000000000000,0.00006103515625000,0.00000000000000000,0.00000000000000000,0.00000000000000000,0.00000000000000000,0.00000000000000000,0.00000000000000000,0.23299000144533963,0
0.00000000000000000,0.00006103515625000,0.00024414062500000,0.00012207031250000,0.00000000000000000,0.00000000000000000,0.00000000000000000,0.00012207031250000,0.00000000000000000,0.00000000000000000,0.00000000000000000,0.00006103515625000,0.00006103515625000,0.00000000000000000,0.00000000000000000,0.00000000000000000,0.23299000144533963,0
0.00000000000000000,0.00006103515625000,0.00024414062500000,0.00012207031250000,0.00000000000000000,0.00000000000000000,0.00000000000000000,0.00012207031250000,0.00000000000000000,0.00000000000000000,0.00006103515625000,0.00006103515625000,0.00000000000000000,0.00000000000000000,0.00000000000000000,0.00006103515625000,0.23299000144533963,0
0.00000000000000000,0.00000000000000000,0.00000000000000000,0.00000000000000000,0.00000000000000000,0.00006103515625000,0.00000000000000000,0.00000000000000000,0.00000000000000000,0.00000000000000000,0.00024414062500000,0.00024414062500000,0.00000000000000000,0.00006103515625000,0.00006103515625000,0.00012207031250000,0.26136695401116583,1
0.00000000000000000,0.00000000000000000,0.00000000000000000,0.00000000000000000,0.00006103515625000,0.00000000000000000,0.00000000000000000,0.00006103515625000,0.00000000000000000,0.00000000000000000,0.00000000000000000,0.00048828125000000,0.00000000000000000,0.00000000000000000,0.00012207031250000,0.00012207031250000,0.29264580927874856,3
0.00000000000000000,0.00000000000000000,0.00000000000000000,0.00000000000000000,0.00012207031250000,0.00000000000000000,0.00000000000000000,0.00000000000000000,0.00048828125000000,0.00000000000000000,0.00000000000000000,0.00006103515625000,0.00024414062500000,0.00000000000000000,0.00000000000000000,0.00000000000000000,0.30647484845620920,1
0.00000000000000000,0.00000000000000000,0.00000000000000000,0.00000000000000000,0.00000000000000000,0.00000000000000000,0.00000000000000000,0.00012207031250000,0.00000000000000000,0.00000000000000000,0.00048828125000000,0.00006103515625000,0.00000000000000000,0.00000000000000000,0.00006103515625000,0.00024414062500000,0.30647484845620920,2
0.00000000000000000,0.00000000000000000,0.00000000000000000,0.00000000000000000,0.00012207031250000,0.00000000000000000,0.00000000000000000,0.00000000000000000,0.00048828125000000,0.00006103515625000,0.00006103515625000,0.00000000000000000,0.00006103515625000,0.00024414062500000,0.00000000000000000,0.00000000000000000,0.30647484845620920,0
0.00012207031250000,0.00006103515625000,0.00006103515625000,0.00000000000000000,0.00048828125000000,0.00024414062500000,0.00000000000000000,0.00000000000000000,0.00006103515625000,0.00000000000000000,0.00000000000000000,0.00000000000000000,0.00000000000000000,0.00000000000000000,0.00000000000000000,0.00006103515625000,0.30647484845620920,1
0.00000000000000000,0.00000000000000000,0.00000000000000000,0.00000000000000000,0.00012207031250000,0.00000000000000000,0.00006103515625000,0.00000000000000000,0.00048828125000000,0.00006103515625000,0.00000000000000000,0.00000000000000000,0.00006103515625000,0.00024414062500000,0.00006103515625000,0.00006103515625000,0.30647484845620920,2
0.00012207031250000,0.00006103515625000,0.00012207031250000,0.00006103515625000,0.00048828125000000,0.00024414062500000,0.00000000000000000,0.00006103515625000,0.00006103515625000,0.00000000000000000,0.00000000000000000,0.00000000000000000,0.00000000000000000,0.00000000000000000,0.00000000000000000,0.00000000000000000,0.31055381002007598,3
0.00012207031250000,0.00006103515625000,0.00012207031250000,0.00006103515625000,0.00000000000000000,0.00048828125000000,0.00024414062500000,0.00006103515625000,0.00000000000000000,0.00000000000000000,0.00006103515625000,0.00006103515625000,0.00000000000000000,0.00000000000000000,0.00000000000000000,0.00000000000000000,0.31055381002007598,1
0.00012207031250000,0.00006103515625000,0.00012207031250000,0.00006103515625000,0.00048828125000000,0.00024414062500000,0.00006103515625000,0.00000000000000000,0.00012207031250000,0.00000000000000000,0.00000000000000000,0.00000000000000000,0.00000000000000000,0.00000000000000000,0.00000000000000000,0.00006103515625000,0.31441512086208029,2
0.00012207031250000,0.00006103515625000,0.00012207031250000,0.00006103515625000,0.00000000000000000,0.00048828125000000,0.00024414062500000,0.00006103515625000,0.00000000000000000,0.00006103515625000,0.00000000000000000,0.00012207031250000,0.00000000000000000,0.00000000000000000,0.00000000000000000,0.00006103515625000,0.31441512086208029,2
0.00000000000000000,0.00006103515625000,0.00000000000000000,0.00000000000000000,0.00000000000000000,0.00006103515625000,0.00000000000000000,0.00012207031250000,0.00000000000000000,0.00048828125000000,0.00012207031250000,0.00012207031250000,0.00012207031250000,0.00006103515625000,0.00024414062500000,0.00006103515625000,0.31808083647977498,0
0.00000000000000000,0.00006103515625000,0.00000000000000000,0.00000000000000000,0.00000000000000000,0.00012207031250000,0.00000000000000000,0.00000000000000000,0.00000000000000000,0.00048828125000000,0.00012207031250000,0.00024414062500000,0.00012207031250000,0.00006103515625000,0.00024414062500000,0.00006103515625000,0.32808049142565582,0
0.00006103515625000,0.00000000000000000,0.00000000000000000,0.00000000000000000,0.00012207031250000,0.00006103515625000,0.00000000000000000,0.00000000000000000,0.00048828125000000,0.00012207031250000,0.00024414062500000,0.00000000000000000,0.00012207031250000,0.00006103515625000,0.00024414062500000,0.00006103515625000,0.32808049142565582,0
0.00000000000000000,0.00006103515625000,0.00000000000000000,0.00006103515625000,0.00000000000000000,0.00000000000000000,0.00012207031250000,0.00006103515625000,0.00000000000000000,0.00048828125000000,0.00012207031250000,0.00024414062500000,0.00012207031250000,0.00006103515625000,0.00024414062500000,0.00006103515625000,0.32808049142565582,0
0.00000000000000000,0.00000000000000000,0.00012207031250000,0.00000000000000000,0.00000000000000000,0.00006103515625000,0.00000000000000000,0.00012207031250000,0.00000000000000000,0.00048828125000000,0.00024414062500000,0.00024414062500000,0.00012207031250000,0.00006103515625000,0.00024414062500000,0.00006103515625000,0.33686488317832303,0
0.00000000000000000,0.00000000000000000,0.00000000000000000,0.00006103515625000,0.00000000000000000,0.00006103515625000,0.00000000000000000,0.00012207031250000,0.00000000000000000,0.00048828125000000,0.00012207031250000,0.00024414062500000,0.00012207031250000,0.00006103515625000,0.00048828125000000,0.00006103515625000,0.34713089505274169,0
0.00012207031250000,0.00006103515625000,0.00012207031250000,0.00006103515625000,0.00000000000000000,0.00048828125000000,0.00048828125000000,0.00012207031250000,0.00006103515625000,0.00006103515625000,0.00000000000000000,0.00024414062500000,0.00000000000000000,0.00000000000000000,0.00000000000000000,0.00006103515625000,0.34713089505274169,0
0.00012207031250000,0.00006103515625000,0.00012207031250000,0.00006103515625000,0.00000000000000000,0.00000000000000000,0.00097656250000000,0.00012207031250000,0.00006103515625000,0.00000000000000000,0.00012207031250000,0.00024414062500000,0.00000000000000000,0.00000000000000000,0.00000000000000000,0.00006103515625000,0.36598327540153891,0
0.00012207031250000,0.00006103515625000,0.00012207031250000,0.00006103515625000,0.00097656250000000,0.00012207031250000,0.00000000000000000,0.00000000000000000,0.00006103515625000,0.00012207031250000,0.00024414062500000,0.00000000000000000,0.00006103515625000,0.00006103515625000,0.00000000000000000,0.00000000000000000,0.36598327540153891,1
0.00012207031250000,0.00006103515625000,0.00012207031250000,0.00006103515625000,0.00097656250000000,0.00024414062500000,0.00024414062500000,0.00000000000000000,0.00012207031250000,0.00006103515625000,0.00006103515625000,0.00000000000000000,0.00000000000000000,0.00000000000000000,0.00000000000000000,0.00000000000000000,0.37131445076894559,2
0.00000000000000000,0.00000000000000000,0.00000000000000000,0.00006103515625000,0.00012207031250000,0.00006103515625000,0.00012207031250000,0.00000000000000000,0.00097656250000000,0.00024414062500000,0.00024414062500000,0.00000000000000000,0.00012207031250000,0.00006103515625000,0.00006103515625000,0.00006103515625000,0.37131445076894559,0
0.00006103515625000,0.00000000000000000,0.00000000000000000,0.00000000000000000,0.00012207031250000,0.00006103515625000,0.00012207031250000,0.00006103515625000,0.00097656250000000,0.00048828125000000,0.00000000000000000,0.00000000000000000,0.00012207031250000,0.00012207031250000,0.00006103515625000,0.00000000000000000,0.37941030069554071,3
0.00006103515625000,0.00000000000000000,0.00006103515625000,0.00000000000000000,0.00012207031250000,0.00006103515625000,0.00000000000000000,0.00000000000000000,0.00097656250000000,0.00048828125000000,0.00012207031250000,0.00000000000000000,0.00012207031250000,0.00012207031250000,0.00006103515625000,0.00006103515625000,0.37941030069554071,0
0.00006103515625000,0.00000000000000000,0.00000000000000000,0.00000000000000000,0.00012207031250000,0.00006103515625000,0.00006103515625000,0.00006103515625000,0.00097656250000000,0.00048828125000000,0.00012207031250000,0.00000000000000000,0.00012207031250000,0.00012207031250000,0.00006103515625000,0.00006103515625000,0.37941030069554071,2
0.00006103515625000,0.00006103515625000,0.00000000000000000,0.00000000000000000,0.00012207031250000,0.00006103515625000,0.00006103515625000,0.00000000000000000,0.00097656250000000,0.00048828125000000,0.00012207031250000,0.00000000000000000,0.00012207031250000,0.00012207031250000,0.00006103515625000,0.00012207031250000,0.38092621816796229,0
0.00000000000000000,0.00000000000000000,0.00000000000000000,0.00012207031250000,0.00000000000000000,0.00000000000000000,0.00012207031250000,0.00012207031250000,0.00006103515625000,0.00097656250000000,0.00048828125000000,0.00012207031250000,0.00000000000000000,0.00024414062500000,0.00006103515625000,0.00012207031250000,0.38669104768517570,1
0.00000000000000000,0.00000000000000000,0.00000000000000000,0.00012207031250000,0.00000000000000000,0.00000000000000000,0.00000000000000000,0.00024414062500000,0.00006103515625000,0.00097656250000000,0.00048828125000000,0.00012207031250000,0.00006103515625000,0.00024414062500000,0.00006103515625000,0.00012207031250000,0.38940995564142161,0
0.00000000000000000,0.00000000000000000,0.00000000000000000,0.00000000000000000,0.00006103515625000,0.00000000000000000,0.00000000000000000,0.00012207031250000,0.00000000000000000,0.00097656250000000,0.00048828125000000,0.00024414062500000,0.00012207031250000,0.00024414062500000,0.00006103515625000,0.00024414062500000,0.39330591372331464,0
0.00006103515625000,0.00097656250000000,0.00048828125000000,0.00012207031250000,0.00012207031250000,0.00024414062500000,0.00006103515625000,0.00048828125000000,0.00000000000000000,0.00000000000000000,0.00000000000000000,0.00006103515625000,0.00000000000000000,0.00000000000000000,0.00000000000000000,0.00000000000000000,0.39819434739408877,1
0.00000000000000000,0.00000000000000000,0.00000000000000000,0.00000000000000000,0.00000000000000000,0.00000000000000000,0.00012207031250000,0.00012207031250000,0.00006103515625000,0.00097656250000000,0.00048828125000000,0.00048828125000000,0.00012207031250000,0.00024414062500000,0.00006103515625000,0.00006103515625000,0.39819434739408877,0
0.00006103515625000,0.00097656250000000,0.00012207031250000,0.00012207031250000,0.00012207031250000,0.00024414062500000,0.00048828125000000,0.00048828125000000,0.00006103515625000,0.00000000000000000,0.00006103515625000,0.00006103515625000,0.00000000000000000,0.00000000000000000,0.00000000000000000,0.00000000000000000,0.39819434739408877,1
0.00006103515625000,0.00097656250000000,0.00024414062500000,0.00000000000000000,0.00012207031250000,0.00024414062500000,0.00097656250000000,0.00000000000000000,0.00012207031250000,0.00006103515625000,0.00006103515625000,0.00000000000000000,0.00000000000000000,0.00000000000000000,0.00000000000000000,0.00000000000000000,0.41014964045942465,3
0.00006103515625000,0.00097656250000000,0.00024414062500000,0.00000000000000000,0.00024414062500000,0.00024414062500000,0.00097656250000000,0.00000000000000000,0.00000000000000000,0.00006103515625000,0.00006103515625000,0.00006103515625000,0.00000000000000000,0.00000000000000000,0.00000000000000000,0.00000000000000000,0.41212607488620207,3
0.00006103515625000,0.00097656250000000,0.00024414062500000,0.00006103515625000,0.00024414062500000,0.00024414062500000,0.00097656250000000,0.00000000000000000,0.00000000000000000,0.00006103515625000,0.00006103515625000,0.00000000000000000,0.00006103515625000,0.00000000000000000,0.00000000000000000,0.00000000000000000,0.41212607488620207,1
0.00006103515625000,0.00097656250000000,0.00024414062500000,0.00006103515625000,0.00000000000000000,0.00000000000000000,0.00048828125000000,0.00097656250000000,0.00000000000000000,0.00000000000000000,0.00000000000000000,0.00012207031250000,0.00000000000000000,0.00000000000000000,0.00006103515625000,0.00006103515625000,0.41684321036962529,2
0.00006103515625000,0.00000000000000000,0.00000000000000000,0.00006103515625000,0.00000000000000000,0.00000000000000000,0.00024414062500000,0.00097656250000000,0.00000000000000000,0.00000000000000000,0.00048828125000000,0.00012207031250000,0.00006103515625000,0.00097656250000000,0.00006103515625000,0.00006103515625000,0.41684321036962529,2
0.00000000000000000,0.00000000000000000,0.00000000000000000,0.00012207031250000,0.00000000000000000,0.00000000000000000,0.00024414062500000,0.00097656250000000,0.00006103515625000,0.00000000000000000,0.00048828125000000,0.00012207031250000,0.00000000000000000,0.00006103515625000,0.00097656250000000,0.00012207031250000,0.41864722682981242,3
0.00006103515625000,0.00006103515625000,0.00024414062500000,0.00012207031250000,0.00006103515625000,0.00000000000000000,0.00048828125000000,0.00097656250000000,0.00000000000000000,0.00000000000000000,0.00097656250000000,0.00024414062500000,0.00000000000000000,0.00000000000000000,0.00000000000000000,0.00000000000000000,0.42040737225105329,3
0.00006103515625000,0.00012207031250000,0.00024414062500000,0.00012207031250000,0.00000000000000000,0.00006103515625000,0.00048828125000000,0.00097656250000000,0.00000000000000000,0.00000000000000000,0.00097656250000000,0.00024414062500000,0.00000000000000000,0.00000000000000000,0.00000000000000000,0.00000000000000000,0.42127165014522311,2
0.00000000000000000,0.00000000000000000,0.00000000000000000,0.00000000000000000,0.00000000000000000,0.00000000000000000,0.00024414062500000,0.00012207031250000,0.00006103515625000,0.00012207031250000,0.00048828125000000,0.00097656250000000,0.00006103515625000,0.00006103515625000,0.00097656250000000,0.00024414062500000,0.42127165014522311,3
0.00012207031250000,0.00000000000000000,0.00000000000000000,0.00000000000000000,0.00024414062500000,0.00012207031250000,0.00000000000000000,0.00000000000000000,0.00006103515625000,0.00012207031250000,0.00048828125000000,0.00097656250000000,0.00012207031250000,0.00097656250000000,0.00024414062500000,0.00000000000000000,0.42212572983208291,3
0.00012207031250000,0.00000000000000000,0.00000000000000000,0.00006103515625000,0.00024414062500000,0.00000000000000000,0.00000000000000000,0.00000000000000000,0.00006103515625000,0.00024414062500000,0.00048828125000000,0.00000000000000000,0.00012207031250000,0.00097656250000000,0.00024414062500000,0.00097656250000000,0.42380423782652993,2
0.00012207031250000,0.00000000000000000,0.00000000000000000,0.00000000000000000,0.00024414062500000,0.00000000000000000,0.00006103515625000,0.00000000000000000,0.00006103515625000,0.00024414062500000,0.00048828125000000,0.00006103515625000,0.00012207031250000,0.00097656250000000,0.00024414062500000,0.00097656250000000,0.42380423782652993,3
0.00012207031250000,0.00000000000000000,0.00000000000000000,0.00000000000000000,0.00024414062500000,0.00006103515625000,0.00000000000000000,0.00006103515625000,0.00006103515625000,0.00024414062500000,0.00048828125000000,0.00006103515625000,0.00012207031250000,0.00097656250000000,0.00024414062500000,0.00097656250000000,0.42380423782652993,0
0.00012207031250000,0.00006103515625000,0.00048828125000000,0.00012207031250000,0.00024414062500000,0.00024414062500000,0.00024414062500000,0.00097656250000000,0.00006103515625000,0.00097656250000000,0.00000000000000000,0.00000000000000000,0.00012207031250000,0.00006103515625000,0.00000000000000000,0.00000000000000000,0.42462911756463706,3
0.00012207031250000,0.00006103515625000,0.00048828125000000,0.00012207031250000,0.00048828125000000,0.00024414062500000,0.00097656250000000,0.00000000000000000,0.00006103515625000,0.00097656250000000,0.00012207031250000,0.00000000000000000,0.00012207031250000,0.00006103515625000,0.00000000000000000,0.00000000000000000,0.42783772769317668,3
0.00012207031250000,0.00006103515625000,0.00006103515625000,0.00000000000000000,0.00048828125000000,0.00024414062500000,0.00048828125000000,0.00000000000000000,0.00006103515625000,0.00097656250000000,0.00097656250000000,0.00000000000000000,0.00012207031250000,0.00006103515625000,0.00012207031250000,0.00012207031250000,0.42783772769317668,3
0.00012207031250000,0.00012207031250000,0.00000000000000000,0.00000000000000000,0.00048828125000000,0.00024414062500000,0.00048828125000000,0.00000000000000000,0.00006103515625000,0.00195312500000000,0.00000000000000000,0.00000000000000000,0.00012207031250000,0.00006103515625000,0.00024414062500000,0.00006103515625000,0.44139333516348861,2
0.00012207031250000,0.00012207031250000,0.00000000000000000,0.00006103515625000,0.00048828125000000,0.00024414062500000,0.00000000000000000,0.00000000000000000,0.00006103515625000,0.00195312500000000,0.00048828125000000,0.00000000000000000,0.00012207031250000,0.00006103515625000,0.00024414062500000,0.00006103515625000,0.44139333516348861,0
0.00012207031250000,0.00012207031250000,0.00048828125000000,0.00012207031250000,0.00048828125000000,0.00024414062500000,0.00024414062500000,0.00006103515625000,0.00006103515625000,0.00195312500000000,0.00000000000000000,0.00000000000000000,0.00012207031250000,0.00006103515625000,0.00000000000000000,0.00000000000000000,0.44204105683388722,2
0.00012207031250000,0.00012207031250000,0.00006103515625000,0.00000000000000000,0.00048828125000000,0.00024414062500000,0.00000000000000000,0.00000000000000000,0.00006103515625000,0.00195312500000000,0.00048828125000000,0.00012207031250000,0.00012207031250000,0.00006103515625000,0.00024414062500000,0.00006103515625000,0.44204105683388722,3
0.00012207031250000,0.00012207031250000,0.00006103515625000,0.00012207031250000,0.00048828125000000,0.00024414062500000,0.00048828125000000,0.00006103515625000,0.00006103515625000,0.00195312500000000,0.00024414062500000,0.00000000000000000,0.00012207031250000,0.00006103515625000,0.00000000000000000,0.00006103515625000,0.44204105683388722,1
0.00012207031250000,0.00012207031250000,0.00006103515625000,0.00012207031250000,0.00048828125000000,0.00024414062500000,0.00048828125000000,0.00012207031250000,0.00006103515625000,0.00195312500000000,0.00024414062500000,0.00006103515625000,0.00012207031250000,0.00006103515625000,0.00000000000000000,0.00000000000000000,0.44268303366880529,3
0.00024414062500000,0.00006103515625000,0.00012207031250000,0.00000000000000000,0.00048828125000000,0.00024414062500000,0.00048828125000000,0.00012207031250000,0.00006103515625000,0.00195312500000000,0.00024414062500000,0.00006103515625000,0.00012207031250000,0.00006103515625000,0.00006103515625000,0.00000000000000000,0.44395015423160800,3
0.00024414062500000,0.00006103515625000,0.00012207031250000,0.00000000000000000,0.00048828125000000,0.00024414062500000,0.00048828125000000,0.00006103515625000,0.00006103515625000,0.00195312500000000,0.00024414062500000,0.00012207031250000,0.00012207031250000,0.00006103515625000,0.00006103515625000,0.00006103515625000,0.44395015423160800,2
0.00024414062500000,0.00006103515625000,0.00012207031250000,0.00006103515625000,0.00048828125000000,0.00024414062500000,0.00048828125000000,0.00012207031250000,0.00006103515625000,0.00195312500000000,0.00024414062500000,0.00006103515625000,0.00012207031250000,0.00006103515625000,0.00006103515625000,0.00006103515625000,0.44395015423160800,0
0.00024414062500000,0.00006103515625000,0.00012207031250000,0.00006103515625000,0.00048828125000000,0.00024414062500000,0.00048828125000000,0.00012207031250000,0.00006103515625000,0.00195312500000000,0.00024414062500000,0.00006103515625000,0.00012207031250000,0.00012207031250000,0.00006103515625000,0.00012207031250000,0.44457549214832565,2
0.00024414062500000,0.00006103515625000,0.00012207031250000,0.00006103515625000,0.00048828125000000,0.00024414062500000,0.00048828125000000,0.00012207031250000,0.00006103515625000,0.00195312500000000,0.00024414062500000,0.00006103515625000,0.00006103515625000,0.00024414062500000,0.00006103515625000,0.00012207031250000,0.44581019012296857,1
0.00000000000000000,0.00000000000000000,0.00000000000000000,0.00000000000000000,0.00000000000000000,0.00000000000000000,0.00000000000000000,0.00000000000000000,0.00000000000000000,0.00000000000000000,0.00000000000000000,0.00006103515625000,0.00000000000000000,0.00000000000000000,0.00000000000000000,0.00006103515625000,0.00000000000000000,0
0.00000000000000000,0.00000000000000000,0.00000000000000000,0.00000000000000000,0.00000000000000000,0.00000000000000000,0.00000000000000000,0.00000000000000000,0.00000000000000000,0.00000000000000000,0.00000000000000000,0.00012207031250000,0.00000000000000000,0.00000000000000000,0.00000000000000000,0.00012207031250000,0.11649500072266981,1
0.00000000000000000,0.00006103515625000,0.00000000000000000,0.00000000000000000,0.00000000000000000,0.00000000000000000,0.00000000000000000,0.00000000000000000,0.00000000000000000,0.00000000000000000,0.00000000000000000,0.00000000000000000,0.00000000000000000,0.00000000000000000,0.00000000000000000,0.00024414062500000,0.18565722538447280,1
0.00006103515625000,0.00000000000000000,0.00000000000000000,0.00000000000000000,0.00000000000000000,0.00012207031250000,0.00000000000000000,0.00000000000000000,0.00000000000000000,0.00000000000000000,0.00000000000000000,0.00000000000000000,0.00024414062500000,0.00000000000000000,0.00000000000000000,0.00000000000000000,0.18565722538447280,3
0.00006103515625000,0.00012207031250000,0.00000000000000000,0.00000000000000000,0.00024414062500000,0.00000000000000000,0.00000000000000000,0.00000000000000000,0.00000000000000000,0.00000000000000000,0.00006103515625000,0.00000000000000000,0.00000000000000000,0.00000000000000000,0.00000000000000000,0.00000000000000000,0.18565722538447280,3
0.00006103515625000,0.00012207031250000,0.00000000000000000,0.00000000000000000,0.00024414062500000,0.00000000000000000,0.00000000000000000,0.00000000000000000,0.00006103515625000,0.00000000000000000,0.00000000000000000,0.00000000000000000,0.00000000000000000,0.00012207031250000,0.00000000000000000,0.00000000000000000,0.18565722538447280,3
0.00000000000000000,0.00000000000000000,0.00006103515625000,0.00012207031250000,0.00000000000000000,0.00000000000000000,0.00012207031250000,0.00024414062500000,0.00000000000000000,0.00000000000000000,0.00000000000000000,0.00006103515625000,0.00000000000000000,0.00000000000000000,0.00000000000000000,0.00012207031250000,0.18565722538447280,2
0.00006103515625000,0.00000000000000000,0.00000000000000000,0.00012207031250000,0.00000000000000000,0.00000000000000000,0.00000000000000000,0.00024414062500000,0.00000000000000000,0.00000000000000000,0.00006103515625000,0.00006103515625000,0.00000000000000000,0.00000000000000000,0.00012207031250000,0.00012207031250000,0.18565722538447280,2
0.00000000000000000,0.00000000000000000,0.00006103515625000,0.00012207031250000,0.00000000000000000,0.00000000000000000,0.00000000000000000,0.00024414062500000,0.00000000000000000,0.00000000000000000,0.00006103515625000,0.00006103515625000,0.00006103515625000,0.00000000000000000,0.00012207031250000,0.00012207031250000,0.18565722538447280,2
0.00006103515625000,0.00012207031250000,0.00000000000000000,0.00000000000000000,0.00024414062500000,0.00000000000000000,0.00000000000000000,0.00000000000000000,0.00012207031250000,0.00000000000000000,0.00000000000000000,0.00006103515625000,0.00006103515625000,0.00024414062500000,0.00000000000000000,0.00000000000000000,0.23299000144533963,1
0.00006103515625000,0.00012207031250000,0.00006103515625000,0.00000000000000000,0.00024414062500000,0.00000000000000000,0.00000000000000000,0.00000000000000000,0.00012207031250000,0.00006103515625000,0.00000000000000000,0.00000000000000000,0.00006103515625000,0.00024414062500000,0.00000000000000000,0.00000000000000000,0.23299000144533963,1
0.00006103515625000,0.00000000000000000,0.00000000000000000,0.00000000000000000,0.00024414062500000,0.00012207031250000,0.00000000000000000,0.00000000000000000,0.00012207031250000,0.00006103515625000,0.00000000000000000,0.00000000000000000,0.00006103515625000,0.00024414062500000,0.00006103515625000,0.00006103515625000,0.23299000144533963,2
0.00006103515625000,0.00012207031250000,0.00006103515625000,0.00006103515625000,0.00024414062500000,0.00006103515625000,0.00000000000000000,0.00000000000000000,0.00012207031250000,0.00024414062500000,0.00006103515625000,0.00000000000000000,0.00006103515625000,0.00000000000000000,0.00000000000000000,0.00000000000000000,0.23299000144533963,2
0.00006103515625000,0.00012207031250000,0.00012207031250000,0.00000000000000000,0.00024414062500000,0.00006103515625000,0.00000000000000000,0.00006103515625000,0.00012207031250000,0.00024414062500000,0.00006103515625000,0.00000000000000000,0.00006103515625000,0.00000000000000000,0.00000000000000000,0.00000000000000000,0.24373299964982600,0
0.00006103515625000,0.00024414062500000,0.00000000000000000,0.00000000000000000,0.00024414062500000,0.00012207031250000,0.00000000000000000,0.00000000000000000,0.00012207031250000,0.00024414062500000,0.00006103515625000,0.00006103515625000,0.00006103515625000,0.00000000000000000,0.00000000000000000,0.00000000000000000,0.26879730945328922,1
0.00006103515625000,0.00024414062500000,0.00006103515625000,0.00006103515625000,0.00024414062500000,0.00012207031250000,0.00000000000000000,0.00000000000000000,0.00012207031250000,0.00024414062500000,0.00000000000000000,0.00000000000000000,0.00006103515625000,0.00000000000000000,0.00000000000000000,0.00006103515625000,0.26879730945328922,3
0.00006103515625000,0.00024414062500000,0.00012207031250000,0.00000000000000000,0.00024414062500000,0.00012207031250000,0.00000000000000000,0.00000000000000000,0.00012207031250000,0.00024414062500000,0.00000000000000000,0.00006103515625000,0.00012207031250000,0.00000000000000000,0.00000000000000000,0.00000000000000000,0.28169934667141894,0
0.00000000000000000,0.00000000000000000,0.00000000000000000,0.00000000000000000,0.00006103515625000,0.00024414062500000,0.00000000000000000,0.00000000000000000,0.00024414062500000,0.00012207031250000,0.00000000000000000,0.00006103515625000,0.00024414062500000,0.00024414062500000,0.00012207031250000,0.00006103515625000,0.29264580927874856,1
0.00000000000000000,0.00000000000000000,0.00000000000000000,0.00000000000000000,0.00000000000000000,0.00000000000000000,0.00006103515625000,0.00024414062500000,0.00000000000000000,0.00024414062500000,0.00012207031250000,0.00006103515625000,0.00006103515625000,0.00048828125000000,0.00012207031250000,0.00006103515625000,0.31055381002007598,2
0.00006103515625000,0.00024414062500000,0.00006103515625000,0.00024414062500000,0.00000000000000000,0.00048828125000000,0.00024414062500000,0.00012207031250000,0.00000000000000000,0.00000000000000000,0.00000000000000000,0.00012207031250000,0.00000000000000000,0.00000000000000000,0.00000000000000000,0.00000000000000000,0.32156982095238212,1
0.00006103515625000,0.00024414062500000,0.00006103515625000,0.00024414062500000,0.00000000000000000,0.00048828125000000,0.00024414062500000,0.00024414062500000,0.00006103515625000,0.00000000000000000,0.00000000000000000,0.00000000000000000,0.00000000000000000,0.00000000000000000,0.00000000000000000,0.00000000000000000,0.32808049142565582,1
0.00006103515625000,0.00024414062500000,0.00006103515625000,0.00024414062500000,0.00048828125000000,0.00048828125000000,0.00000000000000000,0.00000000000000000,0.00006103515625000,0.00000000000000000,0.00000000000000000,0.00006103515625000,0.00000000000000000,0.00000000000000000,0.00000000000000000,0.00000000000000000,0.33957108299010397,2
0.00000000000000000,0.00000000000000000,0.00000000000000000,0.00000000000000000,0.00006103515625000,0.00006103515625000,0.00000000000000000,0.00000000000000000,0.00048828125000000,0.00024414062500000,0.00000000000000000,0.00024414062500000,0.00006103515625000,0.00048828125000000,0.00006103515625000,0.00006103515625000,0.33957108299010397,0
0.00000000000000000,0.00000000000000000,0.00006103515625000,0.00000000000000000,0.00000000000000000,0.00000000000000000,0.00000000000000000,0.00012207031250000,0.00000000000000000,0.00000000000000000,0.00048828125000000,0.00048828125000000,0.00000000000000000,0.00006103515625000,0.00048828125000000,0.00012207031250000,0.35397527349451430,0
0.00006103515625000,0.00000000000000000,0.00000000000000000,0.00000000000000000,0.00012207031250000,0.00000000000000000,0.00000000000000000,0.00000000000000000,0.00097656250000000,0.00006103515625000,0.00000000000000000,0.00000000000000000,0.00006103515625000,0.00048828125000000,0.00012207031250000,0.00000000000000000,0.36958065736898438,0
0.00000000000000000,0.00000000000000000,0.00000000000000000,0.00006103515625000,0.00000000000000000,0.00000000000000000,0.00006103515625000,0.00012207031250000,0.00000000000000000,0.00000000000000000,0.00097656250000000,0.00006103515625000,0.00000000000000000,0.00006103515625000,0.00048828125000000,0.00012207031250000,0.36958065736898438,2
0.00006103515625000,0.00000000000000000,0.00000000000000000,0.00000000000000000,0.00006103515625000,0.00012207031250000,0.00000000000000000,0.00000000000000000,0.00097656250000000,0.00006103515625000,0.00006103515625000,0.00000000000000000,0.00006103515625000,0.00048828125000000,0.00012207031250000,0.00000000000000000,0.36958065736898438,0
0.00006103515625000,0.00006103515625000,0.00000000000000000,0.00000000000000000,0.00006103515625000,0.00012207031250000,0.00000000000000000,0.00000000000000000,0.00097656250000000,0.00012207031250000,0.00000000000000000,0.00000000000000000,0.00006103515625000,0.00048828125000000,0.00012207031250000,0.00000000000000000,0.37131445076894559,0
0.00000000000000000,0.00000000000000000,0.00006103515625000,0.00000000000000000,0.00012207031250000,0.00006103515625000,0.00000000000000000,0.00000000000000000,0.00097656250000000,0.00024414062500000,0.00000000000000000,0.00000000000000000,0.00006103515625000,0.00048828125000000,0.00012207031250000,0.00000000000000000,0.37627976247819744,0
0.00000000000000000,0.00000000000000000,0.00000000000000000,0.00000000000000000,0.00012207031250000,0.00006103515625000,0.00000000000000000,0.00000000000000000,0.00097656250000000,0.00024414062500000,0.00006103515625000,0.00000000000000000,0.00006103515625000,0.00048828125000000,0.00012207031250000,0.00006103515625000,0.37627976247819744,0
0.00012207031250000,0.00006103515625000,0.00006103515625000,0.00006103515625000,0.00097656250000000,0.00024414062500000,0.00012207031250000,0.00000000000000000,0.00006103515625000,0.00048828125000000,0.00000000000000000,0.00000000000000000,0.00000000000000000,0.00000000000000000,0.00006103515625000,0.00000000000000000,0.37627976247819744,1
0.00012207031250000,0.00006103515625000,0.00006103515625000,0.00006103515625000,0.00097656250000000,0.00024414062500000,0.00012207031250000,0.00006103515625000,0.00006103515625000,0.00048828125000000,0.00006103515625000,0.00000000000000000,0.00000000000000000,0.00000000000000000,0.00000000000000000,0.00000000000000000,0.37627976247819744,1
0.00000000000000000,0.00000000000000000,0.00000000000000000,0.00006103515625000,0.00012207031250000,0.00006103515625000,0.00006103515625000,0.00000000000000000,0.00097656250000000,0.00024414062500000,0.00012207031250000,0.00000000000000000,0.00006103515625000,0.00048828125000000,0.00006103515625000,0.00012207031250000,0.37786195473383560,2
0.00000000000000000,0.00000000000000000,0.00000000000000000,0.00006103515625000,0.00000000000000000,0.00000000000000000,0.00012207031250000,0.00012207031250000,0.00006103515625000,0.00097656250000000,0.00024414062500000,0.00012207031250000,0.00006103515625000,0.00048828125000000,0.00006103515625000,0.00012207031250000,0.37941030069554071,1
0.00012207031250000,0.00097656250000000,0.00012207031250000,0.00006103515625000,0.00006103515625000,0.00048828125000000,0.00024414062500000,0.00024414062500000,0.00000000000000000,0.00000000000000000,0.00006103515625000,0.00012207031250000,0.00000000000000000,0.00000000000000000,0.00000000000000000,0.00000000000000000,0.38386600957008149,3
0.00012207031250000,0.00097656250000000,0.00012207031250000,0.00006103515625000,0.00006103515625000,0.00006103515625000,0.00048828125000000,0.00048828125000000,0.00000000000000000,0.00000000000000000,0.00006103515625000,0.00012207031250000,0.00000000000000000,0.00000000000000000,0.00000000000000000,0.00000000000000000,0.38940995564142161,3
0.00012207031250000,0.00097656250000000,0.00012207031250000,0.00006103515625000,0.00000000000000000,0.00012207031250000,0.00012207031250000,0.00097656250000000,0.00000000000000000,0.00000000000000000,0.00006103515625000,0.00012207031250000,0.00000000000000000,0.00000000000000000,0.00000000000000000,0.00000000000000000,0.40052008686263635,1
0.00012207031250000,0.00097656250000000,0.00012207031250000,0.00006103515625000,0.00000000000000000,0.00000000000000000,0.00024414062500000,0.00097656250000000,0.00000000000000000,0.00000000000000000,0.00006103515625000,0.00012207031250000,0.00000000000000000,0.00006103515625000,0.00000000000000000,0.00000000000000000,0.40277341788971349,3
0.00000000000000000,0.00000000000000000,0.00000000000000000,0.00006103515625000,0.00000000000000000,0.00000000000000000,0.00012207031250000,0.00006103515625000,0.00000000000000000,0.00097656250000000,0.00024414062500000,0.00097656250000000,0.00012207031250000,0.00006103515625000,0.00006103515625000,0.00012207031250000,0.40277341788971349,1
0.00012207031250000,0.00097656250000000,0.00012207031250000,0.00012207031250000,0.00000000000000000,0.00006103515625000,0.00024414062500000,0.00097656250000000,0.00000000000000000,0.00000000000000000,0.00006103515625000,0.00012207031250000,0.00000000000000000,0.00000000000000000,0.00006103515625000,0.00000000000000000,0.40387431232280130,3
0.00012207031250000,0.00097656250000000,0.00024414062500000,0.00000000000000000,0.00006103515625000,0.00024414062500000,0.00097656250000000,0.00000000000000000,0.00006103515625000,0.00012207031250000,0.00000000000000000,0.00000000000000000,0.00006103515625000,0.00000000000000000,0.00006103515625000,0.00000000000000000,0.40602710784012602,3
0.00012207031250000,0.00097656250000000,0.00024414062500000,0.00000000000000000,0.00006103515625000,0.00024414062500000,0.00097656250000000,0.00000000000000000,0.00006103515625000,0.00012207031250000,0.00000000000000000,0.00006103515625000,0.00012207031250000,0.00000000000000000,0.00000000000000000,0.00000000000000000,0.40707996151074144,2
0.00000000000000000,0.00000000000000000,0.00000000000000000,0.00000000000000000,0.00012207031250000,0.00097656250000000,0.00000000000000000,0.00006103515625000,0.00012207031250000,0.00024414062500000,0.00024414062500000,0.00000000000000000,0.00012207031250000,0.00012207031250000,0.00097656250000000,0.00006103515625000,0.40811771998417995,3
0.00024414062500000,0.00097656250000000,0.00024414062500000,0.00012207031250000,0.00012207031250000,0.00024414062500000,0.00097656250000000,0.00000000000000000,0.00000000000000000,0.00012207031250000,0.00000000000000000,0.00000000000000000,0.00006103515625000,0.00000000000000000,0.00000000000000000,0.00000000000000000,0.41114460339235159,2
0.00024414062500000,0.00097656250000000,0.00024414062500000,0.00012207031250000,0.00012207031250000,0.00024414062500000,0.00097656250000000,0.00000000000000000,0.00006103515625000,0.00012207031250000,0.00006103515625000,0.00000000000000000,0.00000000000000000,0.00000000000000000,0.00000000000000000,0.00000000000000000,0.41114460339235159,1
0.00000000000000000,0.00000000000000000,0.00000000000000000,0.00000000000000000,0.00024414062500000,0.00097656250000000,0.00024414062500000,0.00006103515625000,0.00012207031250000,0.00024414062500000,0.00097656250000000,0.00000000000000000,0.00006103515625000,0.00012207031250000,0.00006103515625000,0.00012207031250000,0.41114460339235159,0
0.00000000000000000,0.00000000000000000,0.00000000000000000,0.00006103515625000,0.00024414062500000,0.00097656250000000,0.00024414062500000,0.00000000000000000,0.00012207031250000,0.00024414062500000,0.00097656250000000,0.00006103515625000,0.00006103515625000,0.00012207031250000,0.00006103515625000,0.00012207031250000,0.41114460339235159,0
0.00024414062500000,0.00097656250000000,0.00024414062500000,0.00012207031250000,0.00012207031250000,0.00024414062500000,0.00097656250000000,0.00012207031250000,0.00006103515625000,0.00012207031250000,0.00006103515625000,0.00006103515625000,0.00000000000000000,0.00000000000000000,0.00000000000000000,0.00000000000000000,0.41212607488620207,0
0.00000000000000000,0.00000000000000000,0.00000000000000000,0.00006103515625000,0.00024414062500000,0.00097656250000000,0.00024414062500000,0.00000000000000000,0.00012207031250000,0.00024414062500000,0.00097656250000000,0.00024414062500000,0.00006103515625000,0.00012207031250000,0.00006103515625000,0.00006103515625000,0.41404997322446430,3
0.00000000000000000,0.00000000000000000,0.00000000000000000,0.00006103515625000,0.00000000000000000,0.00024414062500000,0.00097656250000000,0.00024414062500000,0.00012207031250000,0.00024414062500000,0.00097656250000000,0.00024414062500000,0.00006103515625000,0.00006103515625000,0.00012207031250000,0.00012207031250000,0.41499307990413908,0
0.00000000000000000,0.00000000000000000,0.00006103515625000,0.00000000000000000,0.00000000000000000,0.00000000000000000,0.00000000000000000,0.00006103515625000,0.00012207031250000,0.00048828125000000,0.00195312500000000,0.00048828125000000,0.00006103515625000,0.00006103515625000,0.00012207031250000,0.00012207031250000,0.43457583720244480,1
0.00006103515625000,0.00000000000000000,0.00000000000000000,0.00000000000000000,0.00006103515625000,0.00000000000000000,0.00006103515625000,0.00000000000000000,0.00012207031250000,0.00048828125000000,0.00195312500000000,0.00048828125000000,0.00012207031250000,0.00024414062500000,0.00000000000000000,0.00000000000000000,0.43668934249562624,1
0.00000000000000000,0.00000000000000000,0.00006103515625000,0.00000000000000000,0.00000000000000000,0.00000000000000000,0.00000000000000000,0.00000000000000000,0.00012207031250000,0.00048828125000000,0.00006103515625000,0.00000000000000000,0.00024414062500000,0.00024414062500000,0.00195312500000000,0.00048828125000000,0.43874288203078743,1
0.00006103515625000,0.00000000000000000,0.00006103515625000,0.00000000000000000,0.00000000000000000,0.00000000000000000,0.00000000000000000,0.00000000000000000,0.00012207031250000,0.00048828125000000,0.00006103515625000,0.00000000000000000,0.00048828125000000,0.00195312500000000,0.00048828125000000,0.00000000000000000,0.44139333516348861,0
0.00000000000000000,0.00000000000000000,0.00000000000000000,0.00006103515625000,0.00006103515625000,0.00000000000000000,0.00000000000000000,0.00000000000000000,0.00012207031250000,0.00048828125000000,0.00012207031250000,0.00000000000000000,0.00048828125000000,0.00195312500000000,0.00048828125000000,0.00000000000000000,0.44204105683388722,3
0.00006103515625000,0.00006103515625000,0.00000000000000000,0.00000000000000000,0.00006103515625000,0.00000000000000000,0.00000000000000000,0.00000000000000000,0.00012207031250000,0.00048828125000000,0.00012207031250000,0.00000000000000000,0.00048828125000000,0.00195312500000000,0.00048828125000000,0.00000000000000000,0.44204105683388722,1
0.00012207031250000,0.00006103515625000,0.00012207031250000,0.00000000000000000,0.00012207031250000,0.00048828125000000,0.00048828125000000,0.00006103515625000,0.00048828125000000,0.00195312500000000,0.00000000000000000,0.00000000000000000,0.00000000000000000,0.00000000000000000,0.00000000000000000,0.00000000000000000,0.44268303366880529,0
0.00000000000000000,0.00000000000000000,0.00000000000000000,0.00000000000000000,0.00000000000000000,0.00006103515625000,0.00000000000000000,0.00000000000000000,0.00024414062500000,0.00048828125000000,0.00012207031250000,0.00006103515625000,0.00048828125000000,0.00195312500000000,0.00048828125000000,0.00006103515625000,0.44395015423160800,1
0.00000000000000000,0.00006103515625000,0.00000000000000000,0.00000000000000000,0.00006103515625000,0.00000000000000000,0.00000000000000000,0.00000000000000000,0.00024414062500000,0.00048828125000000,0.00012207031250000,0.00006103515625000,0.00048828125000000,0.00195312500000000,0.00048828125000000,0.00006103515625000,0.44395015423160800,0
0.00000000000000000,0.00000000000000000,0.00006103515625000,0.00006103515625000,0.00000000000000000,0.00000000000000000,0.00000000000000000,0.00006103515625000,0.00024414062500000,0.00048828125000000,0.00012207031250000,0.00006103515625000,0.00048828125000000,0.00195312500000000,0.00048828125000000,0.00006103515625000,0.44395015423160800,2
0.00000000000000000,0.00006103515625000,0.00000000000000000,0.00012207031250000,0.00000000000000000,0.00000000000000000,0.00000000000000000,0.00006103515625000,0.00024414062500000,0.00048828125000000,0.00012207031250000,0.00006103515625000,0.00048828125000000,0.00195312500000000,0.00048828125000000,0.00006103515625000,0.44457549214832565,1
0.00024414062500000,0.00006103515625000,0.00012207031250000,0.00012207031250000,0.00048828125000000,0.00048828125000000,0.00048828125000000,0.00012207031250000,0.00000000000000000,0.00195312500000000,0.00000000000000000,0.00006103515625000,0.00000000000000000,0.00000000000000000,0.00000000000000000,0.00006103515625000,0.44519547378584723,2
0.00024414062500000,0.00006103515625000,0.00024414062500000,0.00000000000000000,0.00097656250000000,0.00048828125000000,0.00012207031250000,0.00006103515625000,0.00195312500000000,0.00006103515625000,0.00000000000000000,0.00000000000000000,0.00006103515625000,0.00000000000000000,0.00000000000000000,0.00000000000000000,0.45111963038945979,3
0.00000000000000000,0.00024414062500000,0.00006103515625000,0.00024414062500000,0.00097656250000000,0.00048828125000000,0.00012207031250000,0.00006103515625000,0.00000000000000000,0.00000000000000000,0.00195312500000000,0.00006103515625000,0.00000000000000000,0.00000000000000000,0.00006103515625000,0.00006103515625000,0.45111963038945979,0
0.00000000000000000,0.00024414062500000,0.00006103515625000,0.00024414062500000,0.00097656250000000,0.00048828125000000,0.00012207031250000,0.00006103515625000,0.00000000000000000,0.00000000000000000,0.00195312500000000,0.00006103515625000,0.00000000000000000,0.00000000000000000,0.00006103515625000,0.00012207031250000,0.45168622751863602,1
0.00000000000000000,0.00000000000000000,0.00006103515625000,0.00000000000000000,0.00006103515625000,0.00000000000000000,0.00012207031250000,0.00024414062500000,0.00000000000000000,0.00024414062500000,0.00195312500000000,0.00012207031250000,0.00097656250000000,0.00048828125000000,0.00006103515625000,0.00012207031250000,0.45224842384899039,1
0.00000000000000000,0.00000000000000000,0.00006103515625000,0.00006103515625000,0.00000000000000000,0.00006103515625000,0.00012207031250000,0.00024414062500000,0.00000000000000000,0.00024414062500000,0.00195312500000000,0.00012207031250000,0.00097656250000000,0.00048828125000000,0.00006103515625000,0.00012207031250000,0.45224842384899039,3
0.00000000000000000,0.00000000000000000,0.00006103515625000,0.00000000000000000,0.00012207031250000,0.00006103515625000,0.00012207031250000,0.00006103515625000,0.00000000000000000,0.00024414062500000,0.00195312500000000,0.00024414062500000,0.00097656250000000,0.00048828125000000,0.00006103515625000,0.00024414062500000,0.45335988390099285,2
0.00006103515625000,0.00000000000000000,0.00006103515625000,0.00000000000000000,0.00000000000000000,0.00006103515625000,0.00012207031250000,0.00000000000000000,0.00012207031250000,0.00024414062500000,0.00195312500000000,0.00006103515625000,0.00097656250000000,0.00048828125000000,0.00006103515625000,0.00048828125000000,0.45553287751776156,1
0.00006103515625000,0.00006103515625000,0.00006103515625000,0.00006103515625000,0.00012207031250000,0.00024414062500000,0.00012207031250000,0.00048828125000000,0.00097656250000000,0.00048828125000000,0.00195312500000000,0.00000000000000000,0.00000000000000000,0.00000000000000000,0.00006103515625000,0.00006103515625000,0.45553287751776156,3
0.00000000000000000,0.00000000000000000,0.00012207031250000,0.00012207031250000,0.00012207031250000,0.00024414062500000,0.00012207031250000,0.00048828125000000,0.00000000000000000,0.00097656250000000,0.00048828125000000,0.00195312500000000,0.00000000000000000,0.00000000000000000,0.00006103515625000,0.00012207031250000,0.45712085521744972,0
0.00012207031250000,0.00024414062500000,0.00024414062500000,0.00012207031250000,0.00000000000000000,0.00097656250000000,0.00048828125000000,0.00048828125000000,0.00000000000000000,0.00000000000000000,0.00006103515625000,0.00195312500000000,0.00000000000000000,0.00000000000000000,0.00006103515625000,0.00012207031250000,0.45816047687602696,0
0.00000000000000000,0.00012207031250000,0.00048828125000000,0.00012207031250000,0.00006103515625000,0.00000000000000000,0.00097656250000000,0.00097656250000000,0.00000000000000000,0.00000000000000000,0.00006103515625000,0.00195312500000000,0.00000000000000000,0.00000000000000000,0.00006103515625000,0.00012207031250000,0.46410288210547918,2
0.00006103515625000,0.00012207031250000,0.00048828125000000,0.00012207031250000,0.00006103515625000,0.00000000000000000,0.00097656250000000,0.00097656250000000,0.00000000000000000,0.00000000000000000,0.00012207031250000,0.00195312500000000,0.00000000000000000,0.00000000000000000,0.00000000000000000,0.00012207031250000,0.46457674575306918,2
0.00012207031250000,0.00012207031250000,0.00048828125000000,0.00012207031250000,0.00000000000000000,0.00000000000000000,0.00097656250000000,0.00097656250000000,0.00000000000000000,0.00000000000000000,0.00012207031250000,0.00195312500000000,0.00006103515625000,0.00000000000000000,0.00000000000000000,0.00012207031250000,0.46504752733887361,3
0.00024414062500000,0.00048828125000000,0.00012207031250000,0.00000000000000000,0.00195312500000000,0.00000000000000000,0.00012207031250000,0.00000000000000000,0.00012207031250000,0.00195312500000000,0.00000000000000000,0.00000000000000000,0.00006103515625000,0.00012207031250000,0.00000000000000000,0.00000000000000000,0.47303653698460429,3
0.00000000000000000,0.00024414062500000,0.00048828125000000,0.00012207031250000,0.00000000000000000,0.00006103515625000,0.00195312500000000,0.00012207031250000,0.00000000000000000,0.00000000000000000,0.00012207031250000,0.00195312500000000,0.00000000000000000,0.00000000000000000,0.00006103515625000,0.00012207031250000,0.47303653698460429,2
0.00000000000000000,0.00024414062500000,0.00048828125000000,0.00024414062500000,0.00000000000000000,0.00006103515625000,0.00195312500000000,0.00195312500000000,0.00006103515625000,0.00000000000000000,0.00012207031250000,0.00012207031250000,0.00000000000000000,0.00000000000000000,0.00006103515625000,0.00000000000000000,0.47387212968300158,3
0.00024414062500000,0.00048828125000000,0.00024414062500000,0.00000000000000000,0.00006103515625000,0.00390625000000000,0.00000000000000000,0.00000000000000000,0.00006103515625000,0.00024414062500000,0.00000000000000000,0.00006103515625000,0.00006103515625000,0.00000000000000000,0.00000000000000000,0.00000000000000000,0.48677416690113123,1
0.00024414062500000,0.00048828125000000,0.00024414062500000,0.00006103515625000,0.00012207031250000,0.00390625000000000,0.00000000000000000,0.00000000000000000,0.00006103515625000,0.00024414062500000,0.00000000000000000,0.00000000000000000,0.00000000000000000,0.00000000000000000,0.00006103515625000,0.00000000000000000,0.48712090966554333,0
0.00000000000000000,0.00000000000000000,0.00000000000000000,0.00000000000000000,0.00024414062500000,0.00048828125000000,0.00000000000000000,0.00000000000000000,0.00012207031250000,0.00390625000000000,0.00024414062500000,0.00006103515625000,0.00006103515625000,0.00024414062500000,0.00006103515625000,0.00006103515625000,0.48712090966554333,1
0.00000000000000000,0.00000000000000000,0.00000000000000000,0.00006103515625000,0.00024414062500000,0.00048828125000000,0.00000000000000000,0.00000000000000000,0.00012207031250000,0.00390625000000000,0.00024414062500000,0.00000000000000000,0.00006103515625000,0.00024414062500000,0.00006103515625000,0.00012207031250000,0.48746599929965201,1
0.00024414062500000,0.00048828125000000,0.00024414062500000,0.00006103515625000,0.00012207031250000,0.00390625000000000,0.00006103515625000,0.00012207031250000,0.00006103515625000,0.00024414062500000,0.00006103515625000,0.00000000000000000,0.00000000000000000,0.00000000000000000,0.00000000000000000,0.00000000000000000,0.48746599929965201,1
0.00024414062500000,0.00048828125000000,0.00024414062500000,0.00006103515625000,0.00012207031250000,0.00390625000000000,0.00012207031250000,0.00012207031250000,0.00006103515625000,0.00024414062500000,0.00006103515625000,0.00000000000000000,0.00000000000000000,0.00000000000000000,0.00000000000000000,0.00000000000000000,0.48780945149161536,3
0.00024414062500000,0.00048828125000000,0.00024414062500000,0.00006103515625000,0.00012207031250000,0.00390625000000000,0.00024414062500000,0.00000000000000000,0.00006103515625000,0.00024414062500000,0.00006103515625000,0.00000000000000000,0.00000000000000000,0.00000000000000000,0.00000000000000000,0.00006103515625000,0.48849150519458712,0
0.00000000000000000,0.00000000000000000,0.00000000000000000,0.00006103515625000,0.00024414062500000,0.00048828125000000,0.00000000000000000,0.00000000000000000,0.00012207031250000,0.00390625000000000,0.00048828125000000,0.00000000000000000,0.00006103515625000,0.00024414062500000,0.00006103515625000,0.00012207031250000,0.49016904061759492,3
0.00006103515625000,0.00000000000000000,0.00000000000000000,0.00000000000000000,0.00024414062500000,0.00048828125000000,0.00000000000000000,0.00000000000000000,0.00012207031250000,0.00390625000000000,0.00048828125000000,0.00006103515625000,0.00006103515625000,0.00024414062500000,0.00006103515625000,0.00012207031250000,0.49016904061759492,3
0.00006103515625000,0.00048828125000000,0.00048828125000000,0.00006103515625000,0.00024414062500000,0.00390625000000000,0.00006103515625000,0.00012207031250000,0.00012207031250000,0.00024414062500000,0.00000000000000000,0.00006103515625000,0.00006103515625000,0.00000000000000000,0.00000000000000000,0.00000000000000000,0.49016904061759492,2
0.00006103515625000,0.00006103515625000,0.00097656250000000,0.00006103515625000,0.00024414062500000,0.00390625000000000,0.00006103515625000,0.00012207031250000,0.00000000000000000,0.00012207031250000,0.00024414062500000,0.00006103515625000,0.00000000000000000,0.00000000000000000,0.00000000000000000,0.00006103515625000,0.49277476320086722,3
0.00012207031250000,0.00097656250000000,0.00006103515625000,0.00006103515625000,0.00024414062500000,0.00390625000000000,0.00006103515625000,0.00012207031250000,0.00012207031250000,0.00024414062500000,0.00006103515625000,0.00000000000000000,0.00006103515625000,0.00000000000000000,0.00000000000000000,0.00000000000000000,0.49309398053699455,3
0.00012207031250000,0.00000000000000000,0.00000000000000000,0.00000000000000000,0.00024414062500000,0.00097656250000000,0.00000000000000000,0.00006103515625000,0.00012207031250000,0.00390625000000000,0.00006103515625000,0.00006103515625000,0.00006103515625000,0.00024414062500000,0.00012207031250000,0.00012207031250000,0.49341179625571652,1
0.00012207031250000,0.00097656250000000,0.00006103515625000,0.00012207031250000,0.00024414062500000,0.00390625000000000,0.00012207031250000,0.00012207031250000,0.00012207031250000,0.00024414062500000,0.00000000000000000,0.00000000000000000,0.00006103515625000,0.00000000000000000,0.00006103515625000,0.00000000000000000,0.49372822261167015,0
0.00012207031250000,0.00000000000000000,0.00000000000000000,0.00000000000000000,0.00024414062500000,0.00097656250000000,0.00006103515625000,0.00006103515625000,0.00012207031250000,0.00390625000000000,0.00012207031250000,0.00000000000000000,0.00006103515625000,0.00024414062500000,0.00006103515625000,0.00024414062500000,0.49435695545650543,0
0.00012207031250000,0.00097656250000000,0.00006103515625000,0.00006103515625000,0.00024414062500000,0.00390625000000000,0.00012207031250000,0.00024414062500000,0.00012207031250000,0.00024414062500000,0.00006103515625000,0.00000000000000000,0.00006103515625000,0.00006103515625000,0.00000000000000000,0.00000000000000000,0.49435695545650543,2
0.00006103515625000,0.00012207031250000,0.00097656250000000,0.00012207031250000,0.00024414062500000,0.00390625000000000,0.00012207031250000,0.00024414062500000,0.00000000000000000,0.00012207031250000,0.00024414062500000,0.00006103515625000,0.00000000000000000,0.00000000000000000,0.00000000000000000,0.00012207031250000,0.49498027395775002,1
0.00006103515625000,0.00012207031250000,0.00097656250000000,0.00012207031250000,0.00024414062500000,0.00390625000000000,0.00012207031250000,0.00024414062500000,0.00012207031250000,0.00024414062500000,0.00006103515625000,0.00000000000000000,0.00012207031250000,0.00000000000000000,0.00000000000000000,0.00006103515625000,0.49498027395775002,0
0.00006103515625000,0.00012207031250000,0.00097656250000000,0.00012207031250000,0.00024414062500000,0.00390625000000000,0.00012207031250000,0.00024414062500000,0.00012207031250000,0.00024414062500000,0.00006103515625000,0.00000000000000000,0.00012207031250000,0.00006103515625000,0.00000000000000000,0.00006103515625000,0.49498027395775002,2
0.00006103515625000,0.00012207031250000,0.00097656250000000,0.00012207031250000,0.00024414062500000,0.00390625000000000,0.00012207031250000,0.00024414062500000,0.00012207031250000,0.00024414062500000,0.00006103515625000,0.00000000000000000,0.00012207031250000,0.00012207031250000,0.00006103515625000,0.00000000000000000,0.49528993181462971,1
0.00006103515625000,0.00012207031250000,0.00097656250000000,0.00012207031250000,0.00024414062500000,0.00390625000000000,0.00012207031250000,0.00024414062500000,0.00024414062500000,0.00024414062500000,0.00012207031250000,0.00000000000000000,0.00000000000000000,0.00012207031250000,0.00000000000000000,0.00006103515625000,0.49621103540454881,1
0.00006103515625000,0.00012207031250000,0.00097656250000000,0.00012207031250000,0.00024414062500000,0.00390625000000000,0.00012207031250000,0.00024414062500000,0.00048828125000000,0.00012207031250000,0.00006103515625000,0.00000000000000000,0.00012207031250000,0.00006103515625000,0.00000000000000000,0.00000000000000000,0.49742121889063212,3
0.00006103515625000,0.00012207031250000,0.00097656250000000,0.00012207031250000,0.00024414062500000,0.00390625000000000,0.00012207031250000,0.00024414062500000,0.00006103515625000,0.00048828125000000,0.00012207031250000,0.00006103515625000,0.00000000000000000,0.00000000000000000,0.00012207031250000,0.00006103515625000,0.49742121889063212,2
0.00006103515625000,0.00012207031250000,0.00097656250000000,0.00012207031250000,0.00024414062500000,0.00390625000000000,0.00024414062500000,0.00024414062500000,0.00006103515625000,0.00048828125000000,0.00012207031250000,0.00012207031250000,0.00000000000000000,0.00000000000000000,0.00006103515625000,0.00000000000000000,0.49831576061979549,3
0.00006103515625000,0.00012207031250000,0.00097656250000000,0.00012207031250000,0.00000000000000000,0.00024414062500000,0.00390625000000000,0.00048828125000000,0.00000000000000000,0.00006103515625000,0.00048828125000000,0.00024414062500000,0.00000000000000000,0.00000000000000000,0.00006103515625000,0.00006103515625000,0.50007234624655317,1
0.00006103515625000,0.00012207031250000,0.00097656250000000,0.00012207031250000,0.00000000000000000,0.00024414062500000,0.00390625000000000,0.00048828125000000,0.00006103515625000,0.00006103515625000,0.00048828125000000,0.00024414062500000,0.00000000000000000,0.00000000000000000,0.00000000000000000,0.00012207031250000,0.50036101029275126,2
0.00006103515625000,0.00012207031250000,0.00097656250000000,0.00012207031250000,0.00024414062500000,0.00390625000000000,0.00048828125000000,0.00000000000000000,0.00012207031250000,0.00048828125000000,0.00024414062500000,0.00000000000000000,0.00012207031250000,0.00006103515625000,0.00000000000000000,0.00000000000000000,0.50064852770615176,1
0.00006103515625000,0.00012207031250000,0.00097656250000000,0.00012207031250000,0.00000000000000000,0.00024414062500000,0.00390625000000000,0.00048828125000000,0.00000000000000000,0.00012207031250000,0.00048828125000000,0.00024414062500000,0.00006103515625000,0.00000000000000000,0.00012207031250000,0.00006103515625000,0.50064852770615176,2
0.00000000000000000,0.00006103515625000,0.00097656250000000,0.00012207031250000,0.00000000000000000,0.00012207031250000,0.00390625000000000,0.00048828125000000,0.00000000000000000,0.00024414062500000,0.00048828125000000,0.00024414062500000,0.00012207031250000,0.00012207031250000,0.00012207031250000,0.00006103515625000,0.50093490756004677,2
0.00006103515625000,0.00097656250000000,0.00012207031250000,0.00000000000000000,0.00012207031250000,0.00390625000000000,0.00048828125000000,0.00006103515625000,0.00024414062500000,0.00048828125000000,0.00024414062500000,0.00000000000000000,0.00024414062500000,0.00012207031250000,0.00006103515625000,0.00000000000000000,0.50150429034781840,1
0.00006103515625000,0.00097656250000000,0.00012207031250000,0.00006103515625000,0.00012207031250000,0.00390625000000000,0.00048828125000000,0.00000000000000000,0.00048828125000000,0.00048828125000000,0.00024414062500000,0.00006103515625000,0.00000000000000000,0.00012207031250000,0.00006103515625000,0.00000000000000000,0.50262979273150676,0
0.00006103515625000,0.00097656250000000,0.00012207031250000,0.00012207031250000,0.00012207031250000,0.00390625000000000,0.00048828125000000,0.00000000000000000,0.00048828125000000,0.00048828125000000,0.00024414062500000,0.00006103515625000,0.00000000000000000,0.00012207031250000,0.00006103515625000,0.00000000000000000,0.50290845491842273,1
0.00000000000000000,0.00097656250000000,0.00012207031250000,0.00000000000000000,0.00006103515625000,0.00390625000000000,0.00048828125000000,0.00006103515625000,0.00012207031250000,0.00048828125000000,0.00024414062500000,0.00012207031250000,0.00048828125000000,0.00012207031250000,0.00006103515625000,0.00006103515625000,0.50290845491842273,3
0.00006103515625000,0.00097656250000000,0.00012207031250000,0.00006103515625000,0.00012207031250000,0.00390625000000000,0.00048828125000000,0.00012207031250000,0.00048828125000000,0.00048828125000000,0.00024414062500000,0.00006103515625000,0.00012207031250000,0.00012207031250000,0.00006103515625000,0.00000000000000000,0.50290845491842273,1
0.00006103515625000,0.00097656250000000,0.00012207031250000,0.00006103515625000,0.00012207031250000,0.00390625000000000,0.00048828125000000,0.00006103515625000,0.00048828125000000,0.00048828125000000,0.00024414062500000,0.00012207031250000,0.00012207031250000,0.00012207031250000,0.00006103515625000,0.00006103515625000,0.50290845491842273,3
0.00006103515625000,0.00097656250000000,0.00012207031250000,0.00006103515625000,0.00012207031250000,0.00390625000000000,0.00048828125000000,0.00006103515625000,0.00006103515625000,0.00097656250000000,0.00024414062500000,0.00012207031250000,0.00000000000000000,0.00000000000000000,0.00024414062500000,0.00012207031250000,0.50590495636409138,1
0.00006103515625000,0.00000000000000000,0.00000000000000000,0.00000000000000000,0.00006103515625000,0.00097656250000000,0.00012207031250000,0.00000000000000000,0.00012207031250000,0.00390625000000000,0.00048828125000000,0.00012207031250000,0.00006103515625000,0.00097656250000000,0.00048828125000000,0.00024414062500000,0.50774919405578467,1
0.00012207031250000,0.00097656250000000,0.00012207031250000,0.00012207031250000,0.00012207031250000,0.00390625000000000,0.00097656250000000,0.00024414062500000,0.00006103515625000,0.00097656250000000,0.00000000000000000,0.00006103515625000,0.00000000000000000,0.00000000000000000,0.00000000000000000,0.00000000000000000,0.51005333811471421,2
0.00000000000000000,0.00000000000000000,0.00006103515625000,0.00000000000000000,0.00000000000000000,0.00097656250000000,0.00000000000000000,0.00012207031250000,0.00024414062500000,0.00390625000000000,0.00012207031250000,0.00024414062500000,0.00006103515625000,0.00097656250000000,0.00097656250000000,0.00006103515625000,0.51055555982529166,2
0.00000000000000000,0.00000000000000000,0.00006103515625000,0.00000000000000000,0.00000000000000000,0.00097656250000000,0.00006103515625000,0.00012207031250000,0.00024414062500000,0.00390625000000000,0.00012207031250000,0.00024414062500000,0.00006103515625000,0.00097656250000000,0.00097656250000000,0.00006103515625000,0.51055555982529166,1
0.00006103515625000,0.00000000000000000,0.00000000000000000,0.00000000000000000,0.00097656250000000,0.00006103515625000,0.00012207031250000,0.00006103515625000,0.00024414062500000,0.00390625000000000,0.00012207031250000,0.00024414062500000,0.00006103515625000,0.00195312500000000,0.00006103515625000,0.00000000000000000,0.51445261065748038,3
0.00006103515625000,0.00000000000000000,0.00000000000000000,0.00000000000000000,0.00097656250000000,0.00006103515625000,0.00006103515625000,0.00000000000000000,0.00024414062500000,0.00390625000000000,0.00024414062500000,0.00006103515625000,0.00006103515625000,0.00195312500000000,0.00006103515625000,0.00024414062500000,0.51492531381440898,3
0.00000000000000000,0.00000000000000000,0.00000000000000000,0.00006103515625000,0.00006103515625000,0.00000000000000000,0.00097656250000000,0.00012207031250000,0.00024414062500000,0.00390625000000000,0.00024414062500000,0.00006103515625000,0.00006103515625000,0.00195312500000000,0.00006103515625000,0.00024414062500000,0.51516051276595520,0
0.00006103515625000,0.00390625000000000,0.00097656250000000,0.00006103515625000,0.00024414062500000,0.00195312500000000,0.00024414062500000,0.00012207031250000,0.00006103515625000,0.00000000000000000,0.00006103515625000,0.00006103515625000,0.00000000000000000,0.00006103515625000,0.00000000000000000,0.00024414062500000,0.51516051276595520,3
0.00006103515625000,0.00390625000000000,0.00097656250000000,0.00006103515625000,0.00024414062500000,0.00195312500000000,0.00024414062500000,0.00012207031250000,0.00000000000000000,0.00000000000000000,0.00006103515625000,0.00012207031250000,0.00006103515625000,0.00000000000000000,0.00006103515625000,0.00024414062500000,0.51539494993818680,2
0.00006103515625000,0.00390625000000000,0.00097656250000000,0.00006103515625000,0.00024414062500000,0.00195312500000000,0.00024414062500000,0.00012207031250000,0.00000000000000000,0.00000000000000000,0.00006103515625000,0.00012207031250000,0.00006103515625000,0.00000000000000000,0.00012207031250000,0.00024414062500000,0.51562863024978833,0
0.00006103515625000,0.00390625000000000,0.00097656250000000,0.00006103515625000,0.00024414062500000,0.00195312500000000,0.00024414062500000,0.00012207031250000,0.00006103515625000,0.00012207031250000,0.00000000000000000,0.00006103515625000,0.00006103515625000,0.00012207031250000,0.00024414062500000,0.00000000000000000,0.51562863024978833,0
0.00006103515625000,0.00390625000000000,0.00097656250000000,0.00006103515625000,0.00024414062500000,0.00195312500000000,0.00048828125000000,0.00012207031250000,0.00012207031250000,0.00024414062500000,0.00006103515625000,0.00006103515625000,0.00000000000000000,0.00000000000000000,0.00000000000000000,0.00000000000000000,0.51724360368245081,2
0.00006103515625000,0.00390625000000000,0.00097656250000000,0.00006103515625000,0.00024414062500000,0.00195312500000000,0.00048828125000000,0.00012207031250000,0.00012207031250000,0.00024414062500000,0.00012207031250000,0.00000000000000000,0.00006103515625000,0.00000000000000000,0.00000000000000000,0.00000000000000000,0.51747140060894259,1
0.00006103515625000,0.00012207031250000,0.00000000000000000,0.00000000000000000,0.00024414062500000,0.00390625000000000,0.00097656250000000,0.00000000000000000,0.00012207031250000,0.00195312500000000,0.00048828125000000,0.00006103515625000,0.00006103515625000,0.00024414062500000,0.00012207031250000,0.00012207031250000,0.51747140060894259,2
0.00000000000000000,0.00000000000000000,0.00006103515625000,0.00012207031250000,0.00006103515625000,0.00024414062500000,0.00390625000000000,0.00097656250000000,0.00012207031250000,0.00195312500000000,0.00048828125000000,0.00006103515625000,0.00000000000000000,0.00006103515625000,0.00024414062500000,0.00024414062500000,0.51792485495744767,1
0.00006103515625000,0.00024414062500000,0.00006103515625000,0.00012207031250000,0.00012207031250000,0.00195312500000000,0.00390625000000000,0.00097656250000000,0.00000000000000000,0.00006103515625000,0.00048828125000000,0.00006103515625000,0.00000000000000000,0.00006103515625000,0.00024414062500000,0.00024414062500000,0.51792485495744767,1
0.00006103515625000,0.00024414062500000,0.00006103515625000,0.00012207031250000,0.00012207031250000,0.00195312500000000,0.00390625000000000,0.00097656250000000,0.00006103515625000,0.00012207031250000,0.00048828125000000,0.00006103515625000,0.00000000000000000,0.00000000000000000,0.00024414062500000,0.00024414062500000,0.51815052127788552,1
0.00006103515625000,0.00024414062500000,0.00006103515625000,0.00012207031250000,0.00012207031250000,0.00195312500000000,0.00390625000000000,0.00097656250000000,0.00006103515625000,0.00012207031250000,0.00048828125000000,0.00006103515625000,0.00048828125000000,0.00000000000000000,0.00006103515625000,0.00000000000000000,0.51904621609359769,3
0.00006103515625000,0.00024414062500000,0.00006103515625000,0.00012207031250000,0.00012207031250000,0.00195312500000000,0.00390625000000000,0.00097656250000000,0.00006103515625000,0.00012207031250000,0.00048828125000000,0.00006103515625000,0.00006103515625000,0.00000000000000000,0.00048828125000000,0.00006103515625000,0.51904621609359769,1
0.00000000000000000,0.00000000000000000,0.00000000000000000,0.00006103515625000,0.00006103515625000,0.00024414062500000,0.00006103515625000,0.00012207031250000,0.00012207031250000,0.00195312500000000,0.00390625000000000,0.00097656250000000,0.00012207031250000,0.00012207031250000,0.00097656250000000,0.00012207031250000,0.52123812964193317,0
0.00012207031250000,0.00000000000000000,0.00000000000000000,0.00006103515625000,0.00000000000000000,0.00024414062500000,0.00006103515625000,0.00012207031250000,0.00006103515625000,0.00195312500000000,0.00390625000000000,0.00097656250000000,0.00024414062500000,0.00012207031250000,0.00097656250000000,0.00012207031250000,0.52166865827865072,0
0.00006103515625000,0.00000000000000000,0.00012207031250000,0.00006103515625000,0.00000000000000000,0.00024414062500000,0.00006103515625000,0.00012207031250000,0.00006103515625000,0.00195312500000000,0.00390625000000000,0.00097656250000000,0.00024414062500000,0.00012207031250000,0.00097656250000000,0.00012207031250000,0.52166865827865072,3
0.00000000000000000,0.00000000000000000,0.00012207031250000,0.00006103515625000,0.00006103515625000,0.00024414062500000,0.00006103515625000,0.00012207031250000,0.00012207031250000,0.00195312500000000,0.00390625000000000,0.00097656250000000,0.00024414062500000,0.00012207031250000,0.00097656250000000,0.00012207031250000,0.52188296609960383,2
0.00006103515625000,0.00024414062500000,0.00012207031250000,0.00006103515625000,0.00012207031250000,0.00195312500000000,0.00006103515625000,0.00012207031250000,0.00024414062500000,0.00012207031250000,0.00390625000000000,0.00097656250000000,0.00006103515625000,0.00000000000000000,0.00097656250000000,0.00012207031250000,0.52188296609960383,1
0.00006103515625000,0.00006103515625000,0.00012207031250000,0.00006103515625000,0.00012207031250000,0.00024414062500000,0.00006103515625000,0.00012207031250000,0.00024414062500000,0.00195312500000000,0.00390625000000000,0.00097656250000000,0.00006103515625000,0.00012207031250000,0.00097656250000000,0.00012207031250000,0.52188296609960383,2
0.00006103515625000,0.00012207031250000,0.00012207031250000,0.00006103515625000,0.00012207031250000,0.00024414062500000,0.00006103515625000,0.00012207031250000,0.00024414062500000,0.00195312500000000,0.00390625000000000,0.00097656250000000,0.00006103515625000,0.00012207031250000,0.00097656250000000,0.00012207031250000,0.52209664127662281,2
0.00006103515625000,0.00024414062500000,0.00006103515625000,0.00006103515625000,0.00012207031250000,0.00024414062500000,0.00006103515625000,0.00012207031250000,0.00024414062500000,0.00195312500000000,0.00390625000000000,0.00097656250000000,0.00006103515625000,0.00012207031250000,0.00097656250000000,0.00012207031250000,0.52252210856279580,0
0.00006103515625000,0.00024414062500000,0.00012207031250000,0.00006103515625000,0.00012207031250000,0.00024414062500000,0.00006103515625000,0.00012207031250000,0.00024414062500000,0.00195312500000000,0.00390625000000000,0.00097656250000000,0.00006103515625000,0.00012207031250000,0.00097656250000000,0.00012207031250000,0.52273390802233166,1
0.00006103515625000,0.00006103515625000,0.00012207031250000,0.00006103515625000,0.00012207031250000,0.00048828125000000,0.00006103515625000,0.00012207031250000,0.00024414062500000,0.00195312500000000,0.00390625000000000,0.00097656250000000,0.00006103515625000,0.00012207031250000,0.00097656250000000,0.00012207031250000,0.52357496223341127,2
0.00006103515625000,0.00012207031250000,0.00012207031250000,0.00006103515625000,0.00012207031250000,0.00048828125000000,0.00006103515625000,0.00012207031250000,0.00024414062500000,0.00195312500000000,0.00390625000000000,0.00097656250000000,0.00006103515625000,0.00012207031250000,0.00097656250000000,0.00012207031250000,0.52378370762293591,2
0.00006103515625000,0.00006103515625000,0.00024414062500000,0.00006103515625000,0.00012207031250000,0.00048828125000000,0.00006103515625000,0.00012207031250000,0.00024414062500000,0.00195312500000000,0.00390625000000000,0.00097656250000000,0.00006103515625000,0.00012207031250000,0.00097656250000000,0.00012207031250000,0.52419940101903029,2
0.00012207031250000,0.00024414062500000,0.00006103515625000,0.00006103515625000,0.00012207031250000,0.00048828125000000,0.00006103515625000,0.00012207031250000,0.00024414062500000,0.00195312500000000,0.00390625000000000,0.00097656250000000,0.00006103515625000,0.00012207031250000,0.00097656250000000,0.00012207031250000,0.52440635588096240,0
0.00012207031250000,0.00024414062500000,0.00012207031250000,0.00006103515625000,0.00012207031250000,0.00048828125000000,0.00006103515625000,0.00012207031250000,0.00024414062500000,0.00195312500000000,0.00390625000000000,0.00097656250000000,0.00006103515625000,0.00012207031250000,0.00097656250000000,0.00012207031250000,0.52461272070684972,0
0.00006103515625000,0.00024414062500000,0.00012207031250000,0.00006103515625000,0.00024414062500000,0.00048828125000000,0.00006103515625000,0.00012207031250000,0.00024414062500000,0.00195312500000000,0.00390625000000000,0.00097656250000000,0.00006103515625000,0.00012207031250000,0.00097656250000000,0.00012207031250000,0.52502369364142643,0
0.00006103515625000,0.00024414062500000,0.00012207031250000,0.00006103515625000,0.00048828125000000,0.00048828125000000,0.00006103515625000,0.00012207031250000,0.00006103515625000,0.00195312500000000,0.00390625000000000,0.00097656250000000,0.00006103515625000,0.00012207031250000,0.00097656250000000,0.00012207031250000,0.52583870479849504,2
0.00006103515625000,0.00024414062500000,0.00012207031250000,0.00006103515625000,0.00048828125000000,0.00048828125000000,0.00006103515625000,0.00012207031250000,0.00012207031250000,0.00195312500000000,0.00390625000000000,0.00097656250000000,0.00006103515625000,0.00012207031250000,0.00097656250000000,0.00012207031250000,0.52604103173289074,2
0.00006103515625000,0.00024414062500000,0.00012207031250000,0.00006103515625000,0.00097656250000000,0.00006103515625000,0.00012207031250000,0.00006103515625000,0.00012207031250000,0.00195312500000000,0.00390625000000000,0.00097656250000000,0.00006103515625000,0.00012207031250000,0.00097656250000000,0.00012207031250000,0.52763960411502142,0
0.00006103515625000,0.00024414062500000,0.00024414062500000,0.00012207031250000,0.00097656250000000,0.00006103515625000,0.00390625000000000,0.00097656250000000,0.00012207031250000,0.00195312500000000,0.00097656250000000,0.00012207031250000,0.00006103515625000,0.00012207031250000,0.00000000000000000,0.00006103515625000,0.52823008255199155,2
0.00000000000000000,0.00000000000000000,0.00000000000000000,0.00006103515625000,0.00000000000000000,0.00000000000000000,0.00000000000000000,0.00000000000000000,0.00000000000000000,0.00000000000000000,0.00000000000000000,0.00000000000000000,0.00000000000000000,0.00000000000000000,0.00006103515625000,0.00000000000000000,0.00000000000000000,0
0.00000000000000000,0.00000000000000000,0.00006103515625000,0.00006103515625000,0.00000000000000000,0.00006103515625000,0.00000000000000000,0.00000000000000000,0.00000000000000000,0.00000000000000000,0.00000000000000000,0.00000000000000000,0.00000000000000000,0.00000000000000000,0.00000000000000000,0.00000000000000000,0.00000000000000000,3
0.00012207031250000,0.00000000000000000,0.00000000000000000,0.00000000000000000,0.00006103515625000,0.00000000000000000,0.00000000000000000,0.00000000000000000,0.00000000000000000,0.00000000000000000,0.00000000000000000,0.00006103515625000,0.00000000000000000,0.00000000000000000,0.00000000000000000,0.00000000000000000,0.11649500072266981,1
0.00000000000000000,0.00000000000000000,0.00000000000000000,0.00012207031250000,0.00006103515625000,0.00000000000000000,0.00000000000000000,0.00006103515625000,0.00000000000000000,0.00000000000000000,0.00000000000000000,0.00006103515625000,0.00000000000000000,0.00000000000000000,0.00000000000000000,0.00000000000000000,0.11649500072266981,0
0.00000000000000000,0.00000000000000000,0.00000000000000000,0.00012207031250000,0.00000000000000000,0.00000000000000000,0.00000000000000000,0.00012207031250000,0.00006103515625000,0.00000000000000000,0.00000000000000000,0.00006103515625000,0.00000000000000000,0.00000000000000000,0.00000000000000000,0.00000000000000000,0.15904041823988749,2
0.00006103515625000,0.00000000000000000,0.00000000000000000,0.00000000000000000,0.00000000000000000,0.00000000000000000,0.00000000000000000,0.00000000000000000,0.00000000000000000,0.00000000000000000,0.00000000000000000,0.00024414062500000,0.00006103515625000,0.00000000000000000,0.00000000000000000,0.00006103515625000,0.20507482022971232,3
0.00000000000000000,0.00000000000000000,0.00000000000000000,0.00006103515625000,0.00000000000000000,0.00000000000000000,0.00000000000000000,0.00000000000000000,0.00000000000000000,0.00000000000000000,0.00000000000000000,0.00024414062500000,0.00000000000000000,0.00000000000000000,0.00006103515625000,0.00012207031250000,0.22036988245565323,1
0.00006103515625000,0.00000000000000000,0.00000000000000000,0.00000000000000000,0.00000000000000000,0.00000000000000000,0.00000000000000000,0.00000000000000000,0.00024414062500000,0.00000000000000000,0.00000000000000000,0.00000000000000000,0.00006103515625000,0.00012207031250000,0.00006103515625000,0.00000000000000000,0.22036988245565323,3
0.00000000000000000,0.00000000000000000,0.00000000000000000,0.00000000000000000,0.00006103515625000,0.00000000000000000,0.00006103515625000,0.00000000000000000,0.00024414062500000,0.00000000000000000,0.00000000000000000,0.00000000000000000,0.00006103515625000,0.00012207031250000,0.00006103515625000,0.00000000000000000,0.22036988245565323,2
0.00000000000000000,0.00000000000000000,0.00000000000000000,0.00000000000000000,0.00000000000000000,0.00006103515625000,0.00000000000000000,0.00012207031250000,0.00000000000000000,0.00000000000000000,0.00000000000000000,0.00024414062500000,0.00000000000000000,0.00006103515625000,0.00012207031250000,0.00006103515625000,0.23299000144533963,2
0.00000000000000000,0.00000000000000000,0.00006103515625000,0.00000000000000000,0.00000000000000000,0.00000000000000000,0.00000000000000000,0.00012207031250000,0.00000000000000000,0.00000000000000000,0.00000000000000000,0.00024414062500000,0.00000000000000000,0.00012207031250000,0.00012207031250000,0.00006103515625000,0.24373299964982600,0
0.00000000000000000,0.00012207031250000,0.00006103515625000,0.00012207031250000,0.00000000000000000,0.00000000000000000,0.00012207031250000,0.00024414062500000,0.00000000000000000,0.00000000000000000,0.00000000000000000,0.00006103515625000,0.00006103515625000,0.00000000000000000,0.00000000000000000,0.00000000000000000,0.24373299964982600,1
0.00012207031250000,0.00006103515625000,0.00012207031250000,0.00006103515625000,0.00012207031250000,0.00024414062500000,0.00000000000000000,0.00000000000000000,0.00006103515625000,0.00000000000000000,0.00000000000000000,0.00000000000000000,0.00006103515625000,0.00000000000000000,0.00000000000000000,0.00000000000000000,0.24373299964982600,1
0.00000000000000000,0.00000000000000000,0.00000000000000000,0.00000000000000000,0.00006103515625000,0.00000000000000000,0.00000000000000000,0.00000000000000000,0.00024414062500000,0.00006103515625000,0.00000000000000000,0.00000000000000000,0.00012207031250000,0.00024414062500000,0.00012207031250000,0.00006103515625000,0.26879730945328922,3
0.00006103515625000,0.00006103515625000,0.00012207031250000,0.00006103515625000,0.00024414062500000,0.00024414062500000,0.00000000000000000,0.00000000000000000,0.00012207031250000,0.00000000000000000,0.00006103515625000,0.00000000000000000,0.00000000000000000,0.00000000000000000,0.00000000000000000,0.00000000000000000,0.26879730945328922,0
0.00006103515625000,0.00012207031250000,0.00012207031250000,0.00006103515625000,0.00000000000000000,0.00000000000000000,0.00000000000000000,0.00048828125000000,0.00000000000000000,0.00000000000000000,0.00012207031250000,0.00006103515625000,0.00000000000000000,0.00000000000000000,0.00000000000000000,0.00000000000000000,0.29755497250179452,0
0.00000000000000000,0.00006103515625000,0.00024414062500000,0.00006103515625000,0.00000000000000000,0.00000000000000000,0.00000000000000000,0.00048828125000000,0.00000000000000000,0.00000000000000000,0.00012207031250000,0.00006103515625000,0.00000000000000000,0.00000000000000000,0.00000000000000000,0.00006103515625000,0.30647484845620920,1
0.00000000000000000,0.00006103515625000,0.00024414062500000,0.00006103515625000,0.00000000000000000,0.00000000000000000,0.00012207031250000,0.00048828125000000,0.00000000000000000,0.00000000000000000,0.00000000000000000,0.00012207031250000,0.00006103515625000,0.00000000000000000,0.00000000000000000,0.00000000000000000,0.31055381002007598,3
0.00000000000000000,0.00006103515625000,0.00024414062500000,0.00006103515625000,0.00000000000000000,0.00000000000000000,0.00012207031250000,0.00048828125000000,0.00000000000000000,0.00006103515625000,0.00000000000000000,0.00012207031250000,0.00000000000000000,0.00000000000000000,0.00000000000000000,0.00006103515625000,0.31055381002007598,1
0.00000000000000000,0.00000000000000000,0.00000000000000000,0.00006103515625000,0.00000000000000000,0.00006103515625000,0.00000000000000000,0.00048828125000000,0.00000000000000000,0.00000000000000000,0.00024414062500000,0.00012207031250000,0.00000000000000000,0.00012207031250000,0.00012207031250000,0.00006103515625000,0.31441512086208029,3
0.00000000000000000,0.00000000000000000,0.00000000000000000,0.00006103515625000,0.00000000000000000,0.00000000000000000,0.00000000000000000,0.00048828125000000,0.00000000000000000,0.00006103515625000,0.00024414062500000,0.00012207031250000,0.00012207031250000,0.00012207031250000,0.00012207031250000,0.00006103515625000,0.31441512086208029,3
0.00006103515625000,0.00000000000000000,0.00000000000000000,0.00000000000000000,0.00048828125000000,0.00000000000000000,0.00000000000000000,0.00000000000000000,0.00006103515625000,0.00024414062500000,0.00012207031250000,0.00006103515625000,0.00024414062500000,0.00012207031250000,0.00006103515625000,0.00000000000000000,0.32156982095238212,3
0.00006103515625000,0.00024414062500000,0.00012207031250000,0.00006103515625000,0.00048828125000000,0.00012207031250000,0.00006103515625000,0.00000000000000000,0.00006103515625000,0.00006103515625000,0.00000000000000000,0.00000000000000000,0.00024414062500000,0.00000000000000000,0.00000000000000000,0.00000000000000000,0.32156982095238212,1
0.00006103515625000,0.00000000000000000,0.00000000000000000,0.00000000000000000,0.00048828125000000,0.00024414062500000,0.00000000000000000,0.00006103515625000,0.00006103515625000,0.00012207031250000,0.00012207031250000,0.00000000000000000,0.00024414062500000,0.00006103515625000,0.00006103515625000,0.00006103515625000,0.32156982095238212,2
0.00006103515625000,0.00000000000000000,0.00000000000000000,0.00000000000000000,0.00048828125000000,0.00024414062500000,0.00006103515625000,0.00006103515625000,0.00006103515625000,0.00024414062500000,0.00000000000000000,0.00000000000000000,0.00024414062500000,0.00012207031250000,0.00006103515625000,0.00000000000000000,0.33112862237770746,1
0.00000000000000000,0.00006103515625000,0.00000000000000000,0.00006103515625000,0.00000000000000000,0.00048828125000000,0.00024414062500000,0.00012207031250000,0.00000000000000000,0.00000000000000000,0.00006103515625000,0.00024414062500000,0.00000000000000000,0.00024414062500000,0.00012207031250000,0.00006103515625000,0.33405356229710709,2
0.00000000000000000,0.00000000000000000,0.00006103515625000,0.00006103515625000,0.00000000000000000,0.00006103515625000,0.00024414062500000,0.00012207031250000,0.00000000000000000,0.00048828125000000,0.00006103515625000,0.00024414062500000,0.00000000000000000,0.00024414062500000,0.00012207031250000,0.00006103515625000,0.33405356229710709,2
0.00012207031250000,0.00000000000000000,0.00006103515625000,0.00000000000000000,0.00006103515625000,0.00024414062500000,0.00012207031250000,0.00000000000000000,0.00048828125000000,0.00006103515625000,0.00024414062500000,0.00000000000000000,0.00024414062500000,0.00012207031250000,0.00006103515625000,0.00000000000000000,0.33686488317832303,3
0.00012207031250000,0.00024414062500000,0.00006103515625000,0.00006103515625000,0.00006103515625000,0.00006103515625000,0.00012207031250000,0.00000000000000000,0.00048828125000000,0.00012207031250000,0.00024414062500000,0.00000000000000000,0.00024414062500000,0.00000000000000000,0.00006103515625000,0.00000000000000000,0.33686488317832303,3
0.00012207031250000,0.00000000000000000,0.00006103515625000,0.00000000000000000,0.00006103515625000,0.00024414062500000,0.00012207031250000,0.00006103515625000,0.00048828125000000,0.00006103515625000,0.00024414062500000,0.00000000000000000,0.00024414062500000,0.00012207031250000,0.00006103515625000,0.00006103515625000,0.33686488317832303,3
0.00000000000000000,0.00006103515625000,0.00012207031250000,0.00006103515625000,0.00006103515625000,0.00024414062500000,0.00012207031250000,0.00006103515625000,0.00000000000000000,0.00048828125000000,0.00006103515625000,0.00024414062500000,0.00000000000000000,0.00024414062500000,0.00012207031250000,0.00012207031250000,0.33957108299010397,1
0.00000000000000000,0.00006103515625000,0.00012207031250000,0.00000000000000000,0.00000000000000000,0.00024414062500000,0.00024414062500000,0.00012207031250000,0.00000000000000000,0.00048828125000000,0.00006103515625000,0.00024414062500000,0.00006103515625000,0.00024414062500000,0.00012207031250000,0.00012207031250000,0.34713089505274169,3
0.00006103515625000,0.00012207031250000,0.00000000000000000,0.00006103515625000,0.00048828125000000,0.00012207031250000,0.00000000000000000,0.00000000000000000,0.00048828125000000,0.00006103515625000,0.00024414062500000,0.00000000000000000,0.00006103515625000,0.00024414062500000,0.00024414062500000,0.00000000000000000,0.36022800037249580,2
0.00006103515625000,0.00012207031250000,0.00006103515625000,0.00000000000000000,0.00048828125000000,0.00012207031250000,0.00000000000000000,0.00000000000000000,0.00048828125000000,0.00006103515625000,0.00024414062500000,0.00006103515625000,0.00006103515625000,0.00048828125000000,0.00000000000000000,0.00000000000000000,0.36780431267197494,0
0.00000000000000000,0.00006103515625000,0.00012207031250000,0.00006103515625000,0.00006103515625000,0.00000000000000000,0.00048828125000000,0.00012207031250000,0.00048828125000000,0.00006103515625000,0.00024414062500000,0.00006103515625000,0.00000000000000000,0.00000000000000000,0.00006103515625000,0.00048828125000000,0.36780431267197494,3
0.00000000000000000,0.00000000000000000,0.00012207031250000,0.00006103515625000,0.00006103515625000,0.00000000000000000,0.00048828125000000,0.00012207031250000,0.00006103515625000,0.00000000000000000,0.00024414062500000,0.00006103515625000,0.00048828125000000,0.00012207031250000,0.00006103515625000,0.00048828125000000,0.36958065736898438,2
0.00012207031250000,0.00012207031250000,0.00012207031250000,0.00006103515625000,0.00048828125000000,0.00000000000000000,0.00048828125000000,0.00012207031250000,0.00000000000000000,0.00000000000000000,0.00024414062500000,0.00006103515625000,0.00006103515625000,0.00000000000000000,0.00006103515625000,0.00048828125000000,0.37131445076894559,3
0.00000000000000000,0.00012207031250000,0.00024414062500000,0.00006103515625000,0.00006103515625000,0.00000000000000000,0.00097656250000000,0.00012207031250000,0.00000000000000000,0.00000000000000000,0.00024414062500000,0.00006103515625000,0.00000000000000000,0.00000000000000000,0.00012207031250000,0.00048828125000000,0.38806326723978962,3
0.00006103515625000,0.00012207031250000,0.00024414062500000,0.00006103515625000,0.00000000000000000,0.00000000000000000,0.00097656250000000,0.00012207031250000,0.00000000000000000,0.00000000000000000,0.00024414062500000,0.00006103515625000,0.00000000000000000,0.00006103515625000,0.00012207031250000,0.00048828125000000,0.38806326723978962,0
0.00000000000000000,0.00000000000000000,0.00024414062500000,0.00006103515625000,0.00000000000000000,0.00000000000000000,0.00097656250000000,0.00012207031250000,0.00012207031250000,0.00012207031250000,0.00024414062500000,0.00006103515625000,0.00006103515625000,0.00006103515625000,0.00012207031250000,0.00048828125000000,0.38806326723978962,2
0.00000000000000000,0.00000000000000000,0.00024414062500000,0.00006103515625000,0.00000000000000000,0.00000000000000000,0.00097656250000000,0.00012207031250000,0.00012207031250000,0.00024414062500000,0.00024414062500000,0.00006103515625000,0.00000000000000000,0.00012207031250000,0.00012207031250000,0.00048828125000000,0.39203041968522712,3
0.00024414062500000,0.00006103515625000,0.00000000000000000,0.00000000000000000,0.00097656250000000,0.00012207031250000,0.00000000000000000,0.00000000000000000,0.00012207031250000,0.00048828125000000,0.00006103515625000,0.00000000000000000,0.00024414062500000,0.00048828125000000,0.00006103515625000,0.00000000000000000,0.39936655784928937,0
0.00024414062500000,0.00006103515625000,0.00012207031250000,0.00006103515625000,0.00097656250000000,0.00012207031250000,0.00000000000000000,0.00000000000000000,0.00012207031250000,0.00097656250000000,0.00000000000000000,0.00000000000000000,0.00024414062500000,0.00000000000000000,0.00000000000000000,0.00000000000000000,0.40914081000141839,3
0.00024414062500000,0.00000000000000000,0.00000000000000000,0.00000000000000000,0.00097656250000000,0.00006103515625000,0.00000000000000000,0.00000000000000000,0.00012207031250000,0.00012207031250000,0.00006103515625000,0.00000000000000000,0.00024414062500000,0.00097656250000000,0.00012207031250000,0.00006103515625000,0.40914081000141839,2
0.00024414062500000,0.00006103515625000,0.00006103515625000,0.00006103515625000,0.00097656250000000,0.00012207031250000,0.00012207031250000,0.00006103515625000,0.00012207031250000,0.00097656250000000,0.00000000000000000,0.00000000000000000,0.00024414062500000,0.00000000000000000,0.00000000000000000,0.00000000000000000,0.40914081000141839,1
0.00024414062500000,0.00000000000000000,0.00000000000000000,0.00000000000000000,0.00097656250000000,0.00006103515625000,0.00006103515625000,0.00000000000000000,0.00012207031250000,0.00012207031250000,0.00006103515625000,0.00000000000000000,0.00024414062500000,0.00097656250000000,0.00012207031250000,0.00012207031250000,0.41014964045942465,0
0.00024414062500000,0.00006103515625000,0.00000000000000000,0.00000000000000000,0.00097656250000000,0.00006103515625000,0.00000000000000000,0.00000000000000000,0.00012207031250000,0.00012207031250000,0.00012207031250000,0.00000000000000000,0.00024414062500000,0.00097656250000000,0.00012207031250000,0.00012207031250000,0.41114460339235159,3
0.00024414062500000,0.00006103515625000,0.00000000000000000,0.00006103515625000,0.00097656250000000,0.00006103515625000,0.00000000000000000,0.00000000000000000,0.00024414062500000,0.00012207031250000,0.00000000000000000,0.00000000000000000,0.00024414062500000,0.00097656250000000,0.00024414062500000,0.00000000000000000,0.41499307990413908,0
0.00000000000000000,0.00000000000000000,0.00024414062500000,0.00012207031250000,0.00000000000000000,0.00006103515625000,0.00097656250000000,0.00006103515625000,0.00000000000000000,0.00000000000000000,0.00024414062500000,0.00012207031250000,0.00000000000000000,0.00024414062500000,0.00097656250000000,0.00024414062500000,0.41592405625774137,0
0.00006103515625000,0.00006103515625000,0.00024414062500000,0.00012207031250000,0.00000000000000000,0.00024414062500000,0.00097656250000000,0.00006103515625000,0.00000000000000000,0.00000000000000000,0.00024414062500000,0.00012207031250000,0.00000000000000000,0.00000000000000000,0.00097656250000000,0.00024414062500000,0.41592405625774137,3
0.00000000000000000,0.00012207031250000,0.00024414062500000,0.00012207031250000,0.00000000000000000,0.00024414062500000,0.00097656250000000,0.00006103515625000,0.00006103515625000,0.00000000000000000,0.00024414062500000,0.00012207031250000,0.00000000000000000,0.00000000000000000,0.00097656250000000,0.00024414062500000,0.41684321036962529,2
0.00006103515625000,0.00000000000000000,0.00024414062500000,0.00012207031250000,0.00000000000000000,0.00000000000000000,0.00097656250000000,0.00006103515625000,0.00000000000000000,0.00012207031250000,0.00024414062500000,0.00012207031250000,0.00006103515625000,0.00024414062500000,0.00097656250000000,0.00024414062500000,0.41684321036962529,0
0.00006103515625000,0.00024414062500000,0.00012207031250000,0.00000000000000000,0.00097656250000000,0.00006103515625000,0.00000000000000000,0.00012207031250000,0.00012207031250000,0.00024414062500000,0.00012207031250000,0.00000000000000000,0.00006103515625000,0.00024414062500000,0.00097656250000000,0.00024414062500000,0.41684321036962529,0
0.00006103515625000,0.00000000000000000,0.00000000000000000,0.00006103515625000,0.00097656250000000,0.00024414062500000,0.00000000000000000,0.00000000000000000,0.00012207031250000,0.00006103515625000,0.00024414062500000,0.00012207031250000,0.00006103515625000,0.00048828125000000,0.00097656250000000,0.00024414062500000,0.42212572983208291,3
0.00000000000000000,0.00006103515625000,0.00000000000000000,0.00012207031250000,0.00000000000000000,0.00000000000000000,0.00097656250000000,0.00024414062500000,0.00012207031250000,0.00006103515625000,0.00024414062500000,0.00012207031250000,0.00006103515625000,0.00048828125000000,0.00097656250000000,0.00024414062500000,0.42296984917887898,1
0.00012207031250000,0.00012207031250000,0.00097656250000000,0.00012207031250000,0.00006103515625000,0.00048828125000000,0.00024414062500000,0.00024414062500000,0.00000000000000000,0.00006103515625000,0.00097656250000000,0.00012207031250000,0.00000000000000000,0.00000000000000000,0.00000000000000000,0.00024414062500000,0.42380423782652993,3
0.00000000000000000,0.00024414062500000,0.00097656250000000,0.00012207031250000,0.00000000000000000,0.00006103515625000,0.00048828125000000,0.00048828125000000,0.00000000000000000,0.00006103515625000,0.00097656250000000,0.00012207031250000,0.00000000000000000,0.00006103515625000,0.00000000000000000,0.00024414062500000,0.42861813863478132,3
0.00000000000000000,0.00024414062500000,0.00097656250000000,0.00012207031250000,0.00000000000000000,0.00012207031250000,0.00006103515625000,0.00097656250000000,0.00000000000000000,0.00006103515625000,0.00097656250000000,0.00012207031250000,0.00000000000000000,0.00000000000000000,0.00006103515625000,0.00024414062500000,0.43457583720244480,2
0.00024414062500000,0.00097656250000000,0.00012207031250000,0.00000000000000000,0.00012207031250000,0.00006103515625000,0.00097656250000000,0.00000000000000000,0.00006103515625000,0.00097656250000000,0.00012207031250000,0.00000000000000000,0.00006103515625000,0.00024414062500000,0.00006103515625000,0.00000000000000000,0.43457583720244480,0
0.00006103515625000,0.00097656250000000,0.00012207031250000,0.00000000000000000,0.00024414062500000,0.00006103515625000,0.00097656250000000,0.00000000000000000,0.00012207031250000,0.00097656250000000,0.00012207031250000,0.00000000000000000,0.00012207031250000,0.00024414062500000,0.00006103515625000,0.00000000000000000,0.43528721800122366,0
0.00006103515625000,0.00097656250000000,0.00012207031250000,0.00006103515625000,0.00024414062500000,0.00006103515625000,0.00097656250000000,0.00000000000000000,0.00024414062500000,0.00097656250000000,0.00012207031250000,0.00000000000000000,0.00000000000000000,0.00024414062500000,0.00006103515625000,0.00000000000000000,0.43668934249562624,1
0.00006103515625000,0.00097656250000000,0.00012207031250000,0.00006103515625000,0.00048828125000000,0.00006103515625000,0.00097656250000000,0.00006103515625000,0.00000000000000000,0.00097656250000000,0.00012207031250000,0.00000000000000000,0.00000000000000000,0.00024414062500000,0.00006103515625000,0.00000000000000000,0.43941464939222757,3
0.00006103515625000,0.00097656250000000,0.00012207031250000,0.00006103515625000,0.00048828125000000,0.00006103515625000,0.00097656250000000,0.00006103515625000,0.00097656250000000,0.00012207031250000,0.00000000000000000,0.00000000000000000,0.00024414062500000,0.00006103515625000,0.00006103515625000,0.00000000000000000,0.43941464939222757,3
0.00006103515625000,0.00097656250000000,0.00012207031250000,0.00006103515625000,0.00048828125000000,0.00006103515625000,0.00097656250000000,0.00006103515625000,0.00000000000000000,0.00006103515625000,0.00097656250000000,0.00012207031250000,0.00000000000000000,0.00000000000000000,0.00024414062500000,0.00012207031250000,0.44008023949507030,1
0.00006103515625000,0.00097656250000000,0.00012207031250000,0.00012207031250000,0.00048828125000000,0.00012207031250000,0.00195312500000000,0.00024414062500000,0.00006103515625000,0.00000000000000000,0.00024414062500000,0.00000000000000000,0.00000000000000000,0.00000000000000000,0.00000000000000000,0.00000000000000000,0.45224842384899039,3
0.00000000000000000,0.00000000000000000,0.00006103515625000,0.00000000000000000,0.00006103515625000,0.00000000000000000,0.00012207031250000,0.00000000000000000,0.00048828125000000,0.00097656250000000,0.00195312500000000,0.00012207031250000,0.00006103515625000,0.00012207031250000,0.00024414062500000,0.00024414062500000,0.45224842384899039,0
0.00006103515625000,0.00097656250000000,0.00006103515625000,0.00012207031250000,0.00048828125000000,0.00012207031250000,0.00012207031250000,0.00024414062500000,0.00006103515625000,0.00000000000000000,0.00195312500000000,0.00000000000000000,0.00000000000000000,0.00006103515625000,0.00024414062500000,0.00000000000000000,0.45224842384899039,0
0.00006103515625000,0.00097656250000000,0.00006103515625000,0.00012207031250000,0.00048828125000000,0.00012207031250000,0.00012207031250000,0.00024414062500000,0.00006103515625000,0.00006103515625000,0.00195312500000000,0.00000000000000000,0.00006103515625000,0.00000000000000000,0.00024414062500000,0.00000000000000000,0.45224842384899039,3
0.00006103515625000,0.00097656250000000,0.00006103515625000,0.00012207031250000,0.00048828125000000,0.00012207031250000,0.00012207031250000,0.00024414062500000,0.00012207031250000,0.00006103515625000,0.00195312500000000,0.00006103515625000,0.00000000000000000,0.00000000000000000,0.00024414062500000,0.00000000000000000,0.45280628721658744,3
0.00006103515625000,0.00097656250000000,0.00006103515625000,0.00012207031250000,0.00012207031250000,0.00048828125000000,0.00024414062500000,0.00024414062500000,0.00012207031250000,0.00006103515625000,0.00195312500000000,0.00006103515625000,0.00000000000000000,0.00000000000000000,0.00000000000000000,0.00024414062500000,0.45390927867253095,2
0.00006103515625000,0.00097656250000000,0.00006103515625000,0.00012207031250000,0.00012207031250000,0.00048828125000000,0.00048828125000000,0.00000000000000000,0.00012207031250000,0.00006103515625000,0.00195312500000000,0.00006103515625000,0.00024414062500000,0.00000000000000000,0.00000000000000000,0.00006103515625000,0.45606608371277374,0
0.00006103515625000,0.00097656250000000,0.00006103515625000,0.00012207031250000,0.00012207031250000,0.00097656250000000,0.00000000000000000,0.00000000000000000,0.00012207031250000,0.00006103515625000,0.00195312500000000,0.00006103515625000,0.00024414062500000,0.00006103515625000,0.00000000000000000,0.00006103515625000,0.46019596885928854,1
0.00000000000000000,0.00000000000000000,0.00006103515625000,0.00000000000000000,0.00006103515625000,0.00000000000000000,0.00000000000000000,0.00000000000000000,0.00024414062500000,0.00195312500000000,0.00006103515625000,0.00012207031250000,0.00024414062500000,0.00012207031250000,0.00195312500000000,0.00012207031250000,0.46959422825996344,1
0.00006103515625000,0.00195312500000000,0.00012207031250000,0.00024414062500000,0.00048828125000000,0.00012207031250000,0.00195312500000000,0.00000000000000000,0.00000000000000000,0.00000000000000000,0.00000000000000000,0.00000000000000000,0.00000000000000000,0.00000000000000000,0.00000000000000000,0.00006103515625000,0.47261509524873757,3
0.00006103515625000,0.00195312500000000,0.00012207031250000,0.00024414062500000,0.00000000000000000,0.00048828125000000,0.00012207031250000,0.00195312500000000,0.00006103515625000,0.00000000000000000,0.00000000000000000,0.00000000000000000,0.00000000000000000,0.00000000000000000,0.00000000000000000,0.00006103515625000,0.47261509524873757,1
0.00006103515625000,0.00195312500000000,0.00012207031250000,0.00024414062500000,0.00000000000000000,0.00048828125000000,0.00012207031250000,0.00195312500000000,0.00000000000000000,0.00006103515625000,0.00000000000000000,0.00006103515625000,0.00000000000000000,0.00000000000000000,0.00000000000000000,0.00006103515625000,0.47261509524873757,3
0.00000000000000000,0.00000000000000000,0.00006103515625000,0.00000000000000000,0.00000000000000000,0.00195312500000000,0.00000000000000000,0.00024414062500000,0.00000000000000000,0.00048828125000000,0.00000000000000000,0.00195312500000000,0.00006103515625000,0.00006103515625000,0.00024414062500000,0.00012207031250000,0.47387212968300158,2
0.00006103515625000,0.00000000000000000,0.00000000000000000,0.00000000000000000,0.00195312500000000,0.00024414062500000,0.00000000000000000,0.00000000000000000,0.00048828125000000,0.00195312500000000,0.00000000000000000,0.00000000000000000,0.00012207031250000,0.00024414062500000,0.00012207031250000,0.00006103515625000,0.47428633632777645,0
0.00006103515625000,0.00024414062500000,0.00012207031250000,0.00006103515625000,0.00195312500000000,0.00195312500000000,0.00000000000000000,0.00000000000000000,0.00048828125000000,0.00024414062500000,0.00000000000000000,0.00000000000000000,0.00012207031250000,0.00006103515625000,0.00000000000000000,0.00000000000000000,0.47428633632777645,2
0.00006103515625000,0.00024414062500000,0.00012207031250000,0.00006103515625000,0.00390625000000000,0.00000000000000000,0.00000000000000000,0.00000000000000000,0.00048828125000000,0.00024414062500000,0.00000000000000000,0.00006103515625000,0.00012207031250000,0.00006103515625000,0.00000000000000000,0.00000000000000000,0.48642575509171221,3
0.00006103515625000,0.00048828125000000,0.00012207031250000,0.00012207031250000,0.00390625000000000,0.00006103515625000,0.00000000000000000,0.00000000000000000,0.00048828125000000,0.00000000000000000,0.00000000000000000,0.00000000000000000,0.00012207031250000,0.00000000000000000,0.00006103515625000,0.00000000000000000,0.48815128170732547,1
0.00006103515625000,0.00048828125000000,0.00012207031250000,0.00012207031250000,0.00390625000000000,0.00006103515625000,0.00006103515625000,0.00000000000000000,0.00048828125000000,0.00000000000000000,0.00000000000000000,0.00006103515625000,0.00012207031250000,0.00000000000000000,0.00000000000000000,0.00000000000000000,0.48815128170732547,0
0.00000000000000000,0.00006103515625000,0.00048828125000000,0.00024414062500000,0.00000000000000000,0.00006103515625000,0.00390625000000000,0.00012207031250000,0.00000000000000000,0.00000000000000000,0.00048828125000000,0.00006103515625000,0.00000000000000000,0.00000000000000000,0.00000000000000000,0.00012207031250000,0.48916719190894248,1
0.00000000000000000,0.00012207031250000,0.00048828125000000,0.00024414062500000,0.00000000000000000,0.00000000000000000,0.00390625000000000,0.00012207031250000,0.00000000000000000,0.00012207031250000,0.00048828125000000,0.00006103515625000,0.00000000000000000,0.00000000000000000,0.00000000000000000,0.00012207031250000,0.48950268457746904,0
0.00000000000000000,0.00024414062500000,0.00048828125000000,0.00024414062500000,0.00000000000000000,0.00000000000000000,0.00390625000000000,0.00012207031250000,0.00000000000000000,0.00000000000000000,0.00048828125000000,0.00006103515625000,0.00000000000000000,0.00000000000000000,0.00006103515625000,0.00012207031250000,0.49016904061759492,2
0.00024414062500000,0.00048828125000000,0.00024414062500000,0.00000000000000000,0.00390625000000000,0.00012207031250000,0.00000000000000000,0.00000000000000000,0.00048828125000000,0.00006103515625000,0.00006103515625000,0.00000000000000000,0.00006103515625000,0.00012207031250000,0.00000000000000000,0.00000000000000000,0.49016904061759492,3
0.00024414062500000,0.00048828125000000,0.00024414062500000,0.00006103515625000,0.00390625000000000,0.00012207031250000,0.00000000000000000,0.00000000000000000,0.00048828125000000,0.00012207031250000,0.00000000000000000,0.00000000000000000,0.00006103515625000,0.00012207031250000,0.00000000000000000,0.00000000000000000,0.49049993222767346,0
0.00024414062500000,0.00048828125000000,0.00024414062500000,0.00006103515625000,0.00390625000000000,0.00024414062500000,0.00000000000000000,0.00000000000000000,0.00048828125000000,0.00012207031250000,0.00000000000000000,0.00000000000000000,0.00006103515625000,0.00006103515625000,0.00000000000000000,0.00000000000000000,0.49115721178297095,1
0.00024414062500000,0.00048828125000000,0.00024414062500000,0.00006103515625000,0.00000000000000000,0.00000000000000000,0.00390625000000000,0.00024414062500000,0.00000000000000000,0.00006103515625000,0.00048828125000000,0.00012207031250000,0.00000000000000000,0.00000000000000000,0.00000000000000000,0.00012207031250000,0.49148362682836894,0
0.00000000000000000,0.00000000000000000,0.00000000000000000,0.00000000000000000,0.00006103515625000,0.00000000000000000,0.00024414062500000,0.00006103515625000,0.00000000000000000,0.00048828125000000,0.00390625000000000,0.00024414062500000,0.00024414062500000,0.00006103515625000,0.00048828125000000,0.00024414062500000,0.49213207384068203,3
0.00006103515625000,0.00048828125000000,0.00024414062500000,0.00006103515625000,0.00024414062500000,0.00006103515625000,0.00390625000000000,0.00048828125000000,0.00000000000000000,0.00000000000000000,0.00048828125000000,0.00000000000000000,0.00000000000000000,0.00000000000000000,0.00006103515625000,0.00000000000000000,0.49341179625571652,2
0.00006103515625000,0.00048828125000000,0.00024414062500000,0.00006103515625000,0.00024414062500000,0.00006103515625000,0.00390625000000000,0.00048828125000000,0.00000000000000000,0.00000000000000000,0.00006103515625000,0.00048828125000000,0.00000000000000000,0.00000000000000000,0.00000000000000000,0.00006103515625000,0.49341179625571652,0
0.00006103515625000,0.00048828125000000,0.00024414062500000,0.00006103515625000,0.00024414062500000,0.00006103515625000,0.00390625000000000,0.00048828125000000,0.00006103515625000,0.00048828125000000,0.00000000000000000,0.00000000000000000,0.00006103515625000,0.00000000000000000,0.00000000000000000,0.00006103515625000,0.49341179625571652,3
0.00006103515625000,0.00048828125000000,0.00024414062500000,0.00006103515625000,0.00024414062500000,0.00006103515625000,0.00390625000000000,0.00048828125000000,0.00006103515625000,0.00048828125000000,0.00000000000000000,0.00000000000000000,0.00012207031250000,0.00000000000000000,0.00006103515625000,0.00000000000000000,0.49372822261167015,1
0.00006103515625000,0.00048828125000000,0.00024414062500000,0.00006103515625000,0.00024414062500000,0.00006103515625000,0.00390625000000000,0.00048828125000000,0.00006103515625000,0.00048828125000000,0.00006103515625000,0.00000000000000000,0.00012207031250000,0.00006103515625000,0.00000000000000000,0.00000000000000000,0.49372822261167015,3
0.00006103515625000,0.00048828125000000,0.00000000000000000,0.00006103515625000,0.00024414062500000,0.00006103515625000,0.00024414062500000,0.00000000000000000,0.00006103515625000,0.00048828125000000,0.00390625000000000,0.00006103515625000,0.00012207031250000,0.00006103515625000,0.00006103515625000,0.00048828125000000,0.49372822261167015,3
0.00000000000000000,0.00006103515625000,0.00048828125000000,0.00006103515625000,0.00006103515625000,0.00024414062500000,0.00006103515625000,0.00024414062500000,0.00006103515625000,0.00048828125000000,0.00390625000000000,0.00006103515625000,0.00000000000000000,0.00012207031250000,0.00012207031250000,0.00048828125000000,0.49404327169947487,2
0.00006103515625000,0.00048828125000000,0.00006103515625000,0.00000000000000000,0.00006103515625000,0.00024414062500000,0.00006103515625000,0.00024414062500000,0.00006103515625000,0.00048828125000000,0.00390625000000000,0.00006103515625000,0.00024414062500000,0.00048828125000000,0.00000000000000000,0.00006103515625000,0.49466928566560697,0
0.00012207031250000,0.00048828125000000,0.00012207031250000,0.00024414062500000,0.00006103515625000,0.00024414062500000,0.00390625000000000,0.00012207031250000,0.00024414062500000,0.00097656250000000,0.00006103515625000,0.00000000000000000,0.00000000000000000,0.00000000000000000,0.00000000000000000,0.00000000000000000,0.49801880671139198,3
0.00012207031250000,0.00048828125000000,0.00012207031250000,0.00024414062500000,0.00006103515625000,0.00024414062500000,0.00390625000000000,0.00012207031250000,0.00006103515625000,0.00024414062500000,0.00097656250000000,0.00006103515625000,0.00000000000000000,0.00000000000000000,0.00000000000000000,0.00000000000000000,0.49801880671139198,1
0.00000000000000000,0.00000000000000000,0.00000000000000000,0.00006103515625000,0.00000000000000000,0.00000000000000000,0.00012207031250000,0.00024414062500000,0.00012207031250000,0.00048828125000000,0.00390625000000000,0.00012207031250000,0.00012207031250000,0.00048828125000000,0.00097656250000000,0.00006103515625000,0.49949154141589686,1
0.00006103515625000,0.00000000000000000,0.00000000000000000,0.00000000000000000,0.00012207031250000,0.00024414062500000,0.00000000000000000,0.00006103515625000,0.00012207031250000,0.00048828125000000,0.00390625000000000,0.00012207031250000,0.00012207031250000,0.00048828125000000,0.00097656250000000,0.00006103515625000,0.49949154141589686,2
0.00006103515625000,0.00000000000000000,0.00000000000000000,0.00006103515625000,0.00000000000000000,0.00012207031250000,0.00024414062500000,0.00006103515625000,0.00012207031250000,0.00048828125000000,0.00390625000000000,0.00012207031250000,0.00012207031250000,0.00048828125000000,0.00097656250000000,0.00006103515625000,0.49949154141589686,2
0.00000000000000000,0.00000000000000000,0.00006103515625000,0.00000000000000000,0.00000000000000000,0.00000000000000000,0.00024414062500000,0.00012207031250000,0.00006103515625000,0.00012207031250000,0.00390625000000000,0.00012207031250000,0.00024414062500000,0.00097656250000000,0.00097656250000000,0.00006103515625000,0.50262979273150676,3
0.00006103515625000,0.00012207031250000,0.00006103515625000,0.00024414062500000,0.00024414062500000,0.00097656250000000,0.00024414062500000,0.00006103515625000,0.00000000000000000,0.00006103515625000,0.00390625000000000,0.00000000000000000,0.00000000000000000,0.00000000000000000,0.00097656250000000,0.00000000000000000,0.50318604840784553,1
0.00006103515625000,0.00012207031250000,0.00006103515625000,0.00024414062500000,0.00024414062500000,0.00097656250000000,0.00024414062500000,0.00006103515625000,0.00000000000000000,0.00000000000000000,0.00006103515625000,0.00390625000000000,0.00006103515625000,0.00000000000000000,0.00000000000000000,0.00097656250000000,0.50318604840784553,1
0.00006103515625000,0.00012207031250000,0.00006103515625000,0.00024414062500000,0.00024414062500000,0.00097656250000000,0.00024414062500000,0.00006103515625000,0.00006103515625000,0.00390625000000000,0.00000000000000000,0.00000000000000000,0.00006103515625000,0.00097656250000000,0.00006103515625000,0.00000000000000000,0.50318604840784553,1
0.00006103515625000,0.00012207031250000,0.00000000000000000,0.00000000000000000,0.00006103515625000,0.00097656250000000,0.00006103515625000,0.00000000000000000,0.00024414062500000,0.00390625000000000,0.00024414062500000,0.00024414062500000,0.00012207031250000,0.00097656250000000,0.00006103515625000,0.00006103515625000,0.50346258136559296,0
0.00006103515625000,0.00000000000000000,0.00006103515625000,0.00012207031250000,0.00000000000000000,0.00006103515625000,0.00097656250000000,0.00006103515625000,0.00000000000000000,0.00024414062500000,0.00390625000000000,0.00048828125000000,0.00000000000000000,0.00012207031250000,0.00097656250000000,0.00012207031250000,0.50482961753479627,3
0.00006103515625000,0.00006103515625000,0.00006103515625000,0.00012207031250000,0.00000000000000000,0.00024414062500000,0.00097656250000000,0.00006103515625000,0.00000000000000000,0.00012207031250000,0.00390625000000000,0.00048828125000000,0.00006103515625000,0.00000000000000000,0.00097656250000000,0.00012207031250000,0.50482961753479627,0
0.00000000000000000,0.00006103515625000,0.00012207031250000,0.00012207031250000,0.00000000000000000,0.00024414062500000,0.00097656250000000,0.00006103515625000,0.00006103515625000,0.00012207031250000,0.00390625000000000,0.00048828125000000,0.00000000000000000,0.00006103515625000,0.00097656250000000,0.00012207031250000,0.50509995366099181,1
0.00006103515625000,0.00006103515625000,0.00012207031250000,0.00012207031250000,0.00000000000000000,0.00024414062500000,0.00097656250000000,0.00006103515625000,0.00000000000000000,0.00012207031250000,0.00390625000000000,0.00048828125000000,0.00006103515625000,0.00006103515625000,0.00097656250000000,0.00012207031250000,0.50509995366099181,2
0.00000000000000000,0.00006103515625000,0.00012207031250000,0.00012207031250000,0.00012207031250000,0.00024414062500000,0.00097656250000000,0.00006103515625000,0.00000000000000000,0.00012207031250000,0.00390625000000000,0.00048828125000000,0.00012207031250000,0.00006103515625000,0.00097656250000000,0.00012207031250000,0.50536928388299696,0
0.00000000000000000,0.00000000000000000,0.00006103515625000,0.00024414062500000,0.00012207031250000,0.00024414062500000,0.00097656250000000,0.00006103515625000,0.00006103515625000,0.00012207031250000,0.00390625000000000,0.00048828125000000,0.00012207031250000,0.00006103515625000,0.00097656250000000,0.00012207031250000,0.50590495636409138,2
0.00006103515625000,0.00024414062500000,0.00006103515625000,0.00000000000000000,0.00012207031250000,0.00024414062500000,0.00097656250000000,0.00006103515625000,0.00006103515625000,0.00012207031250000,0.00390625000000000,0.00048828125000000,0.00012207031250000,0.00006103515625000,0.00097656250000000,0.00012207031250000,0.50590495636409138,0
0.00006103515625000,0.00006103515625000,0.00024414062500000,0.00006103515625000,0.00012207031250000,0.00024414062500000,0.00097656250000000,0.00006103515625000,0.00006103515625000,0.00012207031250000,0.00390625000000000,0.00048828125000000,0.00012207031250000,0.00006103515625000,0.00097656250000000,0.00012207031250000,0.50590495636409138,2
0.00006103515625000,0.00006103515625000,0.00024414062500000,0.00012207031250000,0.00012207031250000,0.00024414062500000,0.00097656250000000,0.00048828125000000,0.00006103515625000,0.00012207031250000,0.00390625000000000,0.00012207031250000,0.00012207031250000,0.00006103515625000,0.00097656250000000,0.00006103515625000,0.50617131329262921,2
0.00000000000000000,0.00000000000000000,0.00000000000000000,0.00000000000000000,0.00006103515625000,0.00000000000000000,0.00006103515625000,0.00000000000000000,0.00000000000000000,0.00000000000000000,0.00000000000000000,0.00000000000000000,0.00000000000000000,0.00000000000000000,0.00000000000000000,0.00000000000000000,0.00000000000000000,1
0.00006103515625000,0.00000000000000000,0.00006103515625000,0.00000000000000000,0.00000000000000000,0.00000000000000000,0.00000000000000000,0.00000000000000000,0.00000000000000000,0.00000000000000000,0.00000000000000000,0.00000000000000000,0.00000000000000000,0.00000000000000000,0.00000000000000000,0.00006103515625000,0.00000000000000000,1
0.00000000000000000,0.00000000000000000,0.00000000000000000,0.00000000000000000,0.00000000000000000,0.00000000000000000,0.00000000000000000,0.00000000000000000,0.00000000000000000,0.00000000000000000,0.00006103515625000,0.00000000000000000,0.00006103515625000,0.00000000000000000,0.00006103515625000,0.00006103515625000,0.00000000000000000,1
0.00000000000000000,0.00000000000000000,0.00000000000000000,0.00012207031250000,0.00000000000000000,0.00000000000000000,0.00000000000000000,0.00000000000000000,0.00000000000000000,0.00000000000000000,0.00000000000000000,0.00006103515625000,0.00000000000000000,0.00000000000000000,0.00006103515625000,0.00012207031250000,0.11649500072266981,1
0.00000000000000000,0.00006103515625000,0.00006103515625000,0.00012207031250000,0.00000000000000000,0.00000000000000000,0.00000000000000000,0.00006103515625000,0.00000000000000000,0.00000000000000000,0.00000000000000000,0.00012207031250000,0.00000000000000000,0.00000000000000000,0.00000000000000000,0.00000000000000000,0.11649500072266981,2
0.00000000000000000,0.00000000000000000,0.00012207031250000,0.00012207031250000,0.00000000000000000,0.00000000000000000,0.00000000000000000,0.00006103515625000,0.00000000000000000,0.00006103515625000,0.00000000000000000,0.00012207031250000,0.00000000000000000,0.00000000000000000,0.00000000000000000,0.00000000000000000,0.15904041823988749,3
0.00000000000000000,0.00000000000000000,0.00000000000000000,0.00000000000000000,0.00000000000000000,0.00000000000000000,0.00000000000000000,0.00012207031250000,0.00000000000000000,0.00006103515625000,0.00000000000000000,0.00006103515625000,0.00000000000000000,0.00006103515625000,0.00012207031250000,0.00012207031250000,0.15904041823988749,2
0.00000000000000000,0.00000000000000000,0.00000000000000000,0.00000000000000000,0.00000000000000000,0.00006103515625000,0.00000000000000000,0.00012207031250000,0.00000000000000000,0.00000000000000000,0.00000000000000000,0.00006103515625000,0.00000000000000000,0.00012207031250000,0.00012207031250000,0.00012207031250000,0.18565722538447280,1
0.00000000000000000,0.00006103515625000,0.00000000000000000,0.00000000000000000,0.00000000000000000,0.00000000000000000,0.00000000000000000,0.00012207031250000,0.00000000000000000,0.00006103515625000,0.00000000000000000,0.00006103515625000,0.00000000000000000,0.00012207031250000,0.00012207031250000,0.00012207031250000,0.18565722538447280,0
0.00000000000000000,0.00000000000000000,0.00000000000000000,0.00000000000000000,0.00000000000000000,0.00000000000000000,0.00000000000000000,0.00012207031250000,0.00000000000000000,0.00012207031250000,0.00000000000000000,0.00006103515625000,0.00006103515625000,0.00012207031250000,0.00012207031250000,0.00012207031250000,0.20507482022971232,0
0.00006103515625000,0.00024414062500000,0.00012207031250000,0.00012207031250000,0.00000000000000000,0.00000000000000000,0.00006103515625000,0.00006103515625000,0.00000000000000000,0.00000000000000000,0.00000000000000000,0.00012207031250000,0.00000000000000000,0.00000000000000000,0.00000000000000000,0.00000000000000000,0.23299000144533963,3
0.00000000000000000,0.00006103515625000,0.00024414062500000,0.00024414062500000,0.00000000000000000,0.00000000000000000,0.00000000000000000,0.00012207031250000,0.00000000000000000,0.00000000000000000,0.00000000000000000,0.00012207031250000,0.00006103515625000,0.00000000000000000,0.00000000000000000,0.00000000000000000,0.26136695401116583,3
0.00006103515625000,0.00000000000000000,0.00000000000000000,0.00000000000000000,0.00000000000000000,0.00000000000000000,0.00000000000000000,0.00000000000000000,0.00000000000000000,0.00000000000000000,0.00000000000000000,0.00024414062500000,0.00006103515625000,0.00006103515625000,0.00024414062500000,0.00024414062500000,0.27553541896255729,0
0.00006103515625000,0.00000000000000000,0.00012207031250000,0.00000000000000000,0.00000000000000000,0.00000000000000000,0.00000000000000000,0.00000000000000000,0.00024414062500000,0.00000000000000000,0.00000000000000000,0.00000000000000000,0.00012207031250000,0.00048828125000000,0.00000000000000000,0.00000000000000000,0.30215222610714260,3
0.00006103515625000,0.00012207031250000,0.00006103515625000,0.00000000000000000,0.00000000000000000,0.00000000000000000,0.00000000000000000,0.00000000000000000,0.00024414062500000,0.00000000000000000,0.00000000000000000,0.00000000000000000,0.00012207031250000,0.00048828125000000,0.00000000000000000,0.00000000000000000,0.30215222610714260,1
0.00000000000000000,0.00006103515625000,0.00012207031250000,0.00006103515625000,0.00006103515625000,0.00000000000000000,0.00000000000000000,0.00000000000000000,0.00000000000000000,0.00000000000000000,0.00000000000000000,0.00024414062500000,0.00000000000000000,0.00000000000000000,0.00012207031250000,0.00048828125000000,0.30215222610714260,2
0.00006103515625000,0.00012207031250000,0.00006103515625000,0.00000000000000000,0.00006103515625000,0.00000000000000000,0.00000000000000000,0.00000000000000000,0.00024414062500000,0.00000000000000000,0.00000000000000000,0.00000000000000000,0.00012207031250000,0.00048828125000000,0.00012207031250000,0.00000000000000000,0.30215222610714260,3
0.00000000000000000,0.00000000000000000,0.00006103515625000,0.00000000000000000,0.00012207031250000,0.00000000000000000,0.00000000000000000,0.00000000000000000,0.00024414062500000,0.00012207031250000,0.00006103515625000,0.00000000000000000,0.00012207031250000,0.00048828125000000,0.00012207031250000,0.00000000000000000,0.30647484845620920,3
0.00012207031250000,0.00012207031250000,0.00012207031250000,0.00000000000000000,0.00024414062500000,0.00048828125000000,0.00012207031250000,0.00000000000000000,0.00012207031250000,0.00000000000000000,0.00006103515625000,0.00000000000000000,0.00000000000000000,0.00000000000000000,0.00000000000000000,0.00000000000000000,0.31055381002007598,2
0.00012207031250000,0.00012207031250000,0.00024414062500000,0.00000000000000000,0.00024414062500000,0.00048828125000000,0.00006103515625000,0.00000000000000000,0.00012207031250000,0.00000000000000000,0.00000000000000000,0.00000000000000000,0.00006103515625000,0.00000000000000000,0.00000000000000000,0.00000000000000000,0.31808083647977498,3
0.00024414062500000,0.00024414062500000,0.00000000000000000,0.00000000000000000,0.00024414062500000,0.00048828125000000,0.00006103515625000,0.00000000000000000,0.00012207031250000,0.00000000000000000,0.00006103515625000,0.00000000000000000,0.00006103515625000,0.00000000000000000,0.00000000000000000,0.00000000000000000,0.32489833444081878,1
0.00048828125000000,0.00024414062500000,0.00012207031250000,0.00000000000000000,0.00012207031250000,0.00048828125000000,0.00000000000000000,0.00006103515625000,0.00006103515625000,0.00000000000000000,0.00000000000000000,0.00000000000000000,0.00000000000000000,0.00000000000000000,0.00000000000000000,0.00000000000000000,0.33957108299010397,2
0.00048828125000000,0.00024414062500000,0.00012207031250000,0.00000000000000000,0.00012207031250000,0.00048828125000000,0.00006103515625000,0.00006103515625000,0.00006103515625000,0.00000000000000000,0.00000000000000000,0.00000000000000000,0.00000000000000000,0.00000000000000000,0.00000000000000000,0.00000000000000000,0.33957108299010397,3
0.00000000000000000,0.00000000000000000,0.00000000000000000,0.00000000000000000,0.00048828125000000,0.00006103515625000,0.00000000000000000,0.00000000000000000,0.00012207031250000,0.00024414062500000,0.00012207031250000,0.00000000000000000,0.00006103515625000,0.00048828125000000,0.00006103515625000,0.00006103515625000,0.33957108299010397,3
0.00048828125000000,0.00006103515625000,0.00012207031250000,0.00006103515625000,0.00012207031250000,0.00024414062500000,0.00006103515625000,0.00000000000000000,0.00006103515625000,0.00048828125000000,0.00000000000000000,0.00006103515625000,0.00000000000000000,0.00000000000000000,0.00000000000000000,0.00000000000000000,0.33957108299010397,2
0.00048828125000000,0.00006103515625000,0.00012207031250000,0.00006103515625000,0.00012207031250000,0.00024414062500000,0.00006103515625000,0.00000000000000000,0.00006103515625000,0.00048828125000000,0.00006103515625000,0.00000000000000000,0.00000000000000000,0.00000000000000000,0.00000000000000000,0.00006103515625000,0.33957108299010397,0
0.00048828125000000,0.00006103515625000,0.00012207031250000,0.00006103515625000,0.00012207031250000,0.00024414062500000,0.00006103515625000,0.00000000000000000,0.00006103515625000,0.00048828125000000,0.00006103515625000,0.00000000000000000,0.00006103515625000,0.00000000000000000,0.00006103515625000,0.00000000000000000,0.33957108299010397,2
0.00048828125000000,0.00006103515625000,0.00012207031250000,0.00006103515625000,0.00012207031250000,0.00024414062500000,0.00012207031250000,0.00000000000000000,0.00012207031250000,0.00048828125000000,0.00006103515625000,0.00000000000000000,0.00000000000000000,0.00006103515625000,0.00000000000000000,0.00000000000000000,0.34469764362436028,1
0.00000000000000000,0.00006103515625000,0.00000000000000000,0.00012207031250000,0.00000000000000000,0.00024414062500000,0.00000000000000000,0.00000000000000000,0.00048828125000000,0.00048828125000000,0.00024414062500000,0.00000000000000000,0.00024414062500000,0.00006103515625000,0.00006103515625000,0.00006103515625000,0.35397527349451430,0
0.00006103515625000,0.00012207031250000,0.00000000000000000,0.00000000000000000,0.00024414062500000,0.00000000000000000,0.00000000000000000,0.00000000000000000,0.00097656250000000,0.00024414062500000,0.00000000000000000,0.00000000000000000,0.00024414062500000,0.00012207031250000,0.00006103515625000,0.00012207031250000,0.37131445076894559,1
0.00000000000000000,0.00006103515625000,0.00006103515625000,0.00012207031250000,0.00000000000000000,0.00000000000000000,0.00000000000000000,0.00024414062500000,0.00000000000000000,0.00000000000000000,0.00097656250000000,0.00024414062500000,0.00024414062500000,0.00012207031250000,0.00006103515625000,0.00012207031250000,0.37131445076894559,0
0.00024414062500000,0.00006103515625000,0.00006103515625000,0.00012207031250000,0.00000000000000000,0.00012207031250000,0.00097656250000000,0.00048828125000000,0.00000000000000000,0.00000000000000000,0.00006103515625000,0.00012207031250000,0.00000000000000000,0.00006103515625000,0.00000000000000000,0.00000000000000000,0.37786195473383560,0
0.00024414062500000,0.00012207031250000,0.00012207031250000,0.00000000000000000,0.00012207031250000,0.00097656250000000,0.00048828125000000,0.00000000000000000,0.00006103515625000,0.00012207031250000,0.00000000000000000,0.00000000000000000,0.00006103515625000,0.00000000000000000,0.00006103515625000,0.00000000000000000,0.37941030069554071,0
0.00000000000000000,0.00000000000000000,0.00006103515625000,0.00000000000000000,0.00024414062500000,0.00012207031250000,0.00012207031250000,0.00000000000000000,0.00012207031250000,0.00097656250000000,0.00048828125000000,0.00000000000000000,0.00012207031250000,0.00012207031250000,0.00006103515625000,0.00000000000000000,0.38092621816796229,1
0.00000000000000000,0.00000000000000000,0.00000000000000000,0.00006103515625000,0.00000000000000000,0.00000000000000000,0.00024414062500000,0.00024414062500000,0.00006103515625000,0.00012207031250000,0.00097656250000000,0.00048828125000000,0.00000000000000000,0.00000000000000000,0.00024414062500000,0.00006103515625000,0.38669104768517570,1
0.00006103515625000,0.00000000000000000,0.00000000000000000,0.00006103515625000,0.00048828125000000,0.00000000000000000,0.00000000000000000,0.00000000000000000,0.00006103515625000,0.00012207031250000,0.00097656250000000,0.00048828125000000,0.00024414062500000,0.00006103515625000,0.00000000000000000,0.00000000000000000,0.39203041968522712,0
0.00000000000000000,0.00000000000000000,0.00000000000000000,0.00012207031250000,0.00006103515625000,0.00000000000000000,0.00000000000000000,0.00048828125000000,0.00006103515625000,0.00012207031250000,0.00097656250000000,0.00048828125000000,0.00000000000000000,0.00000000000000000,0.00024414062500000,0.00006103515625000,0.39330591372331464,1
0.00012207031250000,0.00012207031250000,0.00097656250000000,0.00012207031250000,0.00000000000000000,0.00000000000000000,0.00024414062500000,0.00097656250000000,0.00000000000000000,0.00000000000000000,0.00000000000000000,0.00006103515625000,0.00006103515625000,0.00000000000000000,0.00000000000000000,0.00000000000000000,0.40387431232280130,2
0.00012207031250000,0.00012207031250000,0.00097656250000000,0.00012207031250000,0.00006103515625000,0.00000000000000000,0.00024414062500000,0.00097656250000000,0.00006103515625000,0.00000000000000000,0.00000000000000000,0.00006103515625000,0.00000000000000000,0.00000000000000000,0.00000000000000000,0.00000000000000000,0.40387431232280130,2
0.00024414062500000,0.00097656250000000,0.00012207031250000,0.00000000000000000,0.00006103515625000,0.00024414062500000,0.00097656250000000,0.00000000000000000,0.00012207031250000,0.00000000000000000,0.00000000000000000,0.00000000000000000,0.00006103515625000,0.00000000000000000,0.00000000000000000,0.00000000000000000,0.40707996151074144,3
0.00000000000000000,0.00024414062500000,0.00097656250000000,0.00012207031250000,0.00000000000000000,0.00006103515625000,0.00024414062500000,0.00097656250000000,0.00006103515625000,0.00000000000000000,0.00000000000000000,0.00012207031250000,0.00000000000000000,0.00000000000000000,0.00000000000000000,0.00006103515625000,0.40707996151074144,2
0.00000000000000000,0.00024414062500000,0.00097656250000000,0.00012207031250000,0.00000000000000000,0.00006103515625000,0.00024414062500000,0.00097656250000000,0.00000000000000000,0.00000000000000000,0.00006103515625000,0.00012207031250000,0.00000000000000000,0.00000000000000000,0.00006103515625000,0.00006103515625000,0.40707996151074144,1
0.00024414062500000,0.00097656250000000,0.00012207031250000,0.00000000000000000,0.00006103515625000,0.00024414062500000,0.00097656250000000,0.00000000000000000,0.00006103515625000,0.00012207031250000,0.00006103515625000,0.00000000000000000,0.00012207031250000,0.00000000000000000,0.00000000000000000,0.00000000000000000,0.40811771998417995,0
0.00024414062500000,0.00097656250000000,0.00012207031250000,0.00006103515625000,0.00012207031250000,0.00024414062500000,0.00097656250000000,0.00000000000000000,0.00012207031250000,0.00012207031250000,0.00006103515625000,0.00000000000000000,0.00000000000000000,0.00000000000000000,0.00000000000000000,0.00000000000000000,0.40914081000141839,1
0.00024414062500000,0.00097656250000000,0.00012207031250000,0.00006103515625000,0.00024414062500000,0.00024414062500000,0.00097656250000000,0.00000000000000000,0.00000000000000000,0.00012207031250000,0.00006103515625000,0.00000000000000000,0.00000000000000000,0.00000000000000000,0.00000000000000000,0.00006103515625000,0.41114460339235159,1
0.00024414062500000,0.00097656250000000,0.00012207031250000,0.00006103515625000,0.00006103515625000,0.00000000000000000,0.00048828125000000,0.00097656250000000,0.00000000000000000,0.00000000000000000,0.00012207031250000,0.00006103515625000,0.00000000000000000,0.00000000000000000,0.00000000000000000,0.00006103515625000,0.41499307990413908,2
0.00000000000000000,0.00000000000000000,0.00000000000000000,0.00000000000000000,0.00000000000000000,0.00000000000000000,0.00012207031250000,0.00006103515625000,0.00024414062500000,0.00006103515625000,0.00048828125000000,0.00097656250000000,0.00006103515625000,0.00097656250000000,0.00012207031250000,0.00012207031250000,0.41592405625774137,3
0.00000000000000000,0.00000000000000000,0.00000000000000000,0.00000000000000000,0.00000000000000000,0.00006103515625000,0.00012207031250000,0.00006103515625000,0.00024414062500000,0.00006103515625000,0.00048828125000000,0.00097656250000000,0.00000000000000000,0.00006103515625000,0.00097656250000000,0.00024414062500000,0.41775083873414531,0
0.00000000000000000,0.00000000000000000,0.00000000000000000,0.00006103515625000,0.00006103515625000,0.00012207031250000,0.00006103515625000,0.00000000000000000,0.00024414062500000,0.00006103515625000,0.00048828125000000,0.00097656250000000,0.00006103515625000,0.00097656250000000,0.00024414062500000,0.00000000000000000,0.41775083873414531,2
0.00006103515625000,0.00012207031250000,0.00006103515625000,0.00006103515625000,0.00024414062500000,0.00006103515625000,0.00048828125000000,0.00097656250000000,0.00006103515625000,0.00097656250000000,0.00024414062500000,0.00000000000000000,0.00000000000000000,0.00000000000000000,0.00000000000000000,0.00006103515625000,0.41775083873414531,0
0.00000000000000000,0.00006103515625000,0.00012207031250000,0.00012207031250000,0.00024414062500000,0.00006103515625000,0.00048828125000000,0.00097656250000000,0.00000000000000000,0.00006103515625000,0.00097656250000000,0.00024414062500000,0.00006103515625000,0.00000000000000000,0.00000000000000000,0.00006103515625000,0.41864722682981242,0
0.00006103515625000,0.00024414062500000,0.00000000000000000,0.00000000000000000,0.00024414062500000,0.00006103515625000,0.00048828125000000,0.00097656250000000,0.00006103515625000,0.00097656250000000,0.00024414062500000,0.00000000000000000,0.00012207031250000,0.00000000000000000,0.00006103515625000,0.00000000000000000,0.42127165014522311,3
0.00000000000000000,0.00000000000000000,0.00006103515625000,0.00024414062500000,0.00024414062500000,0.00006103515625000,0.00048828125000000,0.00097656250000000,0.00012207031250000,0.00006103515625000,0.00097656250000000,0.00024414062500000,0.00000000000000000,0.00000000000000000,0.00012207031250000,0.00006103515625000,0.42127165014522311,1
0.00024414062500000,0.00012207031250000,0.00006103515625000,0.00024414062500000,0.00012207031250000,0.00000000000000000,0.00048828125000000,0.00097656250000000,0.00000000000000000,0.00006103515625000,0.00097656250000000,0.00024414062500000,0.00000000000000000,0.00000000000000000,0.00012207031250000,0.00006103515625000,0.42212572983208291,1
0.00024414062500000,0.00012207031250000,0.00006103515625000,0.00024414062500000,0.00000000000000000,0.00012207031250000,0.00048828125000000,0.00097656250000000,0.00000000000000000,0.00006103515625000,0.00097656250000000,0.00024414062500000,0.00006103515625000,0.00000000000000000,0.00012207031250000,0.00006103515625000,0.42212572983208291,0
0.00024414062500000,0.00012207031250000,0.00006103515625000,0.00024414062500000,0.00006103515625000,0.00012207031250000,0.00048828125000000,0.00097656250000000,0.00000000000000000,0.00006103515625000,0.00097656250000000,0.00024414062500000,0.00000000000000000,0.00006103515625000,0.00012207031250000,0.00006103515625000,0.42212572983208291,0
0.00024414062500000,0.00012207031250000,0.00006103515625000,0.00024414062500000,0.00006103515625000,0.00012207031250000,0.00048828125000000,0.00097656250000000,0.00006103515625000,0.00097656250000000,0.00024414062500000,0.00000000000000000,0.00006103515625000,0.00012207031250000,0.00006103515625000,0.00006103515625000,0.42212572983208291,1
0.00024414062500000,0.00012207031250000,0.00006103515625000,0.00024414062500000,0.00006103515625000,0.00012207031250000,0.00048828125000000,0.00097656250000000,0.00006103515625000,0.00006103515625000,0.00097656250000000,0.00024414062500000,0.00000000000000000,0.00006103515625000,0.00012207031250000,0.00012207031250000,0.42296984917887898,1
0.00000000000000000,0.00006103515625000,0.00006103515625000,0.00024414062500000,0.00000000000000000,0.00000000000000000,0.00048828125000000,0.00097656250000000,0.00024414062500000,0.00024414062500000,0.00097656250000000,0.00024414062500000,0.00012207031250000,0.00012207031250000,0.00012207031250000,0.00012207031250000,0.42625120031760960,3
0.00000000000000000,0.00000000000000000,0.00012207031250000,0.00024414062500000,0.00000000000000000,0.00000000000000000,0.00048828125000000,0.00097656250000000,0.00000000000000000,0.00048828125000000,0.00097656250000000,0.00024414062500000,0.00000000000000000,0.00006103515625000,0.00024414062500000,0.00024414062500000,0.43313175112718588,0
0.00000000000000000,0.00000000000000000,0.00012207031250000,0.00024414062500000,0.00000000000000000,0.00000000000000000,0.00048828125000000,0.00097656250000000,0.00006103515625000,0.00048828125000000,0.00097656250000000,0.00024414062500000,0.00000000000000000,0.00000000000000000,0.00006103515625000,0.00048828125000000,0.43599167527606686,0
0.00012207031250000,0.00024414062500000,0.00000000000000000,0.00012207031250000,0.00048828125000000,0.00097656250000000,0.00000000000000000,0.00000000000000000,0.00006103515625000,0.00048828125000000,0.00097656250000000,0.00024414062500000,0.00006103515625000,0.00048828125000000,0.00000000000000000,0.00000000000000000,0.43599167527606686,1
0.00000000000000000,0.00012207031250000,0.00024414062500000,0.00012207031250000,0.00000000000000000,0.00006103515625000,0.00048828125000000,0.00097656250000000,0.00006103515625000,0.00048828125000000,0.00097656250000000,0.00024414062500000,0.00000000000000000,0.00000000000000000,0.00006103515625000,0.00048828125000000,0.43599167527606686,2
0.00012207031250000,0.00024414062500000,0.00012207031250000,0.00000000000000000,0.00006103515625000,0.00048828125000000,0.00097656250000000,0.00000000000000000,0.00006103515625000,0.00048828125000000,0.00097656250000000,0.00024414062500000,0.00006103515625000,0.00048828125000000,0.00000000000000000,0.00006103515625000,0.43599167527606686,1
0.00000000000000000,0.00012207031250000,0.00024414062500000,0.00012207031250000,0.00000000000000000,0.00006103515625000,0.00048828125000000,0.00097656250000000,0.00006103515625000,0.00048828125000000,0.00097656250000000,0.00024414062500000,0.00006103515625000,0.00006103515625000,0.00048828125000000,0.00006103515625000,0.43599167527606686,2
0.00006103515625000,0.00012207031250000,0.00024414062500000,0.00012207031250000,0.00000000000000000,0.00006103515625000,0.00048828125000000,0.00097656250000000,0.00006103515625000,0.00048828125000000,0.00097656250000000,0.00024414062500000,0.00000000000000000,0.00012207031250000,0.00048828125000000,0.00006103515625000,0.43668934249562624,0
0.00006103515625000,0.00012207031250000,0.00024414062500000,0.00012207031250000,0.00006103515625000,0.00048828125000000,0.00097656250000000,0.00000000000000000,0.00006103515625000,0.00048828125000000,0.00097656250000000,0.00024414062500000,0.00012207031250000,0.00048828125000000,0.00006103515625000,0.00006103515625000,0.43668934249562624,0
0.00006103515625000,0.00012207031250000,0.00024414062500000,0.00012207031250000,0.00000000000000000,0.00006103515625000,0.00048828125000000,0.00097656250000000,0.00006103515625000,0.00048828125000000,0.00097656250000000,0.00024414062500000,0.00006103515625000,0.00012207031250000,0.00048828125000000,0.00012207031250000,0.43738034930594472,0
0.00006103515625000,0.00012207031250000,0.00024414062500000,0.00012207031250000,0.00000000000000000,0.00006103515625000,0.00048828125000000,0.00097656250000000,0.00006103515625000,0.00048828125000000,0.00097656250000000,0.00024414062500000,0.00012207031250000,0.00012207031250000,0.00048828125000000,0.00012207031250000,0.43806482167505195,2
0.00012207031250000,0.00012207031250000,0.00024414062500000,0.00012207031250000,0.00000000000000000,0.00006103515625000,0.00048828125000000,0.00097656250000000,0.00012207031250000,0.00048828125000000,0.00097656250000000,0.00024414062500000,0.00012207031250000,0.00012207031250000,0.00048828125000000,0.00012207031250000,0.43874288203078743,2
0.00024414062500000,0.00012207031250000,0.00024414062500000,0.00012207031250000,0.00012207031250000,0.00006103515625000,0.00048828125000000,0.00097656250000000,0.00000000000000000,0.00048828125000000,0.00097656250000000,0.00024414062500000,0.00006103515625000,0.00012207031250000,0.00048828125000000,0.00012207031250000,0.44008023949507030,0
0.00024414062500000,0.00012207031250000,0.00024414062500000,0.00012207031250000,0.00012207031250000,0.00006103515625000,0.00048828125000000,0.00097656250000000,0.00006103515625000,0.00048828125000000,0.00097656250000000,0.00024414062500000,0.00006103515625000,0.00012207031250000,0.00048828125000000,0.00012207031250000,0.44008023949507030,0
0.00006103515625000,0.00012207031250000,0.00024414062500000,0.00012207031250000,0.00024414062500000,0.00006103515625000,0.00048828125000000,0.00097656250000000,0.00012207031250000,0.00048828125000000,0.00097656250000000,0.00024414062500000,0.00012207031250000,0.00012207031250000,0.00048828125000000,0.00012207031250000,0.44073976491130645,1
0.00000000000000000,0.00000000000000000,0.00000000000000000,0.00000000000000000,0.00000000000000000,0.00000000000000000,0.00000000000000000,0.00012207031250000,0.00006103515625000,0.00000000000000000,0.00000000000000000,0.00000000000000000,0.00000000000000000,0.00000000000000000,0.00000000000000000,0.00000000000000000,0.00000000000000000,0
0.00000000000000000,0.00000000000000000,0.00000000000000000,0.00000000000000000,0.00012207031250000,0.00000000000000000,0.00000000000000000,0.00000000000000000,0.00006103515625000,0.00000000000000000,0.00006103515625000,0.00000000000000000,0.00000000000000000,0.00000000000000000,0.00000000000000000,0.00000000000000000,0.00000000000000000,3
0.00000000000000000,0.00000000000000000,0.00000000000000000,0.00000000000000000,0.00000000000000000,0.00000000000000000,0.00000000000000000,0.00012207031250000,0.00000000000000000,0.00000000000000000,0.00000000000000000,0.00012207031250000,0.00000000000000000,0.00000000000000000,0.00000000000000000,0.00006103515625000,0.11649500072266981,1
0.00000000000000000,0.00000000000000000,0.00000000000000000,0.00000000000000000,0.00012207031250000,0.00000000000000000,0.00000000000000000,0.00000000000000000,0.00012207031250000,0.00000000000000000,0.00012207031250000,0.00000000000000000,0.00006103515625000,0.00000000000000000,0.00000000000000000,0.00000000000000000,0.11649500072266981,1
0.00000000000000000,0.00000000000000000,0.00000000000000000,0.00000000000000000,0.00000000000000000,0.00000000000000000,0.00000000000000000,0.00012207031250000,0.00000000000000000,0.00006103515625000,0.00000000000000000,0.00024414062500000,0.00000000000000000,0.00000000000000000,0.00000000000000000,0.00006103515625000,0.18565722538447280,1
0.00000000000000000,0.00012207031250000,0.00000000000000000,0.00000000000000000,0.00012207031250000,0.00000000000000000,0.00000000000000000,0.00000000000000000,0.00006103515625000,0.00024414062500000,0.00000000000000000,0.00000000000000000,0.00006103515625000,0.00000000000000000,0.00000000000000000,0.00000000000000000,0.18565722538447280,2
0.00012207031250000,0.00012207031250000,0.00000000000000000,0.00000000000000000,0.00012207031250000,0.00024414062500000,0.00000000000000000,0.00000000000000000,0.00000000000000000,0.00000000000000000,0.00006103515625000,0.00000000000000000,0.00000000000000000,0.00000000000000000,0.00000000000000000,0.00000000000000000,0.20507482022971232,1
0.00024414062500000,0.00006103515625000,0.00000000000000000,0.00000000000000000,0.00012207031250000,0.00024414062500000,0.00000000000000000,0.00000000000000000,0.00006103515625000,0.00000000000000000,0.00000000000000000,0.00000000000000000,0.00000000000000000,0.00000000000000000,0.00000000000000000,0.00000000000000000,0.23299000144533963,1
0.00000000000000000,0.00000000000000000,0.00000000000000000,0.00006103515625000,0.00024414062500000,0.00000000000000000,0.00000000000000000,0.00000000000000000,0.00012207031250000,0.00006103515625000,0.00000000000000000,0.00000000000000000,0.00006103515625000,0.00024414062500000,0.00000000000000000,0.00000000000000000,0.23299000144533963,1
0.00006103515625000,0.00000000000000000,0.00000000000000000,0.00000000000000000,0.00024414062500000,0.00000000000000000,0.00000000000000000,0.00000000000000000,0.00012207031250000,0.00006103515625000,0.00000000000000000,0.00000000000000000,0.00006103515625000,0.00024414062500000,0.00000000000000000,0.00006103515625000,0.23299000144533963,0
0.00000000000000000,0.00000000000000000,0.00000000000000000,0.00006103515625000,0.00012207031250000,0.00000000000000000,0.00000000000000000,0.00024414062500000,0.00000000000000000,0.00000000000000000,0.00012207031250000,0.00006103515625000,0.00000000000000000,0.00006103515625000,0.00024414062500000,0.00006103515625000,0.23299000144533963,3
0.00012207031250000,0.00006103515625000,0.00012207031250000,0.00006103515625000,0.00000000000000000,0.00000000000000000,0.00024414062500000,0.00024414062500000,0.00006103515625000,0.00000000000000000,0.00000000000000000,0.00012207031250000,0.00000000000000000,0.00000000000000000,0.00000000000000000,0.00000000000000000,0.24373299964982600,0
0.00000000000000000,0.00000000000000000,0.00000000000000000,0.00000000000000000,0.00000000000000000,0.00000000000000000,0.00000000000000000,0.00006103515625000,0.00012207031250000,0.00006103515625000,0.00012207031250000,0.00024414062500000,0.00006103515625000,0.00006103515625000,0.00024414062500000,0.00012207031250000,0.24373299964982600,0
0.00000000000000000,0.00000000000000000,0.00000000000000000,0.00012207031250000,0.00000000000000000,0.00000000000000000,0.00000000000000000,0.00006103515625000,0.00012207031250000,0.00006103515625000,0.00012207031250000,0.00024414062500000,0.00000000000000000,0.00012207031250000,0.00024414062500000,0.00012207031250000,0.25308565664631461,1
0.00012207031250000,0.00006103515625000,0.00012207031250000,0.00012207031250000,0.00000000000000000,0.00012207031250000,0.00024414062500000,0.00006103515625000,0.00000000000000000,0.00000000000000000,0.00000000000000000,0.00024414062500000,0.00006103515625000,0.00000000000000000,0.00000000000000000,0.00012207031250000,0.25308565664631461,1
0.00000000000000000,0.00012207031250000,0.00006103515625000,0.00024414062500000,0.00000000000000000,0.00012207031250000,0.00024414062500000,0.00006103515625000,0.00006103515625000,0.00000000000000000,0.00000000000000000,0.00024414062500000,0.00000000000000000,0.00000000000000000,0.00006103515625000,0.00012207031250000,0.26879730945328922,2
0.00012207031250000,0.00006103515625000,0.00024414062500000,0.00006103515625000,0.00012207031250000,0.00024414062500000,0.00006103515625000,0.00000000000000000,0.00006103515625000,0.00024414062500000,0.00000000000000000,0.00000000000000000,0.00006103515625000,0.00012207031250000,0.00000000000000000,0.00000000000000000,0.26879730945328922,0
0.00000000000000000,0.00006103515625000,0.00000000000000000,0.00000000000000000,0.00000000000000000,0.00006103515625000,0.00000000000000000,0.00000000000000000,0.00024414062500000,0.00048828125000000,0.00024414062500000,0.00000000000000000,0.00012207031250000,0.00012207031250000,0.00006103515625000,0.00006103515625000,0.30647484845620920,0
0.00000000000000000,0.00000000000000000,0.00006103515625000,0.00000000000000000,0.00000000000000000,0.00012207031250000,0.00000000000000000,0.00000000000000000,0.00024414062500000,0.00048828125000000,0.00024414062500000,0.00000000000000000,0.00012207031250000,0.00012207031250000,0.00006103515625000,0.00006103515625000,0.31055381002007598,0
0.00006103515625000,0.00000000000000000,0.00000000000000000,0.00000000000000000,0.00012207031250000,0.00000000000000000,0.00000000000000000,0.00000000000000000,0.00024414062500000,0.00048828125000000,0.00024414062500000,0.00000000000000000,0.00024414062500000,0.00012207031250000,0.00006103515625000,0.00000000000000000,0.32156982095238212,1
0.00000000000000000,0.00006103515625000,0.00000000000000000,0.00000000000000000,0.00006103515625000,0.00000000000000000,0.00000000000000000,0.00000000000000000,0.00012207031250000,0.00048828125000000,0.00024414062500000,0.00000000000000000,0.00048828125000000,0.00012207031250000,0.00006103515625000,0.00000000000000000,0.33405356229710709,1
0.00000000000000000,0.00000000000000000,0.00000000000000000,0.00006103515625000,0.00000000000000000,0.00000000000000000,0.00006103515625000,0.00006103515625000,0.00000000000000000,0.00012207031250000,0.00048828125000000,0.00024414062500000,0.00000000000000000,0.00048828125000000,0.00012207031250000,0.00006103515625000,0.33405356229710709,3
0.00006103515625000,0.00000000000000000,0.00000000000000000,0.00006103515625000,0.00012207031250000,0.00000000000000000,0.00000000000000000,0.00000000000000000,0.00012207031250000,0.00048828125000000,0.00024414062500000,0.00000000000000000,0.00048828125000000,0.00012207031250000,0.00006103515625000,0.00000000000000000,0.33686488317832303,1
0.00012207031250000,0.00000000000000000,0.00000000000000000,0.00000000000000000,0.00012207031250000,0.00000000000000000,0.00006103515625000,0.00000000000000000,0.00012207031250000,0.00048828125000000,0.00024414062500000,0.00000000000000000,0.00048828125000000,0.00012207031250000,0.00006103515625000,0.00000000000000000,0.33957108299010397,0
0.00000000000000000,0.00000000000000000,0.00000000000000000,0.00000000000000000,0.00012207031250000,0.00000000000000000,0.00006103515625000,0.00006103515625000,0.00024414062500000,0.00048828125000000,0.00024414062500000,0.00000000000000000,0.00048828125000000,0.00012207031250000,0.00006103515625000,0.00000000000000000,0.34469764362436028,3
0.00012207031250000,0.00048828125000000,0.00006103515625000,0.00006103515625000,0.00024414062500000,0.00012207031250000,0.00024414062500000,0.00000000000000000,0.00048828125000000,0.00006103515625000,0.00006103515625000,0.00000000000000000,0.00000000000000000,0.00000000000000000,0.00000000000000000,0.00000000000000000,0.34469764362436028,1
0.00000000000000000,0.00012207031250000,0.00048828125000000,0.00012207031250000,0.00000000000000000,0.00024414062500000,0.00012207031250000,0.00024414062500000,0.00006103515625000,0.00000000000000000,0.00048828125000000,0.00012207031250000,0.00000000000000000,0.00000000000000000,0.00000000000000000,0.00000000000000000,0.34948500216800937,3
0.00000000000000000,0.00012207031250000,0.00048828125000000,0.00012207031250000,0.00012207031250000,0.00024414062500000,0.00012207031250000,0.00024414062500000,0.00000000000000000,0.00006103515625000,0.00048828125000000,0.00012207031250000,0.00000000000000000,0.00000000000000000,0.00000000000000000,0.00000000000000000,0.34948500216800937,2
0.00012207031250000,0.00012207031250000,0.00048828125000000,0.00012207031250000,0.00000000000000000,0.00024414062500000,0.00012207031250000,0.00024414062500000,0.00000000000000000,0.00006103515625000,0.00048828125000000,0.00012207031250000,0.00000000000000000,0.00000000000000000,0.00000000000000000,0.00006103515625000,0.34948500216800937,2
0.00000000000000000,0.00024414062500000,0.00048828125000000,0.00012207031250000,0.00000000000000000,0.00024414062500000,0.00012207031250000,0.00024414062500000,0.00000000000000000,0.00006103515625000,0.00048828125000000,0.00012207031250000,0.00000000000000000,0.00006103515625000,0.00000000000000000,0.00006103515625000,0.35397527349451430,2
0.00024414062500000,0.00048828125000000,0.00012207031250000,0.00000000000000000,0.00024414062500000,0.00012207031250000,0.00024414062500000,0.00000000000000000,0.00006103515625000,0.00048828125000000,0.00012207031250000,0.00000000000000000,0.00012207031250000,0.00000000000000000,0.00000000000000000,0.00012207031250000,0.35612009452606780,2
0.00000000000000000,0.00000000000000000,0.00006103515625000,0.00000000000000000,0.00048828125000000,0.00048828125000000,0.00012207031250000,0.00000000000000000,0.00006103515625000,0.00012207031250000,0.00024414062500000,0.00000000000000000,0.00012207031250000,0.00048828125000000,0.00012207031250000,0.00012207031250000,0.36411523846959981,3
0.00000000000000000,0.00000000000000000,0.00000000000000000,0.00006103515625000,0.00006103515625000,0.00000000000000000,0.00097656250000000,0.00012207031250000,0.00000000000000000,0.00006103515625000,0.00012207031250000,0.00024414062500000,0.00000000000000000,0.00012207031250000,0.00048828125000000,0.00024414062500000,0.38092621816796229,2
0.00006103515625000,0.00006103515625000,0.00097656250000000,0.00006103515625000,0.00000000000000000,0.00012207031250000,0.00012207031250000,0.00012207031250000,0.00000000000000000,0.00000000000000000,0.00048828125000000,0.00048828125000000,0.00000000000000000,0.00000000000000000,0.00000000000000000,0.00012207031250000,0.38669104768517570,2
0.00000000000000000,0.00006103515625000,0.00000000000000000,0.00006103515625000,0.00000000000000000,0.00000000000000000,0.00097656250000000,0.00012207031250000,0.00000000000000000,0.00006103515625000,0.00012207031250000,0.00048828125000000,0.00006103515625000,0.00012207031250000,0.00048828125000000,0.00012207031250000,0.38669104768517570,2
0.00000000000000000,0.00000000000000000,0.00000000000000000,0.00006103515625000,0.00000000000000000,0.00000000000000000,0.00097656250000000,0.00012207031250000,0.00006103515625000,0.00012207031250000,0.00012207031250000,0.00048828125000000,0.00006103515625000,0.00012207031250000,0.00048828125000000,0.00012207031250000,0.38806326723978962,1
0.00006103515625000,0.00000000000000000,0.00000000000000000,0.00006103515625000,0.00000000000000000,0.00000000000000000,0.00097656250000000,0.00012207031250000,0.00000000000000000,0.00000000000000000,0.00012207031250000,0.00048828125000000,0.00012207031250000,0.00024414062500000,0.00048828125000000,0.00012207031250000,0.39203041968522712,1
0.00000000000000000,0.00000000000000000,0.00000000000000000,0.00006103515625000,0.00000000000000000,0.00006103515625000,0.00097656250000000,0.00012207031250000,0.00006103515625000,0.00000000000000000,0.00012207031250000,0.00048828125000000,0.00012207031250000,0.00024414062500000,0.00048828125000000,0.00012207031250000,0.39203041968522712,0
0.00000000000000000,0.00006103515625000,0.00000000000000000,0.00006103515625000,0.00000000000000000,0.00000000000000000,0.00097656250000000,0.00012207031250000,0.00006103515625000,0.00006103515625000,0.00012207031250000,0.00048828125000000,0.00012207031250000,0.00024414062500000,0.00048828125000000,0.00012207031250000,0.39203041968522712,3
0.00006103515625000,0.00012207031250000,0.00097656250000000,0.00006103515625000,0.00012207031250000,0.00024414062500000,0.00012207031250000,0.00012207031250000,0.00000000000000000,0.00000000000000000,0.00048828125000000,0.00048828125000000,0.00000000000000000,0.00006103515625000,0.00000000000000000,0.00012207031250000,0.39330591372331464,0
0.00000000000000000,0.00000000000000000,0.00006103515625000,0.00006103515625000,0.00000000000000000,0.00012207031250000,0.00097656250000000,0.00012207031250000,0.00006103515625000,0.00024414062500000,0.00012207031250000,0.00048828125000000,0.00012207031250000,0.00006103515625000,0.00048828125000000,0.00012207031250000,0.39330591372331464,0
0.00012207031250000,0.00000000000000000,0.00012207031250000,0.00000000000000000,0.00012207031250000,0.00097656250000000,0.00012207031250000,0.00000000000000000,0.00006103515625000,0.00024414062500000,0.00012207031250000,0.00048828125000000,0.00012207031250000,0.00006103515625000,0.00048828125000000,0.00012207031250000,0.39455932017100315,2
0.00000000000000000,0.00000000000000000,0.00000000000000000,0.00000000000000000,0.00024414062500000,0.00097656250000000,0.00012207031250000,0.00006103515625000,0.00006103515625000,0.00024414062500000,0.00024414062500000,0.00048828125000000,0.00012207031250000,0.00006103515625000,0.00048828125000000,0.00012207031250000,0.39936655784928937,0
0.00000000000000000,0.00000000000000000,0.00000000000000000,0.00000000000000000,0.00024414062500000,0.00097656250000000,0.00012207031250000,0.00006103515625000,0.00006103515625000,0.00048828125000000,0.00048828125000000,0.00006103515625000,0.00012207031250000,0.00006103515625000,0.00048828125000000,0.00012207031250000,0.40387431232280130,0
0.00000000000000000,0.00000000000000000,0.00000000000000000,0.00006103515625000,0.00024414062500000,0.00097656250000000,0.00012207031250000,0.00006103515625000,0.00006103515625000,0.00097656250000000,0.00006103515625000,0.00000000000000000,0.00012207031250000,0.00006103515625000,0.00048828125000000,0.00012207031250000,0.41212607488620207,2
0.00000000000000000,0.00000000000000000,0.00000000000000000,0.00006103515625000,0.00024414062500000,0.00097656250000000,0.00012207031250000,0.00006103515625000,0.00006103515625000,0.00006103515625000,0.00097656250000000,0.00006103515625000,0.00012207031250000,0.00006103515625000,0.00048828125000000,0.00012207031250000,0.41212607488620207,1
0.00000000000000000,0.00006103515625000,0.00000000000000000,0.00006103515625000,0.00024414062500000,0.00097656250000000,0.00012207031250000,0.00006103515625000,0.00000000000000000,0.00012207031250000,0.00097656250000000,0.00006103515625000,0.00012207031250000,0.00006103515625000,0.00048828125000000,0.00012207031250000,0.41309441593230728,3
0.00012207031250000,0.00000000000000000,0.00000000000000000,0.00006103515625000,0.00024414062500000,0.00097656250000000,0.00012207031250000,0.00006103515625000,0.00012207031250000,0.00097656250000000,0.00006103515625000,0.00000000000000000,0.00012207031250000,0.00006103515625000,0.00048828125000000,0.00012207031250000,0.41404997322446430,0
0.00006103515625000,0.00000000000000000,0.00012207031250000,0.00006103515625000,0.00024414062500000,0.00097656250000000,0.00012207031250000,0.00006103515625000,0.00000000000000000,0.00012207031250000,0.00097656250000000,0.00006103515625000,0.00012207031250000,0.00006103515625000,0.00048828125000000,0.00012207031250000,0.41404997322446430,2
0.00000000000000000,0.00006103515625000,0.00000000000000000,0.00000000000000000,0.00006103515625000,0.00097656250000000,0.00024414062500000,0.00006103515625000,0.00024414062500000,0.00012207031250000,0.00097656250000000,0.00012207031250000,0.00012207031250000,0.00006103515625000,0.00048828125000000,0.00012207031250000,0.41684321036962529,0
0.00006103515625000,0.00000000000000000,0.00000000000000000,0.00006103515625000,0.00006103515625000,0.00097656250000000,0.00024414062500000,0.00006103515625000,0.00024414062500000,0.00012207031250000,0.00097656250000000,0.00012207031250000,0.00012207031250000,0.00006103515625000,0.00048828125000000,0.00012207031250000,0.41684321036962529,0
0.00012207031250000,0.00097656250000000,0.00024414062500000,0.00012207031250000,0.00024414062500000,0.00012207031250000,0.00097656250000000,0.00024414062500000,0.00012207031250000,0.00006103515625000,0.00048828125000000,0.00000000000000000,0.00000000000000000,0.00006103515625000,0.00000000000000000,0.00000000000000000,0.42040737225105329,3
0.00006103515625000,0.00000000000000000,0.00000000000000000,0.00000000000000000,0.00012207031250000,0.00097656250000000,0.00024414062500000,0.00000000000000000,0.00024414062500000,0.00012207031250000,0.00097656250000000,0.00012207031250000,0.00012207031250000,0.00012207031250000,0.00048828125000000,0.00024414062500000,0.42127165014522311,2
0.00006103515625000,0.00000000000000000,0.00006103515625000,0.00000000000000000,0.00012207031250000,0.00097656250000000,0.00024414062500000,0.00000000000000000,0.00024414062500000,0.00012207031250000,0.00097656250000000,0.00012207031250000,0.00024414062500000,0.00048828125000000,0.00024414062500000,0.00000000000000000,0.42296984917887898,0
0.00012207031250000,0.00000000000000000,0.00006103515625000,0.00000000000000000,0.00012207031250000,0.00097656250000000,0.00024414062500000,0.00000000000000000,0.00024414062500000,0.00012207031250000,0.00097656250000000,0.00012207031250000,0.00024414062500000,0.00048828125000000,0.00024414062500000,0.00000000000000000,0.42380423782652993,3
0.00024414062500000,0.00097656250000000,0.00006103515625000,0.00012207031250000,0.00048828125000000,0.00012207031250000,0.00024414062500000,0.00000000000000000,0.00000000000000000,0.00048828125000000,0.00097656250000000,0.00000000000000000,0.00000000000000000,0.00000000000000000,0.00024414062500000,0.00006103515625000,0.42861813863478132,1
0.00024414062500000,0.00097656250000000,0.00006103515625000,0.00012207031250000,0.00048828125000000,0.00012207031250000,0.00024414062500000,0.00000000000000000,0.00048828125000000,0.00097656250000000,0.00006103515625000,0.00000000000000000,0.00024414062500000,0.00006103515625000,0.00000000000000000,0.00000000000000000,0.42861813863478132,3
0.00024414062500000,0.00097656250000000,0.00006103515625000,0.00012207031250000,0.00097656250000000,0.00012207031250000,0.00024414062500000,0.00000000000000000,0.00024414062500000,0.00097656250000000,0.00006103515625000,0.00000000000000000,0.00000000000000000,0.00006103515625000,0.00000000000000000,0.00006103515625000,0.43457583720244480,1
0.00024414062500000,0.00097656250000000,0.00006103515625000,0.00012207031250000,0.00000000000000000,0.00097656250000000,0.00012207031250000,0.00024414062500000,0.00006103515625000,0.00024414062500000,0.00097656250000000,0.00006103515625000,0.00000000000000000,0.00000000000000000,0.00000000000000000,0.00012207031250000,0.43528721800122366,1
0.00000000000000000,0.00000000000000000,0.00006103515625000,0.00012207031250000,0.00000000000000000,0.00000000000000000,0.00006103515625000,0.00024414062500000,0.00024414062500000,0.00195312500000000,0.00012207031250000,0.00006103515625000,0.00006103515625000,0.00024414062500000,0.00097656250000000,0.00012207031250000,0.44581019012296857,1
0.00000000000000000,0.00006103515625000,0.00000000000000000,0.00012207031250000,0.00000000000000000,0.00000000000000000,0.00012207031250000,0.00024414062500000,0.00024414062500000,0.00195312500000000,0.00012207031250000,0.00006103515625000,0.00006103515625000,0.00024414062500000,0.00097656250000000,0.00012207031250000,0.44641972984001899,0
0.00006103515625000,0.00000000000000000,0.00006103515625000,0.00012207031250000,0.00000000000000000,0.00000000000000000,0.00012207031250000,0.00024414062500000,0.00024414062500000,0.00195312500000000,0.00012207031250000,0.00006103515625000,0.00006103515625000,0.00024414062500000,0.00097656250000000,0.00012207031250000,0.44641972984001899,0
0.00000000000000000,0.00000000000000000,0.00000000000000000,0.00012207031250000,0.00006103515625000,0.00006103515625000,0.00006103515625000,0.00024414062500000,0.00024414062500000,0.00195312500000000,0.00024414062500000,0.00006103515625000,0.00006103515625000,0.00024414062500000,0.00097656250000000,0.00012207031250000,0.44762362310037723,2
0.00012207031250000,0.00000000000000000,0.00000000000000000,0.00006103515625000,0.00012207031250000,0.00006103515625000,0.00024414062500000,0.00000000000000000,0.00024414062500000,0.00195312500000000,0.00024414062500000,0.00006103515625000,0.00006103515625000,0.00024414062500000,0.00097656250000000,0.00012207031250000,0.44821814318727005,1
0.00000000000000000,0.00000000000000000,0.00012207031250000,0.00006103515625000,0.00006103515625000,0.00012207031250000,0.00006103515625000,0.00024414062500000,0.00024414062500000,0.00195312500000000,0.00024414062500000,0.00006103515625000,0.00006103515625000,0.00024414062500000,0.00097656250000000,0.00012207031250000,0.44821814318727005,0
0.00012207031250000,0.00006103515625000,0.00000000000000000,0.00012207031250000,0.00006103515625000,0.00012207031250000,0.00006103515625000,0.00024414062500000,0.00024414062500000,0.00195312500000000,0.00024414062500000,0.00006103515625000,0.00006103515625000,0.00024414062500000,0.00097656250000000,0.00012207031250000,0.44821814318727005,0
0.00012207031250000,0.00006103515625000,0.00006103515625000,0.00012207031250000,0.00006103515625000,0.00012207031250000,0.00024414062500000,0.00024414062500000,0.00024414062500000,0.00195312500000000,0.00097656250000000,0.00006103515625000,0.00006103515625000,0.00024414062500000,0.00006103515625000,0.00012207031250000,0.44821814318727005,2
0.00012207031250000,0.00012207031250000,0.00012207031250000,0.00000000000000000,0.00006103515625000,0.00012207031250000,0.00048828125000000,0.00012207031250000,0.00024414062500000,0.00195312500000000,0.00097656250000000,0.00006103515625000,0.00006103515625000,0.00024414062500000,0.00006103515625000,0.00012207031250000,0.45111963038945979,0
0.00024414062500000,0.00012207031250000,0.00000000000000000,0.00006103515625000,0.00006103515625000,0.00012207031250000,0.00048828125000000,0.00012207031250000,0.00024414062500000,0.00195312500000000,0.00097656250000000,0.00006103515625000,0.00006103515625000,0.00024414062500000,0.00006103515625000,0.00012207031250000,0.45224842384899039,0
0.00024414062500000,0.00012207031250000,0.00006103515625000,0.00006103515625000,0.00006103515625000,0.00012207031250000,0.00048828125000000,0.00012207031250000,0.00024414062500000,0.00195312500000000,0.00097656250000000,0.00006103515625000,0.00006103515625000,0.00024414062500000,0.00006103515625000,0.00012207031250000,0.45224842384899039,0
0.00006103515625000,0.00024414062500000,0.00012207031250000,0.00012207031250000,0.00006103515625000,0.00012207031250000,0.00048828125000000,0.00012207031250000,0.00024414062500000,0.00195312500000000,0.00097656250000000,0.00006103515625000,0.00006103515625000,0.00024414062500000,0.00006103515625000,0.00012207031250000,0.45280628721658744,2
0.00012207031250000,0.00024414062500000,0.00012207031250000,0.00024414062500000,0.00024414062500000,0.00012207031250000,0.00048828125000000,0.00006103515625000,0.00006103515625000,0.00195312500000000,0.00097656250000000,0.00012207031250000,0.00000000000000000,0.00024414062500000,0.00006103515625000,0.00006103515625000,0.45445453483776205,1
0.00006103515625000,0.00024414062500000,0.00012207031250000,0.00024414062500000,0.00012207031250000,0.00012207031250000,0.00048828125000000,0.00006103515625000,0.00024414062500000,0.00195312500000000,0.00097656250000000,0.00012207031250000,0.00006103515625000,0.00024414062500000,0.00006103515625000,0.00006103515625000,0.45445453483776205,2
0.00006103515625000,0.00024414062500000,0.00012207031250000,0.00024414062500000,0.00024414062500000,0.00048828125000000,0.00006103515625000,0.00006103515625000,0.00024414062500000,0.00195312500000000,0.00097656250000000,0.00012207031250000,0.00006103515625000,0.00024414062500000,0.00012207031250000,0.00000000000000000,0.45606608371277374,3
0.00006103515625000,0.00024414062500000,0.00012207031250000,0.00024414062500000,0.00024414062500000,0.00048828125000000,0.00012207031250000,0.00006103515625000,0.00024414062500000,0.00195312500000000,0.00097656250000000,0.00012207031250000,0.00006103515625000,0.00024414062500000,0.00012207031250000,0.00000000000000000,0.45659539074168198,3
0.00006103515625000,0.00024414062500000,0.00012207031250000,0.00024414062500000,0.00024414062500000,0.00048828125000000,0.00012207031250000,0.00006103515625000,0.00024414062500000,0.00195312500000000,0.00097656250000000,0.00012207031250000,0.00006103515625000,0.00006103515625000,0.00024414062500000,0.00012207031250000,0.45659539074168198,0
0.00006103515625000,0.00024414062500000,0.00012207031250000,0.00024414062500000,0.00024414062500000,0.00048828125000000,0.00012207031250000,0.00006103515625000,0.00024414062500000,0.00195312500000000,0.00097656250000000,0.00012207031250000,0.00006103515625000,0.00012207031250000,0.00024414062500000,0.00012207031250000,0.45712085521744972,0
0.00000000000000000,0.00024414062500000,0.00006103515625000,0.00000000000000000,0.00006103515625000,0.00048828125000000,0.00024414062500000,0.00024414062500000,0.00048828125000000,0.00195312500000000,0.00097656250000000,0.00006103515625000,0.00006103515625000,0.00012207031250000,0.00024414062500000,0.00024414062500000,0.46119264434703006,3
0.00000000000000000,0.00000000000000000,0.00024414062500000,0.00006103515625000,0.00006103515625000,0.00006103515625000,0.00048828125000000,0.00048828125000000,0.00048828125000000,0.00195312500000000,0.00097656250000000,0.00006103515625000,0.00000000000000000,0.00006103515625000,0.00012207031250000,0.00048828125000000,0.46504752733887361,2
0.00006103515625000,0.00006103515625000,0.00024414062500000,0.00006103515625000,0.00048828125000000,0.00195312500000000,0.00048828125000000,0.00048828125000000,0.00000000000000000,0.00006103515625000,0.00097656250000000,0.00006103515625000,0.00000000000000000,0.00006103515625000,0.00012207031250000,0.00048828125000000,0.46504752733887361,0
0.00006103515625000,0.00000000000000000,0.00024414062500000,0.00006103515625000,0.00000000000000000,0.00006103515625000,0.00048828125000000,0.00048828125000000,0.00006103515625000,0.00195312500000000,0.00097656250000000,0.00006103515625000,0.00048828125000000,0.00012207031250000,0.00012207031250000,0.00048828125000000,0.46551526669609666,2
0.00000000000000000,0.00006103515625000,0.00024414062500000,0.00006103515625000,0.00000000000000000,0.00006103515625000,0.00006103515625000,0.00097656250000000,0.00006103515625000,0.00195312500000000,0.00097656250000000,0.00006103515625000,0.00000000000000000,0.00048828125000000,0.00024414062500000,0.00048828125000000,0.47003357658094003,2
0.00006103515625000,0.00012207031250000,0.00024414062500000,0.00006103515625000,0.00000000000000000,0.00195312500000000,0.00006103515625000,0.00097656250000000,0.00000000000000000,0.00048828125000000,0.00097656250000000,0.00006103515625000,0.00000000000000000,0.00006103515625000,0.00024414062500000,0.00048828125000000,0.47047027421718407,2
0.00006103515625000,0.00012207031250000,0.00024414062500000,0.00006103515625000,0.00195312500000000,0.00006103515625000,0.00097656250000000,0.00000000000000000,0.00048828125000000,0.00097656250000000,0.00006103515625000,0.00000000000000000,0.00006103515625000,0.00024414062500000,0.00048828125000000,0.00006103515625000,0.47047027421718407,3
0.00006103515625000,0.00012207031250000,0.00024414062500000,0.00012207031250000,0.00195312500000000,0.00006103515625000,0.00097656250000000,0.00006103515625000,0.00048828125000000,0.00097656250000000,0.00006103515625000,0.00000000000000000,0.00006103515625000,0.00024414062500000,0.00048828125000000,0.00000000000000000,0.47090435296130390,3
0.00006103515625000,0.00012207031250000,0.00024414062500000,0.00012207031250000,0.00195312500000000,0.00006103515625000,0.00097656250000000,0.00006103515625000,0.00000000000000000,0.00048828125000000,0.00097656250000000,0.00006103515625000,0.00006103515625000,0.00006103515625000,0.00024414062500000,0.00048828125000000,0.47090435296130390,0
0.00000000000000000,0.00012207031250000,0.00000000000000000,0.00006103515625000,0.00006103515625000,0.00006103515625000,0.00024414062500000,0.00012207031250000,0.00195312500000000,0.00048828125000000,0.00195312500000000,0.00012207031250000,0.00006103515625000,0.00006103515625000,0.00024414062500000,0.00048828125000000,0.47791124797650858,2
0.00006103515625000,0.00012207031250000,0.00024414062500000,0.00006103515625000,0.00195312500000000,0.00006103515625000,0.00195312500000000,0.00024414062500000,0.00006103515625000,0.00048828125000000,0.00024414062500000,0.00048828125000000,0.00000000000000000,0.00006103515625000,0.00006103515625000,0.00000000000000000,0.47869271212471548,1
0.00000000000000000,0.00012207031250000,0.00024414062500000,0.00006103515625000,0.00006103515625000,0.00006103515625000,0.00195312500000000,0.00006103515625000,0.00195312500000000,0.00048828125000000,0.00024414062500000,0.00024414062500000,0.00006103515625000,0.00006103515625000,0.00006103515625000,0.00048828125000000,0.47869271212471548,2
0.00000000000000000,0.00012207031250000,0.00024414062500000,0.00006103515625000,0.00006103515625000,0.00012207031250000,0.00195312500000000,0.00006103515625000,0.00000000000000000,0.00195312500000000,0.00048828125000000,0.00048828125000000,0.00000000000000000,0.00006103515625000,0.00012207031250000,0.00048828125000000,0.48098772330023848,0
0.00000000000000000,0.00012207031250000,0.00024414062500000,0.00006103515625000,0.00006103515625000,0.00012207031250000,0.00195312500000000,0.00006103515625000,0.00000000000000000,0.00000000000000000,0.00195312500000000,0.00097656250000000,0.00006103515625000,0.00006103515625000,0.00012207031250000,0.00048828125000000,0.48393875268070624,1
0.00012207031250000,0.00024414062500000,0.00006103515625000,0.00000000000000000,0.00006103515625000,0.00012207031250000,0.00195312500000000,0.00006103515625000,0.00195312500000000,0.00097656250000000,0.00000000000000000,0.00006103515625000,0.00012207031250000,0.00012207031250000,0.00048828125000000,0.00000000000000000,0.48429931339464477,3
0.00000000000000000,0.00012207031250000,0.00024414062500000,0.00006103515625000,0.00006103515625000,0.00012207031250000,0.00195312500000000,0.00006103515625000,0.00006103515625000,0.00195312500000000,0.00097656250000000,0.00006103515625000,0.00000000000000000,0.00000000000000000,0.00024414062500000,0.00048828125000000,0.48501509093234468,2
0.00012207031250000,0.00024414062500000,0.00006103515625000,0.00000000000000000,0.00006103515625000,0.00012207031250000,0.00195312500000000,0.00006103515625000,0.00006103515625000,0.00195312500000000,0.00097656250000000,0.00006103515625000,0.00024414062500000,0.00048828125000000,0.00006103515625000,0.00000000000000000,0.48501509093234468,0
0.00006103515625000,0.00024414062500000,0.00006103515625000,0.00000000000000000,0.00012207031250000,0.00012207031250000,0.00195312500000000,0.00000000000000000,0.00012207031250000,0.00195312500000000,0.00097656250000000,0.00000000000000000,0.00024414062500000,0.00048828125000000,0.00006103515625000,0.00012207031250000,0.48572385951990676,3
0.00006103515625000,0.00024414062500000,0.00006103515625000,0.00012207031250000,0.00024414062500000,0.00012207031250000,0.00195312500000000,0.00000000000000000,0.00024414062500000,0.00195312500000000,0.00097656250000000,0.00000000000000000,0.00000000000000000,0.00048828125000000,0.00006103515625000,0.00006103515625000,0.48642575509171221,1
0.00006103515625000,0.00024414062500000,0.00006103515625000,0.00012207031250000,0.00048828125000000,0.00012207031250000,0.00195312500000000,0.00006103515625000,0.00000000000000000,0.00195312500000000,0.00097656250000000,0.00000000000000000,0.00000000000000000,0.00048828125000000,0.00006103515625000,0.00006103515625000,0.48780945149161536,3
0.00006103515625000,0.00024414062500000,0.00006103515625000,0.00012207031250000,0.00048828125000000,0.00012207031250000,0.00195312500000000,0.00006103515625000,0.00000000000000000,0.00000000000000000,0.00195312500000000,0.00097656250000000,0.00006103515625000,0.00000000000000000,0.00048828125000000,0.00012207031250000,0.48815128170732547,1
0.00000000000000000,0.00000000000000000,0.00000000000000000,0.00012207031250000,0.00006103515625000,0.00006103515625000,0.00006103515625000,0.00006103515625000,0.00048828125000000,0.00024414062500000,0.00390625000000000,0.00097656250000000,0.00006103515625000,0.00012207031250000,0.00048828125000000,0.00012207031250000,0.49831576061979549,0
0.00012207031250000,0.00000000000000000,0.00000000000000000,0.00000000000000000,0.00012207031250000,0.00012207031250000,0.00000000000000000,0.00006103515625000,0.00048828125000000,0.00024414062500000,0.00390625000000000,0.00097656250000000,0.00006103515625000,0.00012207031250000,0.00048828125000000,0.00012207031250000,0.49890603841626863,1
0.00012207031250000,0.00000000000000000,0.00000000000000000,0.00000000000000000,0.00024414062500000,0.00006103515625000,0.00000000000000000,0.00006103515625000,0.00048828125000000,0.00024414062500000,0.00390625000000000,0.00097656250000000,0.00006103515625000,0.00012207031250000,0.00048828125000000,0.00012207031250000,0.49949154141589686,0
0.00012207031250000,0.00000000000000000,0.00000000000000000,0.00000000000000000,0.00024414062500000,0.00012207031250000,0.00000000000000000,0.00006103515625000,0.00048828125000000,0.00024414062500000,0.00390625000000000,0.00097656250000000,0.00006103515625000,0.00012207031250000,0.00048828125000000,0.00012207031250000,0.49978252638527598,0
0.00012207031250000,0.00012207031250000,0.00390625000000000,0.00006103515625000,0.00024414062500000,0.00024414062500000,0.00048828125000000,0.00097656250000000,0.00048828125000000,0.00012207031250000,0.00000000000000000,0.00012207031250000,0.00006103515625000,0.00000000000000000,0.00000000000000000,0.00012207031250000,0.49978252638527598,0
0.00024414062500000,0.00390625000000000,0.00006103515625000,0.00000000000000000,0.00048828125000000,0.00048828125000000,0.00097656250000000,0.00006103515625000,0.00048828125000000,0.00024414062500000,0.00000000000000000,0.00000000000000000,0.00006103515625000,0.00012207031250000,0.00000000000000000,0.00000000000000000,0.50206922912707219,2
0.00000000000000000,0.00390625000000000,0.00000000000000000,0.00000000000000000,0.00024414062500000,0.00048828125000000,0.00006103515625000,0.00000000000000000,0.00097656250000000,0.00024414062500000,0.00006103515625000,0.00000000000000000,0.00006103515625000,0.00012207031250000,0.00097656250000000,0.00006103515625000,0.50428589731689011,1
0.00000000000000000,0.00000000000000000,0.00006103515625000,0.00390625000000000,0.00000000000000000,0.00024414062500000,0.00048828125000000,0.00006103515625000,0.00000000000000000,0.00097656250000000,0.00024414062500000,0.00006103515625000,0.00006103515625000,0.00012207031250000,0.00097656250000000,0.00006103515625000,0.50428589731689011,1
0.00000000000000000,0.00000000000000000,0.00006103515625000,0.00000000000000000,0.00000000000000000,0.00024414062500000,0.00048828125000000,0.00390625000000000,0.00006103515625000,0.00097656250000000,0.00024414062500000,0.00006103515625000,0.00006103515625000,0.00012207031250000,0.00097656250000000,0.00012207031250000,0.50455826796245939,1
0.00006103515625000,0.00000000000000000,0.00000000000000000,0.00000000000000000,0.00024414062500000,0.00048828125000000,0.00390625000000000,0.00006103515625000,0.00006103515625000,0.00097656250000000,0.00024414062500000,0.00006103515625000,0.00006103515625000,0.00012207031250000,0.00097656250000000,0.00012207031250000,0.50455826796245939,1
0.00000000000000000,0.00000000000000000,0.00006103515625000,0.00006103515625000,0.00024414062500000,0.00048828125000000,0.00390625000000000,0.00006103515625000,0.00006103515625000,0.00097656250000000,0.00024414062500000,0.00006103515625000,0.00006103515625000,0.00012207031250000,0.00097656250000000,0.00012207031250000,0.50455826796245939,2
0.00024414062500000,0.00048828125000000,0.00006103515625000,0.00012207031250000,0.00012207031250000,0.00097656250000000,0.00390625000000000,0.00006103515625000,0.00000000000000000,0.00012207031250000,0.00024414062500000,0.00012207031250000,0.00000000000000000,0.00000000000000000,0.00097656250000000,0.00006103515625000,0.50509995366099181,2
0.00024414062500000,0.00048828125000000,0.00006103515625000,0.00012207031250000,0.00012207031250000,0.00097656250000000,0.00390625000000000,0.00006103515625000,0.00012207031250000,0.00024414062500000,0.00012207031250000,0.00006103515625000,0.00097656250000000,0.00006103515625000,0.00000000000000000,0.00000000000000000,0.50509995366099181,0
0.00024414062500000,0.00048828125000000,0.00006103515625000,0.00012207031250000,0.00024414062500000,0.00097656250000000,0.00390625000000000,0.00012207031250000,0.00097656250000000,0.00024414062500000,0.00012207031250000,0.00000000000000000,0.00000000000000000,0.00006103515625000,0.00000000000000000,0.00006103515625000,0.50590495636409138,0
0.00048828125000000,0.00048828125000000,0.00006103515625000,0.00024414062500000,0.00097656250000000,0.00097656250000000,0.00390625000000000,0.00006103515625000,0.00000000000000000,0.00024414062500000,0.00012207031250000,0.00000000000000000,0.00000000000000000,0.00006103515625000,0.00006103515625000,0.00000000000000000,0.50748859102485999,2
0.00000000000000000,0.00097656250000000,0.00006103515625000,0.00024414062500000,0.00000000000000000,0.00195312500000000,0.00390625000000000,0.00006103515625000,0.00006103515625000,0.00000000000000000,0.00024414062500000,0.00012207031250000,0.00000000000000000,0.00000000000000000,0.00000000000000000,0.00012207031250000,0.51373771681012859,1
0.00000000000000000,0.00097656250000000,0.00006103515625000,0.00024414062500000,0.00000000000000000,0.00195312500000000,0.00390625000000000,0.00006103515625000,0.00006103515625000,0.00006103515625000,0.00024414062500000,0.00012207031250000,0.00000000000000000,0.00000000000000000,0.00000000000000000,0.00012207031250000,0.51373771681012859,3
0.00000000000000000,0.00006103515625000,0.00000000000000000,0.00000000000000000,0.00000000000000000,0.00097656250000000,0.00006103515625000,0.00024414062500000,0.00000000000000000,0.00195312500000000,0.00390625000000000,0.00006103515625000,0.00006103515625000,0.00006103515625000,0.00024414062500000,0.00024414062500000,0.51421509637167750,0
0.00006103515625000,0.00000000000000000,0.00000000000000000,0.00000000000000000,0.00097656250000000,0.00006103515625000,0.00024414062500000,0.00006103515625000,0.00195312500000000,0.00390625000000000,0.00006103515625000,0.00000000000000000,0.00012207031250000,0.00048828125000000,0.00000000000000000,0.00000000000000000,0.51539494993818680,3
0.00006103515625000,0.00000000000000000,0.00000000000000000,0.00000000000000000,0.00097656250000000,0.00006103515625000,0.00000000000000000,0.00000000000000000,0.00195312500000000,0.00390625000000000,0.00024414062500000,0.00006103515625000,0.00012207031250000,0.00048828125000000,0.00006103515625000,0.00006103515625000,0.51539494993818680,3
0.00006103515625000,0.00000000000000000,0.00000000000000000,0.00000000000000000,0.00097656250000000,0.00006103515625000,0.00000000000000000,0.00000000000000000,0.00195312500000000,0.00390625000000000,0.00024414062500000,0.00006103515625000,0.00012207031250000,0.00048828125000000,0.00006103515625000,0.00012207031250000,0.51562863024978833,3
0.00006103515625000,0.00006103515625000,0.00024414062500000,0.00006103515625000,0.00097656250000000,0.00390625000000000,0.00006103515625000,0.00012207031250000,0.00195312500000000,0.00048828125000000,0.00000000000000000,0.00006103515625000,0.00012207031250000,0.00000000000000000,0.00000000000000000,0.00000000000000000,0.51562863024978833,1
0.00012207031250000,0.00024414062500000,0.00006103515625000,0.00000000000000000,0.00097656250000000,0.00390625000000000,0.00006103515625000,0.00012207031250000,0.00195312500000000,0.00048828125000000,0.00006103515625000,0.00000000000000000,0.00012207031250000,0.00000000000000000,0.00000000000000000,0.00006103515625000,0.51586155857195914,0
0.00012207031250000,0.00000000000000000,0.00006103515625000,0.00000000000000000,0.00097656250000000,0.00024414062500000,0.00000000000000000,0.00000000000000000,0.00195312500000000,0.00390625000000000,0.00006103515625000,0.00012207031250000,0.00012207031250000,0.00048828125000000,0.00012207031250000,0.00006103515625000,0.51609373972902262,1
0.00012207031250000,0.00024414062500000,0.00012207031250000,0.00012207031250000,0.00097656250000000,0.00390625000000000,0.00012207031250000,0.00006103515625000,0.00195312500000000,0.00048828125000000,0.00006103515625000,0.00000000000000000,0.00012207031250000,0.00000000000000000,0.00000000000000000,0.00000000000000000,0.51632517849902493,3
0.00012207031250000,0.00024414062500000,0.00024414062500000,0.00012207031250000,0.00097656250000000,0.00390625000000000,0.00006103515625000,0.00006103515625000,0.00195312500000000,0.00048828125000000,0.00000000000000000,0.00000000000000000,0.00012207031250000,0.00000000000000000,0.00000000000000000,0.00006103515625000,0.51678584776218028,3
0.00006103515625000,0.00012207031250000,0.00048828125000000,0.00012207031250000,0.00000000000000000,0.00097656250000000,0.00390625000000000,0.00012207031250000,0.00000000000000000,0.00000000000000000,0.00195312500000000,0.00048828125000000,0.00000000000000000,0.00000000000000000,0.00012207031250000,0.00006103515625000,0.51792485495744767,0
0.00000000000000000,0.00000000000000000,0.00048828125000000,0.00000000000000000,0.00012207031250000,0.00000000000000000,0.00390625000000000,0.00024414062500000,0.00000000000000000,0.00012207031250000,0.00195312500000000,0.00048828125000000,0.00006103515625000,0.00097656250000000,0.00012207031250000,0.00006103515625000,0.51837548622556717,3
0.00048828125000000,0.00006103515625000,0.00000000000000000,0.00000000000000000,0.00012207031250000,0.00390625000000000,0.00024414062500000,0.00000000000000000,0.00012207031250000,0.00195312500000000,0.00048828125000000,0.00000000000000000,0.00006103515625000,0.00097656250000000,0.00012207031250000,0.00006103515625000,0.51837548622556717,0
0.00000000000000000,0.00006103515625000,0.00000000000000000,0.00000000000000000,0.00048828125000000,0.00390625000000000,0.00024414062500000,0.00000000000000000,0.00024414062500000,0.00195312500000000,0.00048828125000000,0.00006103515625000,0.00006103515625000,0.00097656250000000,0.00012207031250000,0.00006103515625000,0.51882332934734665,3
0.00048828125000000,0.00006103515625000,0.00024414062500000,0.00012207031250000,0.00024414062500000,0.00390625000000000,0.00048828125000000,0.00000000000000000,0.00006103515625000,0.00195312500000000,0.00012207031250000,0.00000000000000000,0.00006103515625000,0.00097656250000000,0.00000000000000000,0.00000000000000000,0.51904621609359769,1
0.00000000000000000,0.00006103515625000,0.00006103515625000,0.00000000000000000,0.00048828125000000,0.00390625000000000,0.00024414062500000,0.00000000000000000,0.00024414062500000,0.00195312500000000,0.00048828125000000,0.00000000000000000,0.00012207031250000,0.00097656250000000,0.00012207031250000,0.00012207031250000,0.51926841861238326,2
0.00012207031250000,0.00000000000000000,0.00000000000000000,0.00000000000000000,0.00048828125000000,0.00390625000000000,0.00024414062500000,0.00006103515625000,0.00024414062500000,0.00195312500000000,0.00048828125000000,0.00000000000000000,0.00012207031250000,0.00097656250000000,0.00024414062500000,0.00000000000000000,0.51993096249363069,0
0.00000000000000000,0.00000000000000000,0.00006103515625000,0.00012207031250000,0.00048828125000000,0.00390625000000000,0.00024414062500000,0.00006103515625000,0.00000000000000000,0.00024414062500000,0.00195312500000000,0.00048828125000000,0.00000000000000000,0.00012207031250000,0.00097656250000000,0.00024414062500000,0.51993096249363069,1
0.00000000000000000,0.00006103515625000,0.00006103515625000,0.00012207031250000,0.00000000000000000,0.00390625000000000,0.00024414062500000,0.00006103515625000,0.00000000000000000,0.00024414062500000,0.00195312500000000,0.00048828125000000,0.00048828125000000,0.00012207031250000,0.00097656250000000,0.00024414062500000,0.51993096249363069,2
0.00012207031250000,0.00012207031250000,0.00000000000000000,0.00006103515625000,0.00390625000000000,0.00024414062500000,0.00006103515625000,0.00000000000000000,0.00024414062500000,0.00195312500000000,0.00048828125000000,0.00000000000000000,0.00048828125000000,0.00012207031250000,0.00097656250000000,0.00024414062500000,0.52015046960242117,0
0.00012207031250000,0.00012207031250000,0.00000000000000000,0.00000000000000000,0.00390625000000000,0.00024414062500000,0.00006103515625000,0.00006103515625000,0.00024414062500000,0.00195312500000000,0.00048828125000000,0.00006103515625000,0.00048828125000000,0.00012207031250000,0.00097656250000000,0.00024414062500000,0.52015046960242117,3
0.00012207031250000,0.00012207031250000,0.00000000000000000,0.00000000000000000,0.00390625000000000,0.00024414062500000,0.00006103515625000,0.00006103515625000,0.00024414062500000,0.00195312500000000,0.00048828125000000,0.00012207031250000,0.00048828125000000,0.00012207031250000,0.00097656250000000,0.00024414062500000,0.52036931304547107,0
0.00012207031250000,0.00012207031250000,0.00006103515625000,0.00006103515625000,0.00390625000000000,0.00024414062500000,0.00048828125000000,0.00012207031250000,0.00024414062500000,0.00195312500000000,0.00097656250000000,0.00024414062500000,0.00048828125000000,0.00012207031250000,0.00012207031250000,0.00000000000000000,0.52036931304547107,3
0.00024414062500000,0.00012207031250000,0.00006103515625000,0.00000000000000000,0.00390625000000000,0.00024414062500000,0.00048828125000000,0.00012207031250000,0.00024414062500000,0.00195312500000000,0.00097656250000000,0.00024414062500000,0.00048828125000000,0.00024414062500000,0.00000000000000000,0.00000000000000000,0.52145371405640450,3
0.00024414062500000,0.00012207031250000,0.00000000000000000,0.00006103515625000,0.00390625000000000,0.00024414062500000,0.00006103515625000,0.00000000000000000,0.00024414062500000,0.00195312500000000,0.00048828125000000,0.00012207031250000,0.00048828125000000,0.00024414062500000,0.00097656250000000,0.00024414062500000,0.52145371405640450,1
0.00024414062500000,0.00012207031250000,0.00006103515625000,0.00006103515625000,0.00390625000000000,0.00024414062500000,0.00006103515625000,0.00000000000000000,0.00024414062500000,0.00195312500000000,0.00048828125000000,0.00012207031250000,0.00048828125000000,0.00024414062500000,0.00097656250000000,0.00024414062500000,0.52145371405640450,2
0.00006103515625000,0.00024414062500000,0.00012207031250000,0.00012207031250000,0.00000000000000000,0.00390625000000000,0.00024414062500000,0.00006103515625000,0.00024414062500000,0.00195312500000000,0.00048828125000000,0.00012207031250000,0.00048828125000000,0.00024414062500000,0.00097656250000000,0.00024414062500000,0.52166865827865072,1
0.00006103515625000,0.00024414062500000,0.00012207031250000,0.00012207031250000,0.00024414062500000,0.00390625000000000,0.00024414062500000,0.00006103515625000,0.00048828125000000,0.00195312500000000,0.00048828125000000,0.00012207031250000,0.00006103515625000,0.00024414062500000,0.00097656250000000,0.00024414062500000,0.52166865827865072,2
0.00006103515625000,0.00024414062500000,0.00024414062500000,0.00006103515625000,0.00024414062500000,0.00390625000000000,0.00024414062500000,0.00006103515625000,0.00048828125000000,0.00195312500000000,0.00048828125000000,0.00012207031250000,0.00006103515625000,0.00024414062500000,0.00097656250000000,0.00024414062500000,0.52209664127662281,1
0.00006103515625000,0.00006103515625000,0.00048828125000000,0.00006103515625000,0.00024414062500000,0.00390625000000000,0.00024414062500000,0.00006103515625000,0.00048828125000000,0.00195312500000000,0.00048828125000000,0.00012207031250000,0.00006103515625000,0.00024414062500000,0.00097656250000000,0.00024414062500000,0.52294508953945917,3
0.00006103515625000,0.00006103515625000,0.00048828125000000,0.00006103515625000,0.00024414062500000,0.00390625000000000,0.00024414062500000,0.00012207031250000,0.00048828125000000,0.00195312500000000,0.00048828125000000,0.00012207031250000,0.00006103515625000,0.00024414062500000,0.00097656250000000,0.00024414062500000,0.52315565670948727,1
0.00006103515625000,0.00006103515625000,0.00048828125000000,0.00012207031250000,0.00024414062500000,0.00390625000000000,0.00024414062500000,0.00006103515625000,0.00048828125000000,0.00195312500000000,0.00048828125000000,0.00024414062500000,0.00006103515625000,0.00024414062500000,0.00097656250000000,0.00024414062500000,0.52357496223341127,0
0.00006103515625000,0.00006103515625000,0.00048828125000000,0.00006103515625000,0.00024414062500000,0.00390625000000000,0.00024414062500000,0.00012207031250000,0.00048828125000000,0.00195312500000000,0.00048828125000000,0.00006103515625000,0.00006103515625000,0.00024414062500000,0.00097656250000000,0.00048828125000000,0.52440635588096240,2
0.00012207031250000,0.00048828125000000,0.00006103515625000,0.00012207031250000,0.00024414062500000,0.00390625000000000,0.00024414062500000,0.00012207031250000,0.00048828125000000,0.00195312500000000,0.00048828125000000,0.00006103515625000,0.00006103515625000,0.00024414062500000,0.00097656250000000,0.00048828125000000,0.52461272070684972,1
0.00012207031250000,0.00048828125000000,0.00006103515625000,0.00006103515625000,0.00024414062500000,0.00390625000000000,0.00024414062500000,0.00024414062500000,0.00048828125000000,0.00195312500000000,0.00048828125000000,0.00006103515625000,0.00006103515625000,0.00024414062500000,0.00097656250000000,0.00048828125000000,0.52502369364142643,2
0.00000000000000000,0.00012207031250000,0.00048828125000000,0.00012207031250000,0.00006103515625000,0.00024414062500000,0.00390625000000000,0.00048828125000000,0.00048828125000000,0.00195312500000000,0.00048828125000000,0.00006103515625000,0.00006103515625000,0.00024414062500000,0.00097656250000000,0.00048828125000000,0.52604103173289074,0
0.00000000000000000,0.00000000000000000,0.00000000000000000,0.00000000000000000,0.00006103515625000,0.00000000000000000,0.00000000000000000,0.00000000000000000,0.00000000000000000,0.00000000000000000,0.00000000000000000,0.00000000000000000,0.00000000000000000,0.00006103515625000,0.00000000000000000,0.00000000000000000,0.00000000000000000,2
0.00000000000000000,0.00000000000000000,0.00000000000000000,0.00000000000000000,0.00006103515625000,0.00000000000000000,0.00000000000000000,0.00006103515625000,0.00000000000000000,0.00000000000000000,0.00000000000000000,0.00000000000000000,0.00006103515625000,0.00000000000000000,0.00000000000000000,0.00000000000000000,0.00000000000000000,3
0.00000000000000000,0.00000000000000000,0.00000000000000000,0.00006103515625000,0.00000000000000000,0.00000000000000000,0.00000000000000000,0.00012207031250000,0.00000000000000000,0.00000000000000000,0.00000000000000000,0.00000000000000000,0.00000000000000000,0.00000000000000000,0.00000000000000000,0.00006103515625000,0.11649500072266981,2
0.00006103515625000,0.00000000000000000,0.00000000000000000,0.00000000000000000,0.00012207031250000,0.00000000000000000,0.00000000000000000,0.00012207031250000,0.00000000000000000,0.00000000000000000,0.00000000000000000,0.00000000000000000,0.00006103515625000,0.00000000000000000,0.00000000000000000,0.00000000000000000,0.11649500072266981,1
0.00006103515625000,0.00000000000000000,0.00006103515625000,0.00012207031250000,0.00012207031250000,0.00000000000000000,0.00000000000000000,0.00000000000000000,0.00006103515625000,0.00000000000000000,0.00000000000000000,0.00000000000000000,0.00000000000000000,0.00000000000000000,0.00000000000000000,0.00000000000000000,0.11649500072266981,2
0.00000000000000000,0.00000000000000000,0.00000000000000000,0.00000000000000000,0.00006103515625000,0.00000000000000000,0.00000000000000000,0.00006103515625000,0.00012207031250000,0.00000000000000000,0.00000000000000000,0.00000000000000000,0.00006103515625000,0.00000000000000000,0.00006103515625000,0.00012207031250000,0.11649500072266981,3
0.00006103515625000,0.00000000000000000,0.00006103515625000,0.00006103515625000,0.00012207031250000,0.00000000000000000,0.00000000000000000,0.00012207031250000,0.00006103515625000,0.00000000000000000,0.00000000000000000,0.00000000000000000,0.00000000000000000,0.00000000000000000,0.00006103515625000,0.00000000000000000,0.11649500072266981,1
0.00000000000000000,0.00000000000000000,0.00006103515625000,0.00012207031250000,0.00000000000000000,0.00000000000000000,0.00000000000000000,0.00024414062500000,0.00000000000000000,0.00006103515625000,0.00000000000000000,0.00006103515625000,0.00000000000000000,0.00000000000000000,0.00000000000000000,0.00006103515625000,0.20507482022971232,0
0.00000000000000000,0.00006103515625000,0.00006103515625000,0.00012207031250000,0.00000000000000000,0.00000000000000000,0.00000000000000000,0.00024414062500000,0.00000000000000000,0.00000000000000000,0.00000000000000000,0.00012207031250000,0.00000000000000000,0.00000000000000000,0.00000000000000000,0.00006103515625000,0.22036988245565323,2
0.00000000000000000,0.00000000000000000,0.00012207031250000,0.00012207031250000,0.00000000000000000,0.00000000000000000,0.00000000000000000,0.00024414062500000,0.00000000000000000,0.00000000000000000,0.00000000000000000,0.00012207031250000,0.00006103515625000,0.00000000000000000,0.00000000000000000,0.00006103515625000,0.23299000144533963,2
0.00000000000000000,0.00000000000000000,0.00012207031250000,0.00012207031250000,0.00000000000000000,0.00000000000000000,0.00000000000000000,0.00024414062500000,0.00000000000000000,0.00000000000000000,0.00000000000000000,0.00012207031250000,0.00006103515625000,0.00000000000000000,0.00012207031250000,0.00006103515625000,0.23299000144533963,1
0.00000000000000000,0.00000000000000000,0.00000000000000000,0.00024414062500000,0.00000000000000000,0.00000000000000000,0.00000000000000000,0.00024414062500000,0.00000000000000000,0.00000000000000000,0.00000000000000000,0.00012207031250000,0.00006103515625000,0.00006103515625000,0.00012207031250000,0.00006103515625000,0.25308565664631461,0
0.00024414062500000,0.00000000000000000,0.00000000000000000,0.00000000000000000,0.00024414062500000,0.00006103515625000,0.00000000000000000,0.00000000000000000,0.00012207031250000,0.00000000000000000,0.00000000000000000,0.00000000000000000,0.00012207031250000,0.00012207031250000,0.00006103515625000,0.00000000000000000,0.26136695401116583,0
0.00000000000000000,0.00000000000000000,0.00000000000000000,0.00024414062500000,0.00000000000000000,0.00000000000000000,0.00024414062500000,0.00006103515625000,0.00000000000000000,0.00000000000000000,0.00000000000000000,0.00012207031250000,0.00000000000000000,0.00006103515625000,0.00024414062500000,0.00006103515625000,0.27553541896255729,1
0.00024414062500000,0.00006103515625000,0.00000000000000000,0.00000000000000000,0.00024414062500000,0.00006103515625000,0.00000000000000000,0.00000000000000000,0.00012207031250000,0.00000000000000000,0.00000000000000000,0.00000000000000000,0.00006103515625000,0.00024414062500000,0.00006103515625000,0.00000000000000000,0.27553541896255729,3
0.00048828125000000,0.00012207031250000,0.00006103515625000,0.00000000000000000,0.00012207031250000,0.00024414062500000,0.00000000000000000,0.00000000000000000,0.00006103515625000,0.00006103515625000,0.00000000000000000,0.00000000000000000,0.00000000000000000,0.00000000000000000,0.00000000000000000,0.00000000000000000,0.30215222610714260,1
0.00006103515625000,0.00048828125000000,0.00012207031250000,0.00006103515625000,0.00000000000000000,0.00000000000000000,0.00012207031250000,0.00024414062500000,0.00000000000000000,0.00000000000000000,0.00000000000000000,0.00012207031250000,0.00000000000000000,0.00000000000000000,0.00000000000000000,0.00000000000000000,0.30647484845620920,2
0.00000000000000000,0.00000000000000000,0.00000000000000000,0.00000000000000000,0.00000000000000000,0.00000000000000000,0.00000000000000000,0.00006103515625000,0.00000000000000000,0.00006103515625000,0.00000000000000000,0.00024414062500000,0.00006103515625000,0.00048828125000000,0.00024414062500000,0.00012207031250000,0.31441512086208029,2
0.00006103515625000,0.00006103515625000,0.00024414062500000,0.00006103515625000,0.00000000000000000,0.00048828125000000,0.00000000000000000,0.00024414062500000,0.00000000000000000,0.00006103515625000,0.00000000000000000,0.00012207031250000,0.00000000000000000,0.00000000000000000,0.00000000000000000,0.00000000000000000,0.31441512086208029,3
0.00000000000000000,0.00006103515625000,0.00000000000000000,0.00000000000000000,0.00000000000000000,0.00006103515625000,0.00000000000000000,0.00006103515625000,0.00000000000000000,0.00048828125000000,0.00000000000000000,0.00024414062500000,0.00006103515625000,0.00006103515625000,0.00024414062500000,0.00012207031250000,0.31441512086208029,0
0.00006103515625000,0.00000000000000000,0.00000000000000000,0.00000000000000000,0.00012207031250000,0.00012207031250000,0.00000000000000000,0.00000000000000000,0.00048828125000000,0.00024414062500000,0.00000000000000000,0.00000000000000000,0.00012207031250000,0.00024414062500000,0.00012207031250000,0.00000000000000000,0.32156982095238212,0
0.00000000000000000,0.00000000000000000,0.00000000000000000,0.00006103515625000,0.00000000000000000,0.00006103515625000,0.00000000000000000,0.00024414062500000,0.00000000000000000,0.00000000000000000,0.00048828125000000,0.00024414062500000,0.00000000000000000,0.00012207031250000,0.00024414062500000,0.00012207031250000,0.32808049142565582,0
0.00000000000000000,0.00000000000000000,0.00000000000000000,0.00006103515625000,0.00000000000000000,0.00000000000000000,0.00000000000000000,0.00006103515625000,0.00000000000000000,0.00006103515625000,0.00048828125000000,0.00048828125000000,0.00000000000000000,0.00012207031250000,0.00024414062500000,0.00012207031250000,0.33957108299010397,3
0.00006103515625000,0.00000000000000000,0.00006103515625000,0.00000000000000000,0.00006103515625000,0.00000000000000000,0.00000000000000000,0.00000000000000000,0.00006103515625000,0.00097656250000000,0.00000000000000000,0.00000000000000000,0.00012207031250000,0.00024414062500000,0.00012207031250000,0.00000000000000000,0.35820318544256330,2
0.00000000000000000,0.00000000000000000,0.00000000000000000,0.00000000000000000,0.00006103515625000,0.00000000000000000,0.00000000000000000,0.00000000000000000,0.00012207031250000,0.00097656250000000,0.00006103515625000,0.00006103515625000,0.00012207031250000,0.00024414062500000,0.00012207031250000,0.00000000000000000,0.36022800037249580,0
0.00000000000000000,0.00000000000000000,0.00000000000000000,0.00000000000000000,0.00006103515625000,0.00000000000000000,0.00000000000000000,0.00000000000000000,0.00006103515625000,0.00097656250000000,0.00006103515625000,0.00000000000000000,0.00024414062500000,0.00024414062500000,0.00012207031250000,0.00006103515625000,0.36411523846959981,1
0.00000000000000000,0.00000000000000000,0.00000000000000000,0.00000000000000000,0.00006103515625000,0.00000000000000000,0.00006103515625000,0.00000000000000000,0.00006103515625000,0.00097656250000000,0.00006103515625000,0.00000000000000000,0.00048828125000000,0.00012207031250000,0.00006103515625000,0.00000000000000000,0.37131445076894559,3
0.00012207031250000,0.00097656250000000,0.00012207031250000,0.00000000000000000,0.00048828125000000,0.00012207031250000,0.00006103515625000,0.00000000000000000,0.00000000000000000,0.00000000000000000,0.00000000000000000,0.00000000000000000,0.00000000000000000,0.00000000000000000,0.00012207031250000,0.00000000000000000,0.37466221106030112,1
0.00000000000000000,0.00012207031250000,0.00097656250000000,0.00012207031250000,0.00000000000000000,0.00048828125000000,0.00012207031250000,0.00006103515625000,0.00006103515625000,0.00000000000000000,0.00000000000000000,0.00000000000000000,0.00000000000000000,0.00000000000000000,0.00000000000000000,0.00012207031250000,0.37466221106030112,3
0.00012207031250000,0.00097656250000000,0.00012207031250000,0.00000000000000000,0.00048828125000000,0.00012207031250000,0.00006103515625000,0.00000000000000000,0.00006103515625000,0.00000000000000000,0.00006103515625000,0.00000000000000000,0.00012207031250000,0.00000000000000000,0.00000000000000000,0.00000000000000000,0.37466221106030112,3
0.00012207031250000,0.00097656250000000,0.00012207031250000,0.00000000000000000,0.00048828125000000,0.00012207031250000,0.00012207031250000,0.00000000000000000,0.00006103515625000,0.00000000000000000,0.00006103515625000,0.00000000000000000,0.00012207031250000,0.00000000000000000,0.00000000000000000,0.00000000000000000,0.37627976247819744,3
0.00012207031250000,0.00097656250000000,0.00012207031250000,0.00000000000000000,0.00048828125000000,0.00024414062500000,0.00000000000000000,0.00000000000000000,0.00012207031250000,0.00012207031250000,0.00000000000000000,0.00000000000000000,0.00012207031250000,0.00000000000000000,0.00000000000000000,0.00000000000000000,0.38092621816796229,0
0.00012207031250000,0.00097656250000000,0.00012207031250000,0.00000000000000000,0.00048828125000000,0.00024414062500000,0.00000000000000000,0.00006103515625000,0.00024414062500000,0.00012207031250000,0.00000000000000000,0.00000000000000000,0.00000000000000000,0.00000000000000000,0.00000000000000000,0.00000000000000000,0.38386600957008149,0
0.00012207031250000,0.00097656250000000,0.00012207031250000,0.00006103515625000,0.00048828125000000,0.00024414062500000,0.00000000000000000,0.00000000000000000,0.00024414062500000,0.00012207031250000,0.00000000000000000,0.00000000000000000,0.00000000000000000,0.00006103515625000,0.00000000000000000,0.00000000000000000,0.38386600957008149,2
0.00012207031250000,0.00097656250000000,0.00012207031250000,0.00006103515625000,0.00048828125000000,0.00024414062500000,0.00012207031250000,0.00000000000000000,0.00024414062500000,0.00012207031250000,0.00000000000000000,0.00000000000000000,0.00006103515625000,0.00000000000000000,0.00000000000000000,0.00000000000000000,0.38386600957008149,0
0.00012207031250000,0.00097656250000000,0.00024414062500000,0.00006103515625000,0.00048828125000000,0.00024414062500000,0.00000000000000000,0.00000000000000000,0.00024414062500000,0.00012207031250000,0.00000000000000000,0.00006103515625000,0.00006103515625000,0.00000000000000000,0.00000000000000000,0.00000000000000000,0.38669104768517570,3
0.00012207031250000,0.00097656250000000,0.00024414062500000,0.00006103515625000,0.00000000000000000,0.00000000000000000,0.00048828125000000,0.00024414062500000,0.00000000000000000,0.00024414062500000,0.00012207031250000,0.00006103515625000,0.00006103515625000,0.00000000000000000,0.00000000000000000,0.00006103515625000,0.38669104768517570,0
0.00012207031250000,0.00097656250000000,0.00024414062500000,0.00006103515625000,0.00000000000000000,0.00006103515625000,0.00048828125000000,0.00024414062500000,0.00000000000000000,0.00024414062500000,0.00012207031250000,0.00006103515625000,0.00000000000000000,0.00000000000000000,0.00000000000000000,0.00012207031250000,0.38806326723978962,2
0.00012207031250000,0.00097656250000000,0.00024414062500000,0.00006103515625000,0.00006103515625000,0.00048828125000000,0.00024414062500000,0.00000000000000000,0.00024414062500000,0.00012207031250000,0.00006103515625000,0.00006103515625000,0.00012207031250000,0.00000000000000000,0.00000000000000000,0.00000000000000000,0.38806326723978962,0
0.00012207031250000,0.00000000000000000,0.00000000000000000,0.00000000000000000,0.00006103515625000,0.00097656250000000,0.00000000000000000,0.00000000000000000,0.00024414062500000,0.00048828125000000,0.00048828125000000,0.00012207031250000,0.00012207031250000,0.00012207031250000,0.00006103515625000,0.00012207031250000,0.39455932017100315,0
0.00012207031250000,0.00097656250000000,0.00048828125000000,0.00024414062500000,0.00006103515625000,0.00048828125000000,0.00006103515625000,0.00000000000000000,0.00024414062500000,0.00012207031250000,0.00000000000000000,0.00000000000000000,0.00012207031250000,0.00000000000000000,0.00006103515625000,0.00000000000000000,0.39700284042914474,1
0.00012207031250000,0.00097656250000000,0.00048828125000000,0.00024414062500000,0.00006103515625000,0.00048828125000000,0.00006103515625000,0.00012207031250000,0.00024414062500000,0.00012207031250000,0.00000000000000000,0.00000000000000000,0.00012207031250000,0.00006103515625000,0.00000000000000000,0.00000000000000000,0.39700284042914474,1
0.00012207031250000,0.00097656250000000,0.00048828125000000,0.00024414062500000,0.00006103515625000,0.00048828125000000,0.00006103515625000,0.00012207031250000,0.00000000000000000,0.00000000000000000,0.00024414062500000,0.00012207031250000,0.00006103515625000,0.00000000000000000,0.00012207031250000,0.00006103515625000,0.39700284042914474,1
0.00012207031250000,0.00097656250000000,0.00048828125000000,0.00024414062500000,0.00006103515625000,0.00048828125000000,0.00006103515625000,0.00012207031250000,0.00000000000000000,0.00006103515625000,0.00024414062500000,0.00012207031250000,0.00000000000000000,0.00006103515625000,0.00012207031250000,0.00006103515625000,0.39700284042914474,0
0.00000000000000000,0.00000000000000000,0.00048828125000000,0.00006103515625000,0.00000000000000000,0.00097656250000000,0.00006103515625000,0.00024414062500000,0.00012207031250000,0.00048828125000000,0.00024414062500000,0.00024414062500000,0.00006103515625000,0.00012207031250000,0.00012207031250000,0.00006103515625000,0.40052008686263635,2
0.00000000000000000,0.00006103515625000,0.00048828125000000,0.00000000000000000,0.00000000000000000,0.00097656250000000,0.00006103515625000,0.00006103515625000,0.00012207031250000,0.00048828125000000,0.00024414062500000,0.00048828125000000,0.00006103515625000,0.00012207031250000,0.00012207031250000,0.00006103515625000,0.40495871333373468,0
0.00000000000000000,0.00000000000000000,0.00006103515625000,0.00048828125000000,0.00000000000000000,0.00006103515625000,0.00097656250000000,0.00012207031250000,0.00012207031250000,0.00048828125000000,0.00024414062500000,0.00048828125000000,0.00000000000000000,0.00006103515625000,0.00024414062500000,0.00006103515625000,0.40811771998417995,0
0.00012207031250000,0.00006103515625000,0.00006103515625000,0.00048828125000000,0.00000000000000000,0.00048828125000000,0.00097656250000000,0.00012207031250000,0.00006103515625000,0.00006103515625000,0.00048828125000000,0.00048828125000000,0.00000000000000000,0.00000000000000000,0.00000000000000000,0.00006103515625000,0.41212607488620207,3
0.00000000000000000,0.00012207031250000,0.00012207031250000,0.00048828125000000,0.00000000000000000,0.00048828125000000,0.00097656250000000,0.00012207031250000,0.00000000000000000,0.00012207031250000,0.00012207031250000,0.00097656250000000,0.00000000000000000,0.00000000000000000,0.00000000000000000,0.00006103515625000,0.42127165014522311,2
0.00006103515625000,0.00000000000000000,0.00024414062500000,0.00048828125000000,0.00000000000000000,0.00048828125000000,0.00097656250000000,0.00012207031250000,0.00000000000000000,0.00000000000000000,0.00024414062500000,0.00097656250000000,0.00000000000000000,0.00000000000000000,0.00000000000000000,0.00006103515625000,0.42462911756463706,3
0.00000000000000000,0.00000000000000000,0.00000000000000000,0.00048828125000000,0.00006103515625000,0.00000000000000000,0.00024414062500000,0.00012207031250000,0.00000000000000000,0.00000000000000000,0.00097656250000000,0.00097656250000000,0.00006103515625000,0.00048828125000000,0.00024414062500000,0.00006103515625000,0.42462911756463706,3
0.00000000000000000,0.00000000000000000,0.00006103515625000,0.00048828125000000,0.00000000000000000,0.00006103515625000,0.00024414062500000,0.00012207031250000,0.00000000000000000,0.00000000000000000,0.00000000000000000,0.00195312500000000,0.00006103515625000,0.00048828125000000,0.00024414062500000,0.00006103515625000,0.43668934249562624,2
0.00006103515625000,0.00000000000000000,0.00000000000000000,0.00048828125000000,0.00000000000000000,0.00000000000000000,0.00000000000000000,0.00012207031250000,0.00000000000000000,0.00006103515625000,0.00006103515625000,0.00195312500000000,0.00006103515625000,0.00048828125000000,0.00048828125000000,0.00006103515625000,0.43941464939222757,0
0.00012207031250000,0.00006103515625000,0.00006103515625000,0.00048828125000000,0.00000000000000000,0.00048828125000000,0.00048828125000000,0.00012207031250000,0.00000000000000000,0.00000000000000000,0.00000000000000000,0.00195312500000000,0.00000000000000000,0.00006103515625000,0.00000000000000000,0.00006103515625000,0.44008023949507030,2
0.00012207031250000,0.00006103515625000,0.00006103515625000,0.00048828125000000,0.00000000000000000,0.00048828125000000,0.00048828125000000,0.00012207031250000,0.00000000000000000,0.00006103515625000,0.00000000000000000,0.00195312500000000,0.00006103515625000,0.00000000000000000,0.00000000000000000,0.00006103515625000,0.44008023949507030,3
0.00006103515625000,0.00000000000000000,0.00000000000000000,0.00048828125000000,0.00000000000000000,0.00006103515625000,0.00000000000000000,0.00012207031250000,0.00012207031250000,0.00048828125000000,0.00006103515625000,0.00195312500000000,0.00006103515625000,0.00006103515625000,0.00048828125000000,0.00006103515625000,0.44008023949507030,0
0.00000000000000000,0.00006103515625000,0.00006103515625000,0.00048828125000000,0.00000000000000000,0.00000000000000000,0.00006103515625000,0.00012207031250000,0.00012207031250000,0.00048828125000000,0.00006103515625000,0.00195312500000000,0.00000000000000000,0.00012207031250000,0.00048828125000000,0.00006103515625000,0.44073976491130645,3
0.00000000000000000,0.00000000000000000,0.00000000000000000,0.00048828125000000,0.00006103515625000,0.00006103515625000,0.00006103515625000,0.00012207031250000,0.00000000000000000,0.00048828125000000,0.00012207031250000,0.00195312500000000,0.00012207031250000,0.00012207031250000,0.00048828125000000,0.00006103515625000,0.44139333516348861,1
0.00000000000000000,0.00000000000000000,0.00006103515625000,0.00048828125000000,0.00000000000000000,0.00006103515625000,0.00012207031250000,0.00012207031250000,0.00000000000000000,0.00048828125000000,0.00012207031250000,0.00195312500000000,0.00000000000000000,0.00024414062500000,0.00048828125000000,0.00006103515625000,0.44331936667830840,0
0.00006103515625000,0.00000000000000000,0.00006103515625000,0.00048828125000000,0.00000000000000000,0.00000000000000000,0.00006103515625000,0.00024414062500000,0.00000000000000000,0.00048828125000000,0.00012207031250000,0.00195312500000000,0.00000000000000000,0.00024414062500000,0.00048828125000000,0.00006103515625000,0.44457549214832565,1
0.00000000000000000,0.00000000000000000,0.00000000000000000,0.00048828125000000,0.00000000000000000,0.00000000000000000,0.00012207031250000,0.00024414062500000,0.00006103515625000,0.00048828125000000,0.00012207031250000,0.00195312500000000,0.00006103515625000,0.00024414062500000,0.00048828125000000,0.00006103515625000,0.44519547378584723,0
0.00012207031250000,0.00048828125000000,0.00024414062500000,0.00048828125000000,0.00006103515625000,0.00024414062500000,0.00048828125000000,0.00024414062500000,0.00000000000000000,0.00000000000000000,0.00000000000000000,0.00195312500000000,0.00000000000000000,0.00000000000000000,0.00000000000000000,0.00006103515625000,0.44702417939563865,2
0.00000000000000000,0.00000000000000000,0.00006103515625000,0.00048828125000000,0.00000000000000000,0.00000000000000000,0.00000000000000000,0.00024414062500000,0.00012207031250000,0.00048828125000000,0.00024414062500000,0.00195312500000000,0.00006103515625000,0.00024414062500000,0.00048828125000000,0.00006103515625000,0.44702417939563865,2
0.00012207031250000,0.00048828125000000,0.00006103515625000,0.00048828125000000,0.00006103515625000,0.00024414062500000,0.00024414062500000,0.00024414062500000,0.00000000000000000,0.00000000000000000,0.00048828125000000,0.00195312500000000,0.00000000000000000,0.00006103515625000,0.00000000000000000,0.00006103515625000,0.44702417939563865,3
0.00000000000000000,0.00000000000000000,0.00006103515625000,0.00048828125000000,0.00000000000000000,0.00048828125000000,0.00006103515625000,0.00024414062500000,0.00012207031250000,0.00024414062500000,0.00024414062500000,0.00195312500000000,0.00006103515625000,0.00006103515625000,0.00048828125000000,0.00006103515625000,0.44702417939563865,0
0.00006103515625000,0.00048828125000000,0.00000000000000000,0.00000000000000000,0.00048828125000000,0.00006103515625000,0.00024414062500000,0.00000000000000000,0.00012207031250000,0.00048828125000000,0.00195312500000000,0.00000000000000000,0.00012207031250000,0.00048828125000000,0.00006103515625000,0.00006103515625000,0.44997295431120765,0
0.00006103515625000,0.00048828125000000,0.00000000000000000,0.00006103515625000,0.00048828125000000,0.00006103515625000,0.00024414062500000,0.00000000000000000,0.00012207031250000,0.00048828125000000,0.00195312500000000,0.00000000000000000,0.00012207031250000,0.00048828125000000,0.00012207031250000,0.00000000000000000,0.45054856301977692,3
0.00000000000000000,0.00006103515625000,0.00000000000000000,0.00000000000000000,0.00006103515625000,0.00048828125000000,0.00024414062500000,0.00000000000000000,0.00048828125000000,0.00006103515625000,0.00195312500000000,0.00000000000000000,0.00024414062500000,0.00097656250000000,0.00012207031250000,0.00006103515625000,0.45606608371277374,0
0.00000000000000000,0.00006103515625000,0.00000000000000000,0.00006103515625000,0.00000000000000000,0.00006103515625000,0.00048828125000000,0.00024414062500000,0.00000000000000000,0.00048828125000000,0.00006103515625000,0.00195312500000000,0.00024414062500000,0.00097656250000000,0.00012207031250000,0.00006103515625000,0.45606608371277374,3
0.00000000000000000,0.00006103515625000,0.00000000000000000,0.00012207031250000,0.00000000000000000,0.00006103515625000,0.00048828125000000,0.00024414062500000,0.00000000000000000,0.00048828125000000,0.00006103515625000,0.00195312500000000,0.00024414062500000,0.00097656250000000,0.00012207031250000,0.00006103515625000,0.45659539074168198,3
0.00024414062500000,0.00012207031250000,0.00048828125000000,0.00012207031250000,0.00000000000000000,0.00048828125000000,0.00006103515625000,0.00024414062500000,0.00000000000000000,0.00097656250000000,0.00012207031250000,0.00195312500000000,0.00000000000000000,0.00006103515625000,0.00000000000000000,0.00006103515625000,0.45712085521744972,1
0.00006103515625000,0.00012207031250000,0.00000000000000000,0.00012207031250000,0.00000000000000000,0.00048828125000000,0.00048828125000000,0.00024414062500000,0.00000000000000000,0.00097656250000000,0.00006103515625000,0.00195312500000000,0.00024414062500000,0.00006103515625000,0.00012207031250000,0.00006103515625000,0.45712085521744972,3
0.00000000000000000,0.00012207031250000,0.00000000000000000,0.00012207031250000,0.00006103515625000,0.00048828125000000,0.00048828125000000,0.00024414062500000,0.00006103515625000,0.00097656250000000,0.00006103515625000,0.00195312500000000,0.00024414062500000,0.00006103515625000,0.00012207031250000,0.00006103515625000,0.45712085521744972,2
0.00012207031250000,0.00012207031250000,0.00048828125000000,0.00012207031250000,0.00024414062500000,0.00048828125000000,0.00006103515625000,0.00024414062500000,0.00006103515625000,0.00097656250000000,0.00012207031250000,0.00195312500000000,0.00000000000000000,0.00006103515625000,0.00000000000000000,0.00006103515625000,0.45764253252895482,2
0.00000000000000000,0.00024414062500000,0.00048828125000000,0.00012207031250000,0.00024414062500000,0.00048828125000000,0.00006103515625000,0.00024414062500000,0.00006103515625000,0.00097656250000000,0.00012207031250000,0.00195312500000000,0.00000000000000000,0.00000000000000000,0.00006103515625000,0.00012207031250000,0.45918537773251189,2
0.00024414062500000,0.00024414062500000,0.00048828125000000,0.00012207031250000,0.00006103515625000,0.00048828125000000,0.00006103515625000,0.00024414062500000,0.00000000000000000,0.00097656250000000,0.00012207031250000,0.00195312500000000,0.00006103515625000,0.00000000000000000,0.00006103515625000,0.00012207031250000,0.45918537773251189,3
0.00000000000000000,0.00048828125000000,0.00048828125000000,0.00012207031250000,0.00006103515625000,0.00048828125000000,0.00006103515625000,0.00024414062500000,0.00012207031250000,0.00097656250000000,0.00012207031250000,0.00195312500000000,0.00000000000000000,0.00000000000000000,0.00012207031250000,0.00012207031250000,0.46168588246451692,1
0.00000000000000000,0.00000000000000000,0.00000000000000000,0.00012207031250000,0.00006103515625000,0.00000000000000000,0.00048828125000000,0.00024414062500000,0.00006103515625000,0.00097656250000000,0.00006103515625000,0.00195312500000000,0.00012207031250000,0.00097656250000000,0.00024414062500000,0.00012207031250000,0.46644177424087818,0
0.00012207031250000,0.00006103515625000,0.00000000000000000,0.00000000000000000,0.00006103515625000,0.00048828125000000,0.00024414062500000,0.00000000000000000,0.00006103515625000,0.00097656250000000,0.00006103515625000,0.00195312500000000,0.00012207031250000,0.00097656250000000,0.00024414062500000,0.00012207031250000,0.46644177424087818,1
0.00000000000000000,0.00000000000000000,0.00006103515625000,0.00000000000000000,0.00012207031250000,0.00006103515625000,0.00024414062500000,0.00000000000000000,0.00012207031250000,0.00048828125000000,0.00006103515625000,0.00195312500000000,0.00012207031250000,0.00195312500000000,0.00024414062500000,0.00012207031250000,0.47387212968300158,3
0.00024414062500000,0.00006103515625000,0.00006103515625000,0.00195312500000000,0.00012207031250000,0.00048828125000000,0.00024414062500000,0.00012207031250000,0.00000000000000000,0.00195312500000000,0.00006103515625000,0.00000000000000000,0.00000000000000000,0.00000000000000000,0.00024414062500000,0.00006103515625000,0.47469818616523313,3
0.00024414062500000,0.00006103515625000,0.00006103515625000,0.00195312500000000,0.00012207031250000,0.00048828125000000,0.00024414062500000,0.00012207031250000,0.00000000000000000,0.00195312500000000,0.00006103515625000,0.00006103515625000,0.00000000000000000,0.00006103515625000,0.00024414062500000,0.00000000000000000,0.47469818616523313,3
0.00000000000000000,0.00024414062500000,0.00012207031250000,0.00195312500000000,0.00012207031250000,0.00048828125000000,0.00024414062500000,0.00012207031250000,0.00000000000000000,0.00000000000000000,0.00195312500000000,0.00012207031250000,0.00000000000000000,0.00006103515625000,0.00006103515625000,0.00024414062500000,0.47551492164197762,1
0.00024414062500000,0.00012207031250000,0.00195312500000000,0.00000000000000000,0.00012207031250000,0.00048828125000000,0.00024414062500000,0.00012207031250000,0.00195312500000000,0.00012207031250000,0.00000000000000000,0.00006103515625000,0.00012207031250000,0.00024414062500000,0.00000000000000000,0.00000000000000000,0.47591985927796671,2
0.00024414062500000,0.00012207031250000,0.00195312500000000,0.00000000000000000,0.00012207031250000,0.00048828125000000,0.00024414062500000,0.00012207031250000,0.00195312500000000,0.00012207031250000,0.00006103515625000,0.00006103515625000,0.00012207031250000,0.00024414062500000,0.00000000000000000,0.00000000000000000,0.47591985927796671,3
0.00024414062500000,0.00012207031250000,0.00195312500000000,0.00012207031250000,0.00012207031250000,0.00048828125000000,0.00024414062500000,0.00006103515625000,0.00195312500000000,0.00012207031250000,0.00006103515625000,0.00000000000000000,0.00012207031250000,0.00024414062500000,0.00006103515625000,0.00000000000000000,0.47591985927796671,0
0.00024414062500000,0.00012207031250000,0.00195312500000000,0.00012207031250000,0.00012207031250000,0.00048828125000000,0.00024414062500000,0.00006103515625000,0.00000000000000000,0.00195312500000000,0.00012207031250000,0.00006103515625000,0.00012207031250000,0.00012207031250000,0.00024414062500000,0.00006103515625000,0.47591985927796671,0
0.00024414062500000,0.00012207031250000,0.00195312500000000,0.00012207031250000,0.00012207031250000,0.00048828125000000,0.00024414062500000,0.00006103515625000,0.00195312500000000,0.00012207031250000,0.00006103515625000,0.00000000000000000,0.00024414062500000,0.00024414062500000,0.00006103515625000,0.00006103515625000,0.47672300109516558,2
0.00024414062500000,0.00012207031250000,0.00195312500000000,0.00012207031250000,0.00012207031250000,0.00048828125000000,0.00024414062500000,0.00006103515625000,0.00195312500000000,0.00012207031250000,0.00006103515625000,0.00006103515625000,0.00048828125000000,0.00012207031250000,0.00000000000000000,0.00000000000000000,0.47869271212471548,0
0.00024414062500000,0.00012207031250000,0.00195312500000000,0.00012207031250000,0.00012207031250000,0.00048828125000000,0.00024414062500000,0.00006103515625000,0.00195312500000000,0.00012207031250000,0.00012207031250000,0.00000000000000000,0.00048828125000000,0.00012207031250000,0.00000000000000000,0.00006103515625000,0.47908030294991111,1
0.00024414062500000,0.00012207031250000,0.00195312500000000,0.00012207031250000,0.00012207031250000,0.00048828125000000,0.00024414062500000,0.00006103515625000,0.00000000000000000,0.00006103515625000,0.00195312500000000,0.00024414062500000,0.00000000000000000,0.00048828125000000,0.00012207031250000,0.00006103515625000,0.47984931325001212,2
0.00024414062500000,0.00012207031250000,0.00195312500000000,0.00012207031250000,0.00012207031250000,0.00048828125000000,0.00024414062500000,0.00006103515625000,0.00006103515625000,0.00195312500000000,0.00024414062500000,0.00006103515625000,0.00048828125000000,0.00012207031250000,0.00006103515625000,0.00000000000000000,0.47984931325001212,0
0.00024414062500000,0.00012207031250000,0.00000000000000000,0.00012207031250000,0.00012207031250000,0.00048828125000000,0.00195312500000000,0.00000000000000000,0.00006103515625000,0.00195312500000000,0.00048828125000000,0.00012207031250000,0.00048828125000000,0.00012207031250000,0.00006103515625000,0.00012207031250000,0.48173683646681903,3
0.00024414062500000,0.00024414062500000,0.00000000000000000,0.00006103515625000,0.00012207031250000,0.00048828125000000,0.00195312500000000,0.00000000000000000,0.00006103515625000,0.00195312500000000,0.00048828125000000,0.00012207031250000,0.00048828125000000,0.00012207031250000,0.00006103515625000,0.00012207031250000,0.48247827612420879,0
0.00024414062500000,0.00024414062500000,0.00006103515625000,0.00000000000000000,0.00012207031250000,0.00048828125000000,0.00195312500000000,0.00000000000000000,0.00006103515625000,0.00195312500000000,0.00048828125000000,0.00006103515625000,0.00048828125000000,0.00012207031250000,0.00006103515625000,0.00024414062500000,0.48321219788626729,2
0.00048828125000000,0.00006103515625000,0.00000000000000000,0.00006103515625000,0.00012207031250000,0.00048828125000000,0.00195312500000000,0.00000000000000000,0.00006103515625000,0.00195312500000000,0.00048828125000000,0.00006103515625000,0.00048828125000000,0.00012207031250000,0.00006103515625000,0.00024414062500000,0.48465808693537871,1
0.00048828125000000,0.00012207031250000,0.00000000000000000,0.00006103515625000,0.00012207031250000,0.00048828125000000,0.00195312500000000,0.00000000000000000,0.00006103515625000,0.00195312500000000,0.00048828125000000,0.00006103515625000,0.00048828125000000,0.00012207031250000,0.00006103515625000,0.00024414062500000,0.48501509093234468,3
0.00048828125000000,0.00012207031250000,0.00006103515625000,0.00000000000000000,0.00012207031250000,0.00048828125000000,0.00195312500000000,0.00000000000000000,0.00006103515625000,0.00195312500000000,0.00048828125000000,0.00012207031250000,0.00048828125000000,0.00012207031250000,0.00006103515625000,0.00024414062500000,0.48537034275540258,3
0.00000000000000000,0.00048828125000000,0.00012207031250000,0.00006103515625000,0.00006103515625000,0.00012207031250000,0.00048828125000000,0.00195312500000000,0.00006103515625000,0.00195312500000000,0.00048828125000000,0.00012207031250000,0.00048828125000000,0.00012207031250000,0.00006103515625000,0.00024414062500000,0.48537034275540258,1
0.00000000000000000,0.00048828125000000,0.00000000000000000,0.00006103515625000,0.00006103515625000,0.00012207031250000,0.00012207031250000,0.00195312500000000,0.00012207031250000,0.00195312500000000,0.00097656250000000,0.00012207031250000,0.00048828125000000,0.00012207031250000,0.00006103515625000,0.00024414062500000,0.48849150519458712,3
0.00006103515625000,0.00048828125000000,0.00012207031250000,0.00006103515625000,0.00012207031250000,0.00012207031250000,0.00097656250000000,0.00195312500000000,0.00048828125000000,0.00195312500000000,0.00006103515625000,0.00012207031250000,0.00000000000000000,0.00012207031250000,0.00006103515625000,0.00024414062500000,0.48849150519458712,1
0.00006103515625000,0.00048828125000000,0.00012207031250000,0.00006103515625000,0.00000000000000000,0.00024414062500000,0.00097656250000000,0.00195312500000000,0.00048828125000000,0.00195312500000000,0.00006103515625000,0.00012207031250000,0.00006103515625000,0.00012207031250000,0.00006103515625000,0.00024414062500000,0.48916719190894248,2
0.00000000000000000,0.00048828125000000,0.00006103515625000,0.00006103515625000,0.00006103515625000,0.00024414062500000,0.00012207031250000,0.00195312500000000,0.00048828125000000,0.00195312500000000,0.00097656250000000,0.00012207031250000,0.00006103515625000,0.00012207031250000,0.00012207031250000,0.00024414062500000,0.48950268457746904,3
0.00000000000000000,0.00000000000000000,0.00048828125000000,0.00012207031250000,0.00006103515625000,0.00024414062500000,0.00012207031250000,0.00195312500000000,0.00048828125000000,0.00195312500000000,0.00097656250000000,0.00012207031250000,0.00006103515625000,0.00006103515625000,0.00024414062500000,0.00024414062500000,0.49049993222767346,2
0.00048828125000000,0.00012207031250000,0.00000000000000000,0.00000000000000000,0.00006103515625000,0.00024414062500000,0.00012207031250000,0.00195312500000000,0.00048828125000000,0.00195312500000000,0.00097656250000000,0.00012207031250000,0.00012207031250000,0.00048828125000000,0.00012207031250000,0.00000000000000000,0.49213207384068203,0
0.00048828125000000,0.00012207031250000,0.00000000000000000,0.00006103515625000,0.00006103515625000,0.00024414062500000,0.00012207031250000,0.00000000000000000,0.00048828125000000,0.00195312500000000,0.00097656250000000,0.00195312500000000,0.00012207031250000,0.00048828125000000,0.00012207031250000,0.00012207031250000,0.49213207384068203,0
0.00048828125000000,0.00012207031250000,0.00012207031250000,0.00006103515625000,0.00006103515625000,0.00024414062500000,0.00097656250000000,0.00195312500000000,0.00048828125000000,0.00195312500000000,0.00012207031250000,0.00012207031250000,0.00012207031250000,0.00048828125000000,0.00006103515625000,0.00000000000000000,0.49213207384068203,2
0.00048828125000000,0.00024414062500000,0.00006103515625000,0.00006103515625000,0.00006103515625000,0.00024414062500000,0.00097656250000000,0.00195312500000000,0.00048828125000000,0.00195312500000000,0.00024414062500000,0.00000000000000000,0.00012207031250000,0.00048828125000000,0.00006103515625000,0.00000000000000000,0.49341179625571652,0
0.00048828125000000,0.00000000000000000,0.00006103515625000,0.00000000000000000,0.00006103515625000,0.00048828125000000,0.00097656250000000,0.00006103515625000,0.00048828125000000,0.00195312500000000,0.00024414062500000,0.00006103515625000,0.00012207031250000,0.00048828125000000,0.00006103515625000,0.00195312500000000,0.49466928566560697,3
0.00006103515625000,0.00000000000000000,0.00048828125000000,0.00006103515625000,0.00006103515625000,0.00048828125000000,0.00097656250000000,0.00006103515625000,0.00048828125000000,0.00195312500000000,0.00024414062500000,0.00006103515625000,0.00012207031250000,0.00048828125000000,0.00006103515625000,0.00195312500000000,0.49466928566560697,1
0.00006103515625000,0.00048828125000000,0.00006103515625000,0.00006103515625000,0.00006103515625000,0.00048828125000000,0.00097656250000000,0.00006103515625000,0.00048828125000000,0.00195312500000000,0.00024414062500000,0.00006103515625000,0.00012207031250000,0.00048828125000000,0.00006103515625000,0.00195312500000000,0.49466928566560697,1
0.00006103515625000,0.00006103515625000,0.00048828125000000,0.00012207031250000,0.00006103515625000,0.00048828125000000,0.00097656250000000,0.00006103515625000,0.00048828125000000,0.00195312500000000,0.00024414062500000,0.00006103515625000,0.00012207031250000,0.00048828125000000,0.00006103515625000,0.00195312500000000,0.49498027395775002,1
0.00012207031250000,0.00012207031250000,0.00048828125000000,0.00012207031250000,0.00006103515625000,0.00048828125000000,0.00097656250000000,0.00006103515625000,0.00048828125000000,0.00195312500000000,0.00024414062500000,0.00006103515625000,0.00012207031250000,0.00048828125000000,0.00006103515625000,0.00195312500000000,0.49528993181462971,2
0.00012207031250000,0.00012207031250000,0.00048828125000000,0.00012207031250000,0.00006103515625000,0.00048828125000000,0.00097656250000000,0.00012207031250000,0.00048828125000000,0.00195312500000000,0.00024414062500000,0.00195312500000000,0.00012207031250000,0.00048828125000000,0.00006103515625000,0.00006103515625000,0.49559827057120948,2
0.00006103515625000,0.00024414062500000,0.00048828125000000,0.00012207031250000,0.00006103515625000,0.00048828125000000,0.00097656250000000,0.00012207031250000,0.00048828125000000,0.00195312500000000,0.00024414062500000,0.00195312500000000,0.00000000000000000,0.00012207031250000,0.00048828125000000,0.00012207031250000,0.49651548343972102,0
0.00012207031250000,0.00024414062500000,0.00048828125000000,0.00024414062500000,0.00048828125000000,0.00048828125000000,0.00097656250000000,0.00195312500000000,0.00000000000000000,0.00195312500000000,0.00024414062500000,0.00012207031250000,0.00000000000000000,0.00012207031250000,0.00048828125000000,0.00006103515625000,0.49742121889063212,2
0.00000000000000000,0.00024414062500000,0.00048828125000000,0.00024414062500000,0.00012207031250000,0.00048828125000000,0.00097656250000000,0.00195312500000000,0.00012207031250000,0.00195312500000000,0.00024414062500000,0.00012207031250000,0.00048828125000000,0.00012207031250000,0.00048828125000000,0.00006103515625000,0.49742121889063212,2
0.00024414062500000,0.00048828125000000,0.00024414062500000,0.00006103515625000,0.00012207031250000,0.00048828125000000,0.00097656250000000,0.00195312500000000,0.00012207031250000,0.00195312500000000,0.00024414062500000,0.00012207031250000,0.00048828125000000,0.00012207031250000,0.00048828125000000,0.00006103515625000,0.49742121889063212,1
0.00006103515625000,0.00000000000000000,0.00024414062500000,0.00006103515625000,0.00024414062500000,0.00097656250000000,0.00097656250000000,0.00195312500000000,0.00024414062500000,0.00195312500000000,0.00024414062500000,0.00012207031250000,0.00048828125000000,0.00012207031250000,0.00048828125000000,0.00006103515625000,0.50036101029275126,1
0.00006103515625000,0.00000000000000000,0.00024414062500000,0.00006103515625000,0.00006103515625000,0.00097656250000000,0.00097656250000000,0.00195312500000000,0.00048828125000000,0.00195312500000000,0.00024414062500000,0.00012207031250000,0.00048828125000000,0.00012207031250000,0.00048828125000000,0.00006103515625000,0.50150429034781840,3
0.00000000000000000,0.00006103515625000,0.00024414062500000,0.00006103515625000,0.00006103515625000,0.00006103515625000,0.00195312500000000,0.00195312500000000,0.00048828125000000,0.00195312500000000,0.00024414062500000,0.00012207031250000,0.00048828125000000,0.00012207031250000,0.00048828125000000,0.00006103515625000,0.50590495636409138,2
0.00000000000000000,0.00006103515625000,0.00024414062500000,0.00006103515625000,0.00000000000000000,0.00006103515625000,0.00012207031250000,0.00390625000000000,0.00048828125000000,0.00195312500000000,0.00024414062500000,0.00012207031250000,0.00048828125000000,0.00012207031250000,0.00048828125000000,0.00006103515625000,0.51421509637167750,1
0.00000000000000000,0.00000000000000000,0.00024414062500000,0.00006103515625000,0.00006103515625000,0.00012207031250000,0.00012207031250000,0.00390625000000000,0.00000000000000000,0.00195312500000000,0.00024414062500000,0.00012207031250000,0.00097656250000000,0.00012207031250000,0.00048828125000000,0.00006103515625000,0.51632517849902493,2
0.00000000000000000,0.00006103515625000,0.00024414062500000,0.00006103515625000,0.00000000000000000,0.00006103515625000,0.00024414062500000,0.00390625000000000,0.00000000000000000,0.00195312500000000,0.00024414062500000,0.00012207031250000,0.00097656250000000,0.00012207031250000,0.00048828125000000,0.00006103515625000,0.51678584776218028,2
0.00000000000000000,0.00006103515625000,0.00000000000000000,0.00006103515625000,0.00000000000000000,0.00012207031250000,0.00024414062500000,0.00390625000000000,0.00000000000000000,0.00195312500000000,0.00048828125000000,0.00012207031250000,0.00097656250000000,0.00012207031250000,0.00048828125000000,0.00006103515625000,0.51792485495744767,0
0.00000000000000000,0.00006103515625000,0.00000000000000000,0.00006103515625000,0.00006103515625000,0.00012207031250000,0.00000000000000000,0.00390625000000000,0.00000000000000000,0.00195312500000000,0.00024414062500000,0.00012207031250000,0.00097656250000000,0.00012207031250000,0.00097656250000000,0.00006103515625000,0.51971078768157986,0
0.00012207031250000,0.00000000000000000,0.00000000000000000,0.00000000000000000,0.00006103515625000,0.00012207031250000,0.00390625000000000,0.00000000000000000,0.00195312500000000,0.00024414062500000,0.00012207031250000,0.00006103515625000,0.00097656250000000,0.00012207031250000,0.00097656250000000,0.00006103515625000,0.51993096249363069,0
0.00000000000000000,0.00000000000000000,0.00000000000000000,0.00012207031250000,0.00006103515625000,0.00006103515625000,0.00012207031250000,0.00390625000000000,0.00195312500000000,0.00024414062500000,0.00012207031250000,0.00006103515625000,0.00097656250000000,0.00012207031250000,0.00097656250000000,0.00006103515625000,0.51993096249363069,2
0.00012207031250000,0.00000000000000000,0.00000000000000000,0.00012207031250000,0.00012207031250000,0.00012207031250000,0.00390625000000000,0.00000000000000000,0.00195312500000000,0.00024414062500000,0.00012207031250000,0.00006103515625000,0.00097656250000000,0.00012207031250000,0.00097656250000000,0.00006103515625000,0.52015046960242117,3
0.00000000000000000,0.00000000000000000,0.00012207031250000,0.00024414062500000,0.00000000000000000,0.00000000000000000,0.00024414062500000,0.00390625000000000,0.00195312500000000,0.00024414062500000,0.00012207031250000,0.00006103515625000,0.00097656250000000,0.00012207031250000,0.00097656250000000,0.00006103515625000,0.52102190121033076,1
0.00000000000000000,0.00006103515625000,0.00012207031250000,0.00000000000000000,0.00000000000000000,0.00000000000000000,0.00024414062500000,0.00024414062500000,0.00195312500000000,0.00024414062500000,0.00012207031250000,0.00390625000000000,0.00097656250000000,0.00012207031250000,0.00097656250000000,0.00012207031250000,0.52123812964193317,2
0.00000000000000000,0.00000000000000000,0.00006103515625000,0.00012207031250000,0.00000000000000000,0.00000000000000000,0.00006103515625000,0.00048828125000000,0.00195312500000000,0.00024414062500000,0.00012207031250000,0.00390625000000000,0.00097656250000000,0.00012207031250000,0.00097656250000000,0.00012207031250000,0.52209664127662281,0
0.00012207031250000,0.00000000000000000,0.00000000000000000,0.00012207031250000,0.00000000000000000,0.00000000000000000,0.00012207031250000,0.00048828125000000,0.00195312500000000,0.00024414062500000,0.00012207031250000,0.00390625000000000,0.00097656250000000,0.00012207031250000,0.00097656250000000,0.00012207031250000,0.52230968753388918,3
0.00012207031250000,0.00024414062500000,0.00024414062500000,0.00012207031250000,0.00195312500000000,0.00012207031250000,0.00097656250000000,0.00048828125000000,0.00097656250000000,0.00006103515625000,0.00000000000000000,0.00390625000000000,0.00000000000000000,0.00000000000000000,0.00000000000000000,0.00012207031250000,0.52273390802233166,3
0.00006103515625000,0.00012207031250000,0.00048828125000000,0.00012207031250000,0.00195312500000000,0.00012207031250000,0.00097656250000000,0.00048828125000000,0.00000000000000000,0.00097656250000000,0.00006103515625000,0.00390625000000000,0.00000000000000000,0.00000000000000000,0.00000000000000000,0.00012207031250000,0.52357496223341127,0
0.00006103515625000,0.00024414062500000,0.00048828125000000,0.00012207031250000,0.00195312500000000,0.00097656250000000,0.00097656250000000,0.00048828125000000,0.00000000000000000,0.00006103515625000,0.00006103515625000,0.00390625000000000,0.00000000000000000,0.00000000000000000,0.00000000000000000,0.00012207031250000,0.52399185273732718,2
0.00000000000000000,0.00000000000000000,0.00006103515625000,0.00012207031250000,0.00000000000000000,0.00024414062500000,0.00048828125000000,0.00048828125000000,0.00006103515625000,0.00097656250000000,0.00097656250000000,0.00390625000000000,0.00195312500000000,0.00006103515625000,0.00006103515625000,0.00012207031250000,0.52399185273732718,0
0.00006103515625000,0.00012207031250000,0.00000000000000000,0.00000000000000000,0.00024414062500000,0.00097656250000000,0.00000000000000000,0.00006103515625000,0.00006103515625000,0.00195312500000000,0.00390625000000000,0.00000000000000000,0.00195312500000000,0.00012207031250000,0.00012207031250000,0.00000000000000000,0.52900996795417088,3
0.00006103515625000,0.00012207031250000,0.00000000000000000,0.00006103515625000,0.00024414062500000,0.00097656250000000,0.00006103515625000,0.00000000000000000,0.00006103515625000,0.00195312500000000,0.00390625000000000,0.00000000000000000,0.00195312500000000,0.00024414062500000,0.00000000000000000,0.00000000000000000,0.52939678204054508,3
0.00006103515625000,0.00012207031250000,0.00000000000000000,0.00006103515625000,0.00024414062500000,0.00097656250000000,0.00000000000000000,0.00000000000000000,0.00006103515625000,0.00195312500000000,0.00006103515625000,0.00000000000000000,0.00195312500000000,0.00024414062500000,0.00390625000000000,0.00006103515625000,0.52939678204054508,1
0.00006103515625000,0.00012207031250000,0.00006103515625000,0.00000000000000000,0.00024414062500000,0.00097656250000000,0.00006103515625000,0.00000000000000000,0.00006103515625000,0.00195312500000000,0.00006103515625000,0.00000000000000000,0.00195312500000000,0.00024414062500000,0.00390625000000000,0.00006103515625000,0.52939678204054508,0
0.00006103515625000,0.00012207031250000,0.00012207031250000,0.00006103515625000,0.00024414062500000,0.00097656250000000,0.00006103515625000,0.00000000000000000,0.00006103515625000,0.00195312500000000,0.00390625000000000,0.00006103515625000,0.00195312500000000,0.00024414062500000,0.00000000000000000,0.00000000000000000,0.52958941665497705,3
0.00006103515625000,0.00012207031250000,0.00012207031250000,0.00012207031250000,0.00024414062500000,0.00097656250000000,0.00006103515625000,0.00000000000000000,0.00006103515625000,0.00195312500000000,0.00390625000000000,0.00000000000000000,0.00195312500000000,0.00024414062500000,0.00000000000000000,0.00012207031250000,0.52978153996259836,3
0.00006103515625000,0.00024414062500000,0.00012207031250000,0.00000000000000000,0.00024414062500000,0.00097656250000000,0.00006103515625000,0.00000000000000000,0.00006103515625000,0.00195312500000000,0.00390625000000000,0.00012207031250000,0.00195312500000000,0.00024414062500000,0.00012207031250000,0.00000000000000000,0.53016426346445511,3
0.00006103515625000,0.00006103515625000,0.00024414062500000,0.00012207031250000,0.00000000000000000,0.00024414062500000,0.00097656250000000,0.00006103515625000,0.00006103515625000,0.00195312500000000,0.00390625000000000,0.00012207031250000,0.00000000000000000,0.00195312500000000,0.00024414062500000,0.00012207031250000,0.53016426346445511,3
0.00000000000000000,0.00000000000000000,0.00024414062500000,0.00006103515625000,0.00000000000000000,0.00006103515625000,0.00097656250000000,0.00012207031250000,0.00000000000000000,0.00024414062500000,0.00390625000000000,0.00006103515625000,0.00012207031250000,0.00390625000000000,0.00024414062500000,0.00024414062500000,0.53655375140322281,3
0.00012207031250000,0.00006103515625000,0.00024414062500000,0.00006103515625000,0.00000000000000000,0.00024414062500000,0.00097656250000000,0.00012207031250000,0.00000000000000000,0.00390625000000000,0.00390625000000000,0.00006103515625000,0.00000000000000000,0.00006103515625000,0.00024414062500000,0.00024414062500000,0.53655375140322281,2
0.00000000000000000,0.00006103515625000,0.00024414062500000,0.00006103515625000,0.00006103515625000,0.00024414062500000,0.00097656250000000,0.00012207031250000,0.00000000000000000,0.00390625000000000,0.00390625000000000,0.00006103515625000,0.00012207031250000,0.00006103515625000,0.00024414062500000,0.00024414062500000,0.53655375140322281,2
0.00006103515625000,0.00006103515625000,0.00024414062500000,0.00006103515625000,0.00012207031250000,0.00024414062500000,0.00097656250000000,0.00012207031250000,0.00000000000000000,0.00390625000000000,0.00390625000000000,0.00006103515625000,0.00006103515625000,0.00006103515625000,0.00024414062500000,0.00024414062500000,0.53655375140322281,2
0.00012207031250000,0.00024414062500000,0.00006103515625000,0.00000000000000000,0.00012207031250000,0.00024414062500000,0.00097656250000000,0.00012207031250000,0.00781250000000000,0.00006103515625000,0.00000000000000000,0.00000000000000000,0.00012207031250000,0.00048828125000000,0.00000000000000000,0.00006103515625000,0.54785493678651853,0
0.00000000000000000,0.00012207031250000,0.00024414062500000,0.00006103515625000,0.00012207031250000,0.00024414062500000,0.00097656250000000,0.00012207031250000,0.00000000000000000,0.00006103515625000,0.00781250000000000,0.00006103515625000,0.00000000000000000,0.00012207031250000,0.00048828125000000,0.00006103515625000,0.54785493678651853,0
0.00012207031250000,0.00024414062500000,0.00006103515625000,0.00006103515625000,0.00012207031250000,0.00024414062500000,0.00097656250000000,0.00012207031250000,0.00006103515625000,0.00781250000000000,0.00006103515625000,0.00000000000000000,0.00012207031250000,0.00048828125000000,0.00006103515625000,0.00000000000000000,0.54785493678651853,0
0.00024414062500000,0.00048828125000000,0.00006103515625000,0.00006103515625000,0.00006103515625000,0.00781250000000000,0.00097656250000000,0.00012207031250000,0.00012207031250000,0.00048828125000000,0.00012207031250000,0.00000000000000000,0.00006103515625000,0.00000000000000000,0.00000000000000000,0.00000000000000000,0.54889375911857419,3
0.00006103515625000,0.00024414062500000,0.00048828125000000,0.00012207031250000,0.00006103515625000,0.00781250000000000,0.00097656250000000,0.00012207031250000,0.00000000000000000,0.00012207031250000,0.00048828125000000,0.00012207031250000,0.00000000000000000,0.00000000000000000,0.00000000000000000,0.00006103515625000,0.54904095268968633,2
0.00006103515625000,0.00024414062500000,0.00048828125000000,0.00012207031250000,0.00006103515625000,0.00781250000000000,0.00097656250000000,0.00012207031250000,0.00012207031250000,0.00048828125000000,0.00012207031250000,0.00006103515625000,0.00006103515625000,0.00000000000000000,0.00000000000000000,0.00000000000000000,0.54904095268968633,0
0.00000000000000000,0.00006103515625000,0.00000000000000000,0.00000000000000000,0.00012207031250000,0.00024414062500000,0.00048828125000000,0.00000000000000000,0.00012207031250000,0.00781250000000000,0.00097656250000000,0.00024414062500000,0.00006103515625000,0.00048828125000000,0.00012207031250000,0.00006103515625000,0.54948074592309115,0
0.00024414062500000,0.00006103515625000,0.00048828125000000,0.00024414062500000,0.00006103515625000,0.00024414062500000,0.00097656250000000,0.00006103515625000,0.00000000000000000,0.00781250000000000,0.00012207031250000,0.00000000000000000,0.00006103515625000,0.00048828125000000,0.00000000000000000,0.00000000000000000,0.54977246385407252,0
0.00006103515625000,0.00006103515625000,0.00000000000000000,0.00000000000000000,0.00000000000000000,0.00024414062500000,0.00048828125000000,0.00000000000000000,0.00024414062500000,0.00781250000000000,0.00097656250000000,0.00024414062500000,0.00012207031250000,0.00048828125000000,0.00012207031250000,0.00006103515625000,0.54991788311674794,1
0.00000000000000000,0.00000000000000000,0.00000000000000000,0.00012207031250000,0.00000000000000000,0.00006103515625000,0.00024414062500000,0.00048828125000000,0.00024414062500000,0.00781250000000000,0.00097656250000000,0.00024414062500000,0.00012207031250000,0.00048828125000000,0.00012207031250000,0.00006103515625000,0.55006301081178377,0
0.00012207031250000,0.00000000000000000,0.00000000000000000,0.00000000000000000,0.00006103515625000,0.00024414062500000,0.00048828125000000,0.00006103515625000,0.00024414062500000,0.00781250000000000,0.00097656250000000,0.00024414062500000,0.00012207031250000,0.00048828125000000,0.00012207031250000,0.00006103515625000,0.55006301081178377,3
0.00006103515625000,0.00000000000000000,0.00000000000000000,0.00012207031250000,0.00006103515625000,0.00024414062500000,0.00048828125000000,0.00006103515625000,0.00024414062500000,0.00781250000000000,0.00097656250000000,0.00024414062500000,0.00012207031250000,0.00048828125000000,0.00012207031250000,0.00006103515625000,0.55006301081178377,2
0.00006103515625000,0.00012207031250000,0.00006103515625000,0.00000000000000000,0.00006103515625000,0.00024414062500000,0.00048828125000000,0.00006103515625000,0.00024414062500000,0.00781250000000000,0.00097656250000000,0.00024414062500000,0.00012207031250000,0.00048828125000000,0.00012207031250000,0.00006103515625000,0.55006301081178377,0
0.00000000000000000,0.00012207031250000,0.00006103515625000,0.00006103515625000,0.00012207031250000,0.00024414062500000,0.00048828125000000,0.00006103515625000,0.00024414062500000,0.00781250000000000,0.00097656250000000,0.00024414062500000,0.00012207031250000,0.00048828125000000,0.00012207031250000,0.00006103515625000,0.55020784810603518,0
0.00006103515625000,0.00012207031250000,0.00006103515625000,0.00000000000000000,0.00012207031250000,0.00024414062500000,0.00048828125000000,0.00012207031250000,0.00024414062500000,0.00781250000000000,0.00097656250000000,0.00024414062500000,0.00012207031250000,0.00048828125000000,0.00012207031250000,0.00006103515625000,0.55035239615936682,3
0.00006103515625000,0.00006103515625000,0.00012207031250000,0.00006103515625000,0.00012207031250000,0.00024414062500000,0.00048828125000000,0.00012207031250000,0.00024414062500000,0.00781250000000000,0.00097656250000000,0.00024414062500000,0.00012207031250000,0.00048828125000000,0.00012207031250000,0.00006103515625000,0.55035239615936682,2
0.00012207031250000,0.00012207031250000,0.00006103515625000,0.00006103515625000,0.00012207031250000,0.00024414062500000,0.00048828125000000,0.00012207031250000,0.00024414062500000,0.00781250000000000,0.00097656250000000,0.00024414062500000,0.00012207031250000,0.00048828125000000,0.00012207031250000,0.00006103515625000,0.55049665612470822,0
0.00000000000000000,0.00006103515625000,0.00024414062500000,0.00012207031250000,0.00012207031250000,0.00024414062500000,0.00048828125000000,0.00012207031250000,0.00024414062500000,0.00781250000000000,0.00097656250000000,0.00024414062500000,0.00012207031250000,0.00048828125000000,0.00012207031250000,0.00006103515625000,0.55092771891921732,0
0.00006103515625000,0.00024414062500000,0.00012207031250000,0.00006103515625000,0.00012207031250000,0.00024414062500000,0.00048828125000000,0.00012207031250000,0.00024414062500000,0.00781250000000000,0.00097656250000000,0.00024414062500000,0.00012207031250000,0.00048828125000000,0.00012207031250000,0.00006103515625000,0.55092771891921732,1
