game_id,seed,score,max_tile,move_count,game_over,up_moves,down_moves,left_moves,right_moves,agent
0,94024,11668,1024,688,true,163,194,157,174,heuristic
1,94025,16180,1024,952,true,204,268,248,232,heuristic
2,94026,7176,512,495,true,124,120,139,112,heuristic
3,94027,7120,512,484,true,123,111,154,96,heuristic
4,94028,6888,512,471,true,126,107,108,130,heuristic
5,94029,6052,512,422,true,118,92,114,98,heuristic
6,94030,7116,512,484,true,128,121,124,111,heuristic
7,94031,10636,1024,624,true,163,160,169,132,heuristic
8,94032,7304,512,498,true,123,132,114,129,heuristic
9,94033,7324,512,501,true,141,120,130,110,heuristic
10,94034,12364,1024,735,true,169,199,197,170,heuristic
11,94035,6904,512,463,true,125,113,114,111,heuristic
12,94036,4688,256,352,true,92,91,101,68,heuristic
13,94037,3116,256,253,true,77,44,62,70,heuristic
14,94038,7676,512,524,true,122,143,124,135,heuristic
15,94039,5452,512,380,true,101,89,100,90,heuristic
16,94040,12600,1024,750,true,206,168,184,192,heuristic
17,94041,14536,1024,857,true,218,219,211,209,heuristic
18,94042,2852,256,235,true,63,58,56,58,heuristic
19,94043,7180,512,495,true,130,133,122,110,heuristic
20,94044,6532,512,442,true,121,106,115,100,heuristic
21,94045,12136,1024,721,true,210,160,191,160,heuristic
22,94046,5180,512,348,true,99,69,94,86,heuristic
23,94047,7080,512,486,true,123,118,126,119,heuristic
24,94048,6424,512,435,true,112,118,106,99,heuristic
25,94049,14080,1024,813,true,227,162,243,181,heuristic
26,94050,15180,1024,865,true,215,215,225,210,heuristic
27,94051,7140,512,489,true,125,124,110,130,heuristic
28,94052,7124,512,482,true,107,125,133,117,heuristic
29,94053,7076,512,482,true,125,110,122,125,heuristic
30,94054,6932,512,467,true,106,122,112,127,heuristic
31,94055,7244,512,506,true,139,112,117,138,heuristic
32,94056,7416,512,511,true,120,135,149,107,heuristic
33,94057,12068,1024,714,true,198,159,167,190,heuristic
34,94058,7540,512,518,true,138,130,117,133,heuristic
35,94059,5556,512,403,true,120,92,107,84,heuristic
36,94060,3344,256,277,true,65,82,69,61,heuristic
37,94061,3256,256,276,true,77,66,63,70,heuristic
38,94062,7404,512,518,true,148,108,142,120,heuristic
39,94063,7924,512,526,true,140,136,134,116,heuristic
40,94064,13612,1024,776,true,191,216,170,199,heuristic
41,94065,6452,512,434,true,112,98,111,113,heuristic
42,94066,12324,1024,730,true,200,190,194,146,heuristic
43,94067,11996,1024,708,true,191,176,173,168,heuristic
44,94068,6960,512,472,true,135,89,116,132,heuristic
45,94069,6520,512,450,true,123,104,112,111,heuristic
46,94070,2776,256,224,true,75,39,59,51,heuristic
47,94071,3212,256,270,true,67,65,60,78,heuristic
48,94072,7640,512,526,true,156,113,132,125,heuristic
49,94073,7072,512,484,true,138,106,118,122,heuristic
50,94074,7172,512,492,true,136,118,121,117,heuristic
51,94075,6416,512,433,true,111,109,97,116,heuristic
52,94076,3204,256,269,true,67,81,64,57,heuristic
53,94077,3128,256,255,true,67,58,67,63,heuristic
54,94078,12408,1024,745,true,207,166,180,192,heuristic
55,94079,7152,512,488,true,125,124,114,125,heuristic
56,94080,3720,256,314,true,82,74,68,90,heuristic
57,94081,12240,1024,721,true,146,215,185,175,heuristic
58,94082,7148,512,491,true,120,118,124,129,heuristic
59,94083,6964,512,471,true,117,123,100,131,heuristic
60,94084,12064,1024,713,true,203,162,182,166,heuristic
61,94085,6664,512,463,true,111,131,127,94,heuristic
62,94086,7288,512,505,true,128,117,136,124,heuristic
63,94087,3192,256,266,true,77,64,65,60,heuristic
64,94088,11916,1024,703,true,201,147,174,181,heuristic
65,94089,11712,1024,690,true,179,160,175,176,heuristic
66,94090,7504,512,512,true,144,111,130,127,heuristic
67,94091,7012,512,470,true,123,113,144,90,heuristic
68,94092,5616,512,393,true,108,102,100,83,heuristic
69,94093,3140,256,264,true,77,54,80,53,heuristic
70,94094,7120,512,482,true,127,124,117,114,heuristic
71,94095,3140,256,258,true,78,48,71,61,heuristic
72,94096,7176,512,494,true,135,113,129,117,heuristic
73,94097,4756,512,329,true,95,68,77,89,heuristic
74,94098,11848,1024,687,true,187,161,194,145,heuristic
75,94099,6812,512,464,true,114,109,137,104,heuristic
76,94100,6920,512,464,true,125,106,128,105,heuristic
77,94101,6796,512,452,true,115,124,116,97,heuristic
78,94102,10500,1024,617,true,153,160,141,163,heuristic
79,94103,10616,1024,623,true,153,165,156,149,heuristic
80,94104,15776,1024,917,true,232,231,264,190,heuristic
81,94105,10464,1024,612,true,154,154,158,146,heuristic
82,94106,7176,512,492,true,128,127,127,110,heuristic
83,94107,12688,1024,755,true,209,178,173,195,heuristic
84,94108,7156,512,494,true,126,124,140,104,heuristic
85,94109,12784,1024,765,true,187,202,175,201,heuristic
86,94110,6344,512,431,true,142,81,93,115,heuristic
87,94111,5444,512,366,true,83,99,121,63,heuristic
88,94112,3076,256,253,true,65,66,60,62,heuristic
89,94113,6704,512,450,true,118,117,113,102,heuristic
90,94114,7220,512,500,true,112,136,120,132,heuristic
91,94115,7188,512,489,true,125,125,145,94,heuristic
92,94116,5540,512,388,true,95,104,118,71,heuristic
93,94117,11780,1024,681,true,187,153,182,159,heuristic
94,94118,6792,512,459,true,124,112,98,125,heuristic
95,94119,7080,512,486,true,147,101,127,111,heuristic
96,94120,3744,256,312,true,83,79,81,69,heuristic
97,94121,3480,256,290,true,94,47,74,75,heuristic
98,94122,5940,512,411,true,114,95,116,86,heuristic
99,94123,12900,1024,762,true,216,171,180,195,heuristic
100,94124,11288,1024,655,true,147,178,169,161,heuristic
101,94125,7656,512,532,true,141,129,110,152,heuristic
102,94126,6444,512,440,true,109,111,106,114,heuristic
103,94127,5532,512,391,true,109,90,108,84,heuristic
104,94128,12136,1024,714,true,177,177,191,169,heuristic
105,94129,7792,512,535,true,154,120,152,109,heuristic
106,94130,5464,512,382,true,94,100,104,84,heuristic
107,94131,7084,512,483,true,121,126,122,114,heuristic
108,94132,7264,512,506,true,117,141,128,120,heuristic
109,94133,7156,512,489,true,131,120,141,97,heuristic
110,94134,10488,1024,618,true,186,130,157,145,heuristic
111,94135,11392,1024,669,true,175,153,161,180,heuristic
112,94136,7196,512,497,true,131,120,141,105,heuristic
113,94137,7032,512,479,true,120,124,138,97,heuristic
114,94138,7376,512,512,true,124,120,148,120,heuristic
115,94139,11800,1024,688,true,182,170,172,164,heuristic
116,94140,7308,512,496,true,127,140,120,109,heuristic
117,94141,3188,256,266,true,74,62,60,70,heuristic
118,94142,7296,512,497,true,126,120,148,103,heuristic
119,94143,15992,1024,938,true,218,255,232,233,heuristic
120,94144,7260,512,505,true,145,106,119,135,heuristic
121,94145,12172,1024,722,true,182,191,170,179,heuristic
122,94146,12280,1024,746,true,196,166,220,164,heuristic
123,94147,12012,1024,700,true,187,173,159,181,heuristic
124,94148,3200,256,265,true,68,66,63,68,heuristic
125,94149,14320,1024,829,true,209,204,194,222,heuristic
126,94150,5608,512,395,true,114,83,100,98,heuristic
127,94151,12220,1024,727,true,171,177,192,187,heuristic
128,94152,7220,512,504,true,125,141,144,94,heuristic
129,94153,5276,512,361,true,110,70,107,74,heuristic
130,94154,15452,1024,899,true,228,228,214,229,heuristic
131,94155,6040,512,405,true,116,93,117,79,heuristic
132,94156,7060,512,486,true,126,115,122,123,heuristic
133,94157,7180,512,494,true,127,120,122,125,heuristic
134,94158,14444,1024,843,true,235,190,233,185,heuristic
135,94159,6492,512,432,true,122,109,99,102,heuristic
136,94160,3284,256,274,true,75,67,75,57,heuristic
137,94161,12348,1024,736,true,167,208,175,186,heuristic
138,94162,7160,512,491,true,131,114,133,113,heuristic
139,94163,7396,512,513,true,152,101,141,119,heuristic
140,94164,4696,512,323,true,93,66,84,80,heuristic
141,94165,3812,256,305,true,87,69,79,70,heuristic
142,94166,10096,1024,582,true,162,138,147,135,heuristic
143,94167,11408,1024,665,true,196,142,156,171,heuristic
144,94168,3232,256,273,true,88,63,70,52,heuristic
145,94169,12384,1024,751,true,194,178,207,172,heuristic
146,94170,13680,1024,787,true,185,208,204,190,heuristic
147,94171,7264,512,505,true,123,136,134,112,heuristic
148,94172,5500,512,390,true,114,79,116,81,heuristic
149,94173,6316,512,424,true,98,118,119,89,heuristic
150,94174,15356,1024,886,true,251,207,235,193,heuristic
151,94175,12404,1024,745,true,252,130,176,187,heuristic
152,94176,5144,512,355,true,70,114,96,75,heuristic
153,94177,12068,1024,713,true,189,167,173,184,heuristic
154,94178,6784,512,461,true,118,98,140,105,heuristic
155,94179,11576,1024,671,true,161,187,149,174,heuristic
156,94180,6456,512,439,true,108,108,110,113,heuristic
157,94181,12204,1024,727,true,201,157,192,177,heuristic
158,94182,12112,1024,721,true,160,192,176,193,heuristic
159,94183,3448,256,286,true,64,64,78,80,heuristic
160,94184,6872,512,467,true,133,111,109,114,heuristic
161,94185,2980,256,242,true,70,58,50,64,heuristic
162,94186,7252,512,497,true,131,125,120,121,heuristic
163,94187,15628,1024,901,true,216,227,250,208,heuristic
164,94188,3156,256,259,true,81,59,62,57,heuristic
165,94189,16316,1024,974,true,287,198,260,229,heuristic
166,94190,7464,512,518,true,129,135,123,131,heuristic
167,94191,7228,512,491,true,119,141,129,102,heuristic
168,94192,7408,512,514,true,118,145,134,117,heuristic
169,94193,7280,512,510,true,141,120,117,132,heuristic
170,94194,6704,512,460,true,133,103,122,102,heuristic
171,94195,11764,1024,701,true,168,190,170,173,heuristic
172,94196,7200,512,489,true,144,104,116,125,heuristic
173,94197,7432,512,495,true,141,107,114,133,heuristic
174,94198,7104,512,481,true,136,123,130,92,heuristic
175,94199,7192,512,498,true,125,119,134,120,heuristic
176,94200,10540,1024,615,true,142,155,155,163,heuristic
177,94201,10572,1024,624,true,141,175,147,161,heuristic
178,94202,12116,1024,717,true,181,171,178,187,heuristic
179,94203,8192,512,550,true,155,127,135,133,heuristic
180,94204,12164,1024,723,true,173,184,208,158,heuristic
181,94205,14552,1024,854,true,213,213,193,235,heuristic
182,94206,3200,256,268,true,72,65,67,64,heuristic
183,94207,7068,512,479,true,119,116,115,129,heuristic
184,94208,3252,256,277,true,73,70,74,60,heuristic
185,94209,11064,1024,636,true,141,183,170,142,heuristic
186,94210,5348,512,370,true,91,95,83,101,heuristic
187,94211,6556,512,450,true,133,90,125,102,heuristic
188,94212,11944,1024,695,true,182,171,169,173,heuristic
189,94213,7084,512,479,true,125,104,142,108,heuristic
190,94214,5324,512,364,true,94,97,78,95,heuristic
191,94215,3168,256,261,true,70,59,76,56,heuristic
192,94216,12220,1024,735,true,199,188,172,176,heuristic
193,94217,3364,256,278,true,61,79,70,68,heuristic
194,94218,3364,256,278,true,65,81,72,60,heuristic
195,94219,12212,1024,717,true,189,163,198,167,heuristic
196,94220,7056,512,480,true,133,109,136,102,heuristic
197,94221,7140,512,485,true,134,106,121,124,heuristic
198,94222,7072,512,484,true,138,119,125,102,heuristic
199,94223,10384,1024,597,true,162,135,159,141,heuristic
200,94224,7256,512,508,true,135,125,131,117,heuristic
201,94225,8124,512,571,true,125,171,124,151,heuristic
202,94226,3208,256,271,true,65,80,73,53,heuristic
203,94227,3244,256,264,true,66,67,69,62,heuristic
204,94228,7880,512,545,true,154,120,152,119,heuristic
205,94229,6952,512,460,true,112,119,122,107,heuristic
206,94230,6952,512,472,true,125,117,116,114,heuristic
207,94231,6412,512,432,true,116,111,88,117,heuristic
208,94232,6420,512,428,true,118,105,91,114,heuristic
209,94233,9544,1024,543,true,161,113,139,130,heuristic
210,94234,5804,512,404,true,124,86,115,79,heuristic
211,94235,11408,1024,661,true,173,168,165,155,heuristic
212,94236,7176,512,493,true,121,133,136,103,heuristic
213,94237,16140,1024,953,true,257,198,264,234,heuristic
214,94238,11092,1024,658,true,183,127,190,158,heuristic
215,94239,12428,1024,736,true,147,205,207,177,heuristic
216,94240,7200,512,495,true,116,130,120,129,heuristic
217,94241,11092,1024,657,true,204,129,184,140,heuristic
218,94242,11380,1024,650,true,167,162,157,164,heuristic
219,94243,7460,512,506,true,134,115,115,142,heuristic
220,94244,6632,512,453,true,101,127,119,106,heuristic
221,94245,13064,1024,767,true,192,192,204,179,heuristic
222,94246,6096,512,429,true,102,127,103,97,heuristic
223,94247,6708,512,442,true,123,94,125,100,heuristic
224,94248,5424,512,377,true,97,82,100,98,heuristic
225,94249,7052,512,479,true,122,119,138,100,heuristic
226,94250,4104,256,338,true,105,60,89,84,heuristic
227,94251,1736,128,174,true,53,34,48,39,heuristic
228,94252,7152,512,492,true,126,120,121,125,heuristic
229,94253,11916,1024,710,true,173,168,196,173,heuristic
230,94254,12132,1024,721,true,146,219,209,147,heuristic
231,94255,3260,256,268,true,73,69,68,58,heuristic
232,94256,3296,256,277,true,87,45,95,50,heuristic
233,94257,7056,512,481,true,121,114,123,123,heuristic
234,94258,15184,1024,880,true,230,218,215,217,heuristic
235,94259,7440,512,522,true,140,119,126,137,heuristic
236,94260,5544,512,387,true,96,88,119,84,heuristic
237,94261,6568,512,439,true,124,101,104,110,heuristic
238,94262,5420,512,382,true,101,105,110,66,heuristic
239,94263,14272,1024,829,true,211,204,194,220,heuristic
240,94264,3704,256,291,true,77,75,76,63,heuristic
241,94265,7524,512,532,true,150,110,140,132,heuristic
242,94266,12444,1024,743,true,196,174,206,167,heuristic
243,94267,3496,256,280,true,82,59,70,69,heuristic
244,94268,7076,512,474,true,108,120,158,88,heuristic
245,94269,5516,512,384,true,116,79,92,97,heuristic
246,94270,6076,512,432,true,123,107,114,88,heuristic
247,94271,12236,1024,731,true,172,186,202,171,heuristic
248,94272,14632,1024,858,true,258,163,219,218,heuristic
249,94273,5440,512,380,true,94,102,87,97,heuristic
250,94274,7212,512,492,true,129,113,126,124,heuristic
251,94275,3324,256,282,true,62,79,81,60,heuristic
252,94276,6844,512,471,true,106,142,132,91,heuristic
253,94277,3812,256,306,true,81,67,91,67,heuristic
254,94278,2340,256,193,true,54,49,38,52,heuristic
255,94279,3768,256,302,true,80,63,96,63,heuristic
256,94280,11148,1024,660,true,172,159,184,145,heuristic
257,94281,15520,1024,911,true,248,207,226,230,heuristic
258,94282,12060,1024,708,true,192,174,172,170,heuristic
259,94283,12120,1024,722,true,193,173,208,148,heuristic
260,94284,7064,512,483,true,132,100,142,109,heuristic
261,94285,6988,512,478,true,147,103,111,117,heuristic
262,94286,7112,512,482,true,127,127,121,107,heuristic
263,94287,11688,1024,690,true,198,146,182,164,heuristic
264,94288,4152,256,341,true,86,76,95,84,heuristic
265,94289,13832,1024,787,true,212,188,205,182,heuristic
266,94290,8756,512,589,true,147,151,144,147,heuristic
267,94291,7084,512,483,true,119,121,128,115,heuristic
268,94292,7232,512,503,true,138,108,135,122,heuristic
269,94293,7148,512,491,true,118,117,123,133,heuristic
270,94294,15532,1024,900,true,228,233,201,238,heuristic
271,94295,3340,256,277,true,75,59,79,64,heuristic
272,94296,6904,512,474,true,117,132,121,104,heuristic
273,94297,12100,1024,713,true,191,172,189,161,heuristic
274,94298,11480,1024,673,true,171,164,193,145,heuristic
275,94299,15376,1024,885,true,231,246,187,221,heuristic
276,94300,6384,512,438,true,111,116,126,85,heuristic
277,94301,10492,1024,615,true,154,151,167,143,heuristic
278,94302,12328,1024,730,true,181,187,223,139,heuristic
279,94303,3756,256,297,true,90,56,83,68,heuristic
280,94304,7056,512,481,true,140,92,125,124,heuristic
281,94305,7440,512,513,true,147,114,125,127,heuristic
282,94306,7188,512,491,true,115,130,145,101,heuristic
283,94307,16032,1024,944,true,202,276,246,220,heuristic
284,94308,7140,512,489,true,121,123,142,103,heuristic
285,94309,5668,512,402,true,119,84,100,99,heuristic
286,94310,6984,512,475,true,132,101,127,115,heuristic
287,94311,7084,512,487,true,125,109,122,131,heuristic
288,94312,12228,1024,737,true,184,179,181,193,heuristic
289,94313,7220,512,505,true,129,129,137,110,heuristic
290,94314,7096,512,484,true,137,115,131,101,heuristic
291,94315,3500,256,295,true,77,71,80,67,heuristic
292,94316,3832,256,311,true,84,75,76,76,heuristic
293,94317,3120,256,261,true,76,55,71,59,heuristic
294,94318,6620,512,450,true,117,94,132,107,heuristic
295,94319,12184,1024,728,true,208,153,207,160,heuristic
296,94320,3044,256,250,true,58,63,61,68,heuristic
297,94321,6864,512,464,true,145,101,113,105,heuristic
298,94322,7160,512,494,true,135,114,111,134,heuristic
299,94323,7080,512,482,true,133,102,133,114,heuristic
300,94324,12072,1024,716,true,204,165,177,170,heuristic
301,94325,14372,1024,828,true,218,211,216,183,heuristic
302,94326,7132,512,493,true,135,116,127,115,heuristic
303,94327,5500,512,384,true,115,77,107,85,heuristic
304,94328,3252,256,271,true,63,69,71,68,heuristic
305,94329,10596,1024,615,true,162,144,164,145,heuristic
306,94330,8244,512,565,true,153,136,134,142,heuristic
307,94331,3148,256,260,true,86,36,74,64,heuristic
308,94332,6540,512,447,true,122,118,107,100,heuristic
309,94333,6416,512,437,true,122,99,108,108,heuristic
310,94334,12100,1024,718,true,202,166,201,149,heuristic
311,94335,7016,512,489,true,118,127,140,104,heuristic
312,94336,7332,512,505,true,158,99,142,106,heuristic
313,94337,12212,1024,726,true,179,168,214,165,heuristic
314,94338,7144,512,497,true,109,138,129,121,heuristic
315,94339,7152,512,492,true,117,127,123,125,heuristic
316,94340,7200,512,495,true,121,130,134,110,heuristic
317,94341,7316,512,502,true,131,124,126,121,heuristic
318,94342,3072,256,253,true,64,53,70,66,heuristic
319,94343,7172,512,492,true,106,141,113,132,heuristic
320,94344,7104,512,481,true,133,114,128,106,heuristic
321,94345,7420,512,517,true,140,118,142,117,heuristic
322,94346,12544,1024,748,true,215,169,183,181,heuristic
323,94347,12256,1024,739,true,184,195,176,184,heuristic
324,94348,7224,512,502,true,119,129,126,128,heuristic
325,94349,7136,512,488,true,127,115,130,116,heuristic
326,94350,12148,1024,718,true,211,144,177,186,heuristic
327,94351,6832,512,461,true,131,108,115,107,heuristic
328,94352,16384,1024,987,true,247,232,274,234,heuristic
329,94353,5308,512,364,true,99,88,96,81,heuristic
330,94354,10660,1024,629,true,171,153,155,150,heuristic
331,94355,10672,1024,627,true,149,160,163,155,heuristic
332,94356,7184,512,496,true,138,124,116,118,heuristic
333,94357,6552,512,455,true,109,129,108,109,heuristic
334,94358,5688,512,399,true,115,90,96,98,heuristic
335,94359,3744,256,297,true,93,51,63,90,heuristic
336,94360,1748,128,177,true,59,32,48,38,heuristic
337,94361,14764,1024,855,true,243,199,241,172,heuristic
338,94362,5344,512,369,true,107,85,82,95,heuristic
339,94363,11840,1024,712,true,184,174,205,149,heuristic
340,94364,7132,512,488,true,133,112,115,128,heuristic
341,94365,6592,512,445,true,119,99,108,119,heuristic
342,94366,3768,256,303,true,79,79,74,71,heuristic
343,94367,7144,512,497,true,145,118,134,100,heuristic
344,94368,7564,512,512,true,136,121,139,116,heuristic
345,94369,7440,512,511,true,131,116,138,126,heuristic
346,94370,5040,512,345,true,104,64,91,86,heuristic
347,94371,12468,1024,757,true,184,182,189,202,heuristic
348,94372,7236,512,494,true,102,140,142,110,heuristic
349,94373,7072,512,483,true,127,116,115,125,heuristic
350,94374,7040,512,481,true,146,100,119,116,heuristic
351,94375,12180,1024,732,true,165,198,204,165,heuristic
352,94376,13908,1024,797,true,202,193,204,198,heuristic
353,94377,6040,512,420,true,105,102,116,97,heuristic
354,94378,7064,512,479,true,120,114,126,119,heuristic
355,94379,7092,512,485,true,105,119,124,137,heuristic
356,94380,5700,512,401,true,101,91,98,111,heuristic
357,94381,3128,256,254,true,71,61,59,63,heuristic
358,94382,12148,1024,715,true,209,155,158,193,heuristic
359,94383,3164,256,264,true,63,70,70,61,heuristic
360,94384,12640,1024,757,true,199,179,181,198,heuristic
361,94385,1436,128,148,true,49,21,33,45,heuristic
362,94386,7180,512,494,true,134,119,115,126,heuristic
363,94387,7316,512,490,true,129,114,141,106,heuristic
364,94388,14520,1024,845,true,212,223,217,193,heuristic
365,94389,11880,1024,695,true,198,149,186,162,heuristic
366,94390,6900,512,470,true,101,140,149,80,heuristic
367,94391,3704,256,299,true,87,69,82,61,heuristic
368,94392,14348,1024,835,true,173,237,215,210,heuristic
369,94393,5432,512,382,true,100,95,88,99,heuristic
370,94394,3968,256,321,true,91,71,78,81,heuristic
371,94395,5856,512,406,true,108,100,96,102,heuristic
372,94396,3168,256,264,true,69,56,81,58,heuristic
373,94397,7008,512,477,true,121,114,117,125,heuristic
374,94398,3396,256,281,true,84,60,84,53,heuristic
375,94399,10712,1024,634,true,152,155,191,136,heuristic
376,94400,13868,1024,791,true,193,205,209,184,heuristic
377,94401,15224,1024,897,true,252,199,217,229,heuristic
378,94402,15756,1024,916,true,231,221,248,216,heuristic
379,94403,7564,512,527,true,162,109,122,134,heuristic
380,94404,12192,1024,733,true,207,160,218,148,heuristic
381,94405,6916,512,473,true,118,123,116,116,heuristic
382,94406,3244,256,268,true,81,56,91,40,heuristic
383,94407,6380,512,456,true,116,109,102,129,heuristic
384,94408,5448,512,383,true,116,85,94,88,heuristic
385,94409,1320,128,136,true,38,33,37,28,heuristic
386,94410,7996,512,548,true,144,145,151,108,heuristic
387,94411,6048,512,420,true,128,86,103,103,heuristic
388,94412,11952,1024,712,true,223,148,167,174,heuristic
389,94413,5336,512,368,true,86,95,110,77,heuristic
390,94414,15472,1024,908,true,266,184,236,222,heuristic
391,94415,12148,1024,725,true,211,168,168,178,heuristic
392,94416,14304,1024,825,true,232,196,193,204,heuristic
393,94417,7216,512,504,true,155,97,146,106,heuristic
394,94418,6596,512,455,true,136,106,103,110,heuristic
395,94419,10552,1024,622,true,141,176,147,158,heuristic
396,94420,4596,512,315,true,88,77,70,80,heuristic
397,94421,6868,512,465,true,135,103,120,107,heuristic
398,94422,15824,1024,929,true,256,226,232,215,heuristic
399,94423,5332,512,371,true,93,97,84,97,heuristic
400,94424,12104,1024,711,true,192,167,186,166,heuristic
401,94425,7000,512,468,true,107,134,131,96,heuristic
402,94426,6764,512,456,true,129,105,107,115,heuristic
403,94427,12136,1024,721,true,188,169,182,182,heuristic
404,94428,7288,512,510,true,159,109,127,115,heuristic
405,94429,7492,512,527,true,163,114,138,112,heuristic
406,94430,11604,1024,673,true,188,169,140,176,heuristic
407,94431,7180,512,495,true,124,137,129,105,heuristic
408,94432,7100,512,487,true,124,125,127,111,heuristic
409,94433,7132,512,487,true,124,120,124,119,heuristic
410,94434,3408,256,284,true,72,73,76,63,heuristic
411,94435,3896,256,322,true,80,77,80,85,heuristic
412,94436,15984,1024,924,true,231,212,236,245,heuristic
413,94437,14628,1024,834,true,193,224,231,186,heuristic
414,94438,15716,1024,920,true,254,216,238,212,heuristic
415,94439,12432,1024,740,true,163,196,198,183,heuristic
416,94440,7456,512,520,true,151,112,129,128,heuristic
417,94441,10584,1024,615,true,155,152,161,147,heuristic
418,94442,7096,512,485,true,126,130,120,109,heuristic
419,94443,8032,512,552,true,139,132,151,130,heuristic
420,94444,7240,512,493,true,138,127,110,118,heuristic
421,94445,6344,512,430,true,118,105,111,96,heuristic
422,94446,7068,512,483,true,110,135,136,102,heuristic
423,94447,7844,512,548,true,162,121,152,113,heuristic
424,94448,7236,512,493,true,134,114,136,109,heuristic
425,94449,7392,512,526,true,139,126,146,115,heuristic
426,94450,11700,1024,685,true,163,176,194,152,heuristic
427,94451,12080,1024,711,true,182,181,181,167,heuristic
428,94452,5432,512,378,true,104,94,90,90,heuristic
429,94453,3116,256,255,true,59,66,71,59,heuristic
430,94454,12404,1024,744,true,183,182,225,154,heuristic
431,94455,7316,512,502,true,139,120,117,126,heuristic
432,94456,3472,256,287,true,73,77,87,50,heuristic
433,94457,3556,256,279,true,81,57,69,72,heuristic
434,94458,7088,512,489,true,148,99,128,114,heuristic
435,94459,3452,256,294,true,93,48,77,76,heuristic
436,94460,10680,1024,629,true,155,159,163,152,heuristic
437,94461,2728,256,231,true,61,53,74,43,heuristic
438,94462,12552,1024,751,true,188,176,204,183,heuristic
439,94463,7048,512,483,true,131,115,120,117,heuristic
440,94464,6968,512,475,true,126,114,101,134,heuristic
441,94465,7016,512,471,true,124,110,146,91,heuristic
442,94466,5716,512,401,true,108,93,114,86,heuristic
443,94467,6904,512,474,true,125,125,125,99,heuristic
444,94468,11460,1024,669,true,173,158,174,164,heuristic
445,94469,7376,512,516,true,117,150,123,126,heuristic
446,94470,6716,512,460,true,136,92,136,96,heuristic
447,94471,6812,512,477,true,143,97,118,119,heuristic
448,94472,12228,1024,729,true,187,194,176,172,heuristic
449,94473,5460,512,380,true,95,92,113,80,heuristic
450,94474,11924,1024,705,true,193,170,163,179,heuristic
451,94475,5700,512,397,true,100,95,117,85,heuristic
452,94476,3088,256,252,true,84,44,73,51,heuristic
453,94477,4664,512,315,true,98,78,83,56,heuristic
454,94478,7312,512,514,true,132,109,149,124,heuristic
455,94479,5984,512,417,true,122,88,103,104,heuristic
456,94480,7248,512,496,true,125,133,115,123,heuristic
457,94481,7460,512,521,true,137,126,130,128,heuristic
458,94482,12568,1024,754,true,195,186,225,148,heuristic
459,94483,5620,512,394,true,102,98,98,96,heuristic
460,94484,7172,512,492,true,125,108,126,133,heuristic
461,94485,10348,1024,601,true,155,155,143,148,heuristic
462,94486,6996,512,471,true,111,128,150,82,heuristic
463,94487,3824,256,313,true,76,82,79,76,heuristic
464,94488,13792,1024,793,true,229,189,203,172,heuristic
465,94489,10556,1024,620,true,146,166,164,144,heuristic
466,94490,9352,512,607,true,160,149,138,160,heuristic
467,94491,6484,512,450,true,134,95,133,88,heuristic
468,94492,6776,512,475,true,153,84,128,110,heuristic
469,94493,10796,1024,646,true,166,166,165,149,heuristic
470,94494,10208,1024,583,true,171,126,163,123,heuristic
471,94495,7276,512,507,true,123,145,121,118,heuristic
472,94496,12352,1024,733,true,210,173,190,160,heuristic
473,94497,7072,512,484,true,120,130,143,91,heuristic
474,94498,7152,512,489,true,153,94,112,130,heuristic
475,94499,7432,512,519,true,131,140,142,106,heuristic
476,94500,7536,512,520,true,133,135,115,137,heuristic
477,94501,11668,1024,690,true,168,180,179,163,heuristic
478,94502,7188,512,496,true,121,129,114,132,heuristic
479,94503,7108,512,488,true,131,115,137,105,heuristic
480,94504,5468,512,383,true,113,81,95,94,heuristic
481,94505,14168,1024,803,true,190,200,206,207,heuristic
482,94506,7304,512,499,true,125,129,117,128,heuristic
483,94507,7124,512,493,true,113,137,130,113,heuristic
484,94508,7036,512,476,true,128,104,110,134,heuristic
485,94509,6452,512,441,true,117,99,114,111,heuristic
486,94510,7184,512,495,true,132,121,131,111,heuristic
487,94511,3088,256,252,true,51,79,59,63,heuristic
488,94512,6644,512,457,true,114,105,138,100,heuristic
489,94513,7280,512,508,true,132,122,137,117,heuristic
490,94514,12120,1024,711,true,184,184,194,149,heuristic
491,94515,12064,1024,709,true,172,191,132,214,heuristic
492,94516,5460,512,385,true,99,104,108,74,heuristic
493,94517,5420,512,377,true,112,79,100,86,heuristic
494,94518,13068,1024,768,true,168,210,197,193,heuristic
495,94519,6516,512,446,true,130,94,121,101,heuristic
496,94520,6812,512,455,true,130,106,109,110,heuristic
497,94521,15036,1024,884,true,208,253,206,217,heuristic
498,94522,12232,1024,715,true,190,168,188,169,heuristic
499,94523,5524,512,390,true,88,111,84,107,heuristic
500,94524,10344,1024,599,true,147,150,140,162,heuristic
501,94525,6288,512,421,true,108,95,106,112,heuristic
502,94526,6288,512,422,true,118,98,110,96,heuristic
503,94527,5384,512,371,true,102,86,96,87,heuristic
504,94528,9156,512,584,true,158,137,130,159,heuristic
505,94529,7164,512,496,true,108,132,132,124,heuristic
506,94530,5592,512,391,true,97,95,104,95,heuristic
507,94531,6648,512,453,true,116,107,126,104,heuristic
508,94532,6632,512,455,true,125,102,125,103,heuristic
509,94533,7168,512,492,true,119,131,130,112,heuristic
510,94534,5696,512,400,true,112,92,124,72,heuristic
511,94535,7164,512,492,true,136,105,116,135,heuristic
512,94536,14428,1024,851,true,223,203,233,192,heuristic
513,94537,3404,256,283,true,83,67,76,57,heuristic
514,94538,7224,512,490,true,148,104,107,131,heuristic
515,94539,6428,512,436,true,108,111,102,115,heuristic
516,94540,11568,1024,677,true,170,172,199,136,heuristic
517,94541,5092,512,342,true,97,88,81,76,heuristic
518,94542,7076,512,485,true,111,142,122,110,heuristic
519,94543,14480,1024,848,true,253,171,216,208,heuristic
520,94544,6356,512,429,true,105,110,113,101,heuristic
521,94545,15052,1024,891,true,239,212,224,216,heuristic
522,94546,6408,512,435,true,112,114,114,95,heuristic
523,94547,12596,1024,757,true,195,188,210,164,heuristic
524,94548,2188,128,207,true,64,43,51,49,heuristic
525,94549,5460,512,371,true,112,86,80,93,heuristic
526,94550,7156,512,489,true,141,96,133,119,heuristic
527,94551,14456,1024,846,true,241,202,199,204,heuristic
528,94552,4276,256,333,true,82,80,96,75,heuristic
529,94553,13420,1024,759,true,186,196,179,198,heuristic
530,94554,11892,1024,694,true,168,158,203,165,heuristic
531,94555,5380,512,377,true,113,88,85,91,heuristic
532,94556,12160,1024,719,true,188,172,171,188,heuristic
533,94557,12220,1024,732,true,184,181,186,181,heuristic
534,94558,12056,1024,712,true,214,151,190,157,heuristic
535,94559,7204,512,500,true,123,115,142,120,heuristic
536,94560,5484,512,386,true,100,79,110,97,heuristic
537,94561,7328,512,514,true,116,130,141,127,heuristic
538,94562,7020,512,475,true,125,117,122,111,heuristic
539,94563,12168,1024,722,true,156,209,208,149,heuristic
540,94564,7020,512,476,true,116,127,108,125,heuristic
541,94565,5744,512,393,true,104,88,109,92,heuristic
542,94566,7212,512,502,true,127,132,133,110,heuristic
543,94567,6968,512,474,true,131,112,124,107,heuristic
544,94568,3160,256,259,true,63,75,73,48,heuristic
545,94569,14048,1024,819,true,210,184,216,209,heuristic
546,94570,11088,1024,656,true,172,157,174,153,heuristic
547,94571,3080,256,250,true,82,50,69,49,heuristic
548,94572,6620,512,451,true,133,98,122,98,heuristic
549,94573,5304,512,363,true,108,80,74,101,heuristic
550,94574,1648,128,166,true,60,24,52,30,heuristic
551,94575,10468,1024,613,true,148,166,151,148,heuristic
552,94576,1396,128,142,true,36,33,35,38,heuristic
553,94577,7052,512,480,true,133,110,123,114,heuristic
554,94578,12176,1024,724,true,180,188,179,177,heuristic
555,94579,6324,512,426,true,119,90,90,127,heuristic
556,94580,3392,256,273,true,78,59,79,57,heuristic
557,94581,3580,256,303,true,84,58,91,70,heuristic
558,94582,7128,512,493,true,140,120,117,116,heuristic
559,94583,4700,512,324,true,93,68,71,92,heuristic
560,94584,11768,1024,699,true,148,213,194,144,heuristic
561,94585,5304,512,363,true,92,90,93,88,heuristic
562,94586,14312,1024,827,true,205,216,215,191,heuristic
563,94587,3912,256,314,true,86,64,70,94,heuristic
564,94588,12036,1024,710,true,185,165,179,181,heuristic
565,94589,14476,1024,846,true,227,186,236,197,heuristic
566,94590,7504,512,520,true,124,152,114,130,heuristic
567,94591,3484,256,291,true,72,85,80,54,heuristic
568,94592,7176,512,494,true,125,118,124,127,heuristic
569,94593,7140,512,489,true,108,122,136,123,heuristic
570,94594,7184,512,496,true,109,137,135,115,heuristic
571,94595,13748,1024,794,true,197,195,195,207,heuristic
572,94596,4748,512,325,true,95,75,96,59,heuristic
573,94597,7124,512,491,true,123,115,132,121,heuristic
574,94598,6468,512,461,true,133,116,111,101,heuristic
575,94599,6408,512,431,true,117,99,112,103,heuristic
576,94600,15396,1024,897,true,179,243,268,207,heuristic
577,94601,12476,1024,747,true,196,186,182,183,heuristic
578,94602,6792,512,473,true,135,85,153,100,heuristic
579,94603,5448,512,382,true,96,99,104,83,heuristic
580,94604,13776,1024,796,true,204,204,203,185,heuristic
581,94605,8172,512,551,true,160,125,140,126,heuristic
582,94606,7272,512,502,true,140,113,121,128,heuristic
583,94607,7640,512,530,true,147,127,135,121,heuristic
584,94608,6824,512,464,true,124,123,127,90,heuristic
585,94609,11748,1024,694,true,175,178,184,157,heuristic
586,94610,6236,512,423,true,100,107,116,100,heuristic
587,94611,6396,512,439,true,125,99,114,101,heuristic
588,94612,6448,512,440,true,120,111,119,90,heuristic
589,94613,10076,1024,589,true,139,142,150,158,heuristic
590,94614,7048,512,479,true,114,128,113,124,heuristic
591,94615,15296,1024,885,true,207,237,216,225,heuristic
592,94616,7388,512,511,true,138,124,142,107,heuristic
593,94617,7196,512,495,true,136,118,126,115,heuristic
594,94618,1420,128,144,true,46,25,40,33,heuristic
595,94619,7000,512,472,true,131,107,102,132,heuristic
596,94620,6720,512,446,true,109,126,103,108,heuristic
597,94621,11356,1024,660,true,192,146,164,158,heuristic
598,94622,7188,512,488,true,140,107,123,118,heuristic
599,94623,7480,512,526,true,146,116,140,124,heuristic
600,94624,7040,512,478,true,141,113,121,103,heuristic
601,94625,14444,1024,840,true,219,213,217,191,heuristic
602,94626,7620,512,525,true,145,123,118,139,heuristic
603,94627,5620,512,394,true,104,90,78,122,heuristic
604,94628,5388,512,380,true,91,91,101,97,heuristic
605,94629,14472,1024,845,true,225,210,195,215,heuristic
606,94630,12156,1024,727,true,198,171,167,191,heuristic
607,94631,6484,512,449,true,117,112,107,113,heuristic
608,94632,7376,512,493,true,124,117,137,115,heuristic
609,94633,6440,512,439,true,121,99,104,115,heuristic
610,94634,12284,1024,730,true,189,179,164,198,heuristic
611,94635,11660,1024,692,true,174,170,177,171,heuristic
612,94636,7204,512,497,true,123,115,142,117,heuristic
613,94637,7380,512,498,true,106,135,138,119,heuristic
614,94638,7696,512,528,true,148,136,135,109,heuristic
615,94639,12132,1024,721,true,168,200,180,173,heuristic
616,94640,7196,512,496,true,124,120,134,118,heuristic
617,94641,7124,512,486,true,136,108,125,117,heuristic
618,94642,7048,512,474,true,129,113,129,103,heuristic
619,94643,1748,128,177,true,43,39,61,34,heuristic
620,94644,10988,1024,668,true,169,170,168,161,heuristic
621,94645,6564,512,441,true,112,96,123,110,heuristic
622,94646,3136,256,256,true,73,52,62,69,heuristic
623,94647,7080,512,475,true,139,109,114,113,heuristic
624,94648,7176,512,494,true,121,126,125,122,heuristic
625,94649,12108,1024,719,true,201,160,203,155,heuristic
626,94650,11976,1024,699,true,194,161,191,153,heuristic
627,94651,11880,1024,714,true,196,174,188,156,heuristic
628,94652,11800,1024,687,true,183,151,192,161,heuristic
629,94653,6752,512,458,true,113,122,117,106,heuristic
630,94654,7084,512,483,true,119,112,143,109,heuristic
631,94655,9736,1024,555,true,155,135,122,143,heuristic
632,94656,12100,1024,717,true,173,186,179,179,heuristic
633,94657,14492,1024,845,true,237,199,211,198,heuristic
634,94658,3220,256,273,true,79,64,68,62,heuristic
635,94659,11992,1024,722,true,184,194,186,158,heuristic
636,94660,2040,128,187,true,59,39,57,32,heuristic
637,94661,6336,512,428,true,93,116,118,101,heuristic
638,94662,7140,512,488,true,139,107,127,115,heuristic
639,94663,7076,512,490,true,123,132,121,114,heuristic
640,94664,7072,512,484,true,117,134,136,97,heuristic
641,94665,6292,512,419,true,121,92,114,92,heuristic
642,94666,13612,1024,780,true,156,220,206,198,heuristic
643,94667,12012,1024,722,true,186,185,192,159,heuristic
644,94668,7164,512,494,true,134,113,123,124,heuristic
645,94669,11996,1024,708,true,176,169,185,178,heuristic
646,94670,7308,512,496,true,139,117,106,134,heuristic
647,94671,6756,512,453,true,117,112,123,101,heuristic
648,94672,3472,256,288,true,74,71,77,66,heuristic
649,94673,7204,512,498,true,132,111,148,107,heuristic
650,94674,12356,1024,737,true,203,163,186,185,heuristic
651,94675,3628,256,294,true,70,70,77,77,heuristic
652,94676,7892,512,528,true,127,130,167,104,heuristic
653,94677,3976,256,322,true,92,77,84,69,heuristic
654,94678,7800,512,537,true,140,128,133,136,heuristic
655,94679,3488,256,289,true,94,58,73,64,heuristic
656,94680,14872,1024,882,true,223,234,250,175,heuristic
657,94681,7028,512,479,true,105,144,124,106,heuristic
658,94682,6660,512,462,true,127,101,121,113,heuristic
659,94683,10464,1024,613,true,176,147,135,155,heuristic
660,94684,7244,512,485,true,132,113,137,103,heuristic
661,94685,3056,256,249,true,63,55,78,53,heuristic
662,94686,13952,1024,786,true,239,152,208,187,heuristic
663,94687,7212,512,489,true,113,135,127,114,heuristic
664,94688,3516,256,291,true,74,62,92,63,heuristic
665,94689,5756,512,400,true,96,99,96,109,heuristic
666,94690,7068,512,484,true,146,101,127,110,heuristic
667,94691,7012,512,474,true,136,116,98,124,heuristic
668,94692,6396,512,439,true,118,107,96,118,heuristic
669,94693,6376,512,450,true,123,106,125,96,heuristic
670,94694,10516,1024,613,true,174,142,162,135,heuristic
671,94695,15700,1024,922,true,243,218,219,242,heuristic
672,94696,6948,512,474,true,109,121,126,118,heuristic
673,94697,11716,1024,690,true,181,186,181,142,heuristic
674,94698,7096,512,487,true,122,134,122,109,heuristic
675,94699,10588,1024,623,true,161,155,152,155,heuristic
676,94700,7072,512,480,true,113,125,109,133,heuristic
677,94701,6624,512,449,true,105,123,114,107,heuristic
678,94702,12480,1024,733,true,194,172,165,202,heuristic
679,94703,6440,512,438,true,105,115,108,110,heuristic
680,94704,8060,512,539,true,131,131,150,127,heuristic
681,94705,15940,1024,931,true,244,227,229,231,heuristic
682,94706,7472,512,524,true,145,127,130,122,heuristic
683,94707,13612,1024,773,true,200,187,209,177,heuristic
684,94708,15916,1024,939,true,245,225,236,233,heuristic
685,94709,3180,256,263,true,69,63,57,74,heuristic
686,94710,7376,512,512,true,138,116,145,113,heuristic
687,94711,7116,512,490,true,123,137,108,122,heuristic
688,94712,3084,256,256,true,66,64,66,60,heuristic
689,94713,11960,1024,704,true,191,153,193,167,heuristic
690,94714,12056,1024,707,true,185,172,161,189,heuristic
691,94715,11880,1024,695,true,189,158,176,172,heuristic
692,94716,7408,512,516,true,138,122,130,126,heuristic
693,94717,12088,1024,714,true,178,184,183,169,heuristic
694,94718,5408,512,373,true,96,89,117,71,heuristic
695,94719,6328,512,426,true,132,89,134,71,heuristic
696,94720,5408,512,379,true,92,102,85,100,heuristic
697,94721,10456,1024,611,true,157,147,162,145,heuristic
698,94722,7068,512,482,true,123,119,129,111,heuristic
699,94723,14596,1024,845,true,203,223,226,193,heuristic
700,94724,6432,512,437,true,103,108,116,110,heuristic
701,94725,7396,512,509,true,134,123,117,135,heuristic
702,94726,3220,256,268,true,67,70,73,58,heuristic
703,94727,7076,512,487,true,129,116,138,104,heuristic
704,94728,5584,512,385,true,91,104,99,91,heuristic
705,94729,11816,1024,710,true,200,164,201,145,heuristic
706,94730,6440,512,438,true,121,110,113,94,heuristic
707,94731,7396,512,518,true,145,114,116,143,heuristic
708,94732,10528,1024,623,true,191,136,130,166,heuristic
709,94733,7216,512,489,true,136,120,124,109,heuristic
710,94734,4928,512,349,true,111,69,92,77,heuristic
711,94735,7124,512,493,true,143,115,123,112,heuristic
712,94736,12080,1024,713,true,195,164,176,178,heuristic
713,94737,6468,512,440,true,105,124,102,109,heuristic
714,94738,3112,256,258,true,82,51,70,55,heuristic
715,94739,14072,1024,829,true,251,183,187,208,heuristic
716,94740,12088,1024,718,true,195,173,222,128,heuristic
717,94741,7404,512,519,true,136,113,133,137,heuristic
718,94742,3144,256,255,true,55,76,61,63,heuristic
719,94743,5496,512,389,true,95,81,120,93,heuristic
720,94744,7212,512,492,true,129,113,148,102,heuristic
721,94745,12376,1024,736,true,200,167,185,184,heuristic
722,94746,7140,512,484,true,119,123,124,118,heuristic
723,94747,7040,512,472,true,129,120,124,99,heuristic
724,94748,7148,512,486,true,136,112,128,110,heuristic
725,94749,11344,1024,657,true,174,152,161,170,heuristic
726,94750,7364,512,509,true,146,113,129,121,heuristic
727,94751,7388,512,514,true,138,126,133,117,heuristic
728,94752,3936,256,323,true,83,74,87,79,heuristic
729,94753,3476,256,285,true,91,51,76,67,heuristic
730,94754,12596,1024,750,true,191,183,193,183,heuristic
731,94755,5396,512,374,true,113,82,102,77,heuristic
732,94756,6768,512,467,true,139,92,124,112,heuristic
733,94757,14376,1024,839,true,219,192,223,205,heuristic
734,94758,6380,512,437,true,98,116,133,90,heuristic
735,94759,3336,256,275,true,82,59,62,72,heuristic
736,94760,14416,1024,840,true,195,233,207,205,heuristic
737,94761,6688,512,452,true,123,105,120,104,heuristic
738,94762,14572,1024,838,true,213,211,222,192,heuristic
739,94763,7564,512,515,true,138,126,140,111,heuristic
740,94764,3800,256,306,true,103,58,76,69,heuristic
741,94765,12120,1024,721,true,196,172,196,157,heuristic
742,94766,6608,512,458,true,139,101,116,102,heuristic
743,94767,5568,512,382,true,113,87,90,92,heuristic
744,94768,7500,512,526,true,132,132,123,139,heuristic
745,94769,7100,512,491,true,111,131,129,120,heuristic
746,94770,3252,256,265,true,60,72,70,63,heuristic
747,94771,7088,512,478,true,113,129,126,110,heuristic
748,94772,7420,512,514,true,141,109,151,113,heuristic
749,94773,10584,1024,633,true,187,129,167,150,heuristic
750,94774,7228,512,495,true,128,123,130,114,heuristic
751,94775,5564,512,395,true,97,102,114,82,heuristic
752,94776,10500,1024,613,true,135,167,167,144,heuristic
753,94777,11876,1024,697,true,194,156,193,154,heuristic
754,94778,7168,512,492,true,122,129,127,114,heuristic
755,94779,6992,512,476,true,147,105,106,118,heuristic
756,94780,14388,1024,837,true,243,190,235,169,heuristic
757,94781,7188,512,497,true,126,139,130,102,heuristic
758,94782,7196,512,499,true,142,105,143,109,heuristic
759,94783,7084,512,487,true,125,122,121,119,heuristic
760,94784,12408,1024,745,true,211,172,181,181,heuristic
761,94785,5536,512,392,true,108,95,97,92,heuristic
762,94786,5688,512,398,true,112,97,107,82,heuristic
763,94787,7428,512,513,true,146,118,123,126,heuristic
764,94788,7176,512,494,true,114,126,143,111,heuristic
765,94789,5732,512,411,true,112,89,103,107,heuristic
766,94790,7008,512,469,true,100,119,123,127,heuristic
767,94791,6640,512,456,true,122,104,115,115,heuristic
768,94792,7392,512,512,true,129,132,131,120,heuristic
769,94793,6836,512,477,true,126,115,130,106,heuristic
770,94794,15344,1024,884,true,221,235,236,192,heuristic
771,94795,3184,256,264,true,60,73,69,62,heuristic
772,94796,6660,512,457,true,143,87,117,110,heuristic
773,94797,3268,256,273,true,81,55,78,59,heuristic
774,94798,6440,512,439,true,109,106,134,90,heuristic
775,94799,6756,512,452,true,124,109,109,110,heuristic
776,94800,12232,1024,738,true,195,175,184,184,heuristic
777,94801,5492,512,389,true,117,88,93,91,heuristic
778,94802,6340,512,430,true,120,95,109,106,heuristic
779,94803,7360,512,512,true,132,123,134,123,heuristic
780,94804,5376,512,368,true,105,77,106,80,heuristic
781,94805,7388,512,515,true,143,117,142,113,heuristic
782,94806,5680,512,405,true,114,78,104,109,heuristic
783,94807,7116,512,490,true,128,122,128,112,heuristic
784,94808,7404,512,519,true,139,128,147,105,heuristic
785,94809,5672,512,408,true,124,82,113,89,heuristic
786,94810,12100,1024,713,true,185,176,182,170,heuristic
787,94811,12120,1024,711,true,195,163,191,162,heuristic
788,94812,12472,1024,730,true,206,162,186,176,heuristic
789,94813,6908,512,475,true,129,112,126,108,heuristic
790,94814,6968,512,474,true,118,116,130,110,heuristic
791,94815,12504,1024,739,true,186,176,220,157,heuristic
792,94816,10624,1024,630,true,142,177,180,131,heuristic
793,94817,6808,512,466,true,106,120,127,113,heuristic
794,94818,7112,512,489,true,113,132,148,96,heuristic
795,94819,6852,512,461,true,104,123,125,109,heuristic
796,94820,10344,1024,599,true,149,160,158,132,heuristic
797,94821,11604,1024,679,true,193,163,168,155,heuristic
798,94822,7732,512,522,true,114,147,113,148,heuristic
799,94823,7384,512,513,true,135,122,126,130,heuristic
800,94824,12088,1024,714,true,183,180,181,170,heuristic
801,94825,7072,512,484,true,124,112,98,150,heuristic
802,94826,7052,512,480,true,131,114,112,123,heuristic
803,94827,7096,512,490,true,127,109,128,126,heuristic
804,94828,11928,1024,701,true,158,183,184,176,heuristic
805,94829,6932,512,470,true,127,100,127,116,heuristic
806,94830,7016,512,476,true,132,103,103,138,heuristic
807,94831,7368,512,510,true,127,134,130,119,heuristic
808,94832,13984,1024,808,true,224,195,197,192,heuristic
809,94833,5380,512,367,true,101,82,88,96,heuristic
810,94834,7384,512,510,true,124,138,131,117,heuristic
811,94835,5496,512,385,true,97,90,94,104,heuristic
812,94836,6480,512,444,true,103,119,113,109,heuristic
813,94837,7056,512,480,true,153,85,127,115,heuristic
814,94838,11368,1024,652,true,142,183,195,132,heuristic
815,94839,12200,1024,726,true,204,163,173,186,heuristic
816,94840,12256,1024,728,true,176,178,190,184,heuristic
817,94841,7040,512,477,true,123,115,129,110,heuristic
818,94842,3608,256,286,true,93,68,72,53,heuristic
819,94843,6060,512,427,true,105,114,118,90,heuristic
820,94844,12364,1024,740,true,174,194,217,155,heuristic
821,94845,12248,1024,733,true,164,202,206,161,heuristic
822,94846,6644,512,454,true,110,106,141,97,heuristic
823,94847,14620,1024,855,true,241,187,212,215,heuristic
824,94848,7616,512,524,true,116,135,136,137,heuristic
825,94849,7492,512,508,true,135,116,137,120,heuristic
826,94850,5456,512,380,true,100,104,77,99,heuristic
827,94851,12060,1024,709,true,168,189,172,180,heuristic
828,94852,7256,512,512,true,139,108,128,137,heuristic
829,94853,5732,512,409,true,118,88,98,105,heuristic
830,94854,12904,1024,784,true,168,207,200,209,heuristic
831,94855,5412,512,374,true,99,83,109,83,heuristic
832,94856,7144,512,486,true,139,104,111,132,heuristic
833,94857,5536,512,391,true,103,99,95,94,heuristic
834,94858,3208,256,266,true,76,54,72,64,heuristic
835,94859,6144,512,433,true,117,107,109,100,heuristic
836,94860,12208,1024,728,true,191,201,160,176,heuristic
837,94861,10816,1024,651,true,162,164,172,153,heuristic
838,94862,5732,512,406,true,106,96,99,105,heuristic
839,94863,6356,512,430,true,85,137,122,86,heuristic
840,94864,4220,256,316,true,93,75,79,69,heuristic
841,94865,7588,512,532,true,161,109,145,117,heuristic
842,94866,7112,512,482,true,118,123,121,120,heuristic
843,94867,10372,1024,602,true,144,161,126,171,heuristic
844,94868,14500,1024,836,true,198,207,229,202,heuristic
845,94869,14708,1024,861,true,243,200,220,198,heuristic
846,94870,15060,1024,855,true,221,235,220,179,heuristic
847,94871,7192,512,503,true,125,130,125,123,heuristic
848,94872,4148,256,332,true,67,104,88,73,heuristic
849,94873,7080,512,486,true,136,112,123,115,heuristic
850,94874,7292,512,501,true,138,107,117,139,heuristic
851,94875,12380,1024,740,true,190,180,189,181,heuristic
852,94876,6512,512,441,true,118,104,119,100,heuristic
853,94877,7172,512,492,true,131,118,119,124,heuristic
854,94878,6292,512,418,true,108,99,114,97,heuristic
855,94879,15168,1024,876,true,240,193,242,201,heuristic
856,94880,14920,1024,878,true,203,247,207,221,heuristic
857,94881,7180,512,496,true,113,141,154,88,heuristic
858,94882,7252,512,497,true,119,120,117,141,heuristic
859,94883,7172,512,494,true,102,141,125,126,heuristic
860,94884,12192,1024,732,true,204,160,194,174,heuristic
861,94885,7056,512,485,true,139,95,121,130,heuristic
862,94886,12316,1024,734,true,201,178,208,147,heuristic
863,94887,14344,1024,830,true,233,186,233,178,heuristic
864,94888,7212,512,492,true,122,132,107,131,heuristic
865,94889,3372,256,279,true,76,59,88,56,heuristic
866,94890,12836,1024,746,true,198,173,217,158,heuristic
867,94891,10840,1024,657,true,171,165,167,154,heuristic
868,94892,7028,512,473,true,115,122,127,109,heuristic
869,94893,7324,512,504,true,134,111,126,133,heuristic
870,94894,7316,512,498,true,151,105,120,122,heuristic
871,94895,6352,512,429,true,127,88,104,110,heuristic
872,94896,6784,512,461,true,109,121,123,108,heuristic
873,94897,7788,512,535,true,138,129,132,136,heuristic
874,94898,12192,1024,725,true,215,171,174,165,heuristic
875,94899,7044,512,478,true,132,113,120,113,heuristic
876,94900,6360,512,430,true,112,104,118,96,heuristic
877,94901,7024,512,472,true,128,112,123,109,heuristic
878,94902,12036,1024,701,true,184,170,180,167,heuristic
879,94903,6380,512,434,true,117,102,107,108,heuristic
880,94904,1884,128,183,true,48,43,54,38,heuristic
881,94905,12200,1024,730,true,169,201,202,158,heuristic
882,94906,12152,1024,719,true,188,189,162,180,heuristic
883,94907,14080,1024,820,true,191,232,224,173,heuristic
884,94908,14196,1024,811,true,224,184,221,182,heuristic
885,94909,7056,512,481,true,123,118,127,113,heuristic
886,94910,5448,512,379,true,100,88,112,79,heuristic
887,94911,5424,512,376,true,102,80,106,88,heuristic
888,94912,7176,512,493,true,133,118,137,105,heuristic
889,94913,7228,512,492,true,124,118,126,124,heuristic
890,94914,7268,512,500,true,135,104,135,126,heuristic
891,94915,6900,512,468,true,147,93,143,85,heuristic
892,94916,15340,1024,907,true,251,225,212,219,heuristic
893,94917,3100,256,256,true,71,56,71,58,heuristic
894,94918,11560,1024,683,true,195,169,172,147,heuristic
895,94919,7060,512,475,true,128,111,128,108,heuristic
896,94920,7644,512,531,true,148,122,127,134,heuristic
897,94921,11748,1024,692,true,181,172,164,175,heuristic
898,94922,2544,256,216,true,68,34,58,56,heuristic
899,94923,6416,512,438,true,110,118,115,95,heuristic
900,94924,6896,512,467,true,123,116,116,112,heuristic
901,94925,7388,512,515,true,128,133,134,120,heuristic
902,94926,3468,256,288,true,68,82,85,53,heuristic
903,94927,12252,1024,735,true,176,190,173,196,heuristic
904,94928,12460,1024,746,true,175,182,201,188,heuristic
905,94929,7056,512,476,true,110,123,133,110,heuristic
906,94930,7144,512,491,true,138,111,145,97,heuristic
907,94931,3264,256,269,true,72,67,63,67,heuristic
908,94932,3084,256,252,true,77,56,58,61,heuristic
909,94933,3260,256,271,true,82,50,92,47,heuristic
910,94934,7412,512,508,true,142,119,127,120,heuristic
911,94935,12160,1024,720,true,178,183,164,195,heuristic
912,94936,5364,512,372,true,112,75,103,82,heuristic
913,94937,3396,256,286,true,88,55,77,66,heuristic
914,94938,6948,512,470,true,112,122,113,123,heuristic
915,94939,3140,256,259,true,72,71,66,50,heuristic
916,94940,7008,512,473,true,120,122,111,120,heuristic
917,94941,3292,256,264,true,70,63,74,57,heuristic
918,94942,8604,512,565,true,156,133,155,121,heuristic
919,94943,10648,1024,631,true,173,121,179,158,heuristic
920,94944,7188,512,497,true,139,97,144,117,heuristic
921,94945,7320,512,502,true,148,112,137,105,heuristic
922,94946,12056,1024,707,true,215,134,178,180,heuristic
923,94947,12376,1024,743,true,192,198,183,170,heuristic
924,94948,5636,512,392,true,112,99,114,67,heuristic
925,94949,7248,512,499,true,144,115,123,117,heuristic
926,94950,3476,256,289,true,94,51,67,77,heuristic
927,94951,5484,512,391,true,110,88,90,103,heuristic
928,94952,7684,512,526,true,142,120,141,123,heuristic
929,94953,3396,256,285,true,80,59,70,76,heuristic
930,94954,3660,256,304,true,83,66,87,68,heuristic
931,94955,6636,512,451,true,134,90,119,108,heuristic
932,94956,12212,1024,721,true,180,189,164,188,heuristic
933,94957,3044,256,245,true,59,61,70,55,heuristic
934,94958,7452,512,516,true,133,126,150,107,heuristic
935,94959,6856,512,464,true,122,113,111,118,heuristic
936,94960,7424,512,515,true,129,127,128,131,heuristic
937,94961,3516,256,294,true,77,73,86,58,heuristic
938,94962,10620,1024,625,true,138,180,168,139,heuristic
939,94963,5316,512,366,true,100,84,111,71,heuristic
940,94964,7672,512,522,true,144,117,134,127,heuristic
941,94965,5448,512,379,true,111,88,121,59,heuristic
942,94966,7068,512,485,true,130,111,136,108,heuristic
943,94967,7092,512,489,true,134,117,121,117,heuristic
944,94968,7132,512,488,true,134,116,121,117,heuristic
945,94969,2836,256,232,true,69,46,59,58,heuristic
946,94970,7416,512,512,true,155,100,138,119,heuristic
947,94971,7112,512,494,true,138,110,125,121,heuristic
948,94972,7492,512,524,true,129,141,127,127,heuristic
949,94973,14488,1024,848,true,162,264,203,219,heuristic
950,94974,8116,512,538,true,138,131,144,125,heuristic
951,94975,1432,128,151,true,39,33,46,33,heuristic
952,94976,7380,512,502,true,131,125,126,120,heuristic
953,94977,3168,256,265,true,69,63,72,61,heuristic
954,94978,3152,256,257,true,64,62,74,57,heuristic
955,94979,2912,256,245,true,62,60,55,68,heuristic
956,94980,12140,1024,717,true,189,171,181,176,heuristic
957,94981,5544,512,389,true,109,84,95,101,heuristic
958,94982,12116,1024,717,true,199,148,185,185,heuristic
959,94983,11216,1024,672,true,173,168,179,152,heuristic
960,94984,7236,512,503,true,147,117,122,117,heuristic
961,94985,3104,256,255,true,63,75,61,56,heuristic
962,94986,7180,512,490,true,104,143,142,101,heuristic
963,94987,5760,512,411,true,132,86,104,89,heuristic
964,94988,3384,256,282,true,92,57,85,48,heuristic
965,94989,3240,256,273,true,78,65,66,64,heuristic
966,94990,7012,512,470,true,120,120,135,95,heuristic
967,94991,14336,1024,829,true,219,188,234,188,heuristic
968,94992,5728,512,405,true,116,93,100,96,heuristic
969,94993,7052,512,484,true,130,110,125,119,heuristic
970,94994,11532,1024,682,true,175,171,150,186,heuristic
971,94995,7196,512,503,true,144,120,126,113,heuristic
972,94996,7388,512,510,true,151,112,125,122,heuristic
973,94997,14080,1024,827,true,203,222,232,170,heuristic
974,94998,5616,512,392,true,98,106,89,99,heuristic
975,94999,11856,1024,701,true,191,162,159,189,heuristic
976,95000,12600,1024,747,true,184,200,196,167,heuristic
977,95001,6432,512,436,true,117,111,111,97,heuristic
978,95002,7040,512,477,true,121,122,142,92,heuristic
979,95003,6980,512,475,true,121,113,121,120,heuristic
980,95004,3336,256,275,true,71,62,73,69,heuristic
981,95005,2548,256,221,true,50,58,55,58,heuristic
982,95006,4716,512,323,true,76,80,75,92,heuristic
983,95007,7300,512,498,true,143,111,118,126,heuristic
984,95008,11684,1024,689,true,189,155,214,131,heuristic
985,95009,1744,128,176,true,50,43,44,39,heuristic
986,95010,11400,1024,670,true,175,158,164,173,heuristic
987,95011,6876,512,467,true,140,100,132,95,heuristic
988,95012,15668,1024,921,true,258,205,217,241,heuristic
989,95013,7180,512,491,true,122,115,143,111,heuristic
990,95014,3180,256,264,true,69,59,76,60,heuristic
991,95015,7380,512,512,true,125,128,132,127,heuristic
992,95016,14440,1024,842,true,206,226,218,192,heuristic
993,95017,11976,1024,698,true,189,165,184,160,heuristic
994,95018,7604,512,522,true,140,130,125,127,heuristic
995,95019,7264,512,511,true,128,117,146,120,heuristic
996,95020,6448,512,439,true,125,106,106,102,heuristic
997,95021,4968,512,341,true,101,81,72,87,heuristic
998,95022,7540,512,529,true,149,118,137,125,heuristic
999,95023,7112,512,494,true,127,126,135,106,heuristic
1000,95024,5620,512,393,true,127,70,109,87,heuristic
1001,95025,3344,256,278,true,70,75,73,60,heuristic
1002,95026,12220,1024,726,true,180,174,220,152,heuristic
1003,95027,7172,512,490,true,106,126,142,116,heuristic
1004,95028,6772,512,454,true,106,121,130,97,heuristic
1005,95029,6532,512,455,true,135,92,128,100,heuristic
1006,95030,5384,512,372,true,88,94,105,85,heuristic
1007,95031,5624,512,391,true,97,100,103,91,heuristic
1008,95032,12100,1024,713,true,212,146,174,181,heuristic
1009,95033,7288,512,506,true,140,112,121,133,heuristic
1010,95034,5788,512,400,true,103,104,89,104,heuristic
1011,95035,13072,1024,769,true,222,151,223,173,heuristic
1012,95036,14860,1024,857,true,221,224,192,220,heuristic
1013,95037,12168,1024,717,true,199,156,201,161,heuristic
1014,95038,6668,512,458,true,96,129,120,113,heuristic
1015,95039,7148,512,487,true,142,116,108,121,heuristic
1016,95040,7316,512,501,true,131,119,138,113,heuristic
1017,95041,6632,512,454,true,105,124,119,106,heuristic
1018,95042,7148,512,486,true,137,120,118,111,heuristic
1019,95043,7156,512,493,true,112,146,94,141,heuristic
1020,95044,6724,512,460,true,118,113,123,106,heuristic
1021,95045,7364,512,510,true,122,126,94,168,heuristic
1022,95046,10756,1024,636,true,109,188,187,152,heuristic
1023,95047,3076,256,253,true,86,45,61,61,heuristic
1024,95048,7376,512,506,true,154,106,127,119,heuristic
1025,95049,13608,1024,770,true,185,202,196,187,heuristic
1026,95050,11660,1024,686,true,169,178,189,150,heuristic
1027,95051,3360,256,277,true,74,59,83,61,heuristic
1028,95052,12244,1024,741,true,188,176,211,166,heuristic
1029,95053,9976,1024,582,true,168,135,138,141,heuristic
1030,95054,6660,512,462,true,130,117,116,99,heuristic
1031,95055,6812,512,463,true,114,125,126,98,heuristic
1032,95056,6532,512,449,true,130,92,109,118,heuristic
1033,95057,5480,512,386,true,111,89,89,97,heuristic
1034,95058,7220,512,500,true,133,115,147,105,heuristic
1035,95059,7452,512,517,true,153,109,133,122,heuristic
1036,95060,3760,256,297,true,77,59,94,67,heuristic
1037,95061,6476,512,443,true,111,129,90,113,heuristic
1038,95062,7068,512,480,true,132,107,132,109,heuristic
1039,95063,3312,256,280,true,77,65,58,80,heuristic
1040,95064,2948,256,238,true,59,60,70,49,heuristic
1041,95065,6868,512,467,true,132,114,117,104,heuristic
1042,95066,6332,512,428,true,120,104,106,98,heuristic
1043,95067,8080,512,545,true,145,123,126,151,heuristic
1044,95068,14100,1024,818,true,202,217,224,175,heuristic
1045,95069,6028,512,416,true,87,120,118,91,heuristic
1046,95070,7016,512,470,true,133,118,126,93,heuristic
1047,95071,7180,512,495,true,120,129,132,114,heuristic
1048,95072,12112,1024,716,true,196,150,221,149,heuristic
1049,95073,7212,512,499,true,124,128,151,96,heuristic
1050,95074,12436,1024,753,true,211,169,183,190,heuristic
1051,95075,6452,512,440,true,113,110,121,96,heuristic
1052,95076,6484,512,445,true,121,113,122,89,heuristic
1053,95077,5724,512,408,true,111,88,111,98,heuristic
1054,95078,6168,512,404,true,125,78,96,105,heuristic
1055,95079,8056,512,538,true,121,146,147,124,heuristic
1056,95080,10512,1024,621,true,162,145,176,138,heuristic
1057,95081,3760,256,300,true,97,58,70,75,heuristic
1058,95082,15016,1024,854,true,223,204,192,235,heuristic
1059,95083,14052,1024,805,true,229,184,231,161,heuristic
1060,95084,12180,1024,725,true,196,166,166,197,heuristic
1061,95085,7244,512,505,true,139,119,123,124,heuristic
1062,95086,7044,512,478,true,112,126,89,151,heuristic
1063,95087,5528,512,386,true,115,69,106,96,heuristic
1064,95088,3140,256,258,true,66,58,65,69,heuristic
1065,95089,7140,512,489,true,114,130,124,121,heuristic
1066,95090,11856,1024,693,true,181,171,194,147,heuristic
1067,95091,6492,512,435,true,116,113,110,96,heuristic
1068,95092,14432,1024,836,true,225,187,230,194,heuristic
1069,95093,12144,1024,716,true,188,182,167,179,heuristic
1070,95094,3048,256,247,true,46,68,84,49,heuristic
1071,95095,7160,512,494,true,137,108,115,134,heuristic
1072,95096,7192,512,497,true,133,117,118,129,heuristic
1073,95097,7080,512,486,true,161,92,129,104,heuristic
1074,95098,6584,512,449,true,117,104,132,96,heuristic
1075,95099,10616,1024,619,true,182,145,154,138,heuristic
1076,95100,3520,256,295,true,99,56,66,74,heuristic
1077,95101,7264,512,511,true,121,147,123,120,heuristic
1078,95102,5500,512,383,true,111,86,95,91,heuristic
1079,95103,12168,1024,728,true,182,186,196,164,heuristic
1080,95104,7172,512,497,true,124,119,140,114,heuristic
1081,95105,8160,512,547,true,123,143,132,149,heuristic
1082,95106,7076,512,486,true,149,97,119,121,heuristic
1083,95107,5620,512,393,true,99,101,109,84,heuristic
1084,95108,7392,512,515,true,140,122,144,109,heuristic
1085,95109,11828,1024,692,true,215,125,190,162,heuristic
1086,95110,7064,512,477,true,136,105,111,125,heuristic
1087,95111,7144,512,491,true,150,95,133,113,heuristic
1088,95112,7096,512,487,true,139,100,141,107,heuristic
1089,95113,3404,256,285,true,83,68,75,59,heuristic
1090,95114,7164,512,491,true,130,114,106,141,heuristic
1091,95115,5768,512,413,true,116,89,118,90,heuristic
1092,95116,15852,1024,920,true,233,240,245,202,heuristic
1093,95117,15628,1024,904,true,265,187,248,204,heuristic
1094,95118,9720,1024,556,true,171,109,157,119,heuristic
1095,95119,7096,512,486,true,140,115,107,124,heuristic
1096,95120,7388,512,514,true,136,123,147,108,heuristic
1097,95121,6772,512,458,true,92,126,118,122,heuristic
1098,95122,12028,1024,715,true,209,164,210,132,heuristic
1099,95123,14128,1024,809,true,201,201,169,238,heuristic
1100,95124,7456,512,516,true,143,132,125,116,heuristic
1101,95125,7044,512,478,true,142,108,115,113,heuristic
1102,95126,14424,1024,838,true,199,218,217,204,heuristic
1103,95127,12044,1024,705,true,200,171,194,140,heuristic
1104,95128,12316,1024,739,true,187,193,158,201,heuristic
1105,95129,5416,512,376,true,95,87,91,103,heuristic
1106,95130,14876,1024,875,true,234,213,216,212,heuristic
1107,95131,7272,512,490,true,128,121,132,109,heuristic
1108,95132,6660,512,458,true,124,114,116,104,heuristic
1109,95133,3320,256,266,true,73,67,76,50,heuristic
1110,95134,7096,512,486,true,149,93,131,113,heuristic
1111,95135,6784,512,455,true,115,116,123,101,heuristic
1112,95136,7104,512,488,true,121,126,134,107,heuristic
1113,95137,6880,512,464,true,136,101,88,139,heuristic
1114,95138,3088,256,257,true,87,42,68,60,heuristic
1115,95139,7800,512,511,true,129,126,147,109,heuristic
1116,95140,7216,512,503,true,150,101,148,104,heuristic
1117,95141,3492,256,296,true,85,72,62,77,heuristic
1118,95142,6464,512,445,true,117,111,109,108,heuristic
1119,95143,12048,1024,705,true,167,187,189,162,heuristic
1120,95144,9732,1024,557,true,137,135,136,149,heuristic
1121,95145,12620,1024,765,true,194,204,196,171,heuristic
1122,95146,6828,512,467,true,129,111,129,98,heuristic
1123,95147,12040,1024,702,true,188,143,205,166,heuristic
1124,95148,12192,1024,723,true,180,207,165,171,heuristic
1125,95149,16132,1024,951,true,265,197,266,223,heuristic
1126,95150,12100,1024,713,true,198,152,178,185,heuristic
1127,95151,5424,512,376,true,112,84,104,76,heuristic
1128,95152,11572,1024,681,true,183,169,142,187,heuristic
1129,95153,7648,512,532,true,146,121,155,110,heuristic
1130,95154,5312,512,369,true,80,112,110,67,heuristic
1131,95155,7236,512,493,true,141,114,125,113,heuristic
1132,95156,14984,1024,852,true,221,219,198,214,heuristic
1133,95157,3136,256,258,true,64,65,76,53,heuristic
1134,95158,12136,1024,722,true,160,185,176,201,heuristic
1135,95159,6544,512,438,true,131,100,111,96,heuristic
1136,95160,12204,1024,726,true,189,189,163,185,heuristic
1137,95161,7152,512,493,true,110,152,108,123,heuristic
1138,95162,7104,512,488,true,124,115,148,101,heuristic
1139,95163,10720,1024,640,true,175,162,153,150,heuristic
1140,95164,7364,512,513,true,156,97,138,122,heuristic
1141,95165,11968,1024,701,true,191,161,200,149,heuristic
1142,95166,7400,512,502,true,114,122,135,131,heuristic
1143,95167,11108,1024,666,true,169,163,154,180,heuristic
1144,95168,6472,512,442,true,115,102,114,111,heuristic
1145,95169,3060,256,250,true,69,58,61,62,heuristic
1146,95170,6964,512,470,true,115,117,126,112,heuristic
1147,95171,4280,256,350,true,103,79,78,90,heuristic
1148,95172,8756,512,597,true,154,152,143,148,heuristic
1149,95173,7164,512,493,true,126,123,135,109,heuristic
1150,95174,7208,512,500,true,130,130,120,120,heuristic
1151,95175,3180,256,263,true,65,65,74,59,heuristic
1152,95176,14636,1024,840,true,216,209,212,203,heuristic
1153,95177,3764,256,301,true,64,80,88,69,heuristic
1154,95178,7052,512,476,true,139,114,117,106,heuristic
1155,95179,7656,512,532,true,129,132,149,122,heuristic
1156,95180,3164,256,266,true,77,58,89,42,heuristic
1157,95181,6948,512,470,true,131,112,129,98,heuristic
1158,95182,6620,512,451,true,130,99,111,111,heuristic
1159,95183,6304,512,421,true,121,92,112,96,heuristic
1160,95184,7160,512,491,true,127,116,112,136,heuristic
1161,95185,5596,512,388,true,108,86,112,82,heuristic
1162,95186,6272,512,428,true,121,93,88,126,heuristic
1163,95187,15076,1024,854,true,269,150,259,176,heuristic
1164,95188,10452,1024,609,true,182,129,162,136,heuristic
1165,95189,6824,512,470,true,122,103,119,126,heuristic
1166,95190,7192,512,498,true,144,107,141,106,heuristic
1167,95191,7420,512,518,true,125,117,155,121,heuristic
1168,95192,5604,512,386,true,85,103,107,91,heuristic
1169,95193,5360,512,372,true,117,77,80,98,heuristic
1170,95194,3292,256,275,true,72,64,67,72,heuristic
1171,95195,3724,256,292,true,86,56,80,70,heuristic
1172,95196,11428,1024,674,true,168,182,157,167,heuristic
1173,95197,6432,512,441,true,125,105,116,95,heuristic
1174,95198,6816,512,453,true,136,89,134,94,heuristic
1175,95199,15368,1024,893,true,250,217,221,205,heuristic
1176,95200,6884,512,469,true,131,106,129,103,heuristic
1177,95201,4540,512,302,true,83,68,72,79,heuristic
1178,95202,7052,512,479,true,119,130,119,111,heuristic
1179,95203,2664,256,227,true,46,72,57,52,heuristic
1180,95204,15520,1024,911,true,241,218,235,217,heuristic
1181,95205,14320,1024,835,true,216,203,205,211,heuristic
1182,95206,7416,512,514,true,117,146,133,118,heuristic
1183,95207,7864,512,538,true,136,132,142,128,heuristic
1184,95208,7324,512,498,true,117,132,124,125,heuristic
1185,95209,7320,512,502,true,131,122,138,111,heuristic
1186,95210,11808,1024,704,true,204,148,183,169,heuristic
1187,95211,7156,512,494,true,121,121,127,125,heuristic
1188,95212,12152,1024,720,true,185,180,187,168,heuristic
1189,95213,15992,1024,939,true,265,210,220,244,heuristic
1190,95214,2528,256,216,true,71,40,52,53,heuristic
1191,95215,7168,512,492,true,116,115,135,126,heuristic
1192,95216,11952,1024,709,true,192,164,194,159,heuristic
1193,95217,7340,512,507,true,129,143,143,92,heuristic
1194,95218,5400,512,375,true,89,100,90,96,heuristic
1195,95219,10528,1024,626,true,175,135,165,151,heuristic
1196,95220,6888,512,470,true,124,118,105,123,heuristic
1197,95221,12680,1024,752,true,212,167,194,179,heuristic
1198,95222,6980,512,465,true,121,124,120,100,heuristic
1199,95223,7204,512,484,true,140,99,125,120,heuristic
1200,95224,6584,512,443,true,111,110,117,105,heuristic
1201,95225,3080,256,255,true,75,53,62,65,heuristic
1202,95226,10468,1024,609,true,146,166,149,148,heuristic
1203,95227,7556,512,521,true,112,147,129,133,heuristic
1204,95228,6488,512,435,true,100,112,126,97,heuristic
1205,95229,15496,1024,909,true,230,228,234,217,heuristic
1206,95230,7176,512,494,true,111,140,125,118,heuristic
1207,95231,7068,512,483,true,123,121,120,119,heuristic
1208,95232,5308,512,365,true,96,99,100,70,heuristic
1209,95233,7120,512,491,true,134,123,109,125,heuristic
1210,95234,6744,512,456,true,109,116,109,122,heuristic
1211,95235,14232,1024,824,true,208,207,221,188,heuristic
1212,95236,7024,512,477,true,121,124,134,98,heuristic
1213,95237,6412,512,443,true,112,106,121,104,heuristic
1214,95238,12172,1024,730,true,184,193,191,162,heuristic
1215,95239,6640,512,456,true,127,100,126,103,heuristic
1216,95240,5432,512,379,true,110,83,96,90,heuristic
1217,95241,11924,1024,706,true,176,174,175,181,heuristic
1218,95242,7876,512,543,true,166,113,144,120,heuristic
1219,95243,6748,512,450,true,109,124,114,103,heuristic
1220,95244,12196,1024,728,true,222,150,196,160,heuristic
1221,95245,6600,512,443,true,108,116,117,102,heuristic
1222,95246,7060,512,482,true,111,124,142,105,heuristic
1223,95247,7316,512,501,true,137,110,119,135,heuristic
1224,95248,12208,1024,729,true,168,178,188,195,heuristic
1225,95249,6768,512,473,true,112,128,125,108,heuristic
1226,95250,6784,512,460,true,138,96,117,109,heuristic
1227,95251,6748,512,467,true,119,122,131,95,heuristic
1228,95252,3480,256,290,true,99,57,66,68,heuristic
1229,95253,6412,512,435,true,114,104,104,113,heuristic
1230,95254,3208,256,266,true,64,73,69,60,heuristic
1231,95255,15104,1024,866,true,251,185,212,218,heuristic
1232,95256,3620,256,297,true,74,68,86,69,heuristic
1233,95257,3376,256,280,true,81,62,73,64,heuristic
1234,95258,3204,256,269,true,69,59,78,63,heuristic
1235,95259,16148,1024,957,true,276,220,252,209,heuristic
1236,95260,7176,512,498,true,122,125,144,107,heuristic
1237,95261,7072,512,480,true,113,125,113,129,heuristic
1238,95262,7476,512,512,true,154,113,124,121,heuristic
1239,95263,3580,256,287,true,85,63,63,76,heuristic
1240,95264,11400,1024,659,true,146,177,145,191,heuristic
1241,95265,12468,1024,749,true,190,174,207,178,heuristic
1242,95266,3176,256,263,true,80,64,60,59,heuristic
1243,95267,11816,1024,691,true,161,190,157,183,heuristic
1244,95268,10448,1024,609,true,164,132,168,145,heuristic
1245,95269,7152,512,488,true,120,119,138,111,heuristic
1246,95270,5620,512,393,true,109,85,124,75,heuristic
1247,95271,6780,512,473,true,148,98,120,107,heuristic
1248,95272,5596,512,387,true,108,95,89,95,heuristic
1249,95273,3324,256,266,true,60,69,74,63,heuristic
1250,95274,5744,512,394,true,111,91,104,88,heuristic
1251,95275,3276,256,268,true,76,60,71,61,heuristic
1252,95276,11904,1024,701,true,181,167,173,180,heuristic
1253,95277,12204,1024,727,true,182,173,191,181,heuristic
1254,95278,7456,512,515,true,121,143,144,107,heuristic
1255,95279,7228,512,492,true,134,106,140,112,heuristic
1256,95280,6808,512,467,true,107,132,107,121,heuristic
1257,95281,5680,512,396,true,102,89,101,104,heuristic
1258,95282,12004,1024,711,true,167,176,156,212,heuristic
1259,95283,7488,512,519,true,165,93,133,128,heuristic
1260,95284,7184,512,497,true,138,124,129,106,heuristic
1261,95285,3216,256,269,true,74,56,80,59,heuristic
1262,95286,3396,256,280,true,63,75,75,67,heuristic
1263,95287,3848,256,319,true,89,72,97,61,heuristic
1264,95288,9964,1024,583,true,157,143,160,123,heuristic
1265,95289,6964,512,474,true,96,139,120,119,heuristic
1266,95290,11876,1024,698,true,175,175,144,204,heuristic
1267,95291,3928,256,322,true,89,71,83,79,heuristic
1268,95292,3552,256,296,true,65,65,111,55,heuristic
1269,95293,14084,1024,819,true,229,187,215,188,heuristic
1270,95294,7196,512,485,true,131,121,111,122,heuristic
1271,95295,15564,1024,918,true,245,222,234,217,heuristic
1272,95296,14400,1024,840,true,255,186,226,173,heuristic
1273,95297,11516,1024,678,true,222,148,163,145,heuristic
1274,95298,7148,512,498,true,134,107,139,118,heuristic
1275,95299,7084,512,488,true,127,121,118,122,heuristic
1276,95300,11760,1024,696,true,181,181,166,168,heuristic
1277,95301,3392,256,281,true,65,86,76,54,heuristic
1278,95302,15480,1024,903,true,255,217,219,212,heuristic
1279,95303,12192,1024,727,true,214,162,199,152,heuristic
1280,95304,12024,1024,704,true,165,183,184,172,heuristic
1281,95305,5600,512,404,true,111,82,106,105,heuristic
1282,95306,12024,1024,705,true,201,155,172,177,heuristic
1283,95307,6768,512,456,true,127,112,108,109,heuristic
1284,95308,6420,512,434,true,110,114,93,117,heuristic
1285,95309,7248,512,496,true,125,128,125,118,heuristic
1286,95310,1704,128,171,true,48,40,44,39,heuristic
1287,95311,7404,512,507,true,128,134,133,112,heuristic
1288,95312,7340,512,506,true,137,126,124,119,heuristic
1289,95313,7040,512,477,true,124,115,121,117,heuristic
1290,95314,3876,256,309,true,93,66,76,74,heuristic
1291,95315,7032,512,475,true,144,102,107,122,heuristic
1292,95316,10616,1024,618,true,157,164,131,166,heuristic
1293,95317,3828,256,313,true,79,81,77,76,heuristic
1294,95318,7244,512,496,true,114,127,136,119,heuristic
1295,95319,12180,1024,722,true,198,175,163,186,heuristic
1296,95320,11408,1024,662,true,200,139,177,146,heuristic
1297,95321,15452,1024,902,true,200,239,239,224,heuristic
1298,95322,6808,512,463,true,124,103,126,110,heuristic
1299,95323,12184,1024,722,true,175,199,177,171,heuristic
1300,95324,6956,512,482,true,121,121,120,120,heuristic
1301,95325,7100,512,485,true,127,119,130,109,heuristic
1302,95326,12248,1024,733,true,187,178,194,174,heuristic
1303,95327,14624,1024,857,true,229,196,210,222,heuristic
1304,95328,3624,256,294,true,102,51,68,73,heuristic
1305,95329,11884,1024,695,true,168,179,177,171,heuristic
1306,95330,3492,256,282,true,67,72,77,66,heuristic
1307,95331,11976,1024,702,true,189,157,178,178,heuristic
1308,95332,12904,1024,778,true,204,178,186,210,heuristic
1309,95333,11924,1024,701,true,174,178,191,158,heuristic
1310,95334,7176,512,499,true,136,121,116,126,heuristic
1311,95335,7004,512,467,true,122,104,141,100,heuristic
1312,95336,6432,512,438,true,106,116,104,112,heuristic
1313,95337,5664,512,400,true,105,95,121,79,heuristic
1314,95338,6796,512,460,true,121,112,129,98,heuristic
1315,95339,12060,1024,707,true,194,172,144,197,heuristic
1316,95340,3144,256,262,true,75,59,67,61,heuristic
1317,95341,7396,512,512,true,142,125,118,127,heuristic
1318,95342,3140,256,258,true,63,57,78,60,heuristic
1319,95343,6748,512,452,true,118,105,115,114,heuristic
1320,95344,7448,512,518,true,123,122,139,134,heuristic
1321,95345,10584,1024,626,true,166,147,155,158,heuristic
1322,95346,12116,1024,709,true,176,179,187,167,heuristic
1323,95347,14380,1024,835,true,231,193,178,233,heuristic
1324,95348,7204,512,500,true,139,105,141,115,heuristic
1325,95349,10380,1024,604,true,170,146,156,132,heuristic
1326,95350,6504,512,449,true,110,119,116,104,heuristic
1327,95351,6592,512,449,true,139,91,115,104,heuristic
1328,95352,5300,512,362,true,111,82,84,85,heuristic
1329,95353,5468,512,386,true,105,98,107,76,heuristic
1330,95354,5884,512,411,true,137,83,97,94,heuristic
1331,95355,2992,256,249,true,68,58,56,67,heuristic
1332,95356,3248,256,275,true,76,61,76,62,heuristic
1333,95357,3472,256,274,true,73,65,84,52,heuristic
1334,95358,6060,512,425,true,110,104,118,93,heuristic
1335,95359,7188,512,492,true,108,149,134,101,heuristic
1336,95360,7368,512,509,true,167,95,138,109,heuristic
1337,95361,10772,1024,640,true,172,136,188,144,heuristic
1338,95362,11604,1024,685,true,197,171,176,141,heuristic
1339,95363,7048,512,478,true,122,132,107,117,heuristic
1340,95364,8044,512,535,true,116,151,147,121,heuristic
1341,95365,5868,512,411,true,104,98,104,105,heuristic
1342,95366,15420,1024,899,true,248,221,223,207,heuristic
1343,95367,12156,1024,720,true,148,211,174,187,heuristic
1344,95368,3244,256,268,true,72,66,72,58,heuristic
1345,95369,7356,512,507,true,112,144,131,120,heuristic
1346,95370,1564,128,163,true,42,35,40,46,heuristic
1347,95371,3336,256,270,true,79,62,57,72,heuristic
1348,95372,7384,512,510,true,142,102,141,125,heuristic
1349,95373,14668,1024,859,true,263,195,203,198,heuristic
1350,95374,7072,512,485,true,145,94,119,127,heuristic
1351,95375,13620,1024,778,true,196,188,162,232,heuristic
1352,95376,3912,256,319,true,85,70,77,87,heuristic
1353,95377,7112,512,483,true,105,145,108,125,heuristic
1354,95378,7088,512,483,true,121,122,131,109,heuristic
1355,95379,7412,512,509,true,126,124,126,133,heuristic
1356,95380,7060,512,483,true,119,121,115,128,heuristic
1357,95381,7164,512,480,true,140,104,121,115,heuristic
1358,95382,7212,512,492,true,130,108,123,131,heuristic
1359,95383,3208,256,266,true,65,63,85,53,heuristic
1360,95384,5580,512,399,true,92,97,104,106,heuristic
1361,95385,7152,512,493,true,114,140,124,115,heuristic
1362,95386,7048,512,480,true,133,127,126,94,heuristic
1363,95387,11908,1024,708,true,175,178,174,181,heuristic
1364,95388,12592,1024,749,true,187,199,178,185,heuristic
1365,95389,6404,512,430,true,128,92,107,103,heuristic
1366,95390,7160,512,490,true,134,120,134,102,heuristic
1367,95391,7432,512,513,true,156,100,111,146,heuristic
1368,95392,11968,1024,712,true,204,162,169,177,heuristic
1369,95393,11372,1024,656,true,196,144,176,140,heuristic
1370,95394,3252,256,272,true,65,70,81,56,heuristic
1371,95395,7136,512,485,true,124,119,127,115,heuristic
1372,95396,12244,1024,737,true,176,206,192,163,heuristic
1373,95397,14108,1024,814,true,196,216,192,210,heuristic
1374,95398,3324,256,278,true,83,71,70,54,heuristic
1375,95399,5496,512,390,true,93,100,104,93,heuristic
1376,95400,6100,512,422,true,115,104,93,110,heuristic
1377,95401,3504,256,296,true,82,69,62,83,heuristic
1378,95402,3300,256,267,true,77,48,83,59,heuristic
1379,95403,12104,1024,718,true,172,185,181,180,heuristic
1380,95404,8252,512,560,true,147,136,139,138,heuristic
1381,95405,5556,512,393,true,112,93,109,79,heuristic
1382,95406,7100,512,487,true,141,105,120,121,heuristic
1383,95407,14048,1024,806,true,209,192,204,201,heuristic
1384,95408,6712,512,452,true,113,119,95,125,heuristic
1385,95409,11780,1024,696,true,185,150,183,178,heuristic
1386,95410,10364,1024,600,true,184,129,160,127,heuristic
1387,95411,7096,512,489,true,124,119,146,100,heuristic
1388,95412,7176,512,494,true,132,119,123,120,heuristic
1389,95413,3124,256,255,true,57,73,55,70,heuristic
1390,95414,1480,128,153,true,42,39,43,29,heuristic
1391,95415,5276,512,357,true,99,92,94,72,heuristic
1392,95416,3176,256,262,true,50,69,88,55,heuristic
1393,95417,12228,1024,733,true,180,200,201,152,heuristic
1394,95418,5624,512,395,true,101,86,126,82,heuristic
1395,95419,11812,1024,690,true,158,190,189,153,heuristic
1396,95420,5380,512,377,true,96,112,100,69,heuristic
1397,95421,3036,256,245,true,73,45,65,62,heuristic
1398,95422,6536,512,442,true,118,115,114,95,heuristic
1399,95423,12780,1024,764,true,195,192,217,160,heuristic
1400,95424,15404,1024,895,true,224,221,249,201,heuristic
1401,95425,5648,512,396,true,115,91,97,93,heuristic
1402,95426,6628,512,450,true,136,90,112,112,heuristic
1403,95427,7272,512,497,true,127,135,106,129,heuristic
1404,95428,6504,512,442,true,112,100,109,121,heuristic
1405,95429,8028,512,539,true,144,127,137,131,heuristic
1406,95430,5032,512,359,true,87,96,91,85,heuristic
1407,95431,2956,256,244,true,67,56,69,52,heuristic
1408,95432,3068,256,252,true,75,61,55,61,heuristic
1409,95433,8060,512,554,true,122,157,151,124,heuristic
1410,95434,5360,512,372,true,84,102,86,100,heuristic
1411,95435,7380,512,513,true,139,113,142,119,heuristic
1412,95436,3160,256,263,true,81,56,62,64,heuristic
1413,95437,7012,512,485,true,128,117,132,108,heuristic
1414,95438,5572,512,397,true,109,85,109,94,heuristic
1415,95439,5436,512,380,true,106,87,116,71,heuristic
1416,95440,3504,256,292,true,92,61,83,56,heuristic
1417,95441,10836,1024,651,true,153,164,202,132,heuristic
1418,95442,7084,512,487,true,112,120,143,112,heuristic
1419,95443,12140,1024,719,true,195,180,159,185,heuristic
1420,95444,7172,512,495,true,137,116,113,129,heuristic
1421,95445,7096,512,489,true,125,126,141,97,heuristic
1422,95446,5048,512,344,true,72,104,95,73,heuristic
1423,95447,7388,512,515,true,110,140,149,116,heuristic
1424,95448,7148,512,491,true,110,138,127,116,heuristic
1425,95449,7192,512,498,true,118,121,141,118,heuristic
1426,95450,3236,256,271,true,76,67,59,69,heuristic
1427,95451,3156,256,257,true,74,54,63,66,heuristic
1428,95452,12120,1024,722,true,188,184,186,164,heuristic
1429,95453,6072,512,428,true,109,102,116,101,heuristic
1430,95454,7460,512,502,true,140,117,132,113,heuristic
1431,95455,12428,1024,739,true,183,196,180,180,heuristic
1432,95456,15100,1024,876,true,217,214,222,223,heuristic
1433,95457,7312,512,499,true,113,127,137,122,heuristic
1434,95458,7652,512,522,true,148,118,118,138,heuristic
1435,95459,3296,256,265,true,75,58,75,57,heuristic
1436,95460,5508,512,396,true,95,90,122,89,heuristic
1437,95461,12120,1024,718,true,197,168,164,189,heuristic
1438,95462,15224,1024,870,true,238,220,211,201,heuristic
1439,95463,12076,1024,712,true,181,158,176,197,heuristic
1440,95464,3276,256,274,true,63,77,68,66,heuristic
1441,95465,10752,1024,636,true,154,165,135,182,heuristic
1442,95466,11468,1024,666,true,191,147,173,155,heuristic
1443,95467,12432,1024,748,true,190,176,208,174,heuristic
1444,95468,6168,512,416,true,115,93,90,118,heuristic
1445,95469,12452,1024,741,true,194,193,170,184,heuristic
1446,95470,11892,1024,698,true,213,154,155,176,heuristic
1447,95471,12060,1024,711,true,196,177,172,166,heuristic
1448,95472,3528,256,294,true,73,82,84,55,heuristic
1449,95473,7084,512,475,true,122,98,136,119,heuristic
1450,95474,12944,1024,784,true,230,182,182,190,heuristic
1451,95475,7140,512,489,true,103,144,145,97,heuristic
1452,95476,6208,512,440,true,114,110,101,115,heuristic
1453,95477,6908,512,464,true,112,124,128,100,heuristic
1454,95478,5108,512,347,true,89,84,93,81,heuristic
1455,95479,7196,512,499,true,137,116,112,134,heuristic
1456,95480,7084,512,488,true,139,116,117,116,heuristic
1457,95481,15904,1024,939,true,253,208,252,226,heuristic
1458,95482,13656,1024,783,true,175,216,196,196,heuristic
1459,95483,7268,512,498,true,127,112,139,120,heuristic
1460,95484,5420,512,375,true,97,94,95,89,heuristic
1461,95485,12016,1024,701,true,193,158,193,157,heuristic
1462,95486,7124,512,484,true,128,112,134,110,heuristic
1463,95487,7452,512,518,true,134,124,115,145,heuristic
1464,95488,7248,512,497,true,132,118,124,123,heuristic
1465,95489,3372,256,280,true,74,70,74,62,heuristic
1466,95490,11460,1024,669,true,166,175,151,177,heuristic
1467,95491,7096,512,491,true,130,106,125,130,heuristic
1468,95492,3056,256,249,true,69,61,56,63,heuristic
1469,95493,3112,256,258,true,64,61,75,58,heuristic
1470,95494,3240,256,273,true,69,72,55,77,heuristic
1471,95495,16052,1024,940,true,215,255,245,225,heuristic
1472,95496,5620,512,390,true,93,118,95,84,heuristic
1473,95497,12076,1024,712,true,190,175,163,184,heuristic
1474,95498,14316,1024,824,true,216,209,212,187,heuristic
1475,95499,3320,256,270,true,71,64,66,69,heuristic
1476,95500,7248,512,490,true,154,110,125,101,heuristic
1477,95501,5740,512,407,true,107,102,116,82,heuristic
1478,95502,6984,512,473,true,130,112,118,113,heuristic
1479,95503,7812,512,536,true,134,130,139,133,heuristic
1480,95504,7012,512,473,true,124,110,131,108,heuristic
1481,95505,7180,512,495,true,143,108,133,111,heuristic
1482,95506,6768,512,457,true,115,118,122,102,heuristic
1483,95507,7176,512,494,true,125,133,118,118,heuristic
1484,95508,12292,1024,734,true,200,168,227,139,heuristic
1485,95509,10624,1024,620,true,137,161,152,170,heuristic
1486,95510,12156,1024,719,true,192,165,204,158,heuristic
1487,95511,6396,512,432,true,128,86,103,115,heuristic
1488,95512,5328,512,369,true,96,88,108,77,heuristic
1489,95513,5868,512,406,true,105,100,103,98,heuristic
1490,95514,6588,512,447,true,108,112,116,111,heuristic
1491,95515,7208,512,502,true,157,95,133,117,heuristic
1492,95516,6728,512,452,true,118,105,129,100,heuristic
1493,95517,3824,256,308,true,81,75,89,63,heuristic
1494,95518,12152,1024,719,true,192,184,182,161,heuristic
1495,95519,7060,512,481,true,134,120,107,120,heuristic
1496,95520,14348,1024,820,true,214,190,211,205,heuristic
1497,95521,7196,512,499,true,128,119,123,129,heuristic
1498,95522,10536,1024,616,true,163,162,151,140,heuristic
1499,95523,7068,512,484,true,129,127,125,103,heuristic
1500,95524,15376,1024,892,true,250,212,235,195,heuristic
1501,95525,7140,512,486,true,133,120,125,108,heuristic
1502,95526,7472,512,520,true,148,121,134,117,heuristic
1503,95527,2624,256,222,true,49,51,65,57,heuristic
1504,95528,7072,512,476,true,129,113,133,101,heuristic
1505,95529,6828,512,463,true,112,121,126,104,heuristic
1506,95530,6688,512,458,true,111,123,121,103,heuristic
1507,95531,7420,512,497,true,129,114,137,117,heuristic
1508,95532,5664,512,399,true,93,100,111,95,heuristic
1509,95533,12480,1024,751,true,175,194,180,202,heuristic
1510,95534,3176,256,262,true,54,78,63,67,heuristic
1511,95535,10440,1024,608,true,140,168,180,120,heuristic
1512,95536,12232,1024,729,true,182,193,165,189,heuristic
1513,95537,3096,256,254,true,57,63,67,67,heuristic
1514,95538,3208,256,269,true,67,64,84,54,heuristic
1515,95539,5580,512,388,true,104,93,92,99,heuristic
1516,95540,3364,256,277,true,77,66,58,76,heuristic
1517,95541,12092,1024,721,true,192,169,186,174,heuristic
1518,95542,5364,512,373,true,94,88,87,104,heuristic
1519,95543,7780,512,537,true,135,126,128,148,heuristic
1520,95544,16188,1024,951,true,237,236,237,241,heuristic
1521,95545,7388,512,515,true,160,104,151,100,heuristic
1522,95546,3176,256,257,true,78,59,65,55,heuristic
1523,95547,3284,256,271,true,73,64,64,70,heuristic
1524,95548,7104,512,481,true,120,113,136,112,heuristic
1525,95549,12256,1024,738,true,184,180,217,157,heuristic
1526,95550,7188,512,493,true,146,109,127,111,heuristic
1527,95551,5824,512,408,true,108,104,87,109,heuristic
1528,95552,12248,1024,732,true,176,194,211,151,heuristic
1529,95553,3216,256,271,true,75,67,56,73,heuristic
1530,95554,3460,256,285,true,78,70,67,70,heuristic
1531,95555,3412,256,278,true,68,65,93,52,heuristic
1532,95556,12004,1024,715,true,193,174,187,161,heuristic
1533,95557,7072,512,484,true,128,120,129,107,heuristic
1534,95558,6552,512,450,true,127,90,127,106,heuristic
1535,95559,7096,512,480,true,121,124,121,114,heuristic
1536,95560,7004,512,469,true,113,117,117,122,heuristic
1537,95561,3784,256,303,true,86,71,74,72,heuristic
1538,95562,5396,512,369,true,92,102,94,81,heuristic
1539,95563,11960,1024,695,true,194,151,164,186,heuristic
1540,95564,7136,512,500,true,128,135,139,98,heuristic
1541,95565,7320,512,499,true,151,103,129,116,heuristic
1542,95566,7460,512,503,true,129,135,132,107,heuristic
1543,95567,12400,1024,739,true,210,177,201,151,heuristic
1544,95568,7156,512,489,true,144,109,120,116,heuristic
1545,95569,10524,1024,611,true,168,150,137,156,heuristic
1546,95570,12436,1024,734,true,188,183,185,178,heuristic
1547,95571,14492,1024,847,true,222,204,231,190,heuristic
1548,95572,6456,512,441,true,121,99,108,113,heuristic
1549,95573,15820,1024,927,true,238,218,259,212,heuristic
1550,95574,12064,1024,709,true,202,160,190,157,heuristic
1551,95575,7188,512,485,true,116,121,117,131,heuristic
1552,95576,12088,1024,714,true,180,174,183,177,heuristic
1553,95577,6468,512,445,true,93,119,131,102,heuristic
1554,95578,8060,512,559,true,157,141,123,138,heuristic
1555,95579,12192,1024,720,true,177,182,187,174,heuristic
1556,95580,7032,512,478,true,125,127,104,122,heuristic
1557,95581,11676,1024,691,true,175,165,165,186,heuristic
1558,95582,7068,512,483,true,136,101,146,100,heuristic
1559,95583,7324,512,503,true,119,117,141,126,heuristic
1560,95584,7056,512,481,true,143,107,118,113,heuristic
1561,95585,14456,1024,842,true,225,188,190,239,heuristic
1562,95586,7060,512,482,true,152,98,127,105,heuristic
1563,95587,12052,1024,706,true,157,196,180,173,heuristic
1564,95588,12312,1024,726,true,216,172,151,187,heuristic
1565,95589,12384,1024,740,true,185,190,188,177,heuristic
1566,95590,7816,512,535,true,131,130,117,157,heuristic
1567,95591,3168,256,261,true,84,56,57,64,heuristic
1568,95592,5388,512,376,true,96,95,113,72,heuristic
1569,95593,12380,1024,739,true,190,192,188,169,heuristic
1570,95594,7532,512,515,true,130,125,126,134,heuristic
1571,95595,11644,1024,684,true,179,170,184,151,heuristic
1572,95596,6916,512,477,true,136,118,116,107,heuristic
1573,95597,5480,512,387,true,91,98,102,96,heuristic
1574,95598,7300,512,498,true,122,131,133,112,heuristic
1575,95599,3168,256,268,true,78,67,51,72,heuristic
1576,95600,14724,1024,851,true,211,219,241,180,heuristic
1577,95601,3356,256,276,true,87,53,68,68,heuristic
1578,95602,7232,512,504,true,121,134,154,95,heuristic
1579,95603,5368,512,366,true,95,91,97,83,heuristic
1580,95604,12516,1024,751,true,193,173,207,178,heuristic
1581,95605,5672,512,402,true,108,90,97,107,heuristic
1582,95606,10352,1024,601,true,165,130,173,133,heuristic
1583,95607,12252,1024,724,true,178,199,179,168,heuristic
1584,95608,17012,1024,1000,false,244,254,226,276,heuristic
1585,95609,6300,512,424,true,111,103,113,97,heuristic
1586,95610,3196,256,263,true,61,73,73,56,heuristic
1587,95611,11844,1024,691,true,159,176,181,175,heuristic
1588,95612,7052,512,480,true,134,107,140,99,heuristic
1589,95613,7904,512,546,true,153,124,138,131,heuristic
1590,95614,4984,512,347,true,98,78,85,86,heuristic
1591,95615,6848,512,461,true,120,104,141,96,heuristic
1592,95616,11696,1024,693,true,192,168,172,161,heuristic
1593,95617,14844,1024,863,true,239,207,194,223,heuristic
1594,95618,7176,512,493,true,130,128,116,119,heuristic
1595,95619,12128,1024,720,true,215,145,185,175,heuristic
1596,95620,5664,512,404,true,110,95,112,87,heuristic
1597,95621,5540,512,393,true,110,96,96,91,heuristic
1598,95622,12080,1024,713,true,205,152,203,153,heuristic
1599,95623,14536,1024,849,true,240,176,222,211,heuristic
1600,95624,7720,512,523,true,138,122,131,132,heuristic
1601,95625,7108,512,490,true,146,89,121,134,heuristic
1602,95626,11788,1024,697,true,181,187,145,184,heuristic
1603,95627,1608,128,160,true,44,37,44,35,heuristic
1604,95628,5368,512,376,true,110,75,86,105,heuristic
1605,95629,7408,512,492,true,123,122,133,114,heuristic
1606,95630,6436,512,438,true,125,94,103,116,heuristic
1607,95631,7216,512,494,true,137,123,125,109,heuristic
1608,95632,7864,512,513,true,111,149,113,140,heuristic
1609,95633,7476,512,520,true,152,118,129,121,heuristic
1610,95634,3344,256,273,true,70,64,75,64,heuristic
1611,95635,6880,512,469,true,121,114,123,111,heuristic
1612,95636,13684,1024,782,true,209,179,204,190,heuristic
1613,95637,12320,1024,728,true,154,205,179,190,heuristic
1614,95638,5940,512,428,true,107,118,101,102,heuristic
1615,95639,7172,512,489,true,111,139,124,115,heuristic
1616,95640,7136,512,488,true,134,117,123,114,heuristic
1617,95641,3152,256,261,true,77,57,74,53,heuristic
1618,95642,10344,1024,604,true,161,151,153,139,heuristic
1619,95643,7112,512,490,true,124,115,129,122,heuristic
1620,95644,11884,1024,714,true,178,171,194,171,heuristic
1621,95645,3188,256,266,true,63,68,69,66,heuristic
1622,95646,7500,512,513,true,148,117,118,130,heuristic
1623,95647,5848,512,404,true,95,107,103,99,heuristic
1624,95648,8852,512,596,true,165,146,163,122,heuristic
1625,95649,13948,1024,807,true,236,173,188,210,heuristic
1626,95650,14344,1024,827,true,222,198,236,171,heuristic
1627,95651,14408,1024,833,true,207,203,211,212,heuristic
1628,95652,6552,512,457,true,113,125,98,121,heuristic
1629,95653,16260,1024,956,true,251,249,223,233,heuristic
1630,95654,7032,512,476,true,121,112,137,106,heuristic
1631,95655,14988,1024,847,true,221,212,190,224,heuristic
1632,95656,10868,1024,650,true,180,140,179,151,heuristic
1633,95657,6500,512,442,true,127,102,103,110,heuristic
1634,95658,6472,512,436,true,114,113,115,94,heuristic
1635,95659,7184,512,495,true,122,116,163,94,heuristic
1636,95660,7420,512,518,true,132,116,139,131,heuristic
1637,95661,3196,256,263,true,74,54,63,72,heuristic
1638,95662,6608,512,448,true,103,119,113,113,heuristic
1639,95663,6656,512,449,true,123,105,118,103,heuristic
1640,95664,5608,512,391,true,98,101,96,96,heuristic
1641,95665,11476,1024,670,true,188,154,146,182,heuristic
1642,95666,5584,512,386,true,111,87,112,76,heuristic
1643,95667,11820,1024,692,true,178,170,183,161,heuristic
1644,95668,12120,1024,709,true,184,174,190,161,heuristic
1645,95669,3460,256,289,true,60,75,78,76,heuristic
1646,95670,3012,256,243,true,57,53,75,58,heuristic
1647,95671,11388,1024,660,true,168,149,170,173,heuristic
1648,95672,10356,1024,603,true,166,143,118,176,heuristic
1649,95673,12156,1024,718,true,165,197,194,162,heuristic
1650,95674,11064,1024,654,true,171,149,189,145,heuristic
1651,95675,6380,512,435,true,122,95,118,100,heuristic
1652,95676,10748,1024,646,true,163,170,159,154,heuristic
1653,95677,7268,512,498,true,142,110,125,121,heuristic
1654,95678,12340,1024,733,true,174,198,196,165,heuristic
1655,95679,7604,512,521,true,145,106,154,116,heuristic
1656,95680,10640,1024,624,true,187,132,188,117,heuristic
1657,95681,5592,512,391,true,112,86,102,91,heuristic
1658,95682,3092,256,254,true,66,72,56,60,heuristic
1659,95683,7148,512,492,true,115,125,121,131,heuristic
1660,95684,7444,512,516,true,152,103,120,141,heuristic
1661,95685,12016,1024,708,true,160,199,192,157,heuristic
1662,95686,12488,1024,745,true,188,193,177,187,heuristic
1663,95687,7196,512,499,true,110,127,142,120,heuristic
1664,95688,7808,512,537,true,149,119,133,136,heuristic
1665,95689,3272,256,271,true,59,83,76,53,heuristic
1666,95690,11684,1024,689,true,165,190,181,153,heuristic
1667,95691,11900,1024,696,true,212,133,174,177,heuristic
1668,95692,5480,512,373,true,100,94,89,90,heuristic
1669,95693,7128,512,482,true,120,120,123,119,heuristic
1670,95694,7484,512,522,true,134,136,159,93,heuristic
1671,95695,3168,256,260,true,69,70,65,56,heuristic
1672,95696,3536,256,289,true,84,59,83,63,heuristic
1673,95697,7800,512,537,true,134,127,156,120,heuristic
1674,95698,7196,512,498,true,128,116,160,94,heuristic
1675,95699,6564,512,438,true,106,118,100,114,heuristic
1676,95700,3364,256,277,true,79,57,69,72,heuristic
1677,95701,12340,1024,732,true,168,198,186,180,heuristic
1678,95702,11424,1024,661,true,177,159,160,165,heuristic
1679,95703,12288,1024,725,true,192,178,170,185,heuristic
1680,95704,12428,1024,750,true,210,180,183,177,heuristic
1681,95705,8036,512,534,true,157,112,118,147,heuristic
1682,95706,6572,512,455,true,102,120,134,99,heuristic
1683,95707,7084,512,484,true,111,133,117,123,heuristic
1684,95708,6072,512,408,true,117,94,86,111,heuristic
1685,95709,5424,512,377,true,98,82,99,98,heuristic
1686,95710,12264,1024,723,true,193,191,213,126,heuristic
1687,95711,7208,512,502,true,131,118,120,133,heuristic
1688,95712,7084,512,480,true,104,127,139,110,heuristic
1689,95713,11844,1024,698,true,184,181,168,165,heuristic
1690,95714,5712,512,404,true,121,87,91,105,heuristic
1691,95715,12224,1024,728,true,180,169,218,161,heuristic
1692,95716,3304,256,278,true,93,52,61,72,heuristic
1693,95717,7272,512,502,true,149,128,127,98,heuristic
1694,95718,5740,512,406,true,130,79,115,82,heuristic
1695,95719,7044,512,477,true,109,136,115,117,heuristic
1696,95720,3132,256,260,true,71,65,67,57,heuristic
1697,95721,7220,512,504,true,145,117,157,85,heuristic
1698,95722,14440,1024,838,true,212,202,180,244,heuristic
1699,95723,12604,1024,746,true,171,207,186,182,heuristic
1700,95724,12188,1024,727,true,177,185,174,191,heuristic
1701,95725,12840,1024,772,true,208,190,197,177,heuristic
1702,95726,2936,256,236,true,52,62,63,59,heuristic
1703,95727,12816,1024,770,true,208,177,176,209,heuristic
1704,95728,7348,512,510,true,156,117,113,124,heuristic
1705,95729,6508,512,452,true,101,111,131,109,heuristic
1706,95730,6416,512,433,true,112,102,106,113,heuristic
1707,95731,7116,512,492,true,143,101,123,125,heuristic
1708,95732,14408,1024,845,true,206,217,220,202,heuristic
1709,95733,10792,1024,645,true,157,146,182,160,heuristic
1710,95734,13692,1024,822,true,218,192,190,222,heuristic
1711,95735,12436,1024,748,true,214,164,198,172,heuristic
1712,95736,6444,512,440,true,130,87,118,105,heuristic
1713,95737,10192,1024,589,true,150,152,147,140,heuristic
1714,95738,3192,256,263,true,68,59,77,59,heuristic
1715,95739,3296,256,275,true,65,73,68,69,heuristic
1716,95740,15924,1024,933,true,211,247,264,211,heuristic
1717,95741,13764,1024,793,true,236,165,180,212,heuristic
1718,95742,12308,1024,744,true,181,191,209,163,heuristic
1719,95743,6372,512,426,true,116,90,122,98,heuristic
1720,95744,3192,256,263,true,74,64,78,47,heuristic
1721,95745,5492,512,378,true,111,83,104,80,heuristic
1722,95746,7880,512,542,true,129,148,131,134,heuristic
1723,95747,10344,1024,599,true,176,131,136,156,heuristic
1724,95748,3776,256,305,true,64,89,66,86,heuristic
1725,95749,7184,512,496,true,110,133,133,120,heuristic
1726,95750,5952,512,410,true,88,111,125,86,heuristic
1727,95751,7384,512,513,true,103,159,127,124,heuristic
1728,95752,12056,1024,710,true,180,166,204,160,heuristic
1729,95753,7872,512,544,true,137,129,143,135,heuristic
1730,95754,7260,512,500,true,128,125,135,112,heuristic
1731,95755,3388,256,279,true,81,56,65,77,heuristic
1732,95756,3212,256,270,true,83,68,63,56,heuristic
1733,95757,5324,512,368,true,100,92,86,90,heuristic
1734,95758,5784,512,418,true,100,96,105,117,heuristic
1735,95759,11380,1024,661,true,153,171,154,183,heuristic
1736,95760,12136,1024,715,true,192,168,188,167,heuristic
1737,95761,6664,512,457,true,103,131,94,129,heuristic
1738,95762,7404,512,508,true,127,120,142,119,heuristic
1739,95763,11412,1024,669,true,186,145,182,156,heuristic
1740,95764,7308,512,499,true,125,119,146,109,heuristic
1741,95765,3060,256,250,true,69,55,78,48,heuristic
1742,95766,11776,1024,700,true,194,160,156,190,heuristic
1743,95767,14656,1024,855,true,222,208,235,190,heuristic
1744,95768,7116,512,492,true,114,130,135,113,heuristic
1745,95769,7124,512,497,true,135,109,145,108,heuristic
1746,95770,7040,512,482,true,115,140,115,112,heuristic
1747,95771,6952,512,467,true,116,105,116,130,heuristic
1748,95772,8552,512,539,true,135,137,135,132,heuristic
1749,95773,7124,512,492,true,114,127,119,132,heuristic
1750,95774,13636,1024,818,true,169,248,193,208,heuristic
1751,95775,1480,128,156,true,49,32,39,36,heuristic
1752,95776,7088,512,483,true,143,98,128,114,heuristic
1753,95777,5332,512,370,true,104,85,91,90,heuristic
1754,95778,7152,512,489,true,110,127,124,128,heuristic
1755,95779,15760,1024,917,true,244,216,252,205,heuristic
1756,95780,3176,256,258,true,61,67,82,48,heuristic
1757,95781,2892,256,240,true,64,55,66,55,heuristic
1758,95782,12080,1024,709,true,158,187,210,154,heuristic
1759,95783,12580,1024,749,true,178,192,206,173,heuristic
1760,95784,14536,1024,847,true,228,190,221,208,heuristic
1761,95785,7040,512,481,true,114,121,126,120,heuristic
1762,95786,14516,1024,853,true,242,201,211,199,heuristic
1763,95787,6760,512,470,true,132,105,125,108,heuristic
1764,95788,12552,1024,765,true,234,157,176,198,heuristic
1765,95789,7080,512,486,true,125,104,128,129,heuristic
1766,95790,11332,1024,655,true,198,137,172,148,heuristic
1767,95791,13084,1024,772,true,195,177,199,201,heuristic
1768,95792,7036,512,472,true,117,132,120,103,heuristic
1769,95793,6888,512,470,true,125,112,106,127,heuristic
1770,95794,9368,512,605,true,163,155,146,141,heuristic
1771,95795,7172,512,493,true,127,128,140,98,heuristic
1772,95796,2548,256,218,true,63,43,57,55,heuristic
1773,95797,6412,512,459,true,136,114,114,95,heuristic
1774,95798,10408,1024,611,true,155,159,173,124,heuristic
1775,95799,7168,512,493,true,136,126,120,111,heuristic
1776,95800,7644,512,530,true,131,142,148,109,heuristic
1777,95801,7200,512,501,true,129,109,126,137,heuristic
1778,95802,5664,512,400,true,103,96,113,88,heuristic
1779,95803,12144,1024,717,true,173,205,164,175,heuristic
1780,95804,2396,256,207,true,58,46,62,41,heuristic
1781,95805,7372,512,505,true,140,123,112,130,heuristic
1782,95806,11440,1024,669,true,180,160,141,188,heuristic
1783,95807,7152,512,492,true,110,138,114,130,heuristic
1784,95808,14156,1024,816,true,208,206,217,185,heuristic
1785,95809,3796,256,307,true,94,73,65,75,heuristic
1786,95810,7048,512,479,true,128,119,128,104,heuristic
1787,95811,12500,1024,737,true,204,173,204,156,heuristic
1788,95812,4168,256,319,true,76,83,82,78,heuristic
1789,95813,5448,512,382,true,114,82,106,80,heuristic
1790,95814,5308,512,364,true,81,95,108,80,heuristic
1791,95815,7928,512,552,true,157,123,132,140,heuristic
1792,95816,3148,256,258,true,72,55,83,48,heuristic
1793,95817,7708,512,528,true,136,123,124,145,heuristic
1794,95818,15360,1024,888,true,239,206,217,226,heuristic
1795,95819,15908,1024,934,true,269,206,227,232,heuristic
1796,95820,14396,1024,837,true,228,177,225,207,heuristic
1797,95821,7064,512,484,true,134,102,123,125,heuristic
1798,95822,16196,1024,956,true,274,214,275,193,heuristic
1799,95823,6852,512,458,true,133,94,118,113,heuristic
1800,95824,12104,1024,714,true,209,157,164,184,heuristic
1801,95825,5324,512,368,true,114,70,109,75,heuristic
1802,95826,7132,512,483,true,126,118,109,130,heuristic
1803,95827,11712,1024,689,true,188,160,174,167,heuristic
1804,95828,6148,512,434,true,109,96,112,117,heuristic
1805,95829,7052,512,480,true,128,117,123,112,heuristic
1806,95830,7036,512,477,true,118,118,127,114,heuristic
1807,95831,11392,1024,665,true,181,140,190,154,heuristic
1808,95832,7420,512,506,true,110,146,133,117,heuristic
1809,95833,6112,512,424,true,122,105,114,83,heuristic
1810,95834,6460,512,443,true,107,112,131,93,heuristic
1811,95835,6972,512,473,true,117,114,124,118,heuristic
1812,95836,7956,512,526,true,160,95,164,107,heuristic
1813,95837,7248,512,498,true,150,107,129,112,heuristic
1814,95838,5760,512,415,true,104,106,113,92,heuristic
1815,95839,7060,512,477,true,131,113,126,107,heuristic
1816,95840,15948,1024,924,true,232,222,247,223,heuristic
1817,95841,12076,1024,704,true,177,173,178,176,heuristic
1818,95842,5404,512,383,true,82,97,122,82,heuristic
1819,95843,3392,256,281,true,70,74,77,60,heuristic
1820,95844,7600,512,520,true,128,129,130,133,heuristic
1821,95845,12132,1024,725,true,191,182,136,216,heuristic
1822,95846,7864,512,542,true,128,140,156,118,heuristic
1823,95847,3576,256,283,true,73,67,80,63,heuristic
1824,95848,6128,512,428,true,130,90,105,103,heuristic
1825,95849,5312,512,364,true,99,83,90,92,heuristic
1826,95850,5740,512,391,true,114,84,100,93,heuristic
1827,95851,6668,512,448,true,129,105,115,99,heuristic
1828,95852,7212,512,502,true,136,113,123,130,heuristic
1829,95853,6760,512,469,true,124,112,120,113,heuristic
1830,95854,7880,512,540,true,140,152,122,126,heuristic
1831,95855,5424,512,373,true,88,105,83,97,heuristic
1832,95856,5604,512,394,true,109,80,142,63,heuristic
1833,95857,6312,512,419,true,113,92,113,101,heuristic
1834,95858,5492,512,389,true,92,103,110,84,heuristic
1835,95859,12152,1024,715,true,201,163,153,198,heuristic
1836,95860,3244,256,275,true,72,65,80,58,heuristic
1837,95861,16140,1024,952,true,230,229,258,235,heuristic
1838,95862,7192,512,492,true,128,121,114,129,heuristic
1839,95863,3180,256,264,true,68,59,73,64,heuristic
1840,95864,12216,1024,722,true,201,178,187,156,heuristic
1841,95865,5436,512,382,true,110,80,96,96,heuristic
1842,95866,5440,512,377,true,97,92,110,78,heuristic
1843,95867,5636,512,398,true,125,67,101,105,heuristic
1844,95868,12012,1024,711,true,168,190,206,147,heuristic
1845,95869,7192,512,495,true,123,132,139,101,heuristic
1846,95870,5464,512,386,true,101,103,91,91,heuristic
1847,95871,7536,512,517,true,148,111,131,127,heuristic
1848,95872,14384,1024,837,true,206,218,201,212,heuristic
1849,95873,6828,512,456,true,102,120,109,125,heuristic
1850,95874,13748,1024,794,true,223,184,227,160,heuristic
1851,95875,15404,1024,892,true,220,216,208,248,heuristic
1852,95876,5752,512,410,true,108,93,102,107,heuristic
1853,95877,14504,1024,853,true,233,205,208,207,heuristic
1854,95878,7356,512,512,true,128,129,136,119,heuristic
1855,95879,3236,256,272,true,66,64,62,80,heuristic
1856,95880,7448,512,517,true,137,124,120,136,heuristic
1857,95881,6984,512,481,true,109,125,100,147,heuristic
1858,95882,8092,512,548,true,141,127,162,118,heuristic
1859,95883,5704,512,403,true,88,115,97,103,heuristic
1860,95884,3832,256,310,true,79,83,78,70,heuristic
1861,95885,7356,512,507,true,140,118,155,94,heuristic
1862,95886,11996,1024,708,true,170,164,203,171,heuristic
1863,95887,7016,512,475,true,115,131,131,98,heuristic
1864,95888,16124,1024,950,true,238,236,225,251,heuristic
1865,95889,4820,512,338,true,98,82,102,56,heuristic
1866,95890,5700,512,402,true,95,115,100,92,heuristic
1867,95891,7180,512,495,true,135,114,130,116,heuristic
1868,95892,3992,256,323,true,73,92,83,75,heuristic
1869,95893,14376,1024,839,true,240,170,238,191,heuristic
1870,95894,7208,512,500,true,130,121,146,103,heuristic
1871,95895,15736,1024,926,true,220,246,230,230,heuristic
1872,95896,7016,512,479,true,105,132,138,104,heuristic
1873,95897,12236,1024,732,true,209,151,194,178,heuristic
1874,95898,5332,512,369,true,93,103,81,92,heuristic
1875,95899,5772,512,415,true,103,110,116,86,heuristic
1876,95900,12220,1024,730,true,160,201,194,175,heuristic
1877,95901,5584,512,389,true,88,97,130,74,heuristic
1878,95902,12408,1024,741,true,229,152,159,201,heuristic
1879,95903,15344,1024,881,true,244,204,199,234,heuristic
1880,95904,7424,512,512,true,128,126,149,109,heuristic
1881,95905,6904,512,474,true,127,108,124,115,heuristic
1882,95906,7120,512,491,true,127,120,124,120,heuristic
1883,95907,12240,1024,725,true,219,155,200,151,heuristic
1884,95908,12428,1024,750,true,187,192,194,177,heuristic
1885,95909,11752,1024,679,true,166,171,188,154,heuristic
1886,95910,6980,512,467,true,113,129,107,118,heuristic
1887,95911,13680,1024,781,true,200,192,204,185,heuristic
1888,95912,6732,512,463,true,130,102,129,102,heuristic
1889,95913,7160,512,496,true,120,121,127,128,heuristic
1890,95914,7152,512,495,true,138,119,130,108,heuristic
1891,95915,7148,512,492,true,146,107,126,113,heuristic
1892,95916,7148,512,486,true,113,130,113,130,heuristic
1893,95917,12032,1024,705,true,200,162,190,153,heuristic
1894,95918,3400,256,286,true,93,53,72,68,heuristic
1895,95919,3256,256,267,true,59,58,69,81,heuristic
1896,95920,10396,1024,611,true,171,140,141,159,heuristic
1897,95921,10608,1024,627,true,152,158,173,144,heuristic
1898,95922,14176,1024,816,true,246,183,206,181,heuristic
1899,95923,11716,1024,689,true,193,165,181,150,heuristic
1900,95924,11664,1024,684,true,182,154,193,155,heuristic
1901,95925,12160,1024,716,true,200,161,169,186,heuristic
1902,95926,12188,1024,716,true,208,146,197,165,heuristic
1903,95927,7096,512,485,true,119,110,125,131,heuristic
1904,95928,3188,256,266,true,76,61,69,60,heuristic
1905,95929,12208,1024,727,true,195,183,194,155,heuristic
1906,95930,11780,1024,700,true,187,169,188,156,heuristic
1907,95931,7276,512,495,true,127,128,116,124,heuristic
1908,95932,6904,512,456,true,121,105,97,133,heuristic
1909,95933,3168,256,261,true,77,61,86,37,heuristic
1910,95934,1316,128,135,true,34,33,44,24,heuristic
1911,95935,3812,256,309,true,97,64,76,72,heuristic
1912,95936,6476,512,443,true,127,94,125,97,heuristic
1913,95937,7196,512,499,true,146,112,126,115,heuristic
1914,95938,3104,256,250,true,68,57,85,40,heuristic
1915,95939,11704,1024,695,true,162,175,169,189,heuristic
1916,95940,12428,1024,750,true,206,183,171,190,heuristic
1917,95941,3348,256,274,true,67,79,70,58,heuristic
1918,95942,3016,256,247,true,65,59,76,47,heuristic
1919,95943,6552,512,453,true,134,102,123,94,heuristic
1920,95944,6528,512,459,true,142,106,99,112,heuristic
1921,95945,13104,1024,771,true,205,171,217,178,heuristic
1922,95946,7244,512,496,true,144,110,125,117,heuristic
1923,95947,14368,1024,833,true,232,190,195,216,heuristic
1924,95948,7176,512,498,true,137,117,130,114,heuristic
1925,95949,7284,512,505,true,143,125,102,135,heuristic
1926,95950,12184,1024,722,true,198,175,161,188,heuristic
1927,95951,3908,256,316,true,76,82,79,79,heuristic
1928,95952,3184,256,265,true,68,65,61,71,heuristic
1929,95953,6668,512,456,true,125,115,116,100,heuristic
1930,95954,14568,1024,854,true,211,224,210,209,heuristic
1931,95955,10364,1024,601,true,144,165,159,133,heuristic
1932,95956,6584,512,448,true,109,128,121,90,heuristic
1933,95957,12160,1024,721,true,171,183,200,167,heuristic
1934,95958,7500,512,530,true,130,150,125,125,heuristic
1935,95959,12240,1024,732,true,195,171,189,177,heuristic
1936,95960,7200,512,489,true,124,130,111,124,heuristic
1937,95961,6328,512,421,true,123,100,99,99,heuristic
1938,95962,6628,512,458,true,120,119,132,87,heuristic
1939,95963,6612,512,452,true,125,105,132,90,heuristic
1940,95964,7100,512,480,true,136,115,108,121,heuristic
1941,95965,3452,256,283,true,82,57,80,64,heuristic
1942,95966,7272,512,494,true,114,124,136,120,heuristic
1943,95967,12568,1024,750,true,187,211,180,172,heuristic
1944,95968,7148,512,488,true,150,102,132,104,heuristic
1945,95969,3308,256,278,true,69,75,72,62,heuristic
1946,95970,5528,512,388,true,107,88,108,85,heuristic
1947,95971,7136,512,488,true,136,121,101,130,heuristic
1948,95972,11840,1024,689,true,188,169,165,167,heuristic
1949,95973,6468,512,441,true,117,96,112,116,heuristic
1950,95974,5604,512,394,true,81,115,117,81,heuristic
1951,95975,10428,1024,604,true,162,136,171,135,heuristic
1952,95976,15980,1024,932,true,187,268,252,225,heuristic
1953,95977,6944,512,465,true,136,116,111,102,heuristic
1954,95978,12144,1024,723,true,177,203,183,160,heuristic
1955,95979,5416,512,379,true,98,91,103,87,heuristic
1956,95980,6988,512,475,true,123,110,130,112,heuristic
1957,95981,11328,1024,657,true,177,155,173,152,heuristic
1958,95982,12592,1024,748,true,190,186,204,168,heuristic
1959,95983,14544,1024,856,true,203,218,223,212,heuristic
1960,95984,3056,256,249,true,75,52,65,57,heuristic
1961,95985,6888,512,476,true,133,101,120,122,heuristic
1962,95986,11976,1024,707,true,168,169,207,163,heuristic
1963,95987,5100,512,355,true,99,92,95,69,heuristic
1964,95988,14596,1024,854,true,217,234,206,197,heuristic
1965,95989,7312,512,496,true,110,137,141,108,heuristic
1966,95990,7072,512,484,true,118,133,122,111,heuristic
1967,95991,15580,1024,904,true,222,223,238,221,heuristic
1968,95992,14672,1024,852,true,224,216,220,192,heuristic
1969,95993,10624,1024,621,true,192,129,177,123,heuristic
1970,95994,7096,512,490,true,116,125,139,110,heuristic
1971,95995,6632,512,459,true,127,99,131,102,heuristic
1972,95996,5280,512,357,true,96,88,85,88,heuristic
1973,95997,7076,512,481,true,138,105,126,112,heuristic
1974,95998,7112,512,480,true,128,110,125,117,heuristic
1975,95999,7360,512,513,true,112,134,133,134,heuristic
1976,96000,10700,1024,638,true,146,182,160,150,heuristic
1977,96001,5404,512,375,true,102,83,102,88,heuristic
1978,96002,3056,256,245,true,35,93,62,55,heuristic
1979,96003,12064,1024,708,true,206,158,169,175,heuristic
1980,96004,14432,1024,835,true,202,219,232,182,heuristic
1981,96005,5644,512,399,true,121,91,95,92,heuristic
1982,96006,6920,512,464,true,136,101,113,114,heuristic
1983,96007,7072,512,486,true,117,131,116,122,heuristic
1984,96008,12236,1024,741,true,199,168,177,197,heuristic
1985,96009,15520,1024,905,true,252,222,195,236,heuristic
1986,96010,6968,512,473,true,129,104,112,128,heuristic
1987,96011,7452,512,514,true,122,139,121,132,heuristic
1988,96012,7140,512,496,true,135,107,142,112,heuristic
1989,96013,6300,512,447,true,113,116,133,85,heuristic
1990,96014,13716,1024,790,true,184,218,185,203,heuristic
1991,96015,7180,512,494,true,133,123,131,107,heuristic
1992,96016,6508,512,443,true,117,104,126,96,heuristic
1993,96017,7376,512,512,true,133,128,143,108,heuristic
1994,96018,6388,512,426,true,100,116,128,82,heuristic
1995,96019,2424,256,202,true,53,47,50,52,heuristic
1996,96020,7016,512,474,true,119,113,132,110,heuristic
1997,96021,12300,1024,739,true,215,166,169,189,heuristic
1998,96022,7052,512,479,true,126,119,142,92,heuristic
1999,96023,12128,1024,718,true,194,174,167,183,heuristic
2000,96024,14440,1024,838,true,245,181,208,204,heuristic
2001,96025,12112,1024,712,true,180,177,186,169,heuristic
2002,96026,7920,512,552,true,136,149,130,137,heuristic
2003,96027,5484,512,388,true,99,92,102,95,heuristic
2004,96028,7096,512,489,true,108,136,117,128,heuristic
2005,96029,7032,512,479,true,116,126,118,119,heuristic
2006,96030,3632,256,300,true,58,77,98,67,heuristic
2007,96031,8908,512,610,true,178,150,164,118,heuristic
2008,96032,6316,512,424,true,119,107,94,104,heuristic
2009,96033,10720,1024,628,true,169,144,159,156,heuristic
2010,96034,7204,512,496,true,120,123,153,100,heuristic
2011,96035,6896,512,472,true,118,116,112,126,heuristic
2012,96036,7284,512,494,true,128,112,146,108,heuristic
2013,96037,5368,512,367,true,103,77,93,94,heuristic
2014,96038,7160,512,501,true,128,120,137,116,heuristic
2015,96039,7340,512,492,true,127,122,116,127,heuristic
2016,96040,12452,1024,744,true,205,181,174,184,heuristic
2017,96041,11464,1024,670,true,196,143,167,164,heuristic
2018,96042,5740,512,392,true,96,98,109,89,heuristic
2019,96043,12764,1024,760,true,177,219,207,157,heuristic
2020,96044,5484,512,392,true,120,80,96,96,heuristic
2021,96045,7416,512,517,true,115,143,157,102,heuristic
2022,96046,7072,512,489,true,122,120,134,113,heuristic
2023,96047,14960,1024,867,true,228,206,217,216,heuristic
2024,96048,7056,512,476,true,129,123,102,122,heuristic
2025,96049,3428,256,289,true,87,62,71,69,heuristic
2026,96050,7300,512,505,true,126,121,132,126,heuristic
2027,96051,7420,512,512,true,132,126,141,113,heuristic
2028,96052,11892,1024,697,true,199,155,197,146,heuristic
2029,96053,4004,256,325,true,90,80,78,77,heuristic
2030,96054,11696,1024,685,true,169,179,185,152,heuristic
2031,96055,6068,512,422,true,107,98,129,88,heuristic
2032,96056,12416,1024,747,true,216,156,189,186,heuristic
2033,96057,11488,1024,665,true,191,149,150,175,heuristic
2034,96058,10404,1024,609,true,151,163,137,158,heuristic
2035,96059,3264,256,279,true,88,60,60,71,heuristic
2036,96060,7104,512,482,true,134,103,123,122,heuristic
2037,96061,5428,512,378,true,110,88,91,89,heuristic
2038,96062,15160,1024,876,true,230,207,205,234,heuristic
2039,96063,9552,512,619,true,150,150,170,149,heuristic
2040,96064,6676,512,457,true,120,115,110,112,heuristic
2041,96065,3180,256,263,true,73,65,74,51,heuristic
2042,96066,11384,1024,667,true,168,166,196,137,heuristic
2043,96067,6256,512,440,true,111,109,129,91,heuristic
2044,96068,7200,512,499,true,131,110,123,135,heuristic
2045,96069,6424,512,436,true,119,101,121,95,heuristic
2046,96070,7196,512,500,true,133,121,115,131,heuristic
2047,96071,5340,512,372,true,88,87,108,89,heuristic
2048,96072,6440,512,438,true,116,101,110,111,heuristic
2049,96073,12124,1024,718,true,169,192,166,191,heuristic
2050,96074,7168,512,496,true,133,97,127,139,heuristic
2051,96075,6352,512,448,true,131,102,122,93,heuristic
2052,96076,12228,1024,718,true,193,172,170,183,heuristic
2053,96077,7264,512,496,true,119,119,115,143,heuristic
2054,96078,14676,1024,850,true,205,214,242,189,heuristic
2055,96079,12364,1024,734,true,163,197,180,194,heuristic
2056,96080,7504,512,512,true,138,109,123,142,heuristic
2057,96081,6420,512,436,true,111,99,110,116,heuristic
2058,96082,12200,1024,722,true,168,183,171,200,heuristic
2059,96083,7112,512,488,true,157,81,130,120,heuristic
2060,96084,6444,512,439,true,117,111,103,108,heuristic
2061,96085,7204,512,497,true,127,118,141,111,heuristic
2062,96086,10792,1024,626,true,167,156,159,144,heuristic
2063,96087,15020,1024,877,true,250,188,195,244,heuristic
2064,96088,12180,1024,725,true,184,176,195,170,heuristic
2065,96089,3444,256,288,true,75,66,57,90,heuristic
2066,96090,12064,1024,709,true,193,167,167,182,heuristic
2067,96091,3452,256,283,true,78,58,68,79,heuristic
2068,96092,5488,512,382,true,92,111,99,80,heuristic
2069,96093,5428,512,377,true,107,87,91,92,heuristic
2070,96094,7236,512,504,true,127,125,130,122,heuristic
2071,96095,5680,512,403,true,87,111,109,96,heuristic
2072,96096,1624,128,164,true,40,40,39,45,heuristic
2073,96097,3176,256,268,true,76,58,88,46,heuristic
2074,96098,3208,256,270,true,89,43,77,61,heuristic
2075,96099,3180,256,263,true,59,68,83,53,heuristic
2076,96100,7844,512,543,true,129,152,127,135,heuristic
2077,96101,6432,512,441,true,121,102,98,120,heuristic
2078,96102,2372,256,196,true,44,49,50,53,heuristic
2079,96103,11724,1024,683,true,151,195,165,172,heuristic
2080,96104,6348,512,428,true,107,105,114,102,heuristic
2081,96105,7372,512,511,true,127,129,129,126,heuristic
2082,96106,6548,512,449,true,115,113,130,91,heuristic
2083,96107,7604,512,521,true,128,146,146,101,heuristic
2084,96108,7116,512,484,true,121,123,117,123,heuristic
2085,96109,10740,1024,633,true,158,157,181,137,heuristic
2086,96110,14292,1024,817,true,205,195,201,216,heuristic
2087,96111,3196,256,259,true,72,60,63,64,heuristic
2088,96112,6728,512,466,true,122,113,133,98,heuristic
2089,96113,7060,512,478,true,125,111,137,105,heuristic
2090,96114,7092,512,483,true,124,122,110,127,heuristic
2091,96115,7312,512,505,true,137,122,126,120,heuristic
2092,96116,6288,512,418,true,116,99,99,104,heuristic
2093,96117,7036,512,475,true,134,114,97,130,heuristic
2094,96118,10748,1024,640,true,166,172,158,144,heuristic
2095,96119,13548,1024,796,true,228,177,202,189,heuristic
2096,96120,7700,512,518,true,127,140,122,129,heuristic
2097,96121,3388,256,283,true,67,75,82,59,heuristic
2098,96122,6708,512,461,true,112,121,122,106,heuristic
2099,96123,3244,256,275,true,68,67,88,52,heuristic
2100,96124,3232,256,272,true,72,68,77,55,heuristic
2101,96125,12380,1024,738,true,206,171,182,179,heuristic
2102,96126,3960,256,318,true,102,57,89,70,heuristic
2103,96127,11564,1024,668,true,125,179,165,199,heuristic
2104,96128,8004,512,530,true,139,132,133,126,heuristic
2105,96129,2408,256,200,true,64,39,49,48,heuristic
2106,96130,6376,512,428,true,117,88,107,116,heuristic
2107,96131,10516,1024,625,true,141,167,159,158,heuristic
2108,96132,12156,1024,730,true,181,198,181,170,heuristic
2109,96133,14552,1024,850,true,212,208,247,183,heuristic
2110,96134,6080,512,402,true,94,104,103,101,heuristic
2111,96135,7016,512,476,true,125,110,132,109,heuristic
2112,96136,12204,1024,734,true,233,137,175,189,heuristic
2113,96137,6928,512,464,true,133,111,103,117,heuristic
2114,96138,7756,512,527,true,139,151,118,119,heuristic
2115,96139,5356,512,372,true,84,107,85,96,heuristic
2116,96140,7348,512,511,true,114,133,161,103,heuristic
2117,96141,6340,512,425,true,111,98,104,112,heuristic
2118,96142,3356,256,275,true,89,62,73,51,heuristic
2119,96143,1640,128,167,true,42,43,52,30,heuristic
2120,96144,1680,128,172,true,38,48,53,33,heuristic
2121,96145,7088,512,484,true,140,109,113,122,heuristic
2122,96146,5056,512,345,true,84,89,78,94,heuristic
2123,96147,12440,1024,741,true,213,154,196,178,heuristic
2124,96148,5324,512,368,true,98,91,100,79,heuristic
2125,96149,5608,512,392,true,97,101,124,70,heuristic
2126,96150,11332,1024,654,true,167,166,170,151,heuristic
2127,96151,5628,512,396,true,103,109,106,78,heuristic
2128,96152,6572,512,454,true,122,116,107,109,heuristic
2129,96153,7060,512,483,true,138,105,130,110,heuristic
2130,96154,5740,512,406,true,118,99,119,70,heuristic
2131,96155,12092,1024,715,true,189,181,150,195,heuristic
2132,96156,7004,512,476,true,126,115,129,106,heuristic
2133,96157,12296,1024,722,true,193,170,199,160,heuristic
2134,96158,7380,512,505,true,115,135,118,137,heuristic
2135,96159,8188,512,554,true,157,132,124,141,heuristic
2136,96160,10840,1024,639,true,178,149,174,138,heuristic
2137,96161,9696,1024,550,true,164,120,148,118,heuristic
2138,96162,7124,512,491,true,142,95,151,103,heuristic
2139,96163,10460,1024,607,true,177,140,144,146,heuristic
2140,96164,5288,512,364,true,95,83,100,86,heuristic
2141,96165,7192,512,498,true,135,118,141,104,heuristic
2142,96166,6560,512,441,true,131,94,98,118,heuristic
2143,96167,5392,512,369,true,89,90,112,78,heuristic
2144,96168,3476,256,286,true,67,74,62,83,heuristic
2145,96169,3332,256,270,true,70,70,70,60,heuristic
2146,96170,5292,512,360,true,105,85,84,86,heuristic
2147,96171,7196,512,499,true,144,103,142,110,heuristic
2148,96172,3192,256,266,true,66,68,63,69,heuristic
2149,96173,6896,512,472,true,131,99,127,115,heuristic
2150,96174,3056,256,253,true,73,55,76,49,heuristic
2151,96175,14804,1024,865,true,194,235,227,209,heuristic
2152,96176,2460,256,207,true,56,41,58,52,heuristic
2153,96177,5792,512,418,true,110,96,115,97,heuristic
2154,96178,3448,256,286,true,80,84,68,54,heuristic
2155,96179,3424,256,279,true,85,57,67,70,heuristic
2156,96180,5568,512,385,true,105,96,95,89,heuristic
2157,96181,7516,512,527,true,135,133,120,139,heuristic
2158,96182,3160,256,259,true,76,52,72,59,heuristic
2159,96183,4996,512,351,true,84,97,73,97,heuristic
2160,96184,7080,512,487,true,145,98,132,112,heuristic
2161,96185,5560,512,383,true,107,82,101,93,heuristic
2162,96186,3388,256,279,true,76,63,71,69,heuristic
2163,96187,7736,512,527,true,139,124,141,123,heuristic
2164,96188,3372,256,276,true,81,57,67,71,heuristic
2165,96189,7136,512,488,true,111,125,130,122,heuristic
2166,96190,7272,512,499,true,122,126,134,117,heuristic
2167,96191,14108,1024,807,true,185,209,209,204,heuristic
2168,96192,5420,512,376,true,99,95,88,94,heuristic
2169,96193,12080,1024,722,true,171,200,191,160,heuristic
2170,96194,5408,512,370,true,100,88,90,92,heuristic
2171,96195,6520,512,442,true,106,110,126,100,heuristic
2172,96196,5000,512,336,true,71,90,103,72,heuristic
2173,96197,6884,512,470,true,113,133,124,100,heuristic
2174,96198,6592,512,444,true,94,128,128,94,heuristic
2175,96199,7116,512,483,true,126,119,115,123,heuristic
2176,96200,4644,256,357,true,88,81,103,85,heuristic
2177,96201,6896,512,472,true,126,120,110,116,heuristic
2178,96202,5504,512,391,true,89,98,115,89,heuristic
2179,96203,3356,256,276,true,82,53,68,73,heuristic
2180,96204,11772,1024,679,true,141,183,196,159,heuristic
2181,96205,13112,1024,797,true,200,206,185,206,heuristic
2182,96206,20644,2048,1000,false,274,247,236,243,heuristic
2183,96207,7200,512,500,true,145,98,134,123,heuristic
2184,96208,12216,1024,726,true,200,170,157,199,heuristic
2185,96209,12040,1024,707,true,170,196,179,162,heuristic
2186,96210,8108,512,547,true,134,151,148,114,heuristic
2187,96211,7084,512,487,true,129,114,121,123,heuristic
2188,96212,12272,1024,721,true,195,170,188,168,heuristic
2189,96213,3488,256,292,true,66,75,66,85,heuristic
2190,96214,7392,512,493,true,155,98,118,122,heuristic
2191,96215,8736,512,562,true,142,136,149,135,heuristic
2192,96216,5484,512,380,true,109,87,84,100,heuristic
2193,96217,3172,256,262,true,70,57,82,53,heuristic
2194,96218,3236,256,272,true,65,79,70,58,heuristic
2195,96219,6624,512,453,true,122,96,99,136,heuristic
2196,96220,6724,512,466,true,101,129,117,119,heuristic
2197,96221,7016,512,470,true,139,106,114,111,heuristic
2198,96222,14232,1024,834,true,233,176,203,222,heuristic
2199,96223,5616,512,392,true,96,112,105,79,heuristic
2200,96224,5536,512,393,true,127,85,97,84,heuristic
2201,96225,2988,256,247,true,66,61,49,71,heuristic
2202,96226,7492,512,510,true,121,138,138,113,heuristic
2203,96227,7388,512,514,true,129,114,139,132,heuristic
2204,96228,5560,512,394,true,91,111,106,86,heuristic
2205,96229,12148,1024,718,true,185,170,210,153,heuristic
2206,96230,7424,512,512,true,124,133,124,131,heuristic
2207,96231,7348,512,505,true,147,121,133,104,heuristic
2208,96232,3184,256,264,true,85,48,70,61,heuristic
2209,96233,7116,512,483,true,137,109,128,109,heuristic
2210,96234,6812,512,463,true,102,128,111,122,heuristic
2211,96235,12132,1024,713,true,208,156,142,207,heuristic
2212,96236,7168,512,496,true,103,144,133,116,heuristic
2213,96237,15480,1024,900,true,229,235,223,213,heuristic
2214,96238,7280,512,503,true,141,119,124,119,heuristic
2215,96239,6892,512,472,true,112,117,126,117,heuristic
2216,96240,6860,512,464,true,124,102,121,117,heuristic
2217,96241,7216,512,499,true,126,123,125,125,heuristic
2218,96242,5416,512,374,true,96,94,86,98,heuristic
2219,96243,7024,512,478,true,138,92,148,100,heuristic
2220,96244,5732,512,409,true,125,92,93,99,heuristic
2221,96245,10784,1024,617,true,165,143,166,143,heuristic
2222,96246,7480,512,521,true,137,123,125,136,heuristic
2223,96247,7356,512,508,true,137,130,135,106,heuristic
2224,96248,6896,512,472,true,103,129,124,116,heuristic
2225,96249,7188,512,497,true,128,130,135,104,heuristic
2226,96250,7104,512,488,true,137,122,118,111,heuristic
2227,96251,12564,1024,767,true,230,173,206,158,heuristic
2228,96252,3444,256,292,true,78,69,83,62,heuristic
2229,96253,7496,512,524,true,139,131,126,128,heuristic
2230,96254,12592,1024,756,true,193,194,203,166,heuristic
2231,96255,7064,512,484,true,124,125,110,125,heuristic
2232,96256,6428,512,435,true,90,127,103,115,heuristic
2233,96257,3256,256,266,true,67,66,67,66,heuristic
2234,96258,7348,512,504,true,136,127,121,120,heuristic
2235,96259,7132,512,483,true,138,109,127,109,heuristic
2236,96260,3060,256,251,true,68,61,61,61,heuristic
2237,96261,7380,512,508,true,142,119,150,97,heuristic
2238,96262,6124,512,409,true,123,80,93,113,heuristic
2239,96263,12036,1024,702,true,176,167,183,176,heuristic
2240,96264,7028,512,473,true,130,112,118,113,heuristic
2241,96265,6592,512,448,true,121,107,98,122,heuristic
2242,96266,14404,1024,834,true,192,214,220,208,heuristic
2243,96267,7060,512,482,true,133,101,136,112,heuristic
2244,96268,7012,512,474,true,101,133,106,134,heuristic
2245,96269,2900,256,242,true,70,49,73,50,heuristic
2246,96270,6992,512,470,true,125,111,115,119,heuristic
2247,96271,14004,1024,809,true,211,183,226,189,heuristic
2248,96272,3504,256,292,true,78,64,103,47,heuristic
2249,96273,7220,512,504,true,136,131,130,107,heuristic
2250,96274,7196,512,483,true,106,135,137,105,heuristic
2251,96275,12596,1024,746,true,176,195,211,164,heuristic
2252,96276,12368,1024,740,true,182,194,194,170,heuristic
2253,96277,14832,1024,868,true,231,201,219,217,heuristic
2254,96278,7144,512,490,true,147,96,137,110,heuristic
2255,96279,7084,512,488,true,106,142,137,103,heuristic
2256,96280,11944,1024,711,true,170,181,176,184,heuristic
2257,96281,7380,512,513,true,130,130,143,110,heuristic
2258,96282,3388,256,280,true,68,61,95,56,heuristic
2259,96283,5344,512,369,true,105,83,95,86,heuristic
2260,96284,15344,1024,889,true,242,211,221,215,heuristic
2261,96285,7152,512,488,true,121,130,117,120,heuristic
2262,96286,5620,512,392,true,99,97,104,92,heuristic
2263,96287,3144,256,259,true,66,64,54,75,heuristic
2264,96288,7180,512,491,true,130,106,122,133,heuristic
2265,96289,6604,512,447,true,123,95,105,124,heuristic
2266,96290,7196,512,499,true,148,112,128,111,heuristic
2267,96291,12036,1024,716,true,219,163,172,162,heuristic
2268,96292,12192,1024,720,true,194,176,175,175,heuristic
2269,96293,4188,256,313,true,89,62,78,84,heuristic
2270,96294,7156,512,489,true,135,107,137,110,heuristic
2271,96295,11160,1024,644,true,166,168,145,165,heuristic
2272,96296,6732,512,465,true,111,125,124,105,heuristic
2273,96297,7144,512,497,true,102,151,117,127,heuristic
2274,96298,3784,256,317,true,97,50,81,89,heuristic
2275,96299,7044,512,477,true,119,123,144,91,heuristic
2276,96300,6796,512,463,true,120,115,137,91,heuristic
2277,96301,11532,1024,682,true,179,168,171,164,heuristic
2278,96302,6852,512,461,true,125,110,135,91,heuristic
2279,96303,5800,512,400,true,90,103,100,107,heuristic
2280,96304,5668,512,400,true,97,98,112,93,heuristic
2281,96305,12296,1024,730,true,202,160,189,179,heuristic
2282,96306,3196,256,263,true,71,66,75,51,heuristic
2283,96307,3460,256,275,true,83,64,77,51,heuristic
2284,96308,3204,256,269,true,69,66,80,54,heuristic
2285,96309,6984,512,478,true,148,94,125,111,heuristic
2286,96310,5564,512,385,true,96,103,78,108,heuristic
2287,96311,12204,1024,731,true,197,176,169,189,heuristic
2288,96312,7216,512,493,true,131,125,120,117,heuristic
2289,96313,5476,512,385,true,111,78,100,96,heuristic
2290,96314,6660,512,449,true,104,133,103,109,heuristic
2291,96315,3280,256,272,true,77,69,60,66,heuristic
2292,96316,7204,512,501,true,148,101,128,124,heuristic
2293,96317,14752,1024,848,true,219,208,235,186,heuristic
2294,96318,7364,512,509,true,125,137,133,114,heuristic
2295,96319,3092,256,258,true,72,55,84,47,heuristic
2296,96320,3164,256,260,true,83,46,71,60,heuristic
2297,96321,14348,1024,836,true,196,215,235,190,heuristic
2298,96322,7132,512,487,true,135,114,116,122,heuristic
2299,96323,7188,512,496,true,136,108,134,118,heuristic
2300,96324,6164,512,413,true,113,102,101,97,heuristic
2301,96325,16136,1024,945,true,288,183,240,234,heuristic
2302,96326,7084,512,482,true,136,106,113,127,heuristic
2303,96327,10484,1024,617,true,160,132,165,160,heuristic
2304,96328,1384,128,140,true,41,34,42,23,heuristic
2305,96329,11932,1024,707,true,176,198,174,159,heuristic
2306,96330,3200,256,265,true,65,64,80,56,heuristic
2307,96331,7180,512,493,true,137,117,127,112,heuristic
2308,96332,7128,512,487,true,118,131,130,108,heuristic
2309,96333,13704,1024,782,true,191,213,192,186,heuristic
2310,96334,7060,512,483,true,120,131,109,123,heuristic
2311,96335,7544,512,519,true,130,132,126,131,heuristic
2312,96336,5448,512,379,true,107,80,112,80,heuristic
2313,96337,3396,256,281,true,68,66,71,76,heuristic
2314,96338,3248,256,274,true,72,71,66,65,heuristic
2315,96339,14064,1024,806,true,215,188,205,198,heuristic
2316,96340,5704,512,405,true,94,100,112,99,heuristic
2317,96341,11964,1024,700,true,182,184,170,164,heuristic
2318,96342,7192,512,487,true,131,119,126,111,heuristic
2319,96343,7156,512,490,true,120,128,142,100,heuristic
2320,96344,7416,512,508,true,128,139,131,110,heuristic
2321,96345,6260,512,445,true,118,107,98,122,heuristic
2322,96346,7424,512,512,true,147,88,153,124,heuristic
2323,96347,7496,512,510,true,136,117,126,131,heuristic
2324,96348,6444,512,440,true,107,97,123,113,heuristic
2325,96349,7644,512,535,true,131,144,142,118,heuristic
2326,96350,7800,512,537,true,150,110,136,141,heuristic
2327,96351,14196,1024,821,true,224,195,209,193,heuristic
2328,96352,9708,1024,552,true,139,138,158,117,heuristic
2329,96353,11868,1024,691,true,150,178,171,192,heuristic
2330,96354,6856,512,464,true,107,115,120,122,heuristic
2331,96355,6312,512,423,true,113,94,111,105,heuristic
2332,96356,6908,512,470,true,121,112,116,121,heuristic
2333,96357,7036,512,475,true,127,103,126,119,heuristic
2334,96358,10524,1024,617,true,161,141,149,166,heuristic
2335,96359,5420,512,375,true,90,92,96,97,heuristic
2336,96360,10564,1024,626,true,175,140,162,149,heuristic
2337,96361,5608,512,390,true,107,88,100,95,heuristic
2338,96362,3712,256,289,true,62,81,79,67,heuristic
2339,96363,6288,512,418,true,112,92,99,115,heuristic
2340,96364,12420,1024,749,true,189,187,197,176,heuristic
2341,96365,12016,1024,701,true,190,159,158,194,heuristic
2342,96366,9104,512,576,true,158,129,152,137,heuristic
2343,96367,7204,512,500,true,131,121,124,124,heuristic
2344,96368,6404,512,437,true,87,127,118,105,heuristic
2345,96369,12312,1024,738,true,207,153,171,207,heuristic
2346,96370,12060,1024,713,true,189,162,190,172,heuristic
2347,96371,3200,256,269,true,78,64,62,65,heuristic
2348,96372,7052,512,480,true,147,115,114,104,heuristic
2349,96373,6628,512,464,true,123,109,126,106,heuristic
2350,96374,2612,256,217,true,48,51,49,69,heuristic
2351,96375,11068,1024,647,true,166,146,192,143,heuristic
2352,96376,11704,1024,691,true,179,165,191,156,heuristic
2353,96377,2764,256,236,true,66,57,57,56,heuristic
2354,96378,7020,512,476,true,118,120,140,98,heuristic
2355,96379,6760,512,453,true,135,102,128,88,heuristic
2356,96380,14752,1024,872,true,220,204,243,205,heuristic
2357,96381,5392,512,373,true,96,94,97,86,heuristic
2358,96382,15036,1024,880,true,260,196,235,189,heuristic
2359,96383,5504,512,388,true,107,97,89,95,heuristic
2360,96384,8680,512,581,true,140,160,153,128,heuristic
2361,96385,13924,1024,807,true,203,185,232,187,heuristic
2362,96386,7340,512,504,true,129,133,143,99,heuristic
2363,96387,7024,512,473,true,110,113,132,118,heuristic
2364,96388,5660,512,403,true,110,83,135,75,heuristic
2365,96389,7592,512,517,true,149,109,135,124,heuristic
2366,96390,6976,512,473,true,145,80,134,114,heuristic
2367,96391,4720,256,353,true,93,84,83,93,heuristic
2368,96392,7492,512,509,true,155,113,119,122,heuristic
2369,96393,15340,1024,887,true,262,188,232,205,heuristic
2370,96394,7424,512,513,true,157,109,139,108,heuristic
2371,96395,7160,512,489,true,126,113,144,106,heuristic
2372,96396,5588,512,390,true,108,88,112,82,heuristic
2373,96397,6272,512,413,true,119,100,100,94,heuristic
2374,96398,3208,256,266,true,74,58,79,55,heuristic
2375,96399,6004,512,415,true,101,98,125,91,heuristic
2376,96400,7244,512,506,true,148,115,144,99,heuristic
2377,96401,12336,1024,740,true,178,202,194,166,heuristic
2378,96402,1348,128,142,true,43,33,40,26,heuristic
2379,96403,6416,512,436,true,111,98,120,107,heuristic
2380,96404,2456,256,210,true,76,32,52,50,heuristic
2381,96405,10572,1024,624,true,169,149,166,140,heuristic
2382,96406,7092,512,485,true,123,118,142,102,heuristic
2383,96407,10472,1024,615,true,175,141,156,143,heuristic
2384,96408,12412,1024,748,true,185,192,198,173,heuristic
2385,96409,6644,512,457,true,124,106,117,110,heuristic
2386,96410,7056,512,480,true,139,101,131,109,heuristic
2387,96411,16016,1024,947,true,241,244,220,242,heuristic
2388,96412,7012,512,474,true,123,120,123,108,heuristic
2389,96413,5220,512,362,true,104,81,93,84,heuristic
2390,96414,6372,512,433,true,102,106,116,109,heuristic
2391,96415,10632,1024,633,true,171,150,152,160,heuristic
2392,96416,6580,512,446,true,135,83,140,88,heuristic
2393,96417,13940,1024,806,true,181,217,208,200,heuristic
2394,96418,5384,512,371,true,103,85,104,79,heuristic
2395,96419,7228,512,504,true,121,123,137,123,heuristic
2396,96420,7140,512,484,true,111,140,117,116,heuristic
2397,96421,3024,256,246,true,58,68,72,48,heuristic
2398,96422,7184,512,495,true,130,106,135,124,heuristic
2399,96423,12484,1024,753,true,169,198,250,136,heuristic
2400,96424,7096,512,486,true,120,129,119,118,heuristic
2401,96425,11136,1024,660,true,194,138,158,170,heuristic
2402,96426,12088,1024,728,true,204,161,188,175,heuristic
2403,96427,5484,512,387,true,95,92,123,77,heuristic
2404,96428,12168,1024,723,true,190,189,185,159,heuristic
2405,96429,15692,1024,901,true,242,212,242,205,heuristic
2406,96430,14296,1024,820,true,203,219,184,214,heuristic
2407,96431,5444,512,383,true,96,90,98,99,heuristic
2408,96432,12192,1024,724,true,179,200,203,142,heuristic
2409,96433,14368,1024,825,true,198,228,183,216,heuristic
2410,96434,7092,512,486,true,118,126,115,127,heuristic
2411,96435,7052,512,480,true,126,122,114,118,heuristic
2412,96436,1508,128,157,true,44,32,42,39,heuristic
2413,96437,3180,256,264,true,70,62,75,57,heuristic
2414,96438,12220,1024,730,true,217,152,171,190,heuristic
2415,96439,3056,256,249,true,71,59,56,63,heuristic
2416,96440,12148,1024,730,true,193,170,184,183,heuristic
2417,96441,7168,512,491,true,136,91,124,140,heuristic
2418,96442,12116,1024,721,true,183,166,183,189,heuristic
2419,96443,7456,512,520,true,138,123,119,140,heuristic
2420,96444,5384,512,378,true,96,104,85,93,heuristic
2421,96445,7040,512,476,true,139,100,117,120,heuristic
2422,96446,3160,256,259,true,72,49,73,65,heuristic
2423,96447,11532,1024,672,true,158,179,165,170,heuristic
2424,96448,10680,1024,634,true,158,165,157,154,heuristic
2425,96449,1788,128,183,true,47,41,56,39,heuristic
2426,96450,7236,512,498,true,124,126,119,129,heuristic
2427,96451,7348,512,506,true,121,126,112,147,heuristic
2428,96452,3376,256,281,true,64,77,88,52,heuristic
2429,96453,12316,1024,737,true,195,175,190,177,heuristic
2430,96454,7052,512,478,true,136,116,120,106,heuristic
2431,96455,2760,256,237,true,65,63,67,42,heuristic
2432,96456,11872,1024,708,true,193,163,156,196,heuristic
2433,96457,12196,1024,729,true,204,166,189,170,heuristic
2434,96458,7176,512,494,true,143,104,126,121,heuristic
2435,96459,6564,512,438,true,97,118,120,103,heuristic
2436,96460,5716,512,405,true,124,73,112,96,heuristic
2437,96461,12244,1024,736,true,179,187,173,197,heuristic
2438,96462,3536,256,284,true,84,68,52,80,heuristic
2439,96463,7436,512,519,true,136,130,122,131,heuristic
2440,96464,5440,512,384,true,110,77,103,94,heuristic
2441,96465,15960,1024,945,true,257,209,258,221,heuristic
2442,96466,6732,512,455,true,118,116,95,126,heuristic
2443,96467,7060,512,482,true,127,112,124,119,heuristic
2444,96468,3424,256,284,true,90,69,79,46,heuristic
2445,96469,15084,1024,887,true,224,231,180,252,heuristic
2446,96470,7120,512,492,true,110,139,98,145,heuristic
2447,96471,3184,256,261,true,72,60,73,56,heuristic
2448,96472,11480,1024,670,true,174,171,183,142,heuristic
2449,96473,7380,512,512,true,144,114,152,102,heuristic
2450,96474,6344,512,426,true,117,104,111,94,heuristic
2451,96475,7436,512,513,true,143,135,112,123,heuristic
2452,96476,4844,256,369,true,93,74,112,90,heuristic
2453,96477,5692,512,406,true,113,87,98,108,heuristic
2454,96478,7064,512,476,true,150,99,108,119,heuristic
2455,96479,12112,1024,719,true,170,195,209,145,heuristic
2456,96480,7360,512,508,true,142,114,127,125,heuristic
2457,96481,6600,512,451,true,128,95,132,96,heuristic
2458,96482,15252,1024,882,true,234,215,246,187,heuristic
2459,96483,6532,512,446,true,122,101,133,90,heuristic
2460,96484,10416,1024,601,true,182,125,160,134,heuristic
2461,96485,14424,1024,834,true,210,208,207,209,heuristic
2462,96486,3352,256,275,true,76,64,80,55,heuristic
2463,96487,3180,256,263,true,64,69,69,61,heuristic
2464,96488,7116,512,483,true,124,127,128,104,heuristic
2465,96489,16092,1024,947,true,237,249,260,201,heuristic
2466,96490,6168,512,428,true,109,109,116,94,heuristic
2467,96491,6892,512,475,true,119,114,124,118,heuristic
2468,96492,5708,512,406,true,110,94,85,117,heuristic
2469,96493,6808,512,451,true,131,102,113,105,heuristic
2470,96494,11896,1024,714,true,200,159,179,176,heuristic
2471,96495,7136,512,484,true,123,120,123,118,heuristic
2472,96496,3204,256,265,true,83,60,67,55,heuristic
2473,96497,6384,512,437,true,127,85,113,112,heuristic
2474,96498,3688,256,305,true,91,58,76,80,heuristic
2475,96499,6452,512,436,true,113,99,105,119,heuristic
2476,96500,7036,512,479,true,134,114,107,124,heuristic
2477,96501,3032,256,248,true,88,37,66,57,heuristic
2478,96502,5996,512,427,true,103,109,107,108,heuristic
2479,96503,3176,256,263,true,74,65,66,58,heuristic
2480,96504,6292,512,422,true,113,98,103,108,heuristic
2481,96505,5292,512,361,true,91,99,100,71,heuristic
2482,96506,3156,256,253,true,67,56,63,67,heuristic
2483,96507,12144,1024,716,true,201,163,185,167,heuristic
2484,96508,12212,1024,724,true,199,162,204,159,heuristic
2485,96509,5404,512,371,true,105,90,104,72,heuristic
2486,96510,6756,512,464,true,109,121,122,112,heuristic
2487,96511,3084,256,255,true,75,60,63,57,heuristic
2488,96512,7020,512,476,true,126,107,125,118,heuristic
2489,96513,3188,256,264,true,63,66,62,73,heuristic
2490,96514,11360,1024,660,true,151,176,176,157,heuristic
2491,96515,3220,256,269,true,63,77,67,62,heuristic
2492,96516,3192,256,266,true,75,66,57,68,heuristic
2493,96517,6812,512,471,true,108,137,115,111,heuristic
2494,96518,6872,512,465,true,130,116,97,122,heuristic
2495,96519,7032,512,479,true,145,96,129,109,heuristic
2496,96520,7164,512,491,true,92,148,142,109,heuristic
2497,96521,7204,512,490,true,141,102,122,125,heuristic
2498,96522,1304,128,132,true,29,37,26,40,heuristic
2499,96523,4200,256,325,true,99,73,77,76,heuristic
2500,96524,14220,1024,820,true,203,209,217,191,heuristic
2501,96525,5952,512,417,true,113,91,118,95,heuristic
2502,96526,3252,256,263,true,76,57,62,68,heuristic
2503,96527,15740,1024,922,true,249,215,240,218,heuristic
2504,96528,5676,512,404,true,105,104,124,71,heuristic
2505,96529,7152,512,496,true,122,130,111,133,heuristic
2506,96530,5740,512,411,true,87,104,126,94,heuristic
2507,96531,11904,1024,697,true,179,169,181,168,heuristic
2508,96532,6444,512,436,true,127,79,133,97,heuristic
2509,96533,12380,1024,739,true,172,201,210,156,heuristic
2510,96534,7028,512,475,true,87,132,142,114,heuristic
2511,96535,7032,512,485,true,135,107,112,131,heuristic
2512,96536,7068,512,480,true,116,129,135,100,heuristic
2513,96537,10484,1024,617,true,176,124,147,170,heuristic
2514,96538,10420,1024,601,true,149,157,147,148,heuristic
2515,96539,3544,256,300,true,73,78,89,60,heuristic
2516,96540,5428,512,378,true,108,85,94,91,heuristic
2517,96541,7108,512,493,true,134,105,140,114,heuristic
2518,96542,8536,512,566,true,155,132,154,125,heuristic
2519,96543,7344,512,509,true,131,118,139,121,heuristic
2520,96544,5616,512,398,true,105,85,111,97,heuristic
2521,96545,12788,1024,773,true,186,191,178,218,heuristic
2522,96546,12824,1024,770,true,198,174,200,198,heuristic
2523,96547,7044,512,477,true,128,118,97,134,heuristic
2524,96548,6916,512,477,true,117,118,133,109,heuristic
2525,96549,7196,512,497,true,130,124,141,102,heuristic
2526,96550,4764,512,335,true,85,79,91,80,heuristic
2527,96551,6752,512,453,true,107,127,119,100,heuristic
2528,96552,8036,512,558,true,151,141,134,132,heuristic
2529,96553,7108,512,489,true,135,95,123,136,heuristic
2530,96554,13676,1024,780,true,203,174,208,195,heuristic
2531,96555,6900,512,484,true,111,120,140,113,heuristic
2532,96556,3856,256,316,true,74,90,85,67,heuristic
2533,96557,3076,256,254,true,71,55,79,49,heuristic
2534,96558,11352,1024,659,true,159,174,170,156,heuristic
2535,96559,7212,512,499,true,142,100,133,124,heuristic
2536,96560,5432,512,379,true,95,98,101,85,heuristic
2537,96561,15476,1024,905,true,233,237,211,224,heuristic
2538,96562,12096,1024,713,true,161,198,193,161,heuristic
2539,96563,7844,512,538,true,141,126,125,146,heuristic
2540,96564,11488,1024,682,true,177,159,182,164,heuristic
2541,96565,15492,1024,912,true,223,219,215,255,heuristic
2542,96566,12688,1024,763,true,217,167,190,189,heuristic
2543,96567,6660,512,450,true,118,97,101,134,heuristic
2544,96568,7148,512,487,true,134,105,116,132,heuristic
2545,96569,6524,512,443,true,106,116,114,107,heuristic
2546,96570,11456,1024,672,true,171,164,199,138,heuristic
2547,96571,7276,512,503,true,114,132,124,133,heuristic
2548,96572,7116,512,480,true,107,135,118,120,heuristic
2549,96573,3380,256,281,true,84,59,82,56,heuristic
2550,96574,10348,1024,602,true,154,138,171,139,heuristic
2551,96575,7056,512,480,true,121,110,115,134,heuristic
2552,96576,6776,512,473,true,135,103,118,117,heuristic
2553,96577,10456,1024,607,true,149,165,149,144,heuristic
2554,96578,1588,128,158,true,47,37,36,38,heuristic
2555,96579,5468,512,384,true,117,87,98,82,heuristic
2556,96580,11320,1024,646,true,162,159,192,133,heuristic
2557,96581,7064,512,484,true,125,122,125,112,heuristic
2558,96582,3040,256,245,true,78,50,75,42,heuristic
2559,96583,6644,512,457,true,108,118,123,108,heuristic
2560,96584,6052,512,415,true,115,96,106,98,heuristic
2561,96585,7136,512,487,true,124,110,137,116,heuristic
2562,96586,14020,1024,813,true,228,191,204,190,heuristic
2563,96587,7124,512,493,true,135,115,135,108,heuristic
2564,96588,12492,1024,737,true,199,164,208,166,heuristic
2565,96589,3176,256,264,true,73,61,61,69,heuristic
2566,96590,11392,1024,669,true,202,136,186,145,heuristic
2567,96591,7092,512,488,true,125,135,116,112,heuristic
2568,96592,7208,512,491,true,127,110,127,127,heuristic
2569,96593,10676,1024,626,true,178,144,160,144,heuristic
2570,96594,1492,128,157,true,41,43,45,28,heuristic
2571,96595,6980,512,467,true,105,132,113,117,heuristic
2572,96596,6576,512,439,true,102,119,103,115,heuristic
2573,96597,7388,512,515,true,129,152,109,125,heuristic
2574,96598,7104,512,487,true,112,129,134,112,heuristic
2575,96599,7048,512,483,true,123,112,142,106,heuristic
2576,96600,3196,256,267,true,82,56,63,66,heuristic
2577,96601,10788,1024,631,true,158,151,177,145,heuristic
2578,96602,6928,512,476,true,129,112,118,117,heuristic
2579,96603,13128,1024,790,true,202,203,194,191,heuristic
2580,96604,5408,512,377,true,91,85,108,93,heuristic
2581,96605,12120,1024,722,true,192,171,205,154,heuristic
2582,96606,7044,512,482,true,118,127,110,127,heuristic
2583,96607,12176,1024,725,true,176,203,167,179,heuristic
2584,96608,7004,512,471,true,118,113,144,96,heuristic
2585,96609,6788,512,456,true,107,124,118,107,heuristic
2586,96610,13636,1024,777,true,187,212,221,157,heuristic
2587,96611,14656,1024,864,true,235,200,231,198,heuristic
2588,96612,7148,512,493,true,136,115,122,120,heuristic
2589,96613,7048,512,479,true,112,124,124,119,heuristic
2590,96614,12008,1024,699,true,187,166,171,175,heuristic
2591,96615,10612,1024,618,true,138,174,164,142,heuristic
2592,96616,7172,512,493,true,137,119,130,107,heuristic
2593,96617,20652,2048,1000,false,251,260,259,230,heuristic
2594,96618,11832,1024,698,true,153,201,190,154,heuristic
2595,96619,7120,512,492,true,136,109,125,122,heuristic
2596,96620,7096,512,486,true,127,109,129,121,heuristic
2597,96621,20660,2048,1000,false,292,230,209,269,heuristic
2598,96622,7380,512,513,true,148,108,134,123,heuristic
2599,96623,7048,512,479,true,142,98,127,112,heuristic
2600,96624,7352,512,510,true,159,108,124,119,heuristic
2601,96625,10244,1024,601,true,153,153,160,135,heuristic
2602,96626,3340,256,272,true,87,48,70,67,heuristic
2603,96627,7092,512,485,true,122,112,146,105,heuristic
2604,96628,14280,1024,808,true,182,226,223,177,heuristic
2605,96629,10412,1024,611,true,162,146,158,145,heuristic
2606,96630,7372,512,510,true,155,112,115,128,heuristic
2607,96631,3340,256,273,true,85,56,76,56,heuristic
2608,96632,6444,512,460,true,116,130,110,104,heuristic
2609,96633,7208,512,492,true,119,130,139,104,heuristic
2610,96634,14384,1024,841,true,194,227,186,234,heuristic
2611,96635,6488,512,449,true,109,113,123,104,heuristic
2612,96636,16168,1024,954,true,289,199,236,230,heuristic
2613,96637,7256,512,498,true,125,131,114,128,heuristic
2614,96638,3376,256,276,true,59,74,68,75,heuristic
2615,96639,7124,512,492,true,125,128,130,109,heuristic
2616,96640,6872,512,467,true,126,123,121,97,heuristic
2617,96641,3636,256,297,true,75,77,79,66,heuristic
2618,96642,2832,256,247,true,64,59,56,68,heuristic
2619,96643,12212,1024,729,true,185,181,199,164,heuristic
2620,96644,7108,512,481,true,127,122,124,108,heuristic
2621,96645,8452,512,563,true,145,128,149,141,heuristic
2622,96646,3240,256,264,true,60,73,72,59,heuristic
2623,96647,12196,1024,722,true,184,172,195,171,heuristic
2624,96648,10548,1024,621,true,140,170,148,163,heuristic
2625,96649,10496,1024,620,true,152,146,154,168,heuristic
2626,96650,12032,1024,717,true,186,176,172,183,heuristic
2627,96651,6680,512,454,true,126,106,132,90,heuristic
2628,96652,7644,512,521,true,146,122,136,117,heuristic
2629,96653,12624,1024,756,true,174,198,215,169,heuristic
2630,96654,5724,512,403,true,88,116,116,83,heuristic
2631,96655,6212,512,415,true,114,90,117,94,heuristic
2632,96656,6360,512,445,true,106,113,135,91,heuristic
2633,96657,6748,512,466,true,103,128,117,118,heuristic
2634,96658,7316,512,513,true,120,135,129,129,heuristic
2635,96659,3136,256,257,true,65,49,87,56,heuristic
2636,96660,7504,512,527,true,139,119,142,127,heuristic
2637,96661,6428,512,431,true,115,99,125,92,heuristic
2638,96662,7732,512,507,true,131,120,114,142,heuristic
2639,96663,6964,512,477,true,137,115,117,108,heuristic
2640,96664,7800,512,532,true,148,128,157,99,heuristic
2641,96665,5368,512,372,true,92,96,88,96,heuristic
2642,96666,7096,512,485,true,135,106,120,124,heuristic
2643,96667,2776,256,238,true,69,47,64,58,heuristic
2644,96668,7044,512,482,true,127,120,108,127,heuristic
2645,96669,6620,512,451,true,103,126,117,105,heuristic
2646,96670,15932,1024,928,true,230,212,250,236,heuristic
2647,96671,14660,1024,864,true,192,250,215,207,heuristic
2648,96672,3856,256,317,true,82,65,113,57,heuristic
2649,96673,7060,512,481,true,124,115,139,103,heuristic
2650,96674,3376,256,280,true,85,53,76,66,heuristic
2651,96675,5600,512,389,true,95,100,97,97,heuristic
2652,96676,7232,512,489,true,131,106,145,107,heuristic
2653,96677,12044,1024,704,true,194,166,192,152,heuristic
2654,96678,7084,512,487,true,133,122,114,118,heuristic
2655,96679,3392,256,279,true,68,71,75,65,heuristic
2656,96680,7348,512,520,true,125,131,155,109,heuristic
2657,96681,7676,512,534,true,117,142,152,123,heuristic
2658,96682,3208,256,265,true,54,67,75,69,heuristic
2659,96683,7064,512,479,true,110,125,130,114,heuristic
2660,96684,12220,1024,731,true,175,188,194,174,heuristic
2661,96685,16028,1024,932,true,220,241,224,247,heuristic
2662,96686,11744,1024,691,true,173,167,190,161,heuristic
2663,96687,6752,512,450,true,114,102,129,105,heuristic
2664,96688,7116,512,483,true,108,136,120,119,heuristic
2665,96689,7240,512,494,true,142,120,119,113,heuristic
2666,96690,7840,512,536,true,138,131,163,104,heuristic
2667,96691,5592,512,401,true,106,91,113,91,heuristic
2668,96692,7180,512,499,true,127,127,117,128,heuristic
2669,96693,12224,1024,727,true,179,177,179,192,heuristic
2670,96694,7112,512,489,true,115,122,130,122,heuristic
2671,96695,2740,256,229,true,51,66,63,49,heuristic
2672,96696,15432,1024,905,true,239,221,245,200,heuristic
2673,96697,3172,256,262,true,69,60,69,64,heuristic
2674,96698,7252,512,500,true,122,138,122,118,heuristic
2675,96699,3360,256,276,true,77,54,68,77,heuristic
2676,96700,11900,1024,700,true,171,184,186,159,heuristic
2677,96701,7040,512,477,true,124,114,115,124,heuristic
2678,96702,13632,1024,776,true,201,183,201,191,heuristic
2679,96703,5472,512,388,true,109,95,98,86,heuristic
2680,96704,3248,256,269,true,76,60,68,65,heuristic
2681,96705,5496,512,383,true,101,95,107,80,heuristic
2682,96706,15216,1024,888,true,232,209,248,199,heuristic
2683,96707,3400,256,282,true,83,59,74,66,heuristic
2684,96708,11516,1024,674,true,159,190,159,166,heuristic
2685,96709,5632,512,397,true,97,106,107,87,heuristic
2686,96710,5436,512,381,true,111,86,117,67,heuristic
2687,96711,11996,1024,704,true,195,172,169,168,heuristic
2688,96712,3060,256,251,true,66,55,61,69,heuristic
2689,96713,14260,1024,815,true,191,218,218,188,heuristic
2690,96714,3412,256,278,true,86,57,73,62,heuristic
2691,96715,7056,512,481,true,118,137,140,86,heuristic
2692,96716,6072,512,440,true,138,93,107,102,heuristic
2693,96717,3056,256,249,true,79,53,73,44,heuristic
2694,96718,7456,512,516,true,138,118,128,132,heuristic
2695,96719,12860,1024,752,true,210,160,203,179,heuristic
2696,96720,20644,2048,1000,false,255,253,237,255,heuristic
2697,96721,6532,512,449,true,123,107,126,93,heuristic
2698,96722,11372,1024,664,true,187,156,181,140,heuristic
2699,96723,6404,512,434,true,126,99,100,109,heuristic
2700,96724,9700,1024,554,true,157,123,138,136,heuristic
2701,96725,14440,1024,837,true,232,168,263,174,heuristic
2702,96726,12524,1024,759,true,215,172,182,190,heuristic
2703,96727,5696,512,401,true,102,91,119,89,heuristic
2704,96728,15944,1024,937,true,247,219,250,221,heuristic
2705,96729,7064,512,478,true,125,111,115,127,heuristic
2706,96730,7772,512,532,true,106,146,139,141,heuristic
2707,96731,7328,512,504,true,112,146,123,123,heuristic
2708,96732,7192,512,498,true,122,136,128,112,heuristic
2709,96733,6992,512,473,true,127,109,122,115,heuristic
2710,96734,7092,512,489,true,126,136,121,106,heuristic
2711,96735,12316,1024,728,true,163,213,176,176,heuristic
2712,96736,7084,512,482,true,144,89,121,128,heuristic
2713,96737,12088,1024,711,true,192,162,195,162,heuristic
2714,96738,12332,1024,743,true,186,198,186,173,heuristic
2715,96739,11720,1024,691,true,161,193,175,162,heuristic
2716,96740,14356,1024,826,true,254,190,195,187,heuristic
2717,96741,12380,1024,739,true,222,167,190,160,heuristic
2718,96742,14196,1024,821,true,213,217,216,175,heuristic
2719,96743,12168,1024,723,true,179,194,187,163,heuristic
2720,96744,6444,512,441,true,106,122,104,109,heuristic
2721,96745,5520,512,395,true,100,102,120,73,heuristic
2722,96746,3888,256,316,true,98,64,82,72,heuristic
2723,96747,6344,512,427,true,113,98,107,109,heuristic
2724,96748,11124,1024,660,true,193,137,150,180,heuristic
2725,96749,6468,512,445,true,115,115,106,109,heuristic
2726,96750,7144,512,485,true,134,107,129,115,heuristic
2727,96751,6780,512,460,true,125,103,124,108,heuristic
2728,96752,6708,512,462,true,120,114,102,126,heuristic
2729,96753,7040,512,476,true,116,133,150,77,heuristic
2730,96754,13464,1024,768,true,210,188,188,182,heuristic
2731,96755,7196,512,499,true,134,118,116,131,heuristic
2732,96756,3520,256,298,true,92,50,75,81,heuristic
2733,96757,15528,1024,892,true,197,251,261,183,heuristic
2734,96758,3512,256,298,true,88,66,81,63,heuristic
2735,96759,10612,1024,628,true,156,167,155,150,heuristic
2736,96760,12552,1024,749,true,209,178,216,146,heuristic
2737,96761,12516,1024,747,true,188,185,173,201,heuristic
2738,96762,7388,512,518,true,153,107,140,118,heuristic
2739,96763,4620,512,309,true,95,61,89,64,heuristic
2740,96764,6812,512,475,true,142,103,141,89,heuristic
2741,96765,5656,512,399,true,114,76,105,104,heuristic
2742,96766,11676,1024,688,true,169,175,187,157,heuristic
2743,96767,4204,256,322,true,89,77,76,80,heuristic
2744,96768,10716,1024,632,true,168,163,122,179,heuristic
2745,96769,7236,512,504,true,128,134,127,115,heuristic
2746,96770,6460,512,442,true,130,98,115,99,heuristic
2747,96771,1752,128,179,true,44,46,54,35,heuristic
2748,96772,7316,512,501,true,120,132,134,115,heuristic
2749,96773,7340,512,504,true,130,124,141,109,heuristic
2750,96774,5320,512,360,true,105,71,103,81,heuristic
2751,96775,5612,512,402,true,110,93,97,102,heuristic
2752,96776,12032,1024,706,true,182,175,221,128,heuristic
2753,96777,5588,512,407,true,97,98,111,101,heuristic
2754,96778,3076,256,251,true,50,73,71,57,heuristic
2755,96779,7368,512,508,true,137,112,122,137,heuristic
2756,96780,12528,1024,745,true,198,165,179,203,heuristic
2757,96781,3256,256,266,true,63,67,78,58,heuristic
2758,96782,7080,512,486,true,119,124,128,115,heuristic
2759,96783,12144,1024,717,true,208,162,167,180,heuristic
2760,96784,12360,1024,739,true,182,195,169,193,heuristic
2761,96785,13996,1024,814,true,171,235,231,177,heuristic
2762,96786,7104,512,489,true,132,104,139,114,heuristic
2763,96787,6772,512,458,true,107,107,121,123,heuristic
2764,96788,16216,1024,951,true,212,246,258,235,heuristic
2765,96789,7136,512,484,true,120,115,128,121,heuristic
2766,96790,7068,512,479,true,97,136,141,105,heuristic
2767,96791,7176,512,495,true,141,110,125,119,heuristic
2768,96792,6920,512,474,true,126,110,116,122,heuristic
2769,96793,7096,512,486,true,127,103,113,143,heuristic
2770,96794,11448,1024,668,true,173,159,182,154,heuristic
2771,96795,7248,512,492,true,144,115,120,113,heuristic
2772,96796,12088,1024,715,true,167,177,193,178,heuristic
2773,96797,7128,512,493,true,134,117,131,111,heuristic
2774,96798,6944,512,480,true,151,93,129,107,heuristic
2775,96799,3852,256,308,true,82,77,75,74,heuristic
2776,96800,5964,512,427,true,109,99,116,103,heuristic
2777,96801,5556,512,393,true,91,113,83,106,heuristic
2778,96802,20684,2048,1000,false,277,233,261,229,heuristic
2779,96803,10408,1024,610,true,158,149,151,152,heuristic
2780,96804,13408,1024,758,true,201,195,176,186,heuristic
2781,96805,3364,256,277,true,86,57,67,67,heuristic
2782,96806,7148,512,494,true,128,127,124,115,heuristic
2783,96807,15316,1024,874,true,228,214,237,195,heuristic
2784,96808,5984,512,420,true,106,95,113,106,heuristic
2785,96809,12280,1024,741,true,166,212,180,183,heuristic
2786,96810,7276,512,503,true,115,127,127,134,heuristic
2787,96811,3540,256,300,true,87,67,91,55,heuristic
2788,96812,12044,1024,707,true,206,144,182,175,heuristic
2789,96813,6704,512,460,true,111,118,116,115,heuristic
2790,96814,11912,1024,695,true,171,176,186,162,heuristic
2791,96815,7132,512,491,true,137,112,119,123,heuristic
2792,96816,11548,1024,680,true,188,161,156,175,heuristic
2793,96817,12564,1024,741,true,191,183,193,174,heuristic
2794,96818,7040,512,476,true,125,117,123,111,heuristic
2795,96819,7116,512,483,true,103,134,136,110,heuristic
2796,96820,6948,512,482,true,123,113,135,111,heuristic
2797,96821,6992,512,480,true,112,136,114,118,heuristic
2798,96822,3748,256,298,true,75,67,70,86,heuristic
2799,96823,4632,512,308,true,76,81,86,65,heuristic
2800,96824,5472,512,384,true,102,86,99,97,heuristic
2801,96825,7056,512,477,true,128,104,136,109,heuristic
2802,96826,6328,512,427,true,113,110,108,96,heuristic
2803,96827,10800,1024,643,true,172,141,151,179,heuristic
2804,96828,14132,1024,816,true,215,194,189,218,heuristic
2805,96829,7136,512,486,true,122,123,130,111,heuristic
2806,96830,6908,512,475,true,113,127,111,124,heuristic
2807,96831,3444,256,286,true,66,81,84,55,heuristic
2808,96832,7316,512,502,true,144,102,112,144,heuristic
2809,96833,7116,512,487,true,137,103,139,108,heuristic
2810,96834,3444,256,286,true,82,58,75,71,heuristic
2811,96835,3200,256,264,true,82,54,81,47,heuristic
2812,96836,6684,512,455,true,124,116,133,82,heuristic
2813,96837,7140,512,486,true,150,105,114,117,heuristic
2814,96838,14464,1024,851,true,220,210,206,215,heuristic
2815,96839,3460,256,286,true,83,71,62,70,heuristic
2816,96840,3460,256,286,true,88,67,69,62,heuristic
2817,96841,11896,1024,699,true,164,180,186,169,heuristic
2818,96842,6448,512,441,true,120,107,99,115,heuristic
2819,96843,6848,512,464,true,143,111,99,111,heuristic
2820,96844,11908,1024,702,true,170,193,187,152,heuristic
2821,96845,3888,256,316,true,85,84,91,56,heuristic
2822,96846,12332,1024,742,true,194,187,196,165,heuristic
2823,96847,4104,256,335,true,78,83,96,78,heuristic
2824,96848,12416,1024,736,true,204,163,173,196,heuristic
2825,96849,12144,1024,712,true,195,159,192,166,heuristic
2826,96850,5628,512,396,true,101,100,87,108,heuristic
2827,96851,7184,512,496,true,152,107,126,111,heuristic
2828,96852,10616,1024,623,true,147,175,146,155,heuristic
2829,96853,5080,512,357,true,103,82,89,83,heuristic
2830,96854,10432,1024,609,true,163,150,157,139,heuristic
2831,96855,5568,512,391,true,117,82,92,100,heuristic
2832,96856,7340,512,503,true,142,118,134,109,heuristic
2833,96857,7840,512,548,true,134,133,149,132,heuristic
2834,96858,7164,512,491,true,128,125,95,143,heuristic
2835,96859,13780,1024,796,true,217,191,185,203,heuristic
2836,96860,6808,512,456,true,107,124,132,93,heuristic
2837,96861,15120,1024,896,true,209,230,225,232,heuristic
2838,96862,7144,512,486,true,137,92,136,121,heuristic
2839,96863,12128,1024,720,true,211,147,183,179,heuristic
2840,96864,6412,512,432,true,119,113,104,96,heuristic
2841,96865,3816,256,304,true,77,76,76,75,heuristic
2842,96866,5020,512,341,true,97,74,87,83,heuristic
2843,96867,12624,1024,771,true,200,189,190,192,heuristic
2844,96868,13080,1024,789,true,204,196,211,178,heuristic
2845,96869,5760,512,412,true,117,90,108,97,heuristic
2846,96870,6480,512,444,true,106,120,105,113,heuristic
2847,96871,11916,1024,702,true,180,162,185,175,heuristic
2848,96872,7036,512,480,true,110,137,123,110,heuristic
2849,96873,7076,512,481,true,128,108,108,137,heuristic
2850,96874,7096,512,479,true,119,121,130,109,heuristic
2851,96875,8152,512,549,true,140,152,119,138,heuristic
2852,96876,12164,1024,722,true,178,181,184,179,heuristic
2853,96877,11408,1024,663,true,179,169,163,152,heuristic
2854,96878,6916,512,478,true,116,133,127,102,heuristic
2855,96879,7036,512,476,true,124,121,102,129,heuristic
2856,96880,12780,1024,759,true,214,164,208,173,heuristic
2857,96881,14596,1024,849,true,226,207,232,184,heuristic
2858,96882,6932,512,476,true,126,115,112,123,heuristic
2859,96883,5692,512,406,true,127,92,78,109,heuristic
2860,96884,11716,1024,687,true,153,201,171,162,heuristic
2861,96885,3312,256,271,true,60,74,53,84,heuristic
2862,96886,6416,512,438,true,109,110,98,121,heuristic
2863,96887,5512,512,386,true,97,104,108,77,heuristic
2864,96888,6532,512,445,true,127,105,118,95,heuristic
2865,96889,6960,512,468,true,122,111,133,102,heuristic
2866,96890,14252,1024,820,true,243,178,213,186,heuristic
2867,96891,15100,1024,886,true,235,213,234,204,heuristic
2868,96892,7300,512,497,true,119,118,119,141,heuristic
2869,96893,7176,512,493,true,135,116,142,100,heuristic
2870,96894,5440,512,375,true,108,85,95,87,heuristic
2871,96895,3236,256,266,true,70,61,67,68,heuristic
2872,96896,15048,1024,878,true,264,176,235,203,heuristic
2873,96897,7156,512,494,true,145,101,125,123,heuristic
2874,96898,14676,1024,838,true,202,220,201,215,heuristic
2875,96899,7104,512,481,true,123,108,103,147,heuristic
2876,96900,3120,256,261,true,54,70,87,50,heuristic
2877,96901,7252,512,493,true,154,102,127,110,heuristic
2878,96902,10380,1024,604,true,167,148,130,159,heuristic
2879,96903,7352,512,505,true,119,133,150,103,heuristic
2880,96904,7060,512,481,true,107,141,120,113,heuristic
2881,96905,7436,512,518,true,127,126,128,137,heuristic
2882,96906,11724,1024,687,true,185,161,189,152,heuristic
2883,96907,3156,256,257,true,65,62,86,44,heuristic
2884,96908,5616,512,391,true,120,89,82,100,heuristic
2885,96909,6176,512,436,true,116,99,107,114,heuristic
2886,96910,7332,512,512,true,153,111,127,121,heuristic
2887,96911,2980,256,246,true,70,53,56,67,heuristic
2888,96912,8128,512,560,true,152,132,155,121,heuristic
2889,96913,6972,512,474,true,137,109,116,112,heuristic
2890,96914,4048,256,305,true,89,72,84,60,heuristic
2891,96915,7172,512,496,true,138,114,143,101,heuristic
2892,96916,10512,1024,620,true,164,159,130,167,heuristic
2893,96917,7208,512,498,true,128,119,131,120,heuristic
2894,96918,14744,1024,869,true,234,198,218,219,heuristic
2895,96919,5420,512,380,true,87,92,89,112,heuristic
2896,96920,3520,256,296,true,80,72,81,63,heuristic
2897,96921,14812,1024,863,true,211,217,239,196,heuristic
2898,96922,12204,1024,727,true,190,172,213,152,heuristic
2899,96923,6536,512,447,true,148,80,114,105,heuristic
2900,96924,11512,1024,678,true,188,165,188,137,heuristic
2901,96925,5656,512,398,true,105,94,97,102,heuristic
2902,96926,7288,512,505,true,130,121,122,132,heuristic
2903,96927,5448,512,383,true,93,105,93,92,heuristic
2904,96928,12436,1024,742,true,181,192,202,167,heuristic
2905,96929,16060,1024,939,true,248,219,236,236,heuristic
2906,96930,12180,1024,726,true,208,159,182,177,heuristic
2907,96931,4200,256,352,true,112,65,109,66,heuristic
2908,96932,3392,256,281,true,75,68,74,64,heuristic
2909,96933,1616,128,162,true,49,32,44,37,heuristic
2910,96934,7036,512,487,true,138,96,140,113,heuristic
2911,96935,11952,1024,712,true,185,182,180,165,heuristic
2912,96936,8048,512,567,true,138,151,162,116,heuristic
2913,96937,11356,1024,656,true,183,152,171,150,heuristic
2914,96938,5628,512,406,true,103,90,99,114,heuristic
2915,96939,7448,512,514,true,111,145,131,127,heuristic
2916,96940,6920,512,478,true,136,104,150,88,heuristic
2917,96941,3176,256,262,true,77,61,69,55,heuristic
2918,96942,3380,256,277,true,65,75,67,70,heuristic
2919,96943,7360,512,501,true,127,123,140,111,heuristic
2920,96944,6796,512,463,true,97,137,119,110,heuristic
2921,96945,7104,512,487,true,117,123,119,128,heuristic
2922,96946,7116,512,491,true,121,120,113,137,heuristic
2923,96947,12224,1024,727,true,184,177,174,192,heuristic
2924,96948,11860,1024,700,true,207,133,184,176,heuristic
2925,96949,11468,1024,671,true,154,178,184,155,heuristic
2926,96950,7252,512,498,true,147,109,138,104,heuristic
2927,96951,7260,512,500,true,131,111,135,123,heuristic
2928,96952,11348,1024,658,true,165,151,188,154,heuristic
2929,96953,7176,512,498,true,119,113,138,128,heuristic
2930,96954,15336,1024,886,true,229,218,215,224,heuristic
2931,96955,16164,1024,945,true,188,270,248,239,heuristic
2932,96956,3320,256,281,true,87,57,70,67,heuristic
2933,96957,5416,512,375,true,102,88,101,84,heuristic
2934,96958,5352,512,371,true,73,106,97,95,heuristic
2935,96959,5432,512,379,true,109,82,97,91,heuristic
2936,96960,5552,512,385,true,106,79,96,104,heuristic
2937,96961,14688,1024,850,true,192,239,218,201,heuristic
2938,96962,10300,1024,603,true,160,149,158,136,heuristic
2939,96963,6428,512,435,true,124,100,111,100,heuristic
2940,96964,15788,1024,919,true,257,196,249,217,heuristic
2941,96965,6300,512,424,true,100,121,111,92,heuristic
2942,96966,3360,256,276,true,80,54,68,74,heuristic
2943,96967,6392,512,432,true,115,103,115,99,heuristic
2944,96968,13808,1024,829,true,260,163,194,212,heuristic
2945,96969,12040,1024,703,true,186,175,196,146,heuristic
2946,96970,6440,512,439,true,129,96,110,104,heuristic
2947,96971,5752,512,410,true,104,99,90,117,heuristic
2948,96972,7064,512,482,true,126,113,118,125,heuristic
2949,96973,3260,256,273,true,83,52,71,67,heuristic
2950,96974,7804,512,537,true,127,130,140,140,heuristic
2951,96975,14484,1024,849,true,217,209,197,226,heuristic
2952,96976,11972,1024,713,true,197,157,186,173,heuristic
2953,96977,5000,512,351,true,95,70,97,89,heuristic
2954,96978,6808,512,470,true,109,125,127,109,heuristic
2955,96979,5564,512,390,true,124,81,88,97,heuristic
2956,96980,14700,1024,870,true,250,169,239,212,heuristic
2957,96981,10636,1024,627,true,120,185,168,154,heuristic
2958,96982,5728,512,408,true,101,105,99,103,heuristic
2959,96983,10608,1024,633,true,180,134,155,164,heuristic
2960,96984,11424,1024,661,true,190,145,160,166,heuristic
2961,96985,11880,1024,690,true,190,163,183,154,heuristic
2962,96986,11624,1024,693,true,162,193,177,161,heuristic
2963,96987,3056,256,249,true,66,63,52,68,heuristic
2964,96988,7476,512,510,true,137,118,146,109,heuristic
2965,96989,13736,1024,791,true,178,227,194,192,heuristic
2966,96990,6664,512,463,true,111,135,108,109,heuristic
2967,96991,5568,512,396,true,106,100,96,94,heuristic
2968,96992,3220,256,268,true,71,64,70,63,heuristic
2969,96993,7212,512,488,true,124,115,128,121,heuristic
2970,96994,3924,256,320,true,79,84,86,71,heuristic
2971,96995,12172,1024,724,true,201,174,216,133,heuristic
2972,96996,7108,512,489,true,122,115,108,144,heuristic
2973,96997,3500,256,294,true,88,64,68,74,heuristic
2974,96998,6920,512,467,true,132,104,146,85,heuristic
2975,96999,10400,1024,608,true,179,140,152,137,heuristic
2976,97000,14592,1024,859,true,215,223,230,191,heuristic
2977,97001,5460,512,385,true,109,84,96,96,heuristic
2978,97002,6976,512,480,true,133,122,118,107,heuristic
2979,97003,7108,512,477,true,124,121,121,111,heuristic
2980,97004,3544,256,295,true,76,73,74,72,heuristic
2981,97005,13860,1024,790,true,211,201,225,153,heuristic
2982,97006,12124,1024,712,true,169,196,209,138,heuristic
2983,97007,7296,512,497,true,114,129,126,128,heuristic
2984,97008,14452,1024,841,true,218,200,228,195,heuristic
2985,97009,7176,512,487,true,120,112,135,120,heuristic
2986,97010,7244,512,495,true,109,131,134,121,heuristic
2987,97011,6648,512,458,true,121,109,118,110,heuristic
2988,97012,3108,256,251,true,65,62,67,57,heuristic
2989,97013,7124,512,489,true,130,112,129,118,heuristic
2990,97014,6792,512,458,true,108,116,124,110,heuristic
2991,97015,14716,1024,871,true,234,212,232,193,heuristic
2992,97016,15724,1024,923,true,244,236,217,226,heuristic
2993,97017,11756,1024,680,true,179,155,194,152,heuristic
2994,97018,7432,512,496,true,127,137,118,114,heuristic
2995,97019,12092,1024,714,true,190,175,167,182,heuristic
2996,97020,7144,512,490,true,115,133,139,103,heuristic
2997,97021,6556,512,456,true,129,98,100,129,heuristic
2998,97022,7028,512,473,true,120,106,139,108,heuristic
2999,97023,15396,1024,889,true,219,253,205,212,heuristic
3000,97024,5388,512,377,true,117,78,101,81,heuristic
3001,97025,11356,1024,660,true,165,170,172,153,heuristic
3002,97026,6068,512,421,true,106,99,106,110,heuristic
3003,97027,12164,1024,721,true,171,189,170,191,heuristic
3004,97028,11692,1024,690,true,171,188,158,173,heuristic
3005,97029,6444,512,441,true,122,107,105,107,heuristic
3006,97030,3492,256,289,true,93,64,64,68,heuristic
3007,97031,7252,512,504,true,147,101,126,130,heuristic
3008,97032,6536,512,442,true,106,116,117,103,heuristic
3009,97033,7072,512,484,true,115,122,108,139,heuristic
3010,97034,7100,512,480,true,120,124,140,96,heuristic
3011,97035,6340,512,429,true,118,93,121,97,heuristic
3012,97036,6316,512,425,true,103,115,100,107,heuristic
3013,97037,15152,1024,862,true,242,190,177,253,heuristic
3014,97038,3220,256,272,true,62,79,67,64,heuristic
3015,97039,7576,512,526,true,141,120,140,125,heuristic
3016,97040,5448,512,382,true,103,88,104,87,heuristic
3017,97041,12404,1024,745,true,211,161,243,130,heuristic
3018,97042,7356,512,508,true,123,133,142,110,heuristic
3019,97043,16128,1024,954,true,214,247,252,241,heuristic
3020,97044,7068,512,484,true,132,120,116,116,heuristic
3021,97045,5436,512,379,true,107,80,100,92,heuristic
3022,97046,12176,1024,719,true,171,196,171,181,heuristic
3023,97047,5700,512,401,true,109,104,108,80,heuristic
3024,97048,4504,256,354,true,84,104,99,67,heuristic
3025,97049,7156,512,494,true,135,114,122,123,heuristic
3026,97050,14336,1024,833,true,180,228,219,206,heuristic
3027,97051,14500,1024,848,true,218,207,231,192,heuristic
3028,97052,7408,512,520,true,133,119,140,128,heuristic
3029,97053,7320,512,514,true,127,130,130,127,heuristic
3030,97054,7156,512,490,true,114,120,122,134,heuristic
3031,97055,6456,512,438,true,103,112,134,89,heuristic
3032,97056,5516,512,387,true,92,86,110,99,heuristic
3033,97057,7860,512,548,true,152,117,134,145,heuristic
3034,97058,7032,512,475,true,140,110,101,124,heuristic
3035,97059,14264,1024,810,true,185,197,199,229,heuristic
3036,97060,7112,512,491,true,127,111,154,99,heuristic
3037,97061,3068,256,252,true,66,61,77,48,heuristic
3038,97062,14692,1024,864,true,213,214,249,188,heuristic
3039,97063,11832,1024,712,true,169,200,171,172,heuristic
3040,97064,12240,1024,731,true,201,171,194,165,heuristic
3041,97065,7160,512,497,true,136,112,136,113,heuristic
3042,97066,3416,256,279,true,67,72,74,66,heuristic
3043,97067,3484,256,291,true,82,65,72,72,heuristic
3044,97068,14772,1024,867,true,231,215,230,191,heuristic
3045,97069,6344,512,431,true,119,106,125,81,heuristic
3046,97070,5464,512,383,true,110,89,121,63,heuristic
3047,97071,12512,1024,754,true,214,185,163,192,heuristic
3048,97072,7140,512,485,true,136,109,116,124,heuristic
3049,97073,12444,1024,743,true,195,176,178,194,heuristic
3050,97074,7120,512,493,true,127,128,130,108,heuristic
3051,97075,5904,512,420,true,120,83,119,98,heuristic
3052,97076,13908,1024,801,true,193,211,217,180,heuristic
3053,97077,14504,1024,850,true,204,204,207,235,heuristic
3054,97078,7500,512,526,true,152,118,125,131,heuristic
3055,97079,10472,1024,615,true,145,176,160,134,heuristic
3056,97080,7376,512,507,true,132,128,137,110,heuristic
3057,97081,11672,1024,690,true,170,178,176,166,heuristic
3058,97082,7812,512,537,true,157,107,143,130,heuristic
3059,97083,16284,1024,978,true,263,246,222,247,heuristic
3060,97084,6440,512,432,true,122,96,102,112,heuristic
3061,97085,11484,1024,675,true,195,131,158,191,heuristic
3062,97086,7132,512,494,true,107,143,127,117,heuristic
3063,97087,6576,512,445,true,113,114,126,92,heuristic
3064,97088,12068,1024,708,true,201,158,181,168,heuristic
3065,97089,7096,512,478,true,119,129,115,115,heuristic
3066,97090,12608,1024,751,true,198,166,194,193,heuristic
3067,97091,14784,1024,874,true,200,239,230,205,heuristic
3068,97092,3180,256,249,true,54,77,62,56,heuristic
3069,97093,5580,512,396,true,97,91,104,104,heuristic
3070,97094,7716,512,523,true,150,132,119,122,heuristic
3071,97095,4316,256,340,true,86,83,93,78,heuristic
3072,97096,6960,512,473,true,106,136,115,116,heuristic
3073,97097,12200,1024,731,true,211,152,196,172,heuristic
3074,97098,7056,512,481,true,140,96,127,118,heuristic
3075,97099,10580,1024,625,true,153,159,162,151,heuristic
3076,97100,7104,512,488,true,134,132,104,118,heuristic
3077,97101,10308,1024,594,true,155,140,158,141,heuristic
3078,97102,7164,512,496,true,132,114,130,120,heuristic
3079,97103,7988,512,541,true,164,113,130,134,heuristic
3080,97104,14348,1024,830,true,224,196,233,177,heuristic
3081,97105,12852,1024,777,true,180,209,192,196,heuristic
3082,97106,4052,256,325,true,87,84,82,72,heuristic
3083,97107,3452,256,287,true,88,53,92,54,heuristic
3084,97108,3384,256,278,true,84,59,83,52,heuristic
3085,97109,7072,512,473,true,143,97,114,119,heuristic
3086,97110,7172,512,498,true,139,107,130,122,heuristic
3087,97111,7040,512,478,true,121,106,118,133,heuristic
3088,97112,4640,256,356,true,94,89,105,68,heuristic
3089,97113,3184,256,265,true,66,64,68,67,heuristic
3090,97114,12504,1024,739,true,189,196,179,175,heuristic
3091,97115,3236,256,273,true,72,56,81,64,heuristic
3092,97116,3036,256,243,true,50,67,81,45,heuristic
3093,97117,7056,512,482,true,139,110,135,98,heuristic
3094,97118,6948,512,474,true,103,117,136,118,heuristic
3095,97119,7132,512,487,true,139,127,117,104,heuristic
3096,97120,12420,1024,744,true,165,198,178,203,heuristic
3097,97121,7832,512,546,true,130,140,148,128,heuristic
3098,97122,11856,1024,693,true,212,145,165,171,heuristic
3099,97123,7084,512,488,true,108,129,139,112,heuristic
3100,97124,5396,512,382,true,108,89,87,98,heuristic
3101,97125,7692,512,520,true,144,118,124,134,heuristic
3102,97126,6044,512,423,true,127,80,112,104,heuristic
3103,97127,13012,1024,781,true,196,191,225,169,heuristic
3104,97128,5428,512,376,true,103,74,99,100,heuristic
3105,97129,6936,512,478,true,101,143,119,115,heuristic
3106,97130,5712,512,411,true,118,69,101,123,heuristic
3107,97131,12236,1024,735,true,215,176,172,172,heuristic
3108,97132,6352,512,433,true,122,95,100,116,heuristic
3109,97133,3536,256,299,true,78,76,95,50,heuristic
3110,97134,3508,256,292,true,82,63,77,70,heuristic
3111,97135,5412,512,372,true,98,87,107,80,heuristic
3112,97136,7028,512,474,true,118,114,129,113,heuristic
3113,97137,1604,128,159,true,43,44,49,23,heuristic
3114,97138,6508,512,444,true,137,104,108,95,heuristic
3115,97139,3248,256,265,true,86,55,60,64,heuristic
3116,97140,7192,512,494,true,135,119,125,115,heuristic
3117,97141,12084,1024,713,true,159,187,207,160,heuristic
3118,97142,11976,1024,713,true,178,178,197,160,heuristic
3119,97143,8128,512,552,true,156,137,142,117,heuristic
3120,97144,7220,512,505,true,84,161,138,122,heuristic
3121,97145,10700,1024,634,true,178,143,154,159,heuristic
3122,97146,6564,512,443,true,112,111,123,97,heuristic
3123,97147,7124,512,485,true,128,123,129,105,heuristic
3124,97148,7088,512,485,true,142,110,131,102,heuristic
3125,97149,5684,512,398,true,110,87,93,108,heuristic
3126,97150,2708,256,233,true,68,49,70,46,heuristic
3127,97151,7908,512,537,true,150,126,138,123,heuristic
3128,97152,6564,512,449,true,124,102,124,99,heuristic
3129,97153,12776,1024,768,true,224,176,197,171,heuristic
3130,97154,14644,1024,852,true,210,231,254,157,heuristic
3131,97155,14008,1024,814,true,235,182,188,209,heuristic
3132,97156,6780,512,448,true,101,118,128,101,heuristic
3133,97157,7076,512,485,true,133,107,125,120,heuristic
3134,97158,6456,512,439,true,118,102,115,104,heuristic
3135,97159,14980,1024,850,true,212,227,209,202,heuristic
3136,97160,7840,512,547,true,133,142,144,128,heuristic
3137,97161,9316,512,598,true,158,139,157,144,heuristic
3138,97162,7088,512,485,true,125,117,130,113,heuristic
3139,97163,12076,1024,712,true,179,169,188,176,heuristic
3140,97164,6092,512,426,true,107,114,105,100,heuristic
3141,97165,6924,512,475,true,107,135,115,118,heuristic
3142,97166,7164,512,481,true,145,101,114,121,heuristic
3143,97167,6460,512,444,true,112,119,115,98,heuristic
3144,97168,12132,1024,725,true,194,177,184,170,heuristic
3145,97169,7084,512,479,true,119,116,112,132,heuristic
3146,97170,15400,1024,890,true,206,244,246,194,heuristic
3147,97171,1672,128,167,true,43,37,53,34,heuristic
3148,97172,7356,512,507,true,123,144,124,116,heuristic
3149,97173,6592,512,445,true,125,95,107,118,heuristic
3150,97174,6388,512,430,true,130,95,113,92,heuristic
3151,97175,6872,512,463,true,136,101,125,101,heuristic
3152,97176,10828,1024,624,true,159,164,172,129,heuristic
3153,97177,11116,1024,643,true,153,173,162,155,heuristic
3154,97178,7364,512,507,true,131,124,116,136,heuristic
3155,97179,3536,256,299,true,70,75,78,76,heuristic
3156,97180,7160,512,490,true,129,123,133,105,heuristic
3157,97181,6088,512,426,true,116,95,104,111,heuristic
3158,97182,15072,1024,872,true,202,213,216,241,heuristic
3159,97183,11716,1024,689,true,157,187,202,143,heuristic
3160,97184,7080,512,487,true,146,104,122,115,heuristic
3161,97185,7448,512,518,true,145,115,129,129,heuristic
3162,97186,7788,512,536,true,143,122,139,132,heuristic
3163,97187,10204,1024,591,true,168,145,152,126,heuristic
3164,97188,7068,512,480,true,143,106,114,117,heuristic
3165,97189,7124,512,486,true,109,128,137,112,heuristic
3166,97190,12608,1024,768,true,208,168,177,215,heuristic
3167,97191,5620,512,393,true,112,80,109,92,heuristic
3168,97192,10752,1024,636,true,162,166,180,128,heuristic
3169,97193,6696,512,459,true,128,98,126,107,heuristic
3170,97194,3804,256,307,true,69,89,64,85,heuristic
3171,97195,7324,512,515,true,131,136,130,118,heuristic
3172,97196,7240,512,509,true,133,128,129,119,heuristic
3173,97197,7304,512,504,true,133,117,122,132,heuristic
3174,97198,7372,512,511,true,124,129,125,133,heuristic
3175,97199,12396,1024,747,true,179,198,187,183,heuristic
3176,97200,5408,512,383,true,100,93,102,88,heuristic
3177,97201,10520,1024,622,true,179,130,160,153,heuristic
3178,97202,12260,1024,721,true,186,171,174,190,heuristic
3179,97203,6644,512,452,true,117,117,123,95,heuristic
3180,97204,7108,512,489,true,124,128,141,96,heuristic
3181,97205,7092,512,489,true,121,130,122,116,heuristic
3182,97206,15756,1024,916,true,214,234,251,217,heuristic
3183,97207,5048,512,352,true,85,94,89,84,heuristic
3184,97208,13968,1024,800,true,232,180,179,209,heuristic
3185,97209,3640,256,298,true,76,72,72,78,heuristic
3186,97210,12212,1024,728,true,205,162,176,185,heuristic
3187,97211,5476,512,390,true,95,100,116,79,heuristic
3188,97212,3744,256,298,true,81,62,67,88,heuristic
3189,97213,7144,512,491,true,152,99,119,121,heuristic
3190,97214,7016,512,475,true,121,127,135,92,heuristic
3191,97215,5428,512,381,true,96,91,107,87,heuristic
3192,97216,7092,512,489,true,136,109,122,122,heuristic
3193,97217,9880,1024,562,true,144,136,162,120,heuristic
3194,97218,12160,1024,716,true,196,161,173,186,heuristic
3195,97219,6356,512,430,true,130,96,130,74,heuristic
3196,97220,11468,1024,673,true,180,164,170,159,heuristic
3197,97221,11716,1024,685,true,154,180,202,149,heuristic
3198,97222,7080,512,476,true,132,116,118,110,heuristic
3199,97223,7552,512,519,true,139,121,143,116,heuristic
3200,97224,5556,512,394,true,104,95,129,66,heuristic
3201,97225,11684,1024,693,true,171,150,182,190,heuristic
3202,97226,7320,512,509,true,118,133,129,129,heuristic
3203,97227,6164,512,418,true,113,90,111,104,heuristic
3204,97228,3188,256,261,true,59,70,80,52,heuristic
3205,97229,12392,1024,742,true,190,190,167,195,heuristic
3206,97230,7244,512,499,true,137,118,138,106,heuristic
3207,97231,5412,512,374,true,108,81,86,99,heuristic
3208,97232,5500,512,390,true,90,93,89,118,heuristic
3209,97233,7608,512,527,true,130,143,134,120,heuristic
3210,97234,3072,256,254,true,59,65,68,62,heuristic
3211,97235,3580,256,288,true,65,72,93,58,heuristic
3212,97236,7064,512,483,true,137,99,119,128,heuristic
3213,97237,5440,512,377,true,113,86,86,92,heuristic
3214,97238,7252,512,509,true,128,128,116,137,heuristic
3215,97239,5784,512,403,true,122,87,98,96,heuristic
3216,97240,5148,512,352,true,96,83,88,85,heuristic
3217,97241,11456,1024,664,true,194,154,137,179,heuristic
3218,97242,7096,512,477,true,131,99,126,121,heuristic
3219,97243,13816,1024,795,true,218,179,195,203,heuristic
3220,97244,12440,1024,742,true,213,156,190,183,heuristic
3221,97245,7280,512,500,true,144,105,125,126,heuristic
3222,97246,5468,512,382,true,82,111,90,99,heuristic
3223,97247,6764,512,470,true,136,114,113,107,heuristic
3224,97248,10472,1024,610,true,167,140,162,141,heuristic
3225,97249,12292,1024,729,true,194,175,189,171,heuristic
3226,97250,6676,512,453,true,123,109,116,105,heuristic
3227,97251,7032,512,474,true,129,114,135,96,heuristic
3228,97252,7108,512,483,true,132,121,116,114,heuristic
3229,97253,15176,1024,878,true,209,234,229,206,heuristic
3230,97254,7012,512,489,true,117,129,122,121,heuristic
3231,97255,3972,256,328,true,93,74,70,91,heuristic
3232,97256,7096,512,490,true,142,110,123,115,heuristic
3233,97257,7464,512,503,true,130,119,146,108,heuristic
3234,97258,12212,1024,730,true,182,188,203,157,heuristic
3235,97259,3364,256,277,true,66,70,101,40,heuristic
3236,97260,5308,512,364,true,128,61,81,94,heuristic
3237,97261,13920,1024,805,true,252,153,208,192,heuristic
3238,97262,3268,256,273,true,74,67,57,75,heuristic
3239,97263,10452,1024,610,true,176,137,150,147,heuristic
3240,97264,7172,512,489,true,130,122,124,113,heuristic
3241,97265,10764,1024,638,true,184,143,174,137,heuristic
3242,97266,13772,1024,784,true,217,171,197,199,heuristic
3243,97267,7140,512,494,true,117,136,108,133,heuristic
3244,97268,5752,512,408,true,106,85,116,101,heuristic
3245,97269,6868,512,466,true,111,133,104,118,heuristic
3246,97270,7160,512,490,true,125,116,115,134,heuristic
3247,97271,7004,512,471,true,131,96,137,107,heuristic
3248,97272,12112,1024,716,true,205,142,201,168,heuristic
3249,97273,3048,256,247,true,68,58,57,64,heuristic
3250,97274,6732,512,467,true,101,136,94,136,heuristic
3251,97275,5564,512,395,true,101,96,108,90,heuristic
3252,97276,3404,256,286,true,78,68,79,61,heuristic
3253,97277,5312,512,365,true,78,97,94,96,heuristic
3254,97278,7404,512,506,true,136,122,120,128,heuristic
3255,97279,7372,512,505,true,126,114,131,134,heuristic
3256,97280,11484,1024,676,true,180,165,169,162,heuristic
3257,97281,12056,1024,706,true,203,161,174,168,heuristic
3258,97282,6484,512,445,true,113,113,133,86,heuristic
3259,97283,7176,512,493,true,124,120,138,111,heuristic
3260,97284,7412,512,516,true,128,124,143,121,heuristic
3261,97285,7100,512,480,true,119,117,126,118,heuristic
3262,97286,12812,1024,763,true,201,200,175,187,heuristic
3263,97287,11732,1024,694,true,182,157,181,174,heuristic
3264,97288,3260,256,271,true,73,62,72,64,heuristic
3265,97289,7976,512,524,true,130,132,135,127,heuristic
3266,97290,5372,512,375,true,109,72,115,79,heuristic
3267,97291,7452,512,516,true,136,120,132,128,heuristic
3268,97292,7264,512,510,true,126,134,127,123,heuristic
3269,97293,6768,512,457,true,116,105,125,111,heuristic
3270,97294,10736,1024,637,true,166,158,189,124,heuristic
3271,97295,7152,512,493,true,112,133,123,125,heuristic
3272,97296,7128,512,487,true,133,118,128,108,heuristic
3273,97297,3296,256,276,true,87,48,79,62,heuristic
3274,97298,12132,1024,716,true,187,174,184,171,heuristic
3275,97299,7108,512,493,true,108,126,130,129,heuristic
3276,97300,6184,512,418,true,95,99,123,101,heuristic
3277,97301,3164,256,259,true,62,66,62,69,heuristic
3278,97302,7076,512,481,true,109,131,132,109,heuristic
3279,97303,7804,512,539,true,153,125,122,139,heuristic
3280,97304,12156,1024,727,true,165,178,192,192,heuristic
3281,97305,4028,256,323,true,79,92,66,86,heuristic
3282,97306,7004,512,469,true,105,134,126,104,heuristic
3283,97307,6656,512,459,true,117,123,92,127,heuristic
3284,97308,3356,256,276,true,70,70,80,56,heuristic
3285,97309,7216,512,500,true,116,130,136,118,heuristic
3286,97310,12124,1024,716,true,178,192,207,139,heuristic
3287,97311,15500,1024,900,true,212,246,247,195,heuristic
3288,97312,7608,512,518,true,138,124,130,126,heuristic
3289,97313,6892,512,471,true,127,100,152,92,heuristic
3290,97314,15064,1024,859,true,223,211,212,213,heuristic
3291,97315,10632,1024,630,true,156,154,156,164,heuristic
3292,97316,1744,128,176,true,52,31,43,50,heuristic
3293,97317,12492,1024,754,true,200,185,214,155,heuristic
3294,97318,5468,512,381,true,113,84,100,84,heuristic
3295,97319,7544,512,518,true,121,140,138,119,heuristic
3296,97320,3272,256,274,true,70,70,72,62,heuristic
3297,97321,6420,512,429,true,103,116,105,105,heuristic
3298,97322,3200,256,263,true,78,52,80,53,heuristic
3299,97323,7208,512,491,true,132,102,130,127,heuristic
3300,97324,7104,512,491,true,110,123,155,103,heuristic
3301,97325,10604,1024,631,true,179,147,170,135,heuristic
3302,97326,5384,512,382,true,109,94,116,63,heuristic
3303,97327,6152,512,415,true,98,103,117,97,heuristic
3304,97328,6636,512,456,true,123,101,106,126,heuristic
3305,97329,13024,1024,794,true,215,182,204,193,heuristic
3306,97330,7320,512,514,true,139,114,142,119,heuristic
3307,97331,6400,512,432,true,120,102,127,83,heuristic
3308,97332,12268,1024,738,true,186,197,177,178,heuristic
3309,97333,7064,512,483,true,128,119,117,119,heuristic
3310,97334,12756,1024,757,true,208,174,189,186,heuristic
3311,97335,7860,512,537,true,142,125,158,112,heuristic
3312,97336,6820,512,458,true,120,120,119,99,heuristic
3313,97337,7232,512,504,true,139,114,141,110,heuristic
3314,97338,10756,1024,637,true,168,156,153,160,heuristic
3315,97339,6904,512,474,true,140,95,127,112,heuristic
3316,97340,12016,1024,696,true,176,175,172,173,heuristic
3317,97341,7296,512,497,true,141,108,136,112,heuristic
3318,97342,11988,1024,702,true,185,177,143,197,heuristic
3319,97343,11544,1024,674,true,172,175,189,138,heuristic
3320,97344,6660,512,460,true,128,106,104,122,heuristic
3321,97345,7104,512,489,true,134,124,115,116,heuristic
3322,97346,11792,1024,689,true,194,136,185,174,heuristic
3323,97347,12212,1024,729,true,182,189,185,173,heuristic
3324,97348,6704,512,460,true,112,103,120,125,heuristic
3325,97349,7060,512,482,true,111,135,118,118,heuristic
3326,97350,6948,512,473,true,121,116,117,119,heuristic
3327,97351,12412,1024,742,true,208,152,200,182,heuristic
3328,97352,7864,512,549,true,131,136,135,147,heuristic
3329,97353,7188,512,496,true,130,119,126,121,heuristic
3330,97354,10520,1024,614,true,134,178,176,126,heuristic
3331,97355,13772,1024,799,true,204,183,222,190,heuristic
3332,97356,3392,256,280,true,89,49,78,64,heuristic
3333,97357,7008,512,470,true,141,80,129,120,heuristic
3334,97358,7176,512,494,true,119,131,140,104,heuristic
3335,97359,3092,256,254,true,87,53,60,54,heuristic
3336,97360,7072,512,480,true,125,128,120,107,heuristic
3337,97361,7368,512,510,true,118,124,149,119,heuristic
3338,97362,11428,1024,662,true,158,177,151,176,heuristic
3339,97363,3184,256,262,true,56,61,83,62,heuristic
3340,97364,7992,512,564,true,151,136,124,153,heuristic
3341,97365,15808,1024,945,true,244,243,208,250,heuristic
3342,97366,12832,1024,775,true,186,205,191,193,heuristic
3343,97367,7032,512,491,true,134,106,123,128,heuristic
3344,97368,15320,1024,878,true,236,215,218,209,heuristic
3345,97369,7056,512,484,true,139,109,132,104,heuristic
3346,97370,14480,1024,837,true,217,211,181,228,heuristic
3347,97371,7752,512,526,true,152,129,130,115,heuristic
3348,97372,6620,512,433,true,107,117,100,109,heuristic
3349,97373,10336,1024,598,true,157,155,157,129,heuristic
3350,97374,6908,512,472,true,124,110,118,120,heuristic
3351,97375,12068,1024,710,true,155,211,175,169,heuristic
3352,97376,3292,256,271,true,85,60,65,61,heuristic
3353,97377,15672,1024,921,true,239,221,227,234,heuristic
3354,97378,10372,1024,605,true,139,179,154,133,heuristic
3355,97379,6432,512,436,true,109,101,113,113,heuristic
3356,97380,15352,1024,894,true,265,171,240,218,heuristic
3357,97381,3272,256,270,true,71,68,66,65,heuristic
3358,97382,5440,512,380,true,107,87,89,97,heuristic
3359,97383,3228,256,271,true,82,54,62,73,heuristic
3360,97384,12028,1024,699,true,182,178,165,174,heuristic
3361,97385,16072,1024,941,true,239,232,256,214,heuristic
3362,97386,6396,512,432,true,120,109,102,101,heuristic
3363,97387,7088,512,484,true,111,123,126,124,heuristic
3364,97388,16544,1024,980,true,281,218,268,213,heuristic
3365,97389,15500,1024,910,true,233,225,220,232,heuristic
3366,97390,7136,512,495,true,125,120,116,134,heuristic
3367,97391,3220,256,270,true,66,67,81,56,heuristic
3368,97392,15168,1024,877,true,258,197,186,236,heuristic
3369,97393,5676,512,396,true,107,91,98,100,heuristic
3370,97394,7176,512,494,true,136,120,123,115,heuristic
3371,97395,6420,512,433,true,134,106,99,94,heuristic
3372,97396,5772,512,411,true,108,106,104,93,heuristic
3373,97397,3172,256,263,true,62,70,81,50,heuristic
3374,97398,11304,1024,652,true,165,170,156,161,heuristic
3375,97399,6376,512,428,true,116,88,119,105,heuristic
3376,97400,7336,512,504,true,120,134,135,115,heuristic
3377,97401,7100,512,487,true,136,106,130,115,heuristic
3378,97402,5900,512,405,true,107,92,112,94,heuristic
3379,97403,7512,512,529,true,135,133,138,123,heuristic
3380,97404,6896,512,472,true,114,118,135,105,heuristic
3381,97405,6560,512,452,true,104,110,128,110,heuristic
3382,97406,10248,1024,588,true,173,128,158,129,heuristic
3383,97407,7048,512,479,true,122,118,109,130,heuristic
3384,97408,11624,1024,683,true,156,184,186,157,heuristic
3385,97409,7204,512,501,true,144,112,121,124,heuristic
3386,97410,12020,1024,709,true,198,166,205,140,heuristic
3387,97411,10608,1024,620,true,171,128,147,174,heuristic
3388,97412,3432,256,284,true,65,78,75,66,heuristic
3389,97413,14320,1024,836,true,174,232,223,207,heuristic
3390,97414,6444,512,440,true,125,98,95,122,heuristic
3391,97415,7392,512,509,true,138,127,138,106,heuristic
3392,97416,3108,256,258,true,75,54,71,58,heuristic
3393,97417,12116,1024,716,true,197,166,178,175,heuristic
3394,97418,7800,512,542,true,159,121,125,137,heuristic
3395,97419,10480,1024,617,true,155,152,158,152,heuristic
3396,97420,5680,512,397,true,110,95,102,90,heuristic
3397,97421,5600,512,392,true,103,92,105,92,heuristic
3398,97422,12068,1024,705,true,189,181,161,174,heuristic
3399,97423,5648,512,397,true,104,94,103,96,heuristic
3400,97424,11876,1024,694,true,173,159,185,177,heuristic
3401,97425,7480,512,507,true,140,110,124,133,heuristic
3402,97426,12516,1024,756,true,219,173,205,159,heuristic
3403,97427,7728,512,533,true,127,143,113,150,heuristic
3404,97428,7620,512,526,true,157,117,111,141,heuristic
3405,97429,11928,1024,706,true,200,161,203,142,heuristic
3406,97430,12592,1024,752,true,221,163,180,188,heuristic
3407,97431,5712,512,400,true,103,100,104,93,heuristic
3408,97432,7220,512,501,true,127,122,131,121,heuristic
3409,97433,6396,512,432,true,117,101,106,108,heuristic
3410,97434,13852,1024,793,true,222,193,190,188,heuristic
3411,97435,7152,512,492,true,150,91,120,131,heuristic
3412,97436,7104,512,482,true,115,127,130,110,heuristic
3413,97437,12216,1024,730,true,189,185,183,173,heuristic
3414,97438,12248,1024,737,true,216,151,195,175,heuristic
3415,97439,13984,1024,803,true,194,207,212,190,heuristic
3416,97440,6228,512,413,true,97,99,131,86,heuristic
3417,97441,3360,256,276,true,76,70,83,47,heuristic
3418,97442,6852,512,462,true,95,127,121,119,heuristic
3419,97443,3132,256,253,true,83,39,65,66,heuristic
3420,97444,10704,1024,632,true,199,140,150,143,heuristic
3421,97445,6060,512,419,true,125,93,98,103,heuristic
3422,97446,7460,512,521,true,167,103,140,111,heuristic
3423,97447,3588,256,297,true,76,84,79,58,heuristic
3424,97448,12236,1024,730,true,195,168,185,182,heuristic
3425,97449,7136,512,488,true,121,120,135,112,heuristic
3426,97450,7092,512,488,true,129,130,123,106,heuristic
3427,97451,6860,512,468,true,106,136,122,104,heuristic
3428,97452,3176,256,263,true,65,61,62,75,heuristic
3429,97453,10516,1024,621,true,169,149,173,130,heuristic
3430,97454,3072,256,252,true,65,65,82,40,heuristic
3431,97455,11320,1024,646,true,159,156,144,187,heuristic
3432,97456,7048,512,480,true,149,98,122,111,heuristic
3433,97457,6480,512,444,true,137,87,146,74,heuristic
3434,97458,14596,1024,853,true,253,179,222,199,heuristic
3435,97459,7240,512,495,true,118,129,121,127,heuristic
3436,97460,6480,512,444,true,123,101,122,98,heuristic
3437,97461,7360,512,508,true,125,132,130,121,heuristic
3438,97462,15304,1024,879,true,243,183,237,216,heuristic
3439,97463,3092,256,254,true,57,73,70,54,heuristic
3440,97464,12520,1024,743,true,222,151,186,184,heuristic
3441,97465,7148,512,488,true,120,128,120,120,heuristic
3442,97466,5812,512,413,true,104,107,99,103,heuristic
3443,97467,3396,256,285,true,78,57,90,60,heuristic
3444,97468,7224,512,505,true,120,138,137,110,heuristic
3445,97469,14560,1024,862,true,211,210,219,222,heuristic
3446,97470,12624,1024,755,true,212,161,211,171,heuristic
3447,97471,6848,512,460,true,128,96,106,130,heuristic
3448,97472,7792,512,535,true,139,123,165,108,heuristic
3449,97473,5768,512,409,true,112,99,104,94,heuristic
3450,97474,7032,512,474,true,125,116,119,114,heuristic
3451,97475,11688,1024,695,true,187,172,161,175,heuristic
3452,97476,3176,256,262,true,70,58,78,56,heuristic
3453,97477,6916,512,474,true,132,111,124,107,heuristic
3454,97478,7208,512,490,true,116,143,117,114,heuristic
3455,97479,7060,512,482,true,115,128,127,112,heuristic
3456,97480,6440,512,439,true,98,115,118,108,heuristic
3457,97481,5640,512,399,true,82,120,98,99,heuristic
3458,97482,7312,512,500,true,121,125,123,131,heuristic
3459,97483,16116,1024,949,true,261,236,274,178,heuristic
3460,97484,7508,512,522,true,154,109,114,145,heuristic
3461,97485,11904,1024,696,true,183,155,180,178,heuristic
3462,97486,7992,512,535,true,136,135,134,130,heuristic
3463,97487,7812,512,540,true,126,140,146,128,heuristic
3464,97488,7188,512,497,true,133,110,125,129,heuristic
3465,97489,6180,512,436,true,113,111,103,109,heuristic
3466,97490,12392,1024,741,true,189,178,195,179,heuristic
3467,97491,7064,512,481,true,128,103,141,109,heuristic
3468,97492,14740,1024,876,true,248,198,210,220,heuristic
3469,97493,7064,512,482,true,128,118,124,112,heuristic
3470,97494,11208,1024,649,true,163,158,146,182,heuristic
3471,97495,11752,1024,694,true,168,181,195,150,heuristic
3472,97496,6072,512,428,true,118,101,115,94,heuristic
3473,97497,14336,1024,846,true,245,177,250,174,heuristic
3474,97498,10776,1024,637,true,173,154,153,157,heuristic
3475,97499,7192,512,493,true,129,120,117,127,heuristic
3476,97500,7164,512,492,true,135,109,123,125,heuristic
3477,97501,10348,1024,588,true,134,162,154,138,heuristic
3478,97502,14280,1024,830,true,220,211,221,178,heuristic
3479,97503,7188,512,498,true,123,130,125,120,heuristic
3480,97504,12244,1024,736,true,178,195,205,158,heuristic
3481,97505,15752,1024,904,true,251,197,200,256,heuristic
3482,97506,3080,256,255,true,69,54,66,66,heuristic
3483,97507,3164,256,261,true,57,80,58,66,heuristic
3484,97508,7320,512,501,true,154,107,116,124,heuristic
3485,97509,11888,1024,696,true,179,162,179,176,heuristic
3486,97510,4992,512,348,true,78,84,85,101,heuristic
3487,97511,7120,512,492,true,130,126,127,109,heuristic
3488,97512,8036,512,533,true,171,102,133,127,heuristic
3489,97513,5400,512,375,true,107,90,114,64,heuristic
3490,97514,12040,1024,719,true,183,187,180,169,heuristic
3491,97515,10484,1024,617,true,142,167,169,139,heuristic
3492,97516,12116,1024,719,true,148,214,175,182,heuristic
3493,97517,10424,1024,614,true,155,151,137,171,heuristic
3494,97518,7144,512,487,true,106,138,124,119,heuristic
3495,97519,10768,1024,641,true,154,161,179,147,heuristic
3496,97520,12348,1024,745,true,203,179,180,183,heuristic
3497,97521,13916,1024,814,true,207,202,224,181,heuristic
3498,97522,14512,1024,856,true,194,232,220,210,heuristic
3499,97523,6692,512,454,true,125,114,113,102,heuristic
3500,97524,7224,512,499,true,143,106,124,126,heuristic
3501,97525,7052,512,475,true,124,112,124,115,heuristic
3502,97526,7084,512,487,true,132,122,119,114,heuristic
3503,97527,6428,512,439,true,118,102,111,108,heuristic
3504,97528,14640,1024,860,true,198,221,235,206,heuristic
3505,97529,7060,512,481,true,135,94,132,120,heuristic
3506,97530,3336,256,275,true,74,69,70,62,heuristic
3507,97531,6196,512,411,true,112,105,105,89,heuristic
3508,97532,7724,512,532,true,130,137,121,144,heuristic
3509,97533,5316,512,366,true,109,70,96,91,heuristic
3510,97534,7160,512,487,true,121,116,129,121,heuristic
3511,97535,3340,256,277,true,70,65,70,72,heuristic
3512,97536,7152,512,489,true,132,115,115,127,heuristic
3513,97537,7052,512,480,true,118,118,138,106,heuristic
3514,97538,7812,512,540,true,132,129,151,128,heuristic
3515,97539,7488,512,527,true,124,140,137,126,heuristic
3516,97540,7476,512,518,true,127,130,125,136,heuristic
3517,97541,12284,1024,734,true,198,171,167,198,heuristic
3518,97542,15364,1024,893,true,257,173,245,218,heuristic
3519,97543,11524,1024,673,true,182,149,182,160,heuristic
3520,97544,12176,1024,719,true,184,172,179,184,heuristic
3521,97545,3184,256,264,true,81,53,77,53,heuristic
3522,97546,15804,1024,923,true,232,238,225,228,heuristic
3523,97547,15580,1024,899,true,262,183,225,229,heuristic
3524,97548,8020,512,531,true,149,115,141,126,heuristic
3525,97549,7792,512,535,true,141,119,156,119,heuristic
3526,97550,7344,512,504,true,121,127,137,119,heuristic
3527,97551,7236,512,509,true,128,127,132,122,heuristic
3528,97552,7184,512,497,true,107,137,120,133,heuristic
3529,97553,7340,512,507,true,123,114,132,138,heuristic
3530,97554,3196,256,267,true,71,69,74,53,heuristic
3531,97555,6348,512,428,true,118,91,111,108,heuristic
3532,97556,3292,256,274,true,64,73,63,74,heuristic
3533,97557,6204,512,423,true,127,101,92,103,heuristic
3534,97558,7112,512,488,true,135,110,122,121,heuristic
3535,97559,8752,512,563,true,172,120,140,131,heuristic
3536,97560,12432,1024,740,true,197,163,179,201,heuristic
3537,97561,7044,512,477,true,121,114,103,139,heuristic
3538,97562,11652,1024,685,true,174,184,164,163,heuristic
3539,97563,10888,1024,653,true,186,158,164,145,heuristic
3540,97564,6496,512,448,true,108,117,113,110,heuristic
3541,97565,7244,512,496,true,142,116,133,105,heuristic
3542,97566,3136,256,264,true,77,62,56,69,heuristic
3543,97567,6996,512,472,true,134,106,120,112,heuristic
3544,97568,3024,256,245,true,67,57,54,67,heuristic
3545,97569,10384,1024,605,true,147,156,166,136,heuristic
3546,97570,4688,256,364,true,114,83,93,74,heuristic
3547,97571,7344,512,503,true,127,133,126,117,heuristic
3548,97572,3472,256,287,true,59,85,84,59,heuristic
3549,97573,7196,512,497,true,141,107,143,106,heuristic
3550,97574,10496,1024,617,true,155,163,149,150,heuristic
3551,97575,5612,512,393,true,89,106,116,82,heuristic
3552,97576,3184,256,265,true,64,69,78,54,heuristic
3553,97577,5352,512,370,true,111,82,92,85,heuristic
3554,97578,1552,128,157,true,28,43,59,27,heuristic
3555,97579,7640,512,530,true,160,108,112,150,heuristic
3556,97580,12540,1024,749,true,190,179,218,162,heuristic
3557,97581,7108,512,489,true,131,116,126,116,heuristic
3558,97582,7520,512,512,true,149,114,133,116,heuristic
3559,97583,3060,256,250,true,72,51,75,52,heuristic
3560,97584,11908,1024,701,true,193,163,198,147,heuristic
3561,97585,12104,1024,713,true,187,179,192,155,heuristic
3562,97586,3940,256,325,true,86,73,113,53,heuristic
3563,97587,2656,256,224,true,58,59,67,40,heuristic
3564,97588,12488,1024,752,true,213,155,188,196,heuristic
3565,97589,7496,512,511,true,136,124,128,123,heuristic
3566,97590,14392,1024,844,true,214,209,181,240,heuristic
3567,97591,3108,256,257,true,58,72,71,56,heuristic
3568,97592,13096,1024,770,true,214,159,216,181,heuristic
3569,97593,6420,512,433,true,120,101,105,107,heuristic
3570,97594,7336,512,502,true,136,119,121,126,heuristic
3571,97595,12128,1024,722,true,169,191,166,196,heuristic
3572,97596,3500,256,296,true,67,86,79,64,heuristic
3573,97597,8120,512,564,true,141,141,157,125,heuristic
3574,97598,14620,1024,862,true,254,196,190,222,heuristic
3575,97599,12436,1024,748,true,189,194,199,166,heuristic
3576,97600,11500,1024,679,true,170,170,168,171,heuristic
3577,97601,10532,1024,615,true,153,164,167,131,heuristic
3578,97602,3084,256,257,true,72,55,63,67,heuristic
3579,97603,11620,1024,677,true,188,154,153,182,heuristic
3580,97604,2832,256,230,true,50,59,59,62,heuristic
3581,97605,5320,512,367,true,105,86,89,87,heuristic
3582,97606,14700,1024,864,true,198,224,230,212,heuristic
3583,97607,3136,256,256,true,69,73,57,57,heuristic
3584,97608,3220,256,268,true,76,62,71,59,heuristic
3585,97609,14532,1024,846,true,230,200,222,194,heuristic
3586,97610,10292,1024,587,true,148,142,140,157,heuristic
3587,97611,12668,1024,751,true,213,170,192,176,heuristic
3588,97612,1652,128,165,true,43,35,61,26,heuristic
3589,97613,12120,1024,718,true,185,171,166,196,heuristic
3590,97614,10552,1024,618,true,155,176,137,150,heuristic
3591,97615,6520,512,442,true,115,112,103,112,heuristic
3592,97616,5308,512,364,true,100,84,92,88,heuristic
3593,97617,12092,1024,711,true,173,182,162,194,heuristic
3594,97618,10464,1024,613,true,149,150,154,160,heuristic
3595,97619,5664,512,397,true,100,105,120,72,heuristic
3596,97620,11896,1024,703,true,194,147,163,199,heuristic
3597,97621,7356,512,508,true,119,129,127,133,heuristic
3598,97622,2932,256,235,true,61,51,54,69,heuristic
3599,97623,12140,1024,722,true,202,170,206,144,heuristic
3600,97624,7344,512,508,true,138,129,121,120,heuristic
3601,97625,13224,1024,805,true,205,203,207,190,heuristic
3602,97626,5448,512,383,true,92,97,104,90,heuristic
3603,97627,14164,1024,813,true,222,191,198,202,heuristic
3604,97628,14360,1024,831,true,171,250,193,217,heuristic
3605,97629,12076,1024,713,true,189,172,179,173,heuristic
3606,97630,5416,512,375,true,90,91,97,97,heuristic
3607,97631,13832,1024,786,true,185,199,224,178,heuristic
3608,97632,7100,512,484,true,147,107,143,87,heuristic
3609,97633,6412,512,439,true,130,94,116,99,heuristic
3610,97634,5576,512,394,true,94,105,98,97,heuristic
3611,97635,5472,512,388,true,104,90,110,84,heuristic
3612,97636,5544,512,390,true,103,87,104,96,heuristic
3613,97637,11096,1024,659,true,168,184,161,146,heuristic
3614,97638,13948,1024,797,true,216,200,165,216,heuristic
3615,97639,7400,512,511,true,121,137,126,127,heuristic
3616,97640,15844,1024,928,true,246,238,176,268,heuristic
3617,97641,7068,512,483,true,134,103,142,104,heuristic
3618,97642,5720,512,407,true,122,87,118,80,heuristic
3619,97643,12196,1024,721,true,183,176,162,200,heuristic
3620,97644,5608,512,387,true,116,76,107,88,heuristic
3621,97645,11856,1024,689,true,189,171,177,152,heuristic
3622,97646,7052,512,480,true,130,97,126,127,heuristic
3623,97647,2968,256,240,true,59,64,46,71,heuristic
3624,97648,3204,256,265,true,77,50,72,66,heuristic
3625,97649,14324,1024,826,true,234,171,215,206,heuristic
3626,97650,12104,1024,718,true,182,183,172,181,heuristic
3627,97651,1468,128,156,true,42,35,44,35,heuristic
3628,97652,15432,1024,894,true,201,243,215,235,heuristic
3629,97653,7736,512,522,true,143,120,135,124,heuristic
3630,97654,5616,512,393,true,103,96,98,96,heuristic
3631,97655,5720,512,403,true,89,124,110,80,heuristic
3632,97656,7248,512,496,true,126,125,130,115,heuristic
3633,97657,5416,512,375,true,98,85,101,91,heuristic
3634,97658,10492,1024,620,true,157,175,146,142,heuristic
3635,97659,15428,1024,894,true,219,227,253,195,heuristic
3636,97660,12004,1024,716,true,158,203,196,159,heuristic
3637,97661,7056,512,480,true,126,118,116,120,heuristic
3638,97662,5404,512,375,true,89,94,103,89,heuristic
3639,97663,3676,256,292,true,84,74,72,62,heuristic
3640,97664,7804,512,539,true,153,113,145,128,heuristic
3641,97665,7640,512,529,true,130,130,125,144,heuristic
3642,97666,12204,1024,726,true,209,139,186,192,heuristic
3643,97667,15892,1024,922,true,253,221,218,230,heuristic
3644,97668,12480,1024,733,true,209,163,188,173,heuristic
3645,97669,5260,512,367,true,93,89,97,88,heuristic
3646,97670,10404,1024,604,true,148,144,167,145,heuristic
3647,97671,3232,256,272,true,79,49,68,76,heuristic
3648,97672,2972,256,244,true,63,58,73,50,heuristic
3649,97673,8104,512,538,true,179,112,153,94,heuristic
3650,97674,6756,512,466,true,129,101,127,109,heuristic
3651,97675,7376,512,512,true,155,114,113,130,heuristic
3652,97676,3232,256,265,true,60,72,84,49,heuristic
3653,97677,11880,1024,694,true,187,174,164,169,heuristic
3654,97678,12300,1024,735,true,190,191,184,170,heuristic
3655,97679,6924,512,478,true,147,86,123,122,heuristic
3656,97680,3188,256,261,true,62,66,66,67,heuristic
3657,97681,6940,512,472,true,111,135,120,106,heuristic
3658,97682,3864,256,316,true,90,72,79,75,heuristic
3659,97683,7036,512,478,true,112,126,136,104,heuristic
3660,97684,3188,256,265,true,90,54,52,69,heuristic
3661,97685,12424,1024,750,true,165,220,183,182,heuristic
3662,97686,3800,256,304,true,83,68,78,75,heuristic
3663,97687,5600,512,393,true,110,94,99,90,heuristic
3664,97688,7352,512,507,true,126,121,125,135,heuristic
3665,97689,7188,512,496,true,160,88,121,127,heuristic
3666,97690,7312,512,500,true,120,121,105,154,heuristic
3667,97691,12700,1024,755,true,183,194,184,194,heuristic
3668,97692,12256,1024,736,true,192,186,163,195,heuristic
3669,97693,2948,256,245,true,76,40,68,61,heuristic
3670,97694,7228,512,502,true,121,125,139,117,heuristic
3671,97695,3164,256,259,true,75,52,66,66,heuristic
3672,97696,12080,1024,708,true,205,154,160,189,heuristic
3673,97697,13632,1024,780,true,191,181,208,200,heuristic
3674,97698,7172,512,493,true,138,120,122,113,heuristic
3675,97699,15004,1024,882,true,254,207,195,226,heuristic
3676,97700,7208,512,498,true,125,122,127,124,heuristic
3677,97701,6448,512,443,true,117,106,118,102,heuristic
3678,97702,2488,256,215,true,62,49,52,52,heuristic
3679,97703,12248,1024,733,true,204,168,188,173,heuristic
3680,97704,12188,1024,724,true,177,195,188,164,heuristic
3681,97705,10372,1024,603,true,145,149,142,167,heuristic
3682,97706,7020,512,473,true,127,118,120,108,heuristic
3683,97707,6452,512,442,true,96,125,124,97,heuristic
3684,97708,5448,512,371,true,106,87,78,100,heuristic
3685,97709,3548,256,295,true,68,71,86,70,heuristic
3686,97710,6940,512,468,true,122,114,137,95,heuristic
3687,97711,6504,512,450,true,141,98,125,86,heuristic
3688,97712,7420,512,522,true,125,144,115,138,heuristic
3689,97713,10432,1024,617,true,165,152,169,131,heuristic
3690,97714,7020,512,483,true,113,128,113,129,heuristic
3691,97715,6392,512,428,true,124,96,86,122,heuristic
3692,97716,7328,512,500,true,149,105,127,119,heuristic
3693,97717,6892,512,466,true,122,117,121,106,heuristic
3694,97718,10516,1024,610,true,148,170,142,150,heuristic
3695,97719,14600,1024,854,true,257,176,239,182,heuristic
3696,97720,7332,512,506,true,127,130,111,138,heuristic
3697,97721,5124,512,349,true,91,91,105,62,heuristic
3698,97722,5392,512,379,true,91,93,98,97,heuristic
3699,97723,7168,512,491,true,114,114,124,139,heuristic
3700,97724,12944,1024,788,true,206,189,223,170,heuristic
3701,97725,7304,512,499,true,133,116,131,119,heuristic
3702,97726,7088,512,490,true,126,114,109,141,heuristic
3703,97727,5360,512,372,true,115,73,93,91,heuristic
3704,97728,12104,1024,707,true,180,174,175,178,heuristic
3705,97729,6300,512,420,true,109,103,112,96,heuristic
3706,97730,5476,512,385,true,80,108,102,95,heuristic
3707,97731,3240,256,266,true,84,54,77,51,heuristic
3708,97732,5600,512,393,true,103,98,89,103,heuristic
3709,97733,7020,512,475,true,115,124,115,121,heuristic
3710,97734,6964,512,474,true,121,110,130,113,heuristic
3711,97735,3456,256,284,true,69,62,78,75,heuristic
3712,97736,15236,1024,878,true,235,217,207,219,heuristic
3713,97737,3160,256,259,true,74,58,80,47,heuristic
3714,97738,5372,512,368,true,98,95,99,76,heuristic
3715,97739,5568,512,397,true,102,104,86,105,heuristic
3716,97740,3212,256,266,true,67,71,61,67,heuristic
3717,97741,7484,512,507,true,136,109,130,132,heuristic
3718,97742,7344,512,520,true,141,127,149,103,heuristic
3719,97743,6936,512,467,true,127,107,92,141,heuristic
3720,97744,7224,512,505,true,126,144,109,126,heuristic
3721,97745,2408,256,203,true,52,53,60,38,heuristic
3722,97746,6468,512,441,true,123,104,110,104,heuristic
3723,97747,7276,512,499,true,133,111,131,124,heuristic
3724,97748,12704,1024,761,true,202,177,206,176,heuristic
3725,97749,10480,1024,613,true,178,133,148,154,heuristic
3726,97750,7144,512,490,true,130,123,118,119,heuristic
3727,97751,12380,1024,739,true,215,163,160,201,heuristic
3728,97752,7404,512,517,true,131,141,132,113,heuristic
3729,97753,3100,256,248,true,66,54,69,59,heuristic
3730,97754,7140,512,488,true,130,131,105,122,heuristic
3731,97755,8456,512,531,true,155,118,125,133,heuristic
3732,97756,16036,1024,932,true,223,227,272,210,heuristic
3733,97757,7440,512,502,true,126,123,126,127,heuristic
3734,97758,7092,512,486,true,150,100,119,117,heuristic
3735,97759,7224,512,502,true,123,123,123,133,heuristic
3736,97760,3536,256,300,true,71,79,86,64,heuristic
3737,97761,12552,1024,759,true,187,179,228,165,heuristic
3738,97762,5672,512,401,true,112,107,89,93,heuristic
3739,97763,10684,1024,635,true,154,158,145,178,heuristic
3740,97764,3324,256,272,true,70,66,73,63,heuristic
3741,97765,10652,1024,622,true,167,150,177,128,heuristic
3742,97766,3112,256,259,true,53,70,77,59,heuristic
3743,97767,5348,512,370,true,91,99,104,76,heuristic
3744,97768,6468,512,441,true,126,99,135,81,heuristic
3745,97769,6988,512,468,true,139,98,124,107,heuristic
3746,97770,14592,1024,849,true,223,206,215,205,heuristic
3747,97771,12352,1024,721,true,192,165,184,180,heuristic
3748,97772,7196,512,499,true,102,148,145,104,heuristic
3749,97773,5344,512,363,true,86,106,91,80,heuristic
3750,97774,7044,512,478,true,117,116,135,110,heuristic
3751,97775,3100,256,256,true,71,62,48,75,heuristic
3752,97776,10512,1024,624,true,169,158,162,135,heuristic
3753,97777,5392,512,374,true,116,75,104,79,heuristic
3754,97778,12164,1024,723,true,206,166,175,176,heuristic
3755,97779,4060,256,328,true,90,82,80,76,heuristic
3756,97780,15540,1024,905,true,232,223,231,219,heuristic
3757,97781,11764,1024,681,true,166,188,169,158,heuristic
3758,97782,12168,1024,724,true,184,188,198,154,heuristic
3759,97783,5456,512,383,true,110,75,101,97,heuristic
3760,97784,11660,1024,683,true,158,186,167,172,heuristic
3761,97785,7084,512,486,true,103,130,126,127,heuristic
3762,97786,6188,512,411,true,103,102,102,104,heuristic
3763,97787,7488,512,524,true,140,113,131,140,heuristic
3764,97788,11340,1024,657,true,157,172,164,164,heuristic
3765,97789,5724,512,414,true,103,98,97,116,heuristic
3766,97790,3596,256,298,true,63,87,79,69,heuristic
3767,97791,14780,1024,879,true,244,198,251,186,heuristic
3768,97792,3160,256,259,true,80,54,64,61,heuristic
3769,97793,7304,512,499,true,108,154,108,129,heuristic
3770,97794,6632,512,454,true,112,111,120,111,heuristic
3771,97795,7408,512,514,true,140,125,122,127,heuristic
3772,97796,6988,512,478,true,130,119,129,100,heuristic
3773,97797,6500,512,455,true,113,120,114,108,heuristic
3774,97798,11720,1024,687,true,191,168,189,139,heuristic
3775,97799,7256,512,499,true,125,135,109,130,heuristic
3776,97800,5728,512,408,true,110,96,115,87,heuristic
3777,97801,7076,512,469,true,95,143,111,120,heuristic
3778,97802,5336,512,366,true,99,91,90,86,heuristic
3779,97803,13176,1024,783,true,179,213,220,171,heuristic
3780,97804,7180,512,496,true,129,119,138,110,heuristic
3781,97805,6176,512,416,true,116,98,110,92,heuristic
3782,97806,6688,512,464,true,118,119,112,115,heuristic
3783,97807,7856,512,539,true,148,129,130,132,heuristic
3784,97808,16048,1024,941,true,223,242,270,206,heuristic
3785,97809,6672,512,459,true,120,118,107,114,heuristic
3786,97810,7180,512,495,true,136,116,144,99,heuristic
3787,97811,6544,512,447,true,110,103,114,120,heuristic
3788,97812,7176,512,494,true,139,120,135,100,heuristic
3789,97813,5304,512,363,true,102,85,94,82,heuristic
3790,97814,7076,512,490,true,130,120,115,125,heuristic
3791,97815,15316,1024,896,true,225,225,213,233,heuristic
3792,97816,5456,512,384,true,129,62,107,86,heuristic
3793,97817,7188,512,496,true,119,133,134,110,heuristic
3794,97818,7408,512,513,true,131,123,131,128,heuristic
3795,97819,7168,512,492,true,120,137,130,105,heuristic
3796,97820,12076,1024,711,true,197,166,188,160,heuristic
3797,97821,12240,1024,726,true,181,187,175,183,heuristic
3798,97822,5668,512,401,true,126,93,101,81,heuristic
3799,97823,5656,512,398,true,121,82,83,112,heuristic
3800,97824,6460,512,441,true,113,112,116,100,heuristic
3801,97825,12428,1024,739,true,194,167,201,177,heuristic
3802,97826,2444,256,208,true,55,49,60,44,heuristic
3803,97827,7180,512,495,true,136,109,140,110,heuristic
3804,97828,15656,1024,916,true,257,225,224,210,heuristic
3805,97829,13616,1024,772,true,196,190,210,176,heuristic
3806,97830,6256,512,428,true,98,118,118,94,heuristic
3807,97831,15660,1024,926,true,233,249,225,219,heuristic
3808,97832,3448,256,289,true,86,70,60,73,heuristic
3809,97833,5468,512,386,true,115,81,102,88,heuristic
3810,97834,14368,1024,831,true,228,220,206,177,heuristic
3811,97835,7092,512,484,true,101,144,129,110,heuristic
3812,97836,5440,512,380,true,91,99,111,79,heuristic
3813,97837,10476,1024,615,true,167,142,151,155,heuristic
3814,97838,7012,512,471,true,129,123,112,107,heuristic
3815,97839,7036,512,475,true,122,114,131,108,heuristic
3816,97840,12728,1024,762,true,164,223,196,179,heuristic
3817,97841,6260,512,445,true,122,110,105,108,heuristic
3818,97842,6972,512,476,true,122,121,124,109,heuristic
3819,97843,6912,512,465,true,117,121,135,92,heuristic
3820,97844,10516,1024,615,true,176,148,141,150,heuristic
3821,97845,6988,512,468,true,126,116,101,125,heuristic
3822,97846,10480,1024,613,true,133,165,169,146,heuristic
3823,97847,14952,1024,869,true,188,249,205,227,heuristic
3824,97848,7164,512,491,true,136,113,148,94,heuristic
3825,97849,15640,1024,915,true,253,209,247,206,heuristic
3826,97850,10720,1024,633,true,166,137,199,131,heuristic
3827,97851,4204,256,347,true,80,92,83,92,heuristic
3828,97852,6144,512,432,true,113,106,100,113,heuristic
3829,97853,7520,512,527,true,143,119,122,143,heuristic
3830,97854,3160,256,260,true,69,66,53,72,heuristic
3831,97855,7556,512,511,true,136,115,126,134,heuristic
3832,97856,12220,1024,730,true,211,177,177,165,heuristic
3833,97857,4976,512,349,true,89,90,78,92,heuristic
3834,97858,7240,512,496,true,153,109,123,111,heuristic
3835,97859,5424,512,377,true,103,90,117,67,heuristic
3836,97860,14516,1024,843,true,185,241,220,197,heuristic
3837,97861,12588,1024,743,true,211,165,169,198,heuristic
3838,97862,6856,512,466,true,117,112,118,119,heuristic
3839,97863,8596,512,578,true,172,116,153,137,heuristic
3840,97864,6752,512,457,true,106,119,126,106,heuristic
3841,97865,8804,512,601,true,147,147,159,148,heuristic
3842,97866,7128,512,487,true,124,123,113,127,heuristic
3843,97867,7064,512,484,true,132,109,132,111,heuristic
3844,97868,12012,1024,700,true,167,169,150,214,heuristic
3845,97869,6756,512,458,true,114,122,106,116,heuristic
3846,97870,7176,512,498,true,130,121,125,122,heuristic
3847,97871,7072,512,483,true,120,111,130,122,heuristic
3848,97872,7084,512,480,true,132,119,129,100,heuristic
3849,97873,3096,256,254,true,68,53,72,61,heuristic
3850,97874,6876,512,472,true,113,128,116,115,heuristic
3851,97875,5640,512,392,true,92,95,96,109,heuristic
3852,97876,6120,512,434,true,101,112,123,98,heuristic
3853,97877,12364,1024,734,true,174,205,183,172,heuristic
3854,97878,12144,1024,716,true,181,172,196,167,heuristic
3855,97879,7108,512,488,true,135,108,148,97,heuristic
3856,97880,7192,512,503,true,110,137,122,134,heuristic
3857,97881,6772,512,458,true,131,97,104,126,heuristic
3858,97882,7108,512,486,true,131,119,119,117,heuristic
3859,97883,3904,256,316,true,91,68,82,75,heuristic
3860,97884,7068,512,483,true,125,131,100,127,heuristic
3861,97885,3720,256,299,true,80,60,91,68,heuristic
3862,97886,3332,256,274,true,79,64,75,56,heuristic
3863,97887,7336,512,506,true,121,142,114,129,heuristic
3864,97888,6820,512,474,true,109,120,123,122,heuristic
3865,97889,14024,1024,814,true,206,195,231,182,heuristic
3866,97890,3228,256,275,true,63,68,83,61,heuristic
3867,97891,14444,1024,840,true,243,180,196,221,heuristic
3868,97892,15392,1024,889,true,242,187,247,213,heuristic
3869,97893,7180,512,495,true,134,107,137,117,heuristic
3870,97894,3832,256,310,true,97,59,104,50,heuristic
3871,97895,12088,1024,710,true,172,177,206,155,heuristic
3872,97896,12300,1024,740,true,169,193,187,191,heuristic
3873,97897,7076,512,479,true,141,102,121,115,heuristic
3874,97898,8076,512,540,true,140,125,161,114,heuristic
3875,97899,5448,512,382,true,102,82,108,90,heuristic
3876,97900,5464,512,386,true,95,92,109,90,heuristic
3877,97901,11432,1024,663,true,169,169,181,144,heuristic
3878,97902,12120,1024,711,true,184,179,180,168,heuristic
3879,97903,9744,512,625,true,162,159,162,142,heuristic
3880,97904,7296,512,508,true,131,132,120,125,heuristic
3881,97905,7060,512,481,true,139,101,128,113,heuristic
3882,97906,7120,512,496,true,111,142,124,119,heuristic
3883,97907,6976,512,462,true,111,128,115,108,heuristic
3884,97908,7020,512,474,true,107,119,113,135,heuristic
3885,97909,11664,1024,688,true,194,160,210,124,heuristic
3886,97910,7052,512,479,true,121,118,142,98,heuristic
3887,97911,7272,512,495,true,145,105,126,119,heuristic
3888,97912,15976,1024,945,true,271,208,266,200,heuristic
3889,97913,4980,512,346,true,89,81,85,91,heuristic
3890,97914,3220,256,269,true,81,55,65,68,heuristic
3891,97915,6344,512,432,true,111,109,128,84,heuristic
3892,97916,12544,1024,748,true,193,178,168,209,heuristic
3893,97917,11992,1024,706,true,181,170,155,200,heuristic
3894,97918,7024,512,485,true,136,105,121,123,heuristic
3895,97919,5580,512,399,true,88,111,106,94,heuristic
3896,97920,6344,512,431,true,115,100,91,125,heuristic
3897,97921,15348,1024,888,true,248,196,224,220,heuristic
3898,97922,7256,512,498,true,145,107,150,96,heuristic
3899,97923,14568,1024,865,true,249,197,211,208,heuristic
3900,97924,6816,512,457,true,139,89,112,117,heuristic
3901,97925,7132,512,485,true,105,133,127,120,heuristic
3902,97926,7048,512,478,true,105,135,116,122,heuristic
3903,97927,6400,512,429,true,116,89,119,105,heuristic
3904,97928,15324,1024,872,true,214,227,229,202,heuristic
3905,97929,7056,512,480,true,140,99,119,122,heuristic
3906,97930,16196,1024,947,true,261,217,231,238,heuristic
3907,97931,8480,512,564,true,158,136,120,150,heuristic
3908,97932,7212,512,498,true,109,127,136,126,heuristic
3909,97933,1556,128,159,true,39,40,42,38,heuristic
3910,97934,7268,512,501,true,134,107,145,115,heuristic
3911,97935,6984,512,482,true,125,115,154,88,heuristic
3912,97936,7272,512,499,true,116,135,136,112,heuristic
3913,97937,14448,1024,840,true,218,185,186,251,heuristic
3914,97938,7036,512,476,true,117,136,127,96,heuristic
3915,97939,7060,512,482,true,128,114,125,115,heuristic
3916,97940,12164,1024,721,true,157,213,172,179,heuristic
3917,97941,3164,256,264,true,65,61,82,56,heuristic
3918,97942,11672,1024,690,true,190,149,178,173,heuristic
3919,97943,12424,1024,750,true,195,186,154,215,heuristic
3920,97944,7140,512,497,true,119,133,131,114,heuristic
3921,97945,7208,512,494,true,137,110,130,117,heuristic
3922,97946,6384,512,436,true,126,101,114,95,heuristic
3923,97947,7092,512,484,true,149,100,113,122,heuristic
3924,97948,6692,512,453,true,132,91,116,114,heuristic
3925,97949,12128,1024,718,true,169,190,196,163,heuristic
3926,97950,7512,512,515,true,147,108,133,127,heuristic
3927,97951,6340,512,425,true,129,101,112,83,heuristic
3928,97952,7084,512,475,true,129,103,132,111,heuristic
3929,97953,2896,256,237,true,49,69,70,49,heuristic
3930,97954,12032,1024,700,true,159,198,165,178,heuristic
3931,97955,16160,1024,953,true,234,240,215,264,heuristic
3932,97956,5616,512,388,true,103,86,102,97,heuristic
3933,97957,7136,512,496,true,131,117,123,125,heuristic
3934,97958,7224,512,491,true,144,110,114,123,heuristic
3935,97959,7068,512,484,true,136,111,111,126,heuristic
3936,97960,7036,512,480,true,125,124,128,103,heuristic
3937,97961,7412,512,517,true,124,137,136,120,heuristic
3938,97962,6580,512,447,true,118,105,105,119,heuristic
3939,97963,4920,256,377,true,116,79,85,97,heuristic
3940,97964,3060,256,249,true,68,57,63,61,heuristic
3941,97965,12240,1024,724,true,186,188,188,162,heuristic
3942,97966,3108,256,255,true,56,78,69,52,heuristic
3943,97967,8612,512,592,true,165,122,150,155,heuristic
3944,97968,12040,1024,704,true,171,177,203,153,heuristic
3945,97969,6956,512,472,true,111,131,132,98,heuristic
3946,97970,3120,256,261,true,78,62,62,59,heuristic
3947,97971,7332,512,501,true,146,120,113,122,heuristic
3948,97972,3152,256,257,true,74,54,61,68,heuristic
3949,97973,6404,512,456,true,129,102,123,102,heuristic
3950,97974,15328,1024,884,true,249,212,237,186,heuristic
3951,97975,7488,512,513,true,146,117,121,129,heuristic
3952,97976,7192,512,487,true,134,107,125,121,heuristic
3953,97977,11740,1024,699,true,194,155,182,168,heuristic
3954,97978,12156,1024,732,true,189,173,186,184,heuristic
3955,97979,3096,256,254,true,68,62,90,34,heuristic
3956,97980,6720,512,461,true,139,92,107,123,heuristic
3957,97981,7288,512,501,true,144,113,126,118,heuristic
3958,97982,7068,512,484,true,142,108,119,115,heuristic
3959,97983,5468,512,386,true,105,92,92,97,heuristic
3960,97984,7784,512,538,true,152,112,161,113,heuristic
3961,97985,1460,128,153,true,42,42,35,34,heuristic
3962,97986,1444,128,150,true,34,41,40,35,heuristic
3963,97987,3356,256,275,true,81,66,68,60,heuristic
3964,97988,7124,512,492,true,116,129,118,129,heuristic
3965,97989,10620,1024,635,true,183,146,165,141,heuristic
3966,97990,14344,1024,832,true,208,207,195,222,heuristic
3967,97991,2368,256,194,true,49,43,50,52,heuristic
3968,97992,3460,256,285,true,67,75,80,63,heuristic
3969,97993,12252,1024,724,true,204,172,169,179,heuristic
3970,97994,12216,1024,730,true,166,186,203,175,heuristic
3971,97995,6788,512,456,true,97,131,113,115,heuristic
3972,97996,3160,256,259,true,65,62,72,60,heuristic
3973,97997,3528,256,294,true,87,58,88,61,heuristic
3974,97998,15936,1024,936,true,227,229,246,234,heuristic
3975,97999,7136,512,488,true,134,95,148,111,heuristic
3976,98000,5564,512,380,true,121,74,88,97,heuristic
3977,98001,7380,512,516,true,135,121,134,126,heuristic
3978,98002,12392,1024,742,true,221,164,172,185,heuristic
3979,98003,11948,1024,695,true,183,166,154,192,heuristic
3980,98004,5120,512,348,true,82,85,103,78,heuristic
3981,98005,12520,1024,757,true,190,195,192,180,heuristic
3982,98006,12120,1024,719,true,187,185,166,181,heuristic
3983,98007,5644,512,394,true,106,87,107,94,heuristic
3984,98008,3884,256,316,true,97,77,83,59,heuristic
3985,98009,3184,256,265,true,62,77,61,65,heuristic
3986,98010,12048,1024,705,true,182,183,199,141,heuristic
3987,98011,7284,512,508,true,133,118,145,112,heuristic
3988,98012,3492,256,293,true,81,68,77,67,heuristic
3989,98013,5476,512,385,true,97,87,96,105,heuristic
3990,98014,10496,1024,611,true,146,164,164,137,heuristic
3991,98015,14364,1024,820,true,248,169,197,206,heuristic
3992,98016,6424,512,435,true,106,118,103,108,heuristic
3993,98017,12036,1024,714,true,162,189,169,194,heuristic
3994,98018,5716,512,391,true,115,95,101,80,heuristic
3995,98019,14372,1024,838,true,223,197,193,225,heuristic
3996,98020,7808,512,537,true,119,157,130,131,heuristic
3997,98021,12228,1024,718,true,194,170,177,177,heuristic
3998,98022,7156,512,489,true,134,124,127,104,heuristic
3999,98023,12124,1024,713,true,200,149,185,179,heuristic
4000,98024,6936,512,467,true,133,99,150,85,heuristic
4001,98025,14436,1024,838,true,228,207,191,212,heuristic
4002,98026,6916,512,477,true,128,110,130,109,heuristic
4003,98027,7812,512,526,true,130,124,149,123,heuristic
4004,98028,7080,512,483,true,153,86,127,117,heuristic
4005,98029,12188,1024,722,true,186,188,178,170,heuristic
4006,98030,7152,512,494,true,140,106,137,111,heuristic
4007,98031,6616,512,452,true,123,110,121,98,heuristic
4008,98032,6720,512,465,true,109,120,113,123,heuristic
4009,98033,7076,512,486,true,109,132,129,116,heuristic
4010,98034,7024,512,478,true,152,102,115,109,heuristic
4011,98035,2980,256,246,true,63,57,67,59,heuristic
4012,98036,7176,512,497,true,138,123,139,97,heuristic
4013,98037,6856,512,467,true,124,99,130,114,heuristic
4014,98038,11488,1024,676,true,169,168,189,150,heuristic
4015,98039,13576,1024,772,true,206,181,201,184,heuristic
4016,98040,12008,1024,710,true,202,138,189,181,heuristic
4017,98041,6320,512,424,true,128,95,112,89,heuristic
4018,98042,4952,512,350,true,79,97,93,81,heuristic
4019,98043,6988,512,476,true,132,106,102,136,heuristic
4020,98044,7148,512,488,true,127,118,134,109,heuristic
4021,98045,5348,512,370,true,100,84,107,79,heuristic
4022,98046,7040,512,476,true,131,112,127,106,heuristic
4023,98047,6988,512,475,true,130,102,138,105,heuristic
4024,98048,7188,512,492,true,126,126,124,116,heuristic
4025,98049,5644,512,399,true,115,93,99,92,heuristic
4026,98050,10536,1024,614,true,143,156,153,162,heuristic
4027,98051,7068,512,476,true,141,100,126,109,heuristic
4028,98052,13668,1024,774,true,207,190,216,161,heuristic
4029,98053,7048,512,478,true,129,110,110,129,heuristic
4030,98054,12440,1024,754,true,221,165,184,184,heuristic
4031,98055,5488,512,387,true,101,92,106,88,heuristic
4032,98056,10460,1024,619,true,186,139,151,143,heuristic
4033,98057,3452,256,284,true,75,65,93,51,heuristic
4034,98058,11880,1024,694,true,174,174,165,181,heuristic
4035,98059,7168,512,499,true,140,122,117,120,heuristic
4036,98060,7120,512,491,true,142,114,148,87,heuristic
4037,98061,7332,512,505,true,142,123,138,102,heuristic
4038,98062,14336,1024,828,true,223,209,208,188,heuristic
4039,98063,6908,512,471,true,131,119,110,111,heuristic
4040,98064,7168,512,493,true,135,119,124,115,heuristic
4041,98065,5440,512,379,true,104,85,119,71,heuristic
4042,98066,12208,1024,728,true,208,153,186,181,heuristic
4043,98067,7344,512,508,true,103,145,145,115,heuristic
4044,98068,6596,512,456,true,103,135,124,94,heuristic
4045,98069,7312,512,501,true,133,111,133,124,heuristic
4046,98070,6784,512,460,true,119,123,112,106,heuristic
4047,98071,12140,1024,726,true,193,169,182,182,heuristic
4048,98072,12204,1024,727,true,181,176,154,216,heuristic
4049,98073,2900,256,237,true,59,55,65,58,heuristic
4050,98074,11360,1024,653,true,190,147,179,137,heuristic
4051,98075,3480,256,290,true,74,71,76,69,heuristic
4052,98076,3128,256,262,true,73,57,65,67,heuristic
4053,98077,6248,512,421,true,106,99,96,120,heuristic
4054,98078,12188,1024,727,true,194,165,206,162,heuristic
4055,98079,6708,512,462,true,123,110,128,101,heuristic
4056,98080,3128,256,262,true,86,50,72,54,heuristic
4057,98081,3112,256,259,true,75,58,70,56,heuristic
4058,98082,7164,512,495,true,150,108,127,110,heuristic
4059,98083,11992,1024,703,true,211,154,192,146,heuristic
4060,98084,14360,1024,823,true,208,226,199,190,heuristic
4061,98085,12404,1024,745,true,197,167,218,163,heuristic
4062,98086,12256,1024,723,true,170,191,198,164,heuristic
4063,98087,7132,512,482,true,139,112,138,93,heuristic
4064,98088,5624,512,395,true,121,83,92,99,heuristic
4065,98089,14404,1024,833,true,253,174,221,185,heuristic
4066,98090,12224,1024,732,true,177,181,199,175,heuristic
4067,98091,7060,512,481,true,114,120,126,121,heuristic
4068,98092,12296,1024,738,true,184,194,184,176,heuristic
4069,98093,7176,512,495,true,124,127,112,132,heuristic
4070,98094,12144,1024,717,true,203,170,185,159,heuristic
4071,98095,5452,512,383,true,107,78,99,99,heuristic
4072,98096,6772,512,459,true,115,112,118,114,heuristic
4073,98097,5156,512,350,true,108,62,86,94,heuristic
4074,98098,12484,1024,753,true,188,199,207,159,heuristic
4075,98099,7148,512,499,true,131,115,143,110,heuristic
4076,98100,7980,512,533,true,139,124,145,125,heuristic
4077,98101,6196,512,441,true,125,97,117,102,heuristic
4078,98102,14644,1024,858,true,198,234,229,197,heuristic
4079,98103,12252,1024,734,true,198,175,216,145,heuristic
4080,98104,11828,1024,686,true,181,146,169,190,heuristic
4081,98105,10608,1024,620,true,167,159,149,145,heuristic
4082,98106,12672,1024,768,true,198,186,222,162,heuristic
4083,98107,6912,512,466,true,134,100,107,125,heuristic
4084,98108,7120,512,492,true,147,99,123,123,heuristic
4085,98109,3204,256,265,true,75,64,52,74,heuristic
4086,98110,5704,512,408,true,115,92,99,102,heuristic
4087,98111,11520,1024,684,true,174,165,162,183,heuristic
4088,98112,6200,512,441,true,110,115,106,110,heuristic
4089,98113,11476,1024,673,true,202,144,175,152,heuristic
4090,98114,16100,1024,950,true,237,251,215,247,heuristic
4091,98115,7148,512,487,true,104,141,117,125,heuristic
4092,98116,6872,512,467,true,126,111,125,105,heuristic
4093,98117,9736,1024,558,true,141,133,143,141,heuristic
4094,98118,7164,512,490,true,122,119,146,103,heuristic
4095,98119,14320,1024,825,true,226,182,191,226,heuristic
4096,98120,13256,1024,801,true,241,162,211,187,heuristic
4097,98121,11424,1024,660,true,154,174,191,141,heuristic
4098,98122,5724,512,402,true,107,93,96,106,heuristic
4099,98123,11956,1024,709,true,196,165,162,186,heuristic
4100,98124,11176,1024,674,true,180,161,176,157,heuristic
4101,98125,12096,1024,716,true,174,180,179,183,heuristic
4102,98126,10704,1024,635,true,176,138,179,142,heuristic
4103,98127,7176,512,494,true,127,128,131,108,heuristic
4104,98128,12204,1024,717,true,205,161,173,178,heuristic
4105,98129,6980,512,470,true,129,104,140,97,heuristic
4106,98130,7188,512,497,true,144,116,129,108,heuristic
4107,98131,15900,1024,920,true,225,230,238,227,heuristic
4108,98132,7304,512,502,true,118,128,131,125,heuristic
4109,98133,6944,512,478,true,120,120,119,119,heuristic
4110,98134,12072,1024,715,true,203,157,162,193,heuristic
4111,98135,15904,1024,932,true,244,224,267,197,heuristic
4112,98136,12388,1024,741,true,177,181,202,181,heuristic
4113,98137,6916,512,467,true,127,105,105,130,heuristic
4114,98138,7544,512,518,true,131,130,143,114,heuristic
4115,98139,5580,512,393,true,93,100,108,92,heuristic
4116,98140,6352,512,429,true,119,110,92,108,heuristic
4117,98141,7800,512,537,true,172,111,135,119,heuristic
4118,98142,7164,512,492,true,140,102,122,128,heuristic
4119,98143,6876,512,467,true,130,115,123,99,heuristic
4120,98144,5296,512,361,true,87,94,87,93,heuristic
4121,98145,6972,512,491,true,135,103,130,123,heuristic
4122,98146,14444,1024,828,true,206,209,219,194,heuristic
4123,98147,15156,1024,881,true,235,213,219,214,heuristic
4124,98148,7880,512,528,true,157,120,125,126,heuristic
4125,98149,14060,1024,812,true,186,226,210,190,heuristic
4126,98150,6036,512,418,true,109,99,101,109,heuristic
4127,98151,12080,1024,712,true,163,191,185,173,heuristic
4128,98152,6376,512,435,true,115,93,118,109,heuristic
4129,98153,12040,1024,706,true,209,125,200,172,heuristic
4130,98154,3008,256,242,true,78,39,65,60,heuristic
4131,98155,7204,512,500,true,128,120,134,118,heuristic
4132,98156,15352,1024,890,true,230,215,192,253,heuristic
4133,98157,6224,512,437,true,147,91,89,110,heuristic
4134,98158,7492,512,509,true,125,118,141,125,heuristic
4135,98159,7340,512,517,true,126,128,161,102,heuristic
4136,98160,5696,512,400,true,117,98,96,89,heuristic
4137,98161,6916,512,473,true,132,93,149,99,heuristic
4138,98162,7100,512,490,true,116,132,143,99,heuristic
4139,98163,6456,512,442,true,128,101,118,95,heuristic
4140,98164,7628,512,512,true,120,131,106,155,heuristic
4141,98165,11812,1024,705,true,196,170,161,178,heuristic
4142,98166,3864,256,318,true,86,75,77,80,heuristic
4143,98167,7400,512,518,true,135,131,121,131,heuristic
4144,98168,7480,512,521,true,145,120,133,123,heuristic
4145,98169,6472,512,446,true,106,114,110,116,heuristic
4146,98170,7280,512,508,true,140,117,134,117,heuristic
4147,98171,3068,256,249,true,72,40,72,65,heuristic
4148,98172,7032,512,478,true,126,113,134,105,heuristic
4149,98173,13568,1024,765,true,202,173,197,193,heuristic
4150,98174,10584,1024,623,true,179,138,168,138,heuristic
4151,98175,12060,1024,711,true,209,150,194,158,heuristic
4152,98176,15608,1024,905,true,232,234,266,173,heuristic
4153,98177,5396,512,371,true,98,89,100,84,heuristic
4154,98178,3148,256,256,true,79,58,68,51,heuristic
4155,98179,11828,1024,708,true,171,186,210,141,heuristic
4156,98180,7196,512,495,true,125,132,122,116,heuristic
4157,98181,3620,256,297,true,100,50,71,76,heuristic
4158,98182,5544,512,391,true,95,103,102,91,heuristic
4159,98183,3484,256,290,true,55,81,96,58,heuristic
4160,98184,5056,256,385,true,89,111,82,103,heuristic
4161,98185,12176,1024,724,true,192,165,191,176,heuristic
4162,98186,15968,1024,933,true,278,192,228,235,heuristic
4163,98187,5056,512,345,true,91,84,88,82,heuristic
4164,98188,12628,1024,753,true,189,201,198,165,heuristic
4165,98189,14508,1024,853,true,240,179,209,225,heuristic
4166,98190,12300,1024,724,true,180,186,180,178,heuristic
4167,98191,7508,512,517,true,147,129,120,121,heuristic
4168,98192,7760,512,540,true,163,111,141,125,heuristic
4169,98193,3432,256,283,true,89,49,82,63,heuristic
4170,98194,6428,512,435,true,110,93,117,115,heuristic
4171,98195,3116,256,256,true,75,62,56,63,heuristic
4172,98196,2972,256,241,true,64,63,59,55,heuristic
4173,98197,3184,256,265,true,78,60,54,73,heuristic
4174,98198,4388,512,295,true,81,67,77,70,heuristic
4175,98199,15940,1024,936,true,244,245,242,205,heuristic
4176,98200,7172,512,493,true,135,112,138,108,heuristic
4177,98201,7140,512,485,true,137,116,122,110,heuristic
4178,98202,3828,256,309,true,72,87,89,61,heuristic
4179,98203,7200,512,501,true,126,105,117,153,heuristic
4180,98204,12228,1024,732,true,175,192,193,172,heuristic
4181,98205,5456,512,385,true,111,84,103,87,heuristic
4182,98206,6304,512,421,true,118,89,101,113,heuristic
4183,98207,3400,256,287,true,83,58,88,58,heuristic
4184,98208,7316,512,501,true,132,116,117,136,heuristic
4185,98209,7940,512,555,true,115,159,147,134,heuristic
4186,98210,7092,512,488,true,154,93,122,119,heuristic
4187,98211,7176,512,493,true,123,123,117,130,heuristic
4188,98212,5372,512,375,true,84,99,123,69,heuristic
4189,98213,7344,512,507,true,133,126,107,141,heuristic
4190,98214,6176,512,425,true,114,108,87,116,heuristic
4191,98215,5484,512,388,true,92,105,114,77,heuristic
4192,98216,6576,512,446,true,98,120,109,119,heuristic
4193,98217,7068,512,479,true,143,108,109,119,heuristic
4194,98218,11088,1024,657,true,160,159,130,208,heuristic
4195,98219,5424,512,376,true,101,95,88,92,heuristic
4196,98220,12484,1024,737,true,202,158,195,182,heuristic
4197,98221,3816,256,310,true,75,84,85,66,heuristic
4198,98222,6652,512,454,true,103,125,112,114,heuristic
4199,98223,3312,256,277,true,73,76,78,50,heuristic
4200,98224,4740,512,329,true,92,74,97,66,heuristic
4201,98225,5432,512,379,true,131,56,100,92,heuristic
4202,98226,7340,512,507,true,119,121,147,120,heuristic
4203,98227,7696,512,520,true,136,126,143,115,heuristic
4204,98228,7252,512,497,true,136,120,123,118,heuristic
4205,98229,10416,1024,606,true,170,124,163,149,heuristic
4206,98230,7380,512,513,true,131,120,152,110,heuristic
4207,98231,3264,256,272,true,57,78,77,60,heuristic
4208,98232,10832,1024,653,true,150,159,173,171,heuristic
4209,98233,6416,512,433,true,124,101,89,119,heuristic
4210,98234,5528,512,390,true,102,104,104,80,heuristic
4211,98235,5492,512,388,true,108,85,103,92,heuristic
4212,98236,6436,512,432,true,117,103,105,107,heuristic
4213,98237,7048,512,475,true,119,121,120,115,heuristic
4214,98238,14376,1024,838,true,215,222,219,182,heuristic
4215,98239,7104,512,488,true,123,125,136,104,heuristic
4216,98240,7176,512,494,true,136,120,128,110,heuristic
4217,98241,7564,512,527,true,140,117,133,137,heuristic
4218,98242,8164,512,550,true,149,127,166,108,heuristic
4219,98243,5440,512,381,true,104,86,104,87,heuristic
4220,98244,12224,1024,731,true,204,171,174,182,heuristic
4221,98245,7044,512,482,true,128,113,126,115,heuristic
4222,98246,6896,512,468,true,110,133,115,110,heuristic
4223,98247,10484,1024,618,true,161,145,181,131,heuristic
4224,98248,6756,512,454,true,121,108,131,94,heuristic
4225,98249,11464,1024,670,true,170,157,182,161,heuristic
4226,98250,5560,512,383,true,95,102,101,85,heuristic
4227,98251,6696,512,457,true,115,108,113,121,heuristic
4228,98252,10640,1024,624,true,156,153,177,138,heuristic
4229,98253,11660,1024,688,true,180,172,187,149,heuristic
4230,98254,12040,1024,706,true,186,176,168,176,heuristic
4231,98255,3180,256,264,true,81,62,66,55,heuristic
4232,98256,12188,1024,727,true,215,147,172,193,heuristic
4233,98257,7020,512,477,true,130,103,114,130,heuristic
4234,98258,15352,1024,890,true,236,203,244,207,heuristic
4235,98259,7140,512,488,true,121,126,114,127,heuristic
4236,98260,7260,512,503,true,143,107,128,125,heuristic
4237,98261,12752,1024,757,true,206,168,201,182,heuristic
4238,98262,12340,1024,733,true,185,182,215,151,heuristic
4239,98263,4760,512,324,true,103,64,95,62,heuristic
4240,98264,12380,1024,754,true,186,183,183,202,heuristic
4241,98265,10112,1024,595,true,146,155,158,136,heuristic
4242,98266,15364,1024,887,true,211,234,245,197,heuristic
4243,98267,7068,512,489,true,116,138,114,121,heuristic
4244,98268,7272,512,502,true,136,114,120,132,heuristic
4245,98269,5360,512,372,true,100,74,113,85,heuristic
4246,98270,7572,512,518,true,139,140,109,130,heuristic
4247,98271,3204,256,269,true,78,67,67,57,heuristic
4248,98272,14408,1024,846,true,190,232,220,204,heuristic
4249,98273,7156,512,478,true,130,126,97,125,heuristic
4250,98274,7028,512,478,true,115,136,109,118,heuristic
4251,98275,12288,1024,737,true,196,167,190,184,heuristic
4252,98276,13584,1024,768,true,197,192,200,179,heuristic
4253,98277,16020,1024,934,true,243,248,197,246,heuristic
4254,98278,3248,256,264,true,92,49,64,59,heuristic
4255,98279,7200,512,495,true,159,104,131,101,heuristic
4256,98280,7116,512,491,true,133,124,133,101,heuristic
4257,98281,7116,512,485,true,115,130,126,114,heuristic
4258,98282,6420,512,433,true,104,119,108,102,heuristic
4259,98283,6920,512,473,true,147,89,110,127,heuristic
4260,98284,5356,512,372,true,85,100,72,115,heuristic
4261,98285,3228,256,271,true,75,63,64,69,heuristic
4262,98286,13044,1024,766,true,190,209,211,156,heuristic
4263,98287,7060,512,483,true,131,121,88,143,heuristic
4264,98288,7192,512,498,true,131,140,107,120,heuristic
4265,98289,7700,512,529,true,132,138,133,126,heuristic
4266,98290,7904,512,521,true,148,113,141,119,heuristic
4267,98291,7044,512,478,true,118,125,107,128,heuristic
4268,98292,3196,256,267,true,75,64,65,63,heuristic
4269,98293,12092,1024,716,true,192,171,177,176,heuristic
4270,98294,15404,1024,898,true,213,239,267,179,heuristic
4271,98295,4096,256,336,true,73,99,93,71,heuristic
4272,98296,7032,512,479,true,120,126,100,133,heuristic
4273,98297,7184,512,502,true,134,117,144,107,heuristic
4274,98298,6952,512,474,true,123,117,116,118,heuristic
4275,98299,7096,512,485,true,118,132,120,115,heuristic
4276,98300,6432,512,436,true,113,106,107,110,heuristic
4277,98301,2444,256,207,true,43,62,51,51,heuristic
4278,98302,6740,512,468,true,114,118,125,111,heuristic
4279,98303,6416,512,433,true,115,90,90,138,heuristic
4280,98304,6324,512,426,true,112,99,121,94,heuristic
4281,98305,12524,1024,762,true,187,188,216,171,heuristic
4282,98306,6272,512,413,true,109,106,97,101,heuristic
4283,98307,12376,1024,739,true,197,181,182,179,heuristic
4284,98308,10376,1024,598,true,142,151,168,137,heuristic
4285,98309,11976,1024,703,true,189,160,202,152,heuristic
4286,98310,11384,1024,662,true,147,179,173,163,heuristic
4287,98311,16024,1024,950,true,220,257,227,246,heuristic
4288,98312,7804,512,527,true,133,134,124,136,heuristic
4289,98313,15704,1024,919,true,214,249,255,201,heuristic
4290,98314,7040,512,477,true,136,101,131,109,heuristic
4291,98315,7040,512,477,true,125,114,125,113,heuristic
4292,98316,3192,256,266,true,75,60,69,62,heuristic
4293,98317,7500,512,511,true,120,128,122,141,heuristic
4294,98318,12084,1024,714,true,196,174,185,159,heuristic
4295,98319,6500,512,449,true,126,89,116,118,heuristic
4296,98320,4096,256,325,true,67,103,86,69,heuristic
4297,98321,6732,512,448,true,115,108,113,112,heuristic
4298,98322,3272,256,270,true,76,59,60,75,heuristic
4299,98323,12104,1024,718,true,209,160,161,188,heuristic
4300,98324,6420,512,434,true,91,122,110,111,heuristic
4301,98325,7080,512,481,true,140,109,105,127,heuristic
4302,98326,14424,1024,850,true,252,170,240,188,heuristic
4303,98327,5404,512,376,true,78,110,87,101,heuristic
4304,98328,5648,512,393,true,88,111,96,98,heuristic
4305,98329,4764,256,359,true,88,94,95,82,heuristic
4306,98330,3848,256,318,true,75,86,83,74,heuristic
4307,98331,3208,256,270,true,78,54,83,55,heuristic
4308,98332,12096,1024,721,true,184,184,172,181,heuristic
4309,98333,7140,512,490,true,123,110,152,105,heuristic
4310,98334,7588,512,507,true,132,135,113,127,heuristic
4311,98335,6408,512,430,true,111,100,118,101,heuristic
4312,98336,10404,1024,605,true,162,146,169,128,heuristic
4313,98337,5344,512,373,true,108,85,112,68,heuristic
4314,98338,2900,256,242,true,50,75,61,56,heuristic
4315,98339,7220,512,494,true,141,102,135,116,heuristic
4316,98340,12820,1024,769,true,201,187,173,208,heuristic
4317,98341,8044,512,536,true,137,123,130,146,heuristic
4318,98342,5724,512,414,true,95,107,86,126,heuristic
4319,98343,14044,1024,815,true,221,182,226,186,heuristic
4320,98344,3420,256,280,true,74,67,76,63,heuristic
4321,98345,12348,1024,734,true,193,174,184,183,heuristic
4322,98346,6844,512,460,true,110,113,127,110,heuristic
4323,98347,3172,256,261,true,64,63,53,81,heuristic
4324,98348,14672,1024,851,true,235,195,213,208,heuristic
4325,98349,5440,512,381,true,102,92,112,75,heuristic
4326,98350,4824,512,339,true,89,74,101,75,heuristic
4327,98351,10380,1024,608,true,164,158,145,141,heuristic
4328,98352,7092,512,489,true,122,134,125,108,heuristic
4329,98353,12152,1024,727,true,188,167,208,164,heuristic
4330,98354,15344,1024,888,true,212,233,244,199,heuristic
4331,98355,7044,512,478,true,122,129,93,134,heuristic
4332,98356,8612,512,581,true,158,142,162,119,heuristic
4333,98357,3076,256,254,true,65,66,78,45,heuristic
4334,98358,5400,512,371,true,115,77,99,80,heuristic
4335,98359,7180,512,495,true,152,103,135,105,heuristic
4336,98360,12424,1024,738,true,191,189,183,175,heuristic
4337,98361,7348,512,504,true,143,122,126,113,heuristic
4338,98362,6780,512,459,true,118,119,118,104,heuristic
4339,98363,6992,512,470,true,110,123,126,111,heuristic
4340,98364,7136,512,489,true,143,109,113,124,heuristic
4341,98365,6752,512,467,true,113,121,130,103,heuristic
4342,98366,7208,512,501,true,114,128,140,119,heuristic
4343,98367,6804,512,461,true,125,114,89,133,heuristic
4344,98368,14388,1024,835,true,227,205,202,201,heuristic
4345,98369,7120,512,491,true,131,111,145,104,heuristic
4346,98370,7064,512,482,true,125,128,123,106,heuristic
4347,98371,5644,512,398,true,103,88,98,109,heuristic
4348,98372,5664,512,404,true,111,99,99,95,heuristic
4349,98373,6856,512,462,true,128,105,111,118,heuristic
4350,98374,6088,512,431,true,121,101,118,91,heuristic
4351,98375,6684,512,463,true,101,128,131,103,heuristic
4352,98376,12268,1024,735,true,187,172,181,195,heuristic
4353,98377,7212,512,508,true,132,120,157,99,heuristic
4354,98378,7172,512,504,true,139,114,149,102,heuristic
4355,98379,7128,512,487,true,148,101,127,111,heuristic
4356,98380,8048,512,537,true,135,148,132,122,heuristic
4357,98381,12152,1024,718,true,199,164,164,191,heuristic
4358,98382,6964,512,478,true,121,115,127,115,heuristic
4359,98383,7444,512,517,true,160,115,127,115,heuristic
4360,98384,6632,512,455,true,121,111,119,104,heuristic
4361,98385,6396,512,432,true,109,110,125,88,heuristic
4362,98386,7152,512,499,true,138,122,139,100,heuristic
4363,98387,15996,1024,929,true,236,227,229,237,heuristic
4364,98388,5564,512,397,true,86,101,117,93,heuristic
4365,98389,7452,512,501,true,135,115,157,94,heuristic
4366,98390,12320,1024,734,true,179,191,198,166,heuristic
4367,98391,12040,1024,707,true,165,186,171,185,heuristic
4368,98392,3228,256,271,true,61,65,72,73,heuristic
4369,98393,7064,512,486,true,122,129,117,118,heuristic
4370,98394,6828,512,466,true,104,131,127,104,heuristic
4371,98395,7212,512,499,true,125,118,140,116,heuristic
4372,98396,6140,512,431,true,126,101,127,77,heuristic
4373,98397,6624,512,451,true,122,110,125,94,heuristic
4374,98398,5152,512,358,true,102,75,88,93,heuristic
4375,98399,3992,256,326,true,74,84,86,82,heuristic
4376,98400,6060,512,427,true,123,103,96,105,heuristic
4377,98401,14032,1024,801,true,188,212,206,195,heuristic
4378,98402,15268,1024,881,true,221,245,202,213,heuristic
4379,98403,7192,512,497,true,132,113,129,123,heuristic
4380,98404,6304,512,425,true,135,81,93,116,heuristic
4381,98405,10396,1024,601,true,167,137,160,137,heuristic
4382,98406,3216,256,266,true,82,56,61,67,heuristic
4383,98407,6992,512,465,true,137,107,112,109,heuristic
4384,98408,14424,1024,846,true,195,233,205,213,heuristic
4385,98409,5540,512,385,true,84,107,106,88,heuristic
4386,98410,15528,1024,906,true,228,230,202,246,heuristic
4387,98411,7072,512,484,true,142,114,121,107,heuristic
4388,98412,3148,256,260,true,73,57,59,71,heuristic
4389,98413,3468,256,286,true,75,64,79,68,heuristic
4390,98414,5356,512,372,true,97,91,115,69,heuristic
4391,98415,14228,1024,821,true,198,223,203,197,heuristic
4392,98416,13744,1024,792,true,207,186,227,172,heuristic
4393,98417,10548,1024,617,true,174,135,181,127,heuristic
4394,98418,3144,256,260,true,78,55,65,62,heuristic
4395,98419,6864,512,465,true,114,121,120,110,heuristic
4396,98420,7024,512,477,true,125,111,134,107,heuristic
4397,98421,7140,512,485,true,127,122,136,100,heuristic
4398,98422,7100,512,481,true,132,103,118,128,heuristic
4399,98423,3052,256,248,true,79,46,71,52,heuristic
4400,98424,7080,512,486,true,119,126,107,134,heuristic
4401,98425,12096,1024,717,true,172,196,158,191,heuristic
4402,98426,5040,512,342,true,91,84,80,87,heuristic
4403,98427,7168,512,493,true,123,134,140,96,heuristic
4404,98428,6392,512,432,true,125,81,106,120,heuristic
4405,98429,9972,1024,570,true,133,154,166,117,heuristic
4406,98430,7136,512,489,true,124,119,126,120,heuristic
4407,98431,5636,512,397,true,115,81,109,92,heuristic
4408,98432,11376,1024,661,true,188,144,174,155,heuristic
4409,98433,7156,512,489,true,121,118,129,121,heuristic
4410,98434,6772,512,457,true,108,133,118,98,heuristic
4411,98435,7108,512,488,true,132,120,130,106,heuristic
4412,98436,6632,512,454,true,104,133,125,92,heuristic
4413,98437,12148,1024,725,true,199,172,171,183,heuristic
4414,98438,7056,512,479,true,126,114,135,104,heuristic
4415,98439,7288,512,498,true,121,120,137,120,heuristic
4416,98440,3200,256,268,true,73,60,78,57,heuristic
4417,98441,7072,512,484,true,126,116,127,115,heuristic
4418,98442,7188,512,500,true,135,116,143,106,heuristic
4419,98443,12292,1024,732,true,207,167,208,150,heuristic
4420,98444,7120,512,485,true,113,119,123,130,heuristic
4421,98445,7088,512,487,true,129,113,124,121,heuristic
4422,98446,7204,512,504,true,151,103,123,127,heuristic
4423,98447,6828,512,463,true,109,113,122,119,heuristic
4424,98448,6092,512,432,true,110,118,108,96,heuristic
4425,98449,15940,1024,940,true,236,243,247,214,heuristic
4426,98450,11900,1024,703,true,176,172,203,152,heuristic
4427,98451,7072,512,484,true,139,103,133,109,heuristic
4428,98452,7144,512,485,true,115,128,122,120,heuristic
4429,98453,7144,512,487,true,141,118,104,124,heuristic
4430,98454,3408,256,282,true,86,57,82,57,heuristic
4431,98455,5704,512,402,true,99,108,95,100,heuristic
4432,98456,7196,512,494,true,138,105,140,111,heuristic
4433,98457,7280,512,503,true,148,110,123,122,heuristic
4434,98458,12196,1024,729,true,218,140,189,182,heuristic
4435,98459,11704,1024,672,true,174,168,178,152,heuristic
4436,98460,3864,256,317,true,95,72,70,80,heuristic
4437,98461,7152,512,477,true,110,130,108,129,heuristic
4438,98462,12088,1024,713,true,186,147,189,191,heuristic
4439,98463,12120,1024,721,true,200,186,193,142,heuristic
4440,98464,7532,512,515,true,142,113,131,129,heuristic
4441,98465,15340,1024,883,true,216,229,215,223,heuristic
4442,98466,7124,512,493,true,136,115,128,114,heuristic
4443,98467,3276,256,266,true,75,61,66,64,heuristic
4444,98468,5136,512,353,true,116,65,78,94,heuristic
4445,98469,3120,256,259,true,70,58,69,62,heuristic
4446,98470,7408,512,507,true,162,98,141,106,heuristic
4447,98471,12196,1024,725,true,174,190,169,192,heuristic
4448,98472,11720,1024,701,true,167,174,193,167,heuristic
4449,98473,11436,1024,669,true,169,167,170,163,heuristic
4450,98474,12500,1024,758,true,188,182,198,190,heuristic
4451,98475,7184,512,495,true,117,135,118,125,heuristic
4452,98476,7152,512,489,true,134,108,132,115,heuristic
4453,98477,5464,512,386,true,112,83,82,109,heuristic
4454,98478,6860,512,468,true,123,113,109,123,heuristic
4455,98479,5656,512,399,true,98,95,81,125,heuristic
4456,98480,3104,256,256,true,71,59,82,44,heuristic
4457,98481,10468,1024,613,true,165,154,151,143,heuristic
4458,98482,13612,1024,811,true,200,200,192,219,heuristic
4459,98483,11436,1024,663,true,178,169,144,172,heuristic
4460,98484,5448,512,385,true,100,96,100,89,heuristic
4461,98485,6808,512,472,true,117,119,126,110,heuristic
4462,98486,6724,512,460,true,127,110,114,109,heuristic
4463,98487,8056,512,562,true,135,141,136,150,heuristic
4464,98488,14400,1024,832,true,193,216,219,204,heuristic
4465,98489,7156,512,494,true,141,117,117,119,heuristic
4466,98490,7500,512,508,true,131,128,125,124,heuristic
4467,98491,11796,1024,685,true,192,163,167,163,heuristic
4468,98492,7088,512,489,true,128,116,133,112,heuristic
4469,98493,7168,512,493,true,137,116,117,123,heuristic
4470,98494,5764,512,397,true,120,86,91,100,heuristic
4471,98495,6312,512,424,true,101,110,113,100,heuristic
4472,98496,7776,512,536,true,171,109,120,136,heuristic
4473,98497,7480,512,525,true,149,129,129,118,heuristic
4474,98498,7072,512,485,true,127,123,128,107,heuristic
4475,98499,5704,512,402,true,95,107,104,96,heuristic
4476,98500,13956,1024,813,true,181,227,198,207,heuristic
4477,98501,10420,1024,612,true,150,154,173,135,heuristic
4478,98502,3328,256,273,true,62,74,69,68,heuristic
4479,98503,15484,1024,907,true,253,198,220,236,heuristic
4480,98504,5036,512,345,true,75,92,92,86,heuristic
4481,98505,3824,256,313,true,73,80,69,91,heuristic
4482,98506,6848,512,460,true,134,96,111,119,heuristic
4483,98507,3308,256,269,true,71,66,65,67,heuristic
4484,98508,7216,512,500,true,121,128,129,122,heuristic
4485,98509,12164,1024,721,true,170,188,192,171,heuristic
4486,98510,12092,1024,715,true,175,190,158,192,heuristic
4487,98511,15992,1024,938,true,220,268,212,238,heuristic
4488,98512,7136,512,488,true,123,112,133,120,heuristic
4489,98513,6928,512,479,true,127,102,127,123,heuristic
4490,98514,12224,1024,725,true,193,158,188,186,heuristic
4491,98515,5284,512,362,true,111,72,81,98,heuristic
4492,98516,12200,1024,722,true,181,181,189,171,heuristic
4493,98517,3336,256,275,true,76,62,77,60,heuristic
4494,98518,7384,512,513,true,115,141,129,128,heuristic
4495,98519,7332,512,515,true,135,125,128,127,heuristic
4496,98520,13064,1024,762,true,192,190,207,173,heuristic
4497,98521,7456,512,515,true,125,152,122,116,heuristic
4498,98522,3464,256,290,true,74,69,78,69,heuristic
4499,98523,7064,512,481,true,142,98,114,127,heuristic
4500,98524,12240,1024,725,true,212,173,198,142,heuristic
4501,98525,6616,512,454,true,126,110,111,107,heuristic
4502,98526,7260,512,499,true,140,107,127,125,heuristic
4503,98527,7164,512,491,true,161,97,128,105,heuristic
4504,98528,5492,512,388,true,114,85,100,89,heuristic
4505,98529,7348,512,505,true,119,140,119,127,heuristic
4506,98530,7224,512,493,true,132,122,119,120,heuristic
4507,98531,5812,512,408,true,112,109,96,91,heuristic
4508,98532,7188,512,498,true,137,114,136,111,heuristic
4509,98533,7064,512,476,true,134,94,135,113,heuristic
4510,98534,14276,1024,814,true,180,224,216,194,heuristic
4511,98535,6336,512,425,true,109,108,98,110,heuristic
4512,98536,3252,256,267,true,75,55,80,57,heuristic
4513,98537,6448,512,441,true,111,109,106,115,heuristic
4514,98538,7212,512,503,true,126,125,118,134,heuristic
4515,98539,7216,512,503,true,126,128,134,115,heuristic
4516,98540,3216,256,272,true,69,75,65,63,heuristic
4517,98541,7484,512,527,true,156,99,153,119,heuristic
4518,98542,5352,512,371,true,88,89,110,84,heuristic
4519,98543,7060,512,480,true,103,135,97,145,heuristic
4520,98544,15944,1024,930,true,245,231,246,208,heuristic
4521,98545,5632,512,396,true,95,112,76,113,heuristic
4522,98546,3052,256,249,true,67,60,73,49,heuristic
4523,98547,6480,512,445,true,125,117,108,95,heuristic
4524,98548,15680,1024,904,true,222,231,215,236,heuristic
4525,98549,7108,512,493,true,130,121,106,136,heuristic
4526,98550,7264,512,493,true,121,130,119,123,heuristic
4527,98551,10436,1024,606,true,150,152,147,157,heuristic
4528,98552,6340,512,430,true,116,96,108,110,heuristic
4529,98553,7096,512,491,true,137,105,112,137,heuristic
4530,98554,6656,512,450,true,119,108,115,108,heuristic
4531,98555,10600,1024,626,true,134,180,180,132,heuristic
4532,98556,7192,512,498,true,121,126,141,110,heuristic
4533,98557,12152,1024,719,true,203,143,192,181,heuristic
4534,98558,3068,256,252,true,71,59,71,51,heuristic
4535,98559,12032,1024,697,true,183,164,196,154,heuristic
4536,98560,6184,512,438,true,106,130,114,88,heuristic
4537,98561,7048,512,478,true,130,107,118,123,heuristic
4538,98562,7292,512,510,true,167,106,142,95,heuristic
4539,98563,7564,512,522,true,145,116,128,133,heuristic
4540,98564,4880,512,337,true,91,74,86,86,heuristic
4541,98565,12208,1024,727,true,187,166,205,169,heuristic
4542,98566,12336,1024,743,true,194,193,196,160,heuristic
4543,98567,7452,512,518,true,144,108,144,122,heuristic
4544,98568,6364,512,431,true,113,109,118,91,heuristic
4545,98569,7164,512,502,true,123,121,120,138,heuristic
4546,98570,12432,1024,751,true,186,198,208,159,heuristic
4547,98571,14100,1024,811,true,223,198,177,213,heuristic
4548,98572,7212,512,499,true,121,131,125,122,heuristic
4549,98573,10500,1024,618,true,135,165,154,164,heuristic
4550,98574,6072,512,426,true,120,103,110,93,heuristic
4551,98575,7092,512,490,true,120,136,120,114,heuristic
4552,98576,11340,1024,656,true,176,168,162,150,heuristic
4553,98577,11064,1024,656,true,189,157,185,125,heuristic
4554,98578,6380,512,429,true,116,106,101,106,heuristic
4555,98579,5756,512,410,true,113,99,114,84,heuristic
4556,98580,7084,512,483,true,120,126,117,120,heuristic
4557,98581,8784,512,592,true,143,159,143,147,heuristic
4558,98582,11432,1024,667,true,161,171,196,139,heuristic
4559,98583,5660,512,402,true,113,108,102,79,heuristic
4560,98584,11980,1024,703,true,200,159,165,179,heuristic
4561,98585,12128,1024,714,true,177,175,195,167,heuristic
4562,98586,7204,512,490,true,118,131,126,115,heuristic
4563,98587,6392,512,439,true,119,98,117,105,heuristic
4564,98588,6692,512,450,true,118,101,124,107,heuristic
4565,98589,16068,1024,941,true,248,231,203,259,heuristic
4566,98590,7216,512,488,true,123,126,122,117,heuristic
4567,98591,6440,512,438,true,116,109,117,96,heuristic
4568,98592,5296,512,362,true,95,86,90,91,heuristic
4569,98593,3460,256,292,true,75,72,79,66,heuristic
4570,98594,7072,512,485,true,108,118,129,130,heuristic
4571,98595,5352,512,375,true,99,79,91,106,heuristic
4572,98596,5372,512,372,true,108,74,111,79,heuristic
4573,98597,6508,512,444,true,131,94,116,103,heuristic
4574,98598,6136,512,410,true,100,99,102,109,heuristic
4575,98599,7776,512,533,true,145,132,130,126,heuristic
4576,98600,14524,1024,858,true,237,198,237,186,heuristic
4577,98601,7488,512,510,true,136,116,138,120,heuristic
4578,98602,5356,512,368,true,100,92,101,75,heuristic
4579,98603,15784,1024,917,true,262,209,223,223,heuristic
4580,98604,7280,512,498,true,146,99,126,127,heuristic
4581,98605,7128,512,487,true,127,125,120,115,heuristic
4582,98606,7416,512,514,true,138,133,119,124,heuristic
4583,98607,3332,256,274,true,81,62,49,82,heuristic
4584,98608,11336,1024,649,true,165,152,168,164,heuristic
4585,98609,6776,512,470,true,111,120,136,103,heuristic
4586,98610,7472,512,519,true,139,119,138,123,heuristic
4587,98611,3216,256,268,true,76,58,60,74,heuristic
4588,98612,5568,512,381,true,93,106,108,74,heuristic
4589,98613,7032,512,478,true,120,124,116,118,heuristic
4590,98614,7144,512,491,true,113,117,134,127,heuristic
4591,98615,8144,512,549,true,160,133,148,108,heuristic
4592,98616,5508,512,385,true,108,81,100,96,heuristic
4593,98617,7280,512,499,true,125,127,137,110,heuristic
4594,98618,10844,1024,633,true,166,162,152,153,heuristic
4595,98619,3192,256,263,true,67,61,81,54,heuristic
4596,98620,5940,512,425,true,140,77,122,86,heuristic
4597,98621,6644,512,457,true,111,111,109,126,heuristic
4598,98622,7144,512,502,true,145,115,122,120,heuristic
4599,98623,11740,1024,676,true,192,147,176,161,heuristic
4600,98624,5448,512,382,true,93,100,94,95,heuristic
4601,98625,12140,1024,716,true,169,194,183,170,heuristic
4602,98626,6344,512,426,true,110,103,107,106,heuristic
4603,98627,7468,512,508,true,134,132,147,95,heuristic
4604,98628,7052,512,480,true,126,117,127,110,heuristic
4605,98629,6308,512,417,true,125,95,100,97,heuristic
4606,98630,3368,256,278,true,63,80,68,67,heuristic
4607,98631,12296,1024,734,true,190,182,164,198,heuristic
4608,98632,7316,512,502,true,131,128,139,104,heuristic
4609,98633,7528,512,518,true,122,139,115,142,heuristic
4610,98634,10300,1024,593,true,172,135,144,142,heuristic
4611,98635,7020,512,477,true,119,124,118,116,heuristic
4612,98636,3516,256,295,true,88,61,67,79,heuristic
4613,98637,4092,256,335,true,79,89,73,94,heuristic
4614,98638,7488,512,504,true,129,123,131,121,heuristic
4615,98639,11476,1024,680,true,169,176,166,169,heuristic
4616,98640,5368,512,377,true,101,85,110,81,heuristic
4617,98641,6308,512,423,true,124,93,117,89,heuristic
4618,98642,3244,256,274,true,69,69,55,81,heuristic
4619,98643,12768,1024,756,true,178,210,178,190,heuristic
4620,98644,8636,512,586,true,146,150,150,140,heuristic
4621,98645,4652,512,313,true,105,54,79,75,heuristic
4622,98646,16204,1024,962,true,284,200,234,244,heuristic
4623,98647,6808,512,463,true,118,126,116,103,heuristic
4624,98648,12080,1024,717,true,158,199,197,163,heuristic
4625,98649,6916,512,465,true,135,99,129,102,heuristic
4626,98650,16256,1024,956,true,279,209,245,223,heuristic
4627,98651,7392,512,516,true,146,114,138,118,heuristic
4628,98652,7256,512,499,true,134,122,139,104,heuristic
4629,98653,5728,512,404,true,99,118,115,72,heuristic
4630,98654,7112,512,481,true,154,102,106,119,heuristic
4631,98655,16160,1024,951,true,294,191,231,235,heuristic
4632,98656,12168,1024,731,true,184,176,182,189,heuristic
4633,98657,20632,2048,1000,false,259,248,245,248,heuristic
4634,98658,6920,512,467,true,110,122,135,100,heuristic
4635,98659,6856,512,463,true,142,84,143,94,heuristic
4636,98660,7112,512,490,true,144,101,120,125,heuristic
4637,98661,7020,512,472,true,125,103,112,132,heuristic
4638,98662,15296,1024,877,true,232,223,247,175,heuristic
4639,98663,7164,512,496,true,121,136,129,110,heuristic
4640,98664,10084,1024,571,true,144,137,137,153,heuristic
4641,98665,7364,512,513,true,122,131,148,112,heuristic
4642,98666,15076,1024,881,true,228,198,241,214,heuristic
4643,98667,5628,512,395,true,95,102,106,92,heuristic
4644,98668,2736,256,232,true,63,58,51,60,heuristic
4645,98669,3152,256,261,true,74,65,67,55,heuristic
4646,98670,7020,512,472,true,128,99,115,130,heuristic
4647,98671,5360,512,373,true,104,87,94,88,heuristic
4648,98672,6432,512,429,true,105,103,113,108,heuristic
4649,98673,6864,512,464,true,122,107,133,102,heuristic
4650,98674,7204,512,488,true,126,120,136,106,heuristic
4651,98675,7360,512,492,true,129,114,129,120,heuristic
4652,98676,7216,512,489,true,141,120,133,95,heuristic
4653,98677,7004,512,473,true,137,103,122,111,heuristic
4654,98678,3244,256,275,true,77,67,68,63,heuristic
4655,98679,3324,256,272,true,60,76,78,58,heuristic
4656,98680,7432,512,520,true,141,109,136,134,heuristic
4657,98681,15576,1024,911,true,204,236,268,203,heuristic
4658,98682,5564,512,395,true,95,106,91,103,heuristic
4659,98683,7064,512,483,true,114,121,130,118,heuristic
4660,98684,14288,1024,829,true,232,201,217,179,heuristic
4661,98685,5836,512,404,true,102,98,106,98,heuristic
4662,98686,11900,1024,700,true,188,155,160,197,heuristic
4663,98687,13808,1024,782,true,203,194,213,172,heuristic
4664,98688,7172,512,493,true,111,128,127,127,heuristic
4665,98689,7196,512,500,true,145,103,133,119,heuristic
4666,98690,7076,512,487,true,123,137,117,110,heuristic
4667,98691,12168,1024,723,true,176,202,181,164,heuristic
4668,98692,3952,256,324,true,88,74,86,76,heuristic
4669,98693,6416,512,433,true,106,117,115,95,heuristic
4670,98694,7328,512,505,true,139,118,127,121,heuristic
4671,98695,7092,512,481,true,136,106,116,123,heuristic
4672,98696,8468,512,567,true,158,138,137,134,heuristic
4673,98697,7128,512,487,true,120,124,127,116,heuristic
4674,98698,11992,1024,707,true,195,162,168,182,heuristic
4675,98699,7064,512,483,true,119,134,113,117,heuristic
4676,98700,7200,512,499,true,137,124,125,113,heuristic
4677,98701,3268,256,270,true,59,81,64,66,heuristic
4678,98702,7044,512,477,true,110,135,129,103,heuristic
4679,98703,12208,1024,732,true,182,173,175,202,heuristic
4680,98704,12908,1024,760,true,187,214,170,189,heuristic
4681,98705,3228,256,265,true,63,72,75,55,heuristic
4682,98706,12532,1024,733,true,183,177,203,170,heuristic
4683,98707,6168,512,435,true,125,87,115,108,heuristic
4684,98708,7536,512,516,true,149,106,121,140,heuristic
4685,98709,7184,512,500,true,125,123,134,118,heuristic
4686,98710,12112,1024,716,true,172,184,189,171,heuristic
4687,98711,12084,1024,713,true,173,189,172,179,heuristic
4688,98712,3392,256,275,true,67,64,85,59,heuristic
4689,98713,6484,512,446,true,110,104,119,113,heuristic
4690,98714,7568,512,515,true,144,113,113,145,heuristic
4691,98715,7144,512,486,true,137,109,134,106,heuristic
4692,98716,16276,1024,955,true,270,206,236,243,heuristic
4693,98717,6684,512,456,true,126,112,122,96,heuristic
4694,98718,16776,1024,994,true,265,231,275,223,heuristic
4695,98719,5356,512,370,true,105,79,91,95,heuristic
4696,98720,12072,1024,715,true,212,157,176,170,heuristic
4697,98721,12492,1024,749,true,229,159,157,204,heuristic
4698,98722,6804,512,457,true,123,118,109,107,heuristic
4699,98723,1412,128,145,true,40,31,47,27,heuristic
4700,98724,12080,1024,713,true,169,182,175,187,heuristic
4701,98725,3080,256,252,true,59,68,61,64,heuristic
4702,98726,7256,512,494,true,112,135,136,111,heuristic
4703,98727,11420,1024,664,true,178,164,175,147,heuristic
4704,98728,12060,1024,708,true,181,177,166,184,heuristic
4705,98729,12188,1024,729,true,198,161,208,162,heuristic
4706,98730,6424,512,435,true,125,108,100,102,heuristic
4707,98731,14132,1024,810,true,179,223,196,212,heuristic
4708,98732,11840,1024,685,true,179,176,187,143,heuristic
4709,98733,7356,512,506,true,124,126,121,135,heuristic
4710,98734,7220,512,504,true,135,127,136,106,heuristic
4711,98735,7340,512,504,true,115,138,140,111,heuristic
4712,98736,8476,512,568,true,137,147,141,143,heuristic
4713,98737,12328,1024,742,true,203,176,199,164,heuristic
4714,98738,2440,256,208,true,52,50,49,57,heuristic
4715,98739,7552,512,519,true,126,129,131,133,heuristic
4716,98740,6864,512,465,true,110,118,127,110,heuristic
4717,98741,7048,512,485,true,143,104,129,109,heuristic
4718,98742,7456,512,522,true,146,118,147,111,heuristic
4719,98743,14516,1024,850,true,198,227,219,206,heuristic
4720,98744,3484,256,290,true,55,86,78,71,heuristic
4721,98745,1472,128,152,true,57,21,47,27,heuristic
4722,98746,3112,256,256,true,67,65,58,66,heuristic
4723,98747,6968,512,473,true,97,120,117,139,heuristic
4724,98748,7388,512,514,true,129,119,127,139,heuristic
4725,98749,5464,512,381,true,126,63,100,92,heuristic
4726,98750,5408,512,373,true,94,83,101,95,heuristic
4727,98751,14004,1024,798,true,238,181,203,176,heuristic
4728,98752,7356,512,507,true,129,124,110,144,heuristic
4729,98753,6824,512,460,true,132,103,121,104,heuristic
4730,98754,6092,512,431,true,108,100,114,109,heuristic
4731,98755,7124,512,484,true,125,110,116,133,heuristic
4732,98756,3868,256,319,true,86,74,96,63,heuristic
4733,98757,7160,512,494,true,125,123,125,121,heuristic
4734,98758,15524,1024,906,true,212,241,253,200,heuristic
4735,98759,3560,256,298,true,72,71,84,71,heuristic
4736,98760,15516,1024,914,true,217,264,225,208,heuristic
4737,98761,3164,256,263,true,75,51,75,62,heuristic
4738,98762,7488,512,508,true,137,123,122,126,heuristic
4739,98763,7476,512,525,true,135,143,149,98,heuristic
4740,98764,5508,512,393,true,90,106,103,94,heuristic
4741,98765,3072,256,253,true,52,78,89,34,heuristic
4742,98766,13732,1024,785,true,186,209,195,195,heuristic
4743,98767,7036,512,476,true,127,113,96,140,heuristic
4744,98768,12216,1024,730,true,183,184,176,187,heuristic
4745,98769,7208,512,505,true,115,126,132,132,heuristic
4746,98770,12376,1024,738,true,189,175,193,181,heuristic
4747,98771,12516,1024,757,true,180,195,214,168,heuristic
4748,98772,4976,512,349,true,86,84,98,81,heuristic
4749,98773,11640,1024,684,true,151,184,159,190,heuristic
4750,98774,12648,1024,770,true,199,193,234,144,heuristic
4751,98775,6660,512,457,true,137,103,91,126,heuristic
4752,98776,2692,256,233,true,76,46,43,68,heuristic
4753,98777,3376,256,280,true,79,60,83,58,heuristic
4754,98778,6796,512,463,true,107,112,130,114,heuristic
4755,98779,8128,512,545,true,138,139,136,132,heuristic
4756,98780,5456,512,384,true,124,68,106,86,heuristic
4757,98781,15864,1024,933,true,251,230,220,232,heuristic
4758,98782,12192,1024,718,true,197,167,170,184,heuristic
4759,98783,7416,512,509,true,134,120,108,147,heuristic
4760,98784,7156,512,489,true,134,111,132,112,heuristic
4761,98785,14400,1024,832,true,243,174,262,153,heuristic
4762,98786,6664,512,462,true,112,119,123,108,heuristic
4763,98787,5684,512,405,true,111,106,125,63,heuristic
4764,98788,7304,512,499,true,132,130,114,123,heuristic
4765,98789,10304,1024,593,true,157,148,145,143,heuristic
4766,98790,3276,256,275,true,61,76,70,68,heuristic
4767,98791,14328,1024,826,true,209,215,189,213,heuristic
4768,98792,7036,512,475,true,118,121,109,127,heuristic
4769,98793,5348,512,370,true,126,55,108,81,heuristic
4770,98794,11360,1024,661,true,201,152,161,147,heuristic
4771,98795,2320,256,189,true,50,47,59,33,heuristic
4772,98796,11456,1024,668,true,175,165,209,119,heuristic
4773,98797,5512,512,394,true,117,79,104,94,heuristic
4774,98798,12920,1024,774,true,202,206,161,205,heuristic
4775,98799,12412,1024,736,true,200,162,201,173,heuristic
4776,98800,6728,512,463,true,125,112,111,115,heuristic
4777,98801,3108,256,258,true,67,60,68,63,heuristic
4778,98802,3092,256,253,true,73,47,65,68,heuristic
4779,98803,6748,512,452,true,121,112,116,103,heuristic
4780,98804,7256,512,494,true,129,123,121,121,heuristic
4781,98805,11872,1024,694,true,155,190,186,163,heuristic
4782,98806,11972,1024,704,true,168,182,179,175,heuristic
4783,98807,3184,256,260,true,72,52,73,63,heuristic
4784,98808,3068,256,253,true,67,61,71,54,heuristic
4785,98809,11808,1024,681,true,190,155,190,146,heuristic
4786,98810,12080,1024,711,true,174,171,173,193,heuristic
4787,98811,7052,512,479,true,112,133,108,126,heuristic
4788,98812,12076,1024,712,true,196,162,170,184,heuristic
4789,98813,7172,512,498,true,135,128,112,123,heuristic
4790,98814,11864,1024,691,true,165,183,188,155,heuristic
4791,98815,12572,1024,751,true,187,190,202,172,heuristic
4792,98816,12160,1024,728,true,194,185,170,179,heuristic
4793,98817,11388,1024,658,true,179,165,162,152,heuristic
4794,98818,3564,256,294,true,77,68,83,66,heuristic
4795,98819,7076,512,485,true,92,134,165,94,heuristic
4796,98820,7768,512,535,true,122,137,137,139,heuristic
4797,98821,7104,512,481,true,107,129,120,125,heuristic
4798,98822,6632,512,458,true,118,118,139,83,heuristic
4799,98823,14296,1024,823,true,185,215,255,168,heuristic
4800,98824,12412,1024,747,true,216,163,199,169,heuristic
4801,98825,12396,1024,743,true,204,180,189,170,heuristic
4802,98826,10352,1024,605,true,147,147,149,162,heuristic
4803,98827,7164,512,491,true,139,116,115,121,heuristic
4804,98828,10772,1024,641,true,158,165,161,157,heuristic
4805,98829,14468,1024,846,true,218,221,227,180,heuristic
4806,98830,5508,512,385,true,92,91,112,90,heuristic
4807,98831,3380,256,281,true,72,73,69,67,heuristic
4808,98832,3192,256,267,true,68,63,64,72,heuristic
4809,98833,3472,256,288,true,66,74,62,86,heuristic
4810,98834,12404,1024,744,true,191,182,216,155,heuristic
4811,98835,12408,1024,745,true,170,219,150,206,heuristic
4812,98836,6848,512,460,true,126,102,103,129,heuristic
4813,98837,3148,256,256,true,49,70,70,67,heuristic
4814,98838,7048,512,478,true,115,119,124,120,heuristic
4815,98839,3332,256,274,true,84,63,51,76,heuristic
4816,98840,14824,1024,867,true,186,233,204,244,heuristic
4817,98841,3492,256,292,true,88,65,70,69,heuristic
4818,98842,7272,512,491,true,125,110,139,117,heuristic
4819,98843,7172,512,493,true,143,113,128,109,heuristic
4820,98844,7172,512,494,true,119,132,113,130,heuristic
4821,98845,10520,1024,616,true,146,157,172,141,heuristic
4822,98846,5608,512,390,true,97,83,133,77,heuristic
4823,98847,14664,1024,862,true,239,181,216,226,heuristic
4824,98848,7220,512,500,true,145,106,127,122,heuristic
4825,98849,3772,256,300,true,70,77,77,76,heuristic
4826,98850,7416,512,509,true,143,106,152,108,heuristic
4827,98851,11544,1024,669,true,163,164,179,163,heuristic
4828,98852,8772,512,590,true,134,176,153,127,heuristic
4829,98853,6712,512,457,true,128,99,127,103,heuristic
4830,98854,7156,512,488,true,120,125,115,128,heuristic
4831,98855,12384,1024,741,true,196,166,185,194,heuristic
4832,98856,3372,256,279,true,71,66,91,51,heuristic
4833,98857,3680,256,308,true,53,99,88,68,heuristic
4834,98858,12420,1024,749,true,185,177,182,205,heuristic
4835,98859,10368,1024,604,true,152,156,167,129,heuristic
4836,98860,7212,512,491,true,146,97,136,112,heuristic
4837,98861,13752,1024,789,true,198,185,224,182,heuristic
4838,98862,14492,1024,843,true,209,200,224,210,heuristic
4839,98863,7140,512,490,true,144,103,136,107,heuristic
4840,98864,7072,512,484,true,119,119,131,115,heuristic
4841,98865,6996,512,469,true,148,91,110,120,heuristic
4842,98866,11924,1024,700,true,199,148,189,164,heuristic
4843,98867,7148,512,491,true,133,111,110,137,heuristic
4844,98868,14560,1024,856,true,243,203,233,177,heuristic
4845,98869,3192,256,267,true,72,58,88,49,heuristic
4846,98870,7048,512,484,true,133,122,112,117,heuristic
4847,98871,10640,1024,625,true,173,141,168,143,heuristic
4848,98872,7420,512,519,true,143,117,138,121,heuristic
4849,98873,3440,256,284,true,77,71,79,57,heuristic
4850,98874,3292,256,268,true,69,66,63,70,heuristic
4851,98875,14324,1024,826,true,194,209,239,184,heuristic
4852,98876,11208,1024,645,true,169,167,145,164,heuristic
4853,98877,7368,512,510,true,114,125,129,142,heuristic
4854,98878,5324,512,368,true,97,90,110,71,heuristic
4855,98879,6440,512,438,true,128,108,101,101,heuristic
4856,98880,7244,512,491,true,118,122,122,129,heuristic
4857,98881,3396,256,281,true,69,83,52,77,heuristic
4858,98882,11360,1024,660,true,160,167,168,165,heuristic
4859,98883,14456,1024,842,true,230,206,225,181,heuristic
4860,98884,14300,1024,829,true,256,160,224,189,heuristic
4861,98885,7020,512,473,true,107,124,139,103,heuristic
4862,98886,14756,1024,884,true,191,233,227,233,heuristic
4863,98887,6788,512,458,true,122,115,113,108,heuristic
4864,98888,6740,512,464,true,112,126,121,105,heuristic
4865,98889,7380,512,512,true,133,145,120,114,heuristic
4866,98890,14900,1024,873,true,228,225,218,202,heuristic
4867,98891,7476,512,510,true,128,126,140,116,heuristic
4868,98892,11960,1024,711,true,172,200,180,159,heuristic
4869,98893,7060,512,481,true,123,121,140,97,heuristic
4870,98894,12096,1024,715,true,184,188,164,179,heuristic
4871,98895,15744,1024,908,true,218,214,271,205,heuristic
4872,98896,15124,1024,873,true,239,202,209,223,heuristic
4873,98897,3844,256,317,true,86,76,88,67,heuristic
4874,98898,5372,512,376,true,91,97,101,87,heuristic
4875,98899,7024,512,477,true,117,117,120,123,heuristic
4876,98900,12192,1024,732,true,207,160,178,187,heuristic
4877,98901,12252,1024,732,true,192,178,191,171,heuristic
4878,98902,7272,512,506,true,145,120,150,91,heuristic
4879,98903,5428,512,378,true,116,86,105,71,heuristic
4880,98904,7096,512,478,true,139,108,93,138,heuristic
4881,98905,11824,1024,689,true,164,183,182,160,heuristic
4882,98906,11488,1024,672,true,169,168,170,165,heuristic
4883,98907,12160,1024,724,true,186,185,187,166,heuristic
4884,98908,12084,1024,710,true,200,156,197,157,heuristic
4885,98909,3408,256,287,true,78,63,93,53,heuristic
4886,98910,7560,512,524,true,131,136,123,134,heuristic
4887,98911,14300,1024,820,true,222,191,221,186,heuristic
4888,98912,7044,512,477,true,121,135,94,127,heuristic
4889,98913,6320,512,425,true,122,102,97,104,heuristic
4890,98914,3180,256,263,true,81,58,70,54,heuristic
4891,98915,7388,512,496,true,139,112,127,118,heuristic
4892,98916,7084,512,487,true,149,91,140,107,heuristic
4893,98917,12080,1024,708,true,189,171,164,184,heuristic
4894,98918,7160,512,490,true,119,129,135,107,heuristic
4895,98919,6888,512,469,true,143,92,125,109,heuristic
4896,98920,2768,256,239,true,41,76,62,60,heuristic
4897,98921,11592,1024,675,true,165,174,165,171,heuristic
4898,98922,7104,512,488,true,118,115,130,125,heuristic
4899,98923,11096,1024,658,true,179,152,154,173,heuristic
4900,98924,7108,512,481,true,111,131,125,114,heuristic
4901,98925,14380,1024,840,true,236,205,216,183,heuristic
4902,98926,7080,512,487,true,129,119,108,131,heuristic
4903,98927,14620,1024,847,true,253,186,272,136,heuristic
4904,98928,11412,1024,662,true,187,142,187,146,heuristic
4905,98929,7144,512,490,true,127,119,131,113,heuristic
4906,98930,3060,256,249,true,51,66,71,61,heuristic
4907,98931,5660,512,397,true,111,93,109,84,heuristic
4908,98932,7064,512,483,true,128,114,125,116,heuristic
4909,98933,7784,512,538,true,139,142,138,119,heuristic
4910,98934,12064,1024,712,true,170,178,191,173,heuristic
4911,98935,14596,1024,853,true,221,211,219,202,heuristic
4912,98936,3140,256,258,true,59,73,72,54,heuristic
4913,98937,7080,512,486,true,108,129,125,124,heuristic
4914,98938,14092,1024,804,true,212,188,185,219,heuristic
4915,98939,3420,256,280,true,75,66,63,76,heuristic
4916,98940,14104,1024,813,true,221,194,197,201,heuristic
4917,98941,3840,256,305,true,80,66,82,77,heuristic
4918,98942,12172,1024,726,true,167,189,193,177,heuristic
4919,98943,6980,512,478,true,131,106,136,105,heuristic
4920,98944,10520,1024,626,true,188,142,158,138,heuristic
4921,98945,7016,512,471,true,116,130,120,105,heuristic
4922,98946,6788,512,477,true,117,124,136,100,heuristic
4923,98947,12748,1024,755,true,197,189,195,174,heuristic
4924,98948,6976,512,478,true,131,106,96,145,heuristic
4925,98949,6776,512,459,true,116,116,111,116,heuristic
4926,98950,6996,512,480,true,113,121,117,129,heuristic
4927,98951,7052,512,474,true,99,128,145,102,heuristic
4928,98952,7076,512,486,true,116,135,116,119,heuristic
4929,98953,15440,1024,900,true,240,212,208,240,heuristic
4930,98954,3072,256,253,true,58,67,68,60,heuristic
4931,98955,12164,1024,722,true,187,183,180,172,heuristic
4932,98956,12124,1024,724,true,190,168,212,154,heuristic
4933,98957,7368,512,509,true,134,120,133,122,heuristic
4934,98958,3312,256,280,true,83,54,85,58,heuristic
4935,98959,9064,512,571,true,175,132,115,149,heuristic
4936,98960,3140,256,258,true,70,52,62,74,heuristic
4937,98961,10540,1024,626,true,167,153,175,131,heuristic
4938,98962,15308,1024,880,true,212,229,215,224,heuristic
4939,98963,7180,512,490,true,125,132,113,120,heuristic
4940,98964,5524,512,385,true,111,73,109,92,heuristic
4941,98965,7308,512,500,true,131,126,143,100,heuristic
4942,98966,7224,512,509,true,147,115,138,109,heuristic
4943,98967,7264,512,496,true,130,107,142,117,heuristic
4944,98968,11888,1024,696,true,179,160,216,141,heuristic
4945,98969,7104,512,488,true,134,121,99,134,heuristic
4946,98970,12080,1024,713,true,165,195,175,178,heuristic
4947,98971,7336,512,503,true,113,143,130,117,heuristic
4948,98972,3188,256,265,true,70,63,81,51,heuristic
4949,98973,6412,512,437,true,113,118,123,83,heuristic
4950,98974,6932,512,456,true,120,118,111,107,heuristic
4951,98975,3692,256,297,true,74,70,92,61,heuristic
4952,98976,7176,512,487,true,117,113,112,145,heuristic
4953,98977,6628,512,450,true,105,112,121,112,heuristic
4954,98978,6860,512,464,true,125,99,118,122,heuristic
4955,98979,7120,512,484,true,147,103,136,98,heuristic
4956,98980,7144,512,486,true,121,124,122,119,heuristic
4957,98981,7436,512,514,true,146,112,137,119,heuristic
4958,98982,3204,256,265,true,68,71,77,49,heuristic
4959,98983,5652,512,401,true,117,80,92,112,heuristic
4960,98984,4604,512,311,true,87,67,79,78,heuristic
4961,98985,7140,512,489,true,132,125,117,115,heuristic
4962,98986,5388,512,379,true,107,93,99,80,heuristic
4963,98987,3240,256,274,true,77,63,80,54,heuristic
4964,98988,7544,512,524,true,158,115,134,117,heuristic
4965,98989,12240,1024,733,true,198,164,199,172,heuristic
4966,98990,6980,512,486,true,124,115,127,120,heuristic
4967,98991,12172,1024,724,true,215,141,193,175,heuristic
4968,98992,6476,512,447,true,134,94,116,103,heuristic
4969,98993,4708,256,350,true,94,93,72,91,heuristic
4970,98994,5476,512,388,true,98,92,96,102,heuristic
4971,98995,7308,512,500,true,137,118,134,111,heuristic
4972,98996,9608,1024,540,true,135,138,138,129,heuristic
4973,98997,12348,1024,735,true,218,166,188,163,heuristic
4974,98998,7076,512,481,true,123,123,112,123,heuristic
4975,98999,6824,512,462,true,138,92,109,123,heuristic
4976,99000,5392,512,373,true,95,84,111,83,heuristic
4977,99001,6200,512,442,true,105,115,113,109,heuristic
4978,99002,6800,512,462,true,125,111,121,105,heuristic
4979,99003,5436,512,380,true,112,88,89,91,heuristic
4980,99004,10828,1024,649,true,181,128,172,168,heuristic
4981,99005,7080,512,481,true,131,120,136,94,heuristic
4982,99006,12084,1024,710,true,204,165,168,173,heuristic
4983,99007,5292,512,360,true,83,98,84,95,heuristic
4984,99008,7072,512,485,true,113,119,135,118,heuristic
4985,99009,13980,1024,803,true,226,186,209,182,heuristic
4986,99010,7356,512,505,true,129,117,141,118,heuristic
4987,99011,3580,256,288,true,93,57,72,66,heuristic
4988,99012,16252,1024,966,true,251,223,279,213,heuristic
4989,99013,6848,512,468,true,136,96,127,109,heuristic
4990,99014,7828,512,544,true,156,133,131,124,heuristic
4991,99015,11676,1024,686,true,178,167,188,153,heuristic
4992,99016,3168,256,260,true,64,67,79,50,heuristic
4993,99017,5768,512,414,true,119,94,117,84,heuristic
4994,99018,7256,512,503,true,153,113,113,124,heuristic
4995,99019,5712,512,403,true,96,106,114,87,heuristic
4996,99020,5672,512,402,true,92,95,121,94,heuristic
4997,99021,11824,1024,707,true,169,173,227,138,heuristic
4998,99022,7420,512,511,true,145,106,130,130,heuristic
4999,99023,3156,256,258,true,67,62,68,61,heuristic
5000,99024,11712,1024,689,true,197,163,185,144,heuristic
5001,99025,14408,1024,846,true,230,195,199,222,heuristic
5002,99026,7688,512,515,true,136,124,127,128,heuristic
5003,99027,10200,1024,594,true,149,153,170,122,heuristic
5004,99028,15524,1024,913,true,221,224,257,211,heuristic
5005,99029,7916,512,555,true,140,138,153,124,heuristic
5006,99030,7336,512,506,true,139,119,150,98,heuristic
5007,99031,3424,256,281,true,77,67,77,60,heuristic
5008,99032,7152,512,487,true,113,123,131,120,heuristic
5009,99033,14536,1024,847,true,210,199,226,212,heuristic
5010,99034,3252,256,262,true,63,69,69,61,heuristic
5011,99035,7164,512,492,true,138,126,114,114,heuristic
5012,99036,7204,512,496,true,139,113,127,117,heuristic
5013,99037,7352,512,506,true,123,130,123,130,heuristic
5014,99038,7056,512,481,true,111,127,109,134,heuristic
5015,99039,7164,512,491,true,104,137,138,112,heuristic
5016,99040,4664,512,319,true,64,94,79,82,heuristic
5017,99041,10376,1024,603,true,166,148,160,129,heuristic
5018,99042,14116,1024,810,true,208,188,222,192,heuristic
5019,99043,7056,512,477,true,120,121,126,110,heuristic
5020,99044,12288,1024,728,true,188,185,214,141,heuristic
5021,99045,3132,256,256,true,82,60,66,48,heuristic
5022,99046,6856,512,476,true,159,93,124,100,heuristic
5023,99047,6868,512,470,true,108,126,126,110,heuristic
5024,99048,7184,512,484,true,152,99,132,101,heuristic
5025,99049,14708,1024,867,true,216,214,222,215,heuristic
5026,99050,7008,512,474,true,117,118,105,134,heuristic
5027,99051,11996,1024,708,true,172,162,199,175,heuristic
5028,99052,7108,512,489,true,131,116,125,117,heuristic
5029,99053,5624,512,394,true,88,114,106,86,heuristic
5030,99054,7020,512,475,true,121,112,129,113,heuristic
5031,99055,14492,1024,851,true,263,166,220,202,heuristic
5032,99056,11128,1024,640,true,176,156,154,154,heuristic
5033,99057,12136,1024,723,true,181,184,165,193,heuristic
5034,99058,10680,1024,624,true,170,143,158,153,heuristic
5035,99059,12160,1024,727,true,183,191,163,190,heuristic
5036,99060,15936,1024,930,true,237,235,212,246,heuristic
5037,99061,7144,512,490,true,124,122,137,107,heuristic
5038,99062,3160,256,259,true,74,57,60,68,heuristic
5039,99063,3512,256,297,true,76,70,83,68,heuristic
5040,99064,6016,512,417,true,120,97,102,98,heuristic
5041,99065,7364,512,512,true,141,115,149,107,heuristic
5042,99066,6820,512,465,true,114,111,141,99,heuristic
5043,99067,6740,512,465,true,114,109,133,109,heuristic
5044,99068,7152,512,489,true,115,138,130,106,heuristic
5045,99069,14796,1024,863,true,229,219,204,211,heuristic
5046,99070,12148,1024,726,true,187,165,194,180,heuristic
5047,99071,8184,512,549,true,126,152,118,153,heuristic
5048,99072,7080,512,482,true,108,128,137,109,heuristic
5049,99073,7028,512,473,true,131,100,128,114,heuristic
5050,99074,7264,512,501,true,138,106,140,117,heuristic
5051,99075,3472,256,287,true,78,74,72,63,heuristic
5052,99076,7112,512,482,true,129,111,127,115,heuristic
5053,99077,14596,1024,848,true,195,231,222,200,heuristic
5054,99078,6780,512,469,true,131,110,131,97,heuristic
5055,99079,7608,512,522,true,140,129,133,120,heuristic
5056,99080,12112,1024,716,true,213,160,173,170,heuristic
5057,99081,7080,512,482,true,112,128,114,128,heuristic
5058,99082,11996,1024,704,true,197,165,177,165,heuristic
5059,99083,7128,512,486,true,125,103,130,128,heuristic
5060,99084,10472,1024,610,true,185,125,186,114,heuristic
5061,99085,15480,1024,906,true,236,219,214,237,heuristic
5062,99086,3184,256,261,true,79,55,63,64,heuristic
5063,99087,3216,256,268,true,63,78,67,60,heuristic
5064,99088,7064,512,483,true,118,135,129,101,heuristic
5065,99089,7144,512,490,true,130,118,124,118,heuristic
5066,99090,7128,512,482,true,122,108,150,102,heuristic
5067,99091,4716,512,327,true,91,79,73,84,heuristic
5068,99092,7020,512,472,true,129,121,119,103,heuristic
5069,99093,6808,512,450,true,110,129,107,104,heuristic
5070,99094,11896,1024,698,true,199,152,185,162,heuristic
5071,99095,14692,1024,864,true,250,235,226,153,heuristic
5072,99096,7080,512,487,true,120,129,123,115,heuristic
5073,99097,3376,256,280,true,60,83,78,59,heuristic
5074,99098,12220,1024,730,true,200,180,181,169,heuristic
5075,99099,11748,1024,697,true,182,175,184,156,heuristic
5076,99100,6752,512,453,true,117,96,125,115,heuristic
5077,99101,15624,1024,915,true,232,230,221,232,heuristic
5078,99102,2876,256,236,true,59,55,57,65,heuristic
5079,99103,7412,512,509,true,128,129,124,128,heuristic
5080,99104,12708,1024,757,true,198,177,196,186,heuristic
5081,99105,6676,512,464,true,129,108,121,106,heuristic
5082,99106,5560,512,390,true,123,63,112,92,heuristic
5083,99107,11868,1024,688,true,174,182,193,139,heuristic
5084,99108,10504,1024,626,true,140,160,172,154,heuristic
5085,99109,6340,512,425,true,105,105,122,93,heuristic
5086,99110,12088,1024,713,true,186,167,197,163,heuristic
5087,99111,11376,1024,665,true,164,179,165,157,heuristic
5088,99112,3880,256,314,true,86,64,86,78,heuristic
5089,99113,11376,1024,661,true,177,160,178,146,heuristic
5090,99114,7664,512,520,true,137,124,116,143,heuristic
5091,99115,7232,512,493,true,132,112,134,115,heuristic
5092,99116,7124,512,487,true,128,115,147,97,heuristic
5093,99117,7416,512,514,true,141,112,137,124,heuristic
5094,99118,6472,512,432,true,112,109,117,94,heuristic
5095,99119,3296,256,272,true,87,46,74,65,heuristic
5096,99120,12192,1024,729,true,192,182,199,156,heuristic
5097,99121,12140,1024,716,true,205,171,144,196,heuristic
5098,99122,14188,1024,823,true,232,165,220,206,heuristic
5099,99123,11796,1024,689,true,162,192,161,174,heuristic
5100,99124,16060,1024,939,true,279,196,237,227,heuristic
5101,99125,12096,1024,706,true,186,171,181,168,heuristic
5102,99126,7168,512,492,true,142,114,133,103,heuristic
5103,99127,3296,256,276,true,73,72,72,59,heuristic
5104,99128,5192,512,366,true,99,82,78,107,heuristic
5105,99129,10716,1024,626,true,149,174,148,155,heuristic
5106,99130,3072,256,252,true,75,51,76,50,heuristic
5107,99131,7180,512,495,true,121,132,116,126,heuristic
5108,99132,12644,1024,757,true,192,193,189,183,heuristic
5109,99133,7224,512,493,true,117,130,128,118,heuristic
5110,99134,3188,256,264,true,74,60,59,71,heuristic
5111,99135,7520,512,529,true,137,129,147,116,heuristic
5112,99136,14384,1024,829,true,227,185,216,201,heuristic
5113,99137,6556,512,440,true,117,110,113,100,heuristic
5114,99138,14416,1024,837,true,227,204,224,182,heuristic
5115,99139,7084,512,484,true,121,125,136,102,heuristic
5116,99140,14104,1024,822,true,209,215,171,227,heuristic
5117,99141,7044,512,476,true,122,117,131,106,heuristic
5118,99142,7376,512,512,true,169,93,136,114,heuristic
5119,99143,7416,512,491,true,109,138,121,123,heuristic
5120,99144,7044,512,477,true,126,116,130,105,heuristic
5121,99145,6920,512,479,true,136,107,134,102,heuristic
5122,99146,7144,512,491,true,128,106,125,132,heuristic
5123,99147,12088,1024,714,true,198,167,201,148,heuristic
5124,99148,7300,512,504,true,139,123,103,139,heuristic
5125,99149,3176,256,262,true,80,50,76,56,heuristic
5126,99150,12160,1024,721,true,180,165,194,182,heuristic
5127,99151,14688,1024,841,true,238,194,185,224,heuristic
5128,99152,3196,256,266,true,71,60,68,67,heuristic
5129,99153,12124,1024,712,true,188,184,186,154,heuristic
5130,99154,7088,512,489,true,147,110,135,97,heuristic
5131,99155,7188,512,498,true,137,114,140,107,heuristic
5132,99156,6800,512,460,true,147,81,119,113,heuristic
5133,99157,12324,1024,747,true,176,182,215,174,heuristic
5134,99158,7176,512,494,true,123,129,139,103,heuristic
5135,99159,3344,256,274,true,70,65,72,67,heuristic
5136,99160,3256,256,271,true,77,56,73,65,heuristic
5137,99161,6964,512,473,true,92,129,128,124,heuristic
5138,99162,5012,512,354,true,104,83,93,74,heuristic
5139,99163,4740,512,326,true,77,90,92,67,heuristic
5140,99164,7320,512,499,true,122,112,147,118,heuristic
5141,99165,6488,512,446,true,119,88,105,134,heuristic
5142,99166,6388,512,449,true,93,141,126,89,heuristic
5143,99167,6616,512,448,true,142,87,102,117,heuristic
5144,99168,7368,512,510,true,125,124,132,129,heuristic
5145,99169,5580,512,383,true,102,92,100,89,heuristic
5146,99170,7032,512,477,true,121,113,129,114,heuristic
5147,99171,6272,512,417,true,120,97,99,101,heuristic
5148,99172,3284,256,263,true,58,65,67,73,heuristic
5149,99173,14468,1024,845,true,220,205,233,187,heuristic
5150,99174,7120,512,485,true,107,127,107,144,heuristic
5151,99175,12008,1024,706,true,188,162,171,185,heuristic
5152,99176,2812,256,232,true,61,56,67,48,heuristic
5153,99177,15760,1024,932,true,247,208,255,222,heuristic
5154,99178,3392,256,284,true,77,64,70,73,heuristic
5155,99179,10456,1024,610,true,150,164,170,126,heuristic
5156,99180,3384,256,283,true,67,70,74,72,heuristic
5157,99181,3528,256,297,true,80,67,75,75,heuristic
5158,99182,3256,256,267,true,65,65,89,48,heuristic
5159,99183,7032,512,474,true,128,111,132,103,heuristic
5160,99184,7412,512,516,true,146,105,149,116,heuristic
5161,99185,5580,512,389,true,106,84,114,85,heuristic
5162,99186,7264,512,496,true,116,122,159,99,heuristic
5163,99187,14496,1024,846,true,204,231,199,212,heuristic
5164,99188,3340,256,276,true,73,72,65,66,heuristic
5165,99189,3272,256,271,true,81,61,79,50,heuristic
5166,99190,6960,512,473,true,132,104,121,116,heuristic
5167,99191,7464,512,502,true,106,133,142,121,heuristic
5168,99192,3424,256,281,true,75,71,79,56,heuristic
5169,99193,5232,512,351,true,90,90,85,86,heuristic
5170,99194,3064,256,251,true,72,54,64,61,heuristic
5171,99195,7036,512,476,true,126,112,125,113,heuristic
5172,99196,7100,512,474,true,109,136,95,134,heuristic
5173,99197,8108,512,552,true,145,135,140,132,heuristic
5174,99198,13756,1024,779,true,171,213,206,189,heuristic
5175,99199,6532,512,450,true,111,128,110,101,heuristic
5176,99200,2916,256,243,true,60,61,62,60,heuristic
5177,99201,10404,1024,610,true,127,171,170,142,heuristic
5178,99202,10808,1024,642,true,170,163,141,168,heuristic
5179,99203,6992,512,470,true,117,113,136,104,heuristic
5180,99204,14276,1024,819,true,185,224,197,213,heuristic
5181,99205,7812,512,529,true,106,151,143,129,heuristic
5182,99206,14892,1024,872,true,227,211,225,209,heuristic
5183,99207,7080,512,482,true,119,124,113,126,heuristic
5184,99208,1460,128,150,true,57,25,39,29,heuristic
5185,99209,7008,512,480,true,123,126,111,120,heuristic
5186,99210,8124,512,550,true,156,127,120,147,heuristic
5187,99211,11492,1024,677,true,184,138,190,165,heuristic
5188,99212,3504,256,292,true,92,65,61,74,heuristic
5189,99213,11816,1024,709,true,172,197,219,121,heuristic
5190,99214,11268,1024,669,true,189,140,169,171,heuristic
5191,99215,15680,1024,929,true,221,231,279,198,heuristic
5192,99216,15884,1024,926,true,273,188,247,218,heuristic
5193,99217,5612,512,392,true,119,80,112,81,heuristic
5194,99218,12144,1024,717,true,201,160,179,177,heuristic
5195,99219,6068,512,426,true,106,108,86,126,heuristic
5196,99220,12116,1024,709,true,191,169,154,195,heuristic
5197,99221,7292,512,495,true,145,120,138,92,heuristic
5198,99222,7012,512,471,true,121,113,151,86,heuristic
5199,99223,7356,512,507,true,142,116,117,132,heuristic
5200,99224,6876,512,468,true,136,109,113,110,heuristic
5201,99225,3100,256,255,true,69,59,63,64,heuristic
5202,99226,6416,512,434,true,121,96,113,104,heuristic
5203,99227,10712,1024,639,true,208,122,183,126,heuristic
5204,99228,5520,512,394,true,109,97,98,90,heuristic
5205,99229,5412,512,374,true,85,103,123,63,heuristic
5206,99230,7064,512,481,true,121,127,107,126,heuristic
5207,99231,11352,1024,659,true,163,173,160,163,heuristic
5208,99232,4700,512,324,true,94,71,88,71,heuristic
5209,99233,14328,1024,830,true,246,183,202,199,heuristic
5210,99234,5600,512,393,true,80,106,120,87,heuristic
5211,99235,3796,256,310,true,93,71,85,61,heuristic
5212,99236,6276,512,445,true,126,107,146,66,heuristic
5213,99237,6864,512,461,true,105,117,134,105,heuristic
5214,99238,6972,512,472,true,115,120,127,110,heuristic
5215,99239,5680,512,396,true,100,104,114,78,heuristic
5216,99240,11296,1024,645,true,168,142,167,168,heuristic
5217,99241,11116,1024,659,true,171,155,168,165,heuristic
5218,99242,15996,1024,940,true,269,222,239,210,heuristic
5219,99243,7072,512,480,true,119,132,118,111,heuristic
5220,99244,6116,512,425,true,100,116,114,95,heuristic
5221,99245,14468,1024,841,true,214,216,209,202,heuristic
5222,99246,11480,1024,670,true,175,158,163,174,heuristic
5223,99247,7360,512,509,true,146,123,131,109,heuristic
5224,99248,5592,512,387,true,108,96,87,96,heuristic
5225,99249,6916,512,462,true,113,103,122,124,heuristic
5226,99250,7184,512,496,true,127,132,128,109,heuristic
5227,99251,12168,1024,730,true,189,180,184,177,heuristic
5228,99252,6616,512,451,true,135,95,121,100,heuristic
5229,99253,7148,512,488,true,127,126,141,94,heuristic
5230,99254,12264,1024,737,true,199,158,216,164,heuristic
5231,99255,12984,1024,793,true,216,204,181,192,heuristic
5232,99256,7144,512,490,true,123,126,126,115,heuristic
5233,99257,15176,1024,879,true,235,223,237,184,heuristic
5234,99258,12824,1024,769,true,169,217,228,155,heuristic
5235,99259,6616,512,452,true,117,106,128,101,heuristic
5236,99260,12056,1024,711,true,201,158,178,174,heuristic
5237,99261,7920,512,552,true,151,146,124,131,heuristic
5238,99262,2060,128,191,true,53,45,51,42,heuristic
5239,99263,10512,1024,621,true,178,145,149,149,heuristic
5240,99264,6036,512,422,true,122,95,107,98,heuristic
5241,99265,3656,256,299,true,89,60,80,70,heuristic
5242,99266,3540,256,300,true,86,64,68,82,heuristic
5243,99267,4904,512,342,true,88,86,105,63,heuristic
5244,99268,3140,256,254,true,57,60,58,79,heuristic
5245,99269,7048,512,484,true,130,126,134,94,heuristic
5246,99270,14036,1024,813,true,204,207,185,217,heuristic
5247,99271,7104,512,492,true,137,117,115,123,heuristic
5248,99272,7212,512,503,true,146,106,122,129,heuristic
5249,99273,7056,512,481,true,118,134,120,109,heuristic
5250,99274,7996,512,535,true,126,145,136,128,heuristic
5251,99275,6360,512,424,true,107,110,120,87,heuristic
5252,99276,7112,512,490,true,144,107,120,119,heuristic
5253,99277,3048,256,248,true,63,53,81,51,heuristic
5254,99278,8356,512,564,true,140,130,154,140,heuristic
5255,99279,12068,1024,708,true,175,165,188,180,heuristic
5256,99280,14484,1024,837,true,216,207,182,232,heuristic
5257,99281,12140,1024,720,true,168,197,204,151,heuristic
5258,99282,5452,512,384,true,99,94,90,101,heuristic
5259,99283,6448,512,436,true,119,101,142,74,heuristic
5260,99284,10340,1024,597,true,158,152,169,118,heuristic
5261,99285,6720,512,464,true,136,95,131,102,heuristic
5262,99286,7140,512,490,true,127,125,125,113,heuristic
5263,99287,2632,256,232,true,78,40,57,57,heuristic
5264,99288,5636,512,394,true,81,116,97,100,heuristic
5265,99289,6424,512,445,true,123,99,122,101,heuristic
5266,99290,3204,256,269,true,71,68,72,58,heuristic
5267,99291,10372,1024,594,true,178,142,141,133,heuristic
5268,99292,5664,512,404,true,97,116,109,82,heuristic
5269,99293,14012,1024,811,true,228,173,212,198,heuristic
5270,99294,12624,1024,756,true,222,159,182,193,heuristic
5271,99295,12328,1024,731,true,202,171,161,197,heuristic
5272,99296,14404,1024,834,true,216,221,188,209,heuristic
5273,99297,7092,512,488,true,116,115,131,126,heuristic
5274,99298,7352,512,511,true,126,142,105,138,heuristic
5275,99299,3184,256,266,true,62,77,76,51,heuristic
5276,99300,5472,512,381,true,94,96,107,84,heuristic
5277,99301,12628,1024,749,true,200,165,209,175,heuristic
5278,99302,3288,256,284,true,80,69,73,62,heuristic
5279,99303,12332,1024,742,true,199,186,172,185,heuristic
5280,99304,7128,512,492,true,129,118,137,108,heuristic
5281,99305,3056,256,248,true,81,40,83,44,heuristic
5282,99306,6960,512,478,true,114,128,128,108,heuristic
5283,99307,5480,512,388,true,99,96,109,84,heuristic
5284,99308,6484,512,445,true,133,97,108,107,heuristic
5285,99309,3408,256,285,true,74,68,89,54,heuristic
5286,99310,6420,512,434,true,124,97,103,110,heuristic
5287,99311,2880,256,251,true,68,49,85,49,heuristic
5288,99312,6996,512,470,true,126,120,129,95,heuristic
5289,99313,7208,512,496,true,121,127,144,104,heuristic
5290,99314,7804,512,535,true,163,114,133,125,heuristic
5291,99315,7164,512,494,true,135,112,133,114,heuristic
5292,99316,3356,256,276,true,68,64,87,57,heuristic
5293,99317,7764,512,534,true,148,122,147,117,heuristic
5294,99318,6988,512,475,true,130,98,122,125,heuristic
5295,99319,7312,512,511,true,133,128,130,120,heuristic
5296,99320,7100,512,491,true,142,105,121,123,heuristic
5297,99321,7072,512,485,true,135,111,99,140,heuristic
5298,99322,7720,512,524,true,140,123,136,125,heuristic
5299,99323,5748,512,409,true,104,110,105,90,heuristic
5300,99324,12136,1024,715,true,194,180,174,167,heuristic
5301,99325,12848,1024,775,true,215,168,193,199,heuristic
5302,99326,6564,512,443,true,103,115,126,99,heuristic
5303,99327,11284,1024,650,true,156,179,158,157,heuristic
5304,99328,7480,512,511,true,121,138,132,120,heuristic
5305,99329,14388,1024,837,true,207,213,237,180,heuristic
5306,99330,7100,512,480,true,129,115,139,97,heuristic
5307,99331,5500,512,390,true,116,70,104,100,heuristic
5308,99332,5644,512,399,true,97,104,119,79,heuristic
5309,99333,7116,512,491,true,124,113,126,128,heuristic
5310,99334,13172,1024,777,true,196,203,206,172,heuristic
5311,99335,6468,512,445,true,151,93,110,91,heuristic
5312,99336,6868,512,466,true,114,122,121,109,heuristic
5313,99337,8608,512,549,true,142,123,167,117,heuristic
5314,99338,3512,256,297,true,77,74,74,72,heuristic
5315,99339,7160,512,494,true,134,103,119,138,heuristic
5316,99340,11568,1024,679,true,168,175,199,137,heuristic
5317,99341,7168,512,487,true,117,118,131,121,heuristic
5318,99342,7372,512,515,true,144,107,130,134,heuristic
5319,99343,5404,512,372,true,115,76,93,88,heuristic
5320,99344,7144,512,491,true,118,139,127,107,heuristic
5321,99345,12092,1024,715,true,187,180,173,175,heuristic
5322,99346,10392,1024,606,true,141,164,154,147,heuristic
5323,99347,6044,512,420,true,118,99,100,103,heuristic
5324,99348,12556,1024,767,true,186,210,165,206,heuristic
5325,99349,7040,512,476,true,120,128,110,118,heuristic
5326,99350,7488,512,508,true,116,136,137,119,heuristic
5327,99351,5720,512,404,true,93,105,95,111,heuristic
5328,99352,5504,512,391,true,115,84,112,80,heuristic
5329,99353,6744,512,466,true,102,126,133,105,heuristic
5330,99354,5804,512,411,true,92,115,108,96,heuristic
5331,99355,7840,512,521,true,151,115,138,117,heuristic
5332,99356,7372,512,511,true,109,157,111,134,heuristic
5333,99357,7048,512,478,true,126,128,128,96,heuristic
5334,99358,7160,512,494,true,134,108,131,121,heuristic
5335,99359,6296,512,446,true,126,100,123,97,heuristic
5336,99360,5712,512,400,true,97,107,92,104,heuristic
5337,99361,14232,1024,815,true,188,206,228,193,heuristic
5338,99362,7388,512,514,true,162,127,115,110,heuristic
5339,99363,7332,512,506,true,116,138,135,117,heuristic
5340,99364,7024,512,478,true,121,115,142,100,heuristic
5341,99365,3156,256,258,true,71,61,62,64,heuristic
5342,99366,5140,512,354,true,100,80,83,91,heuristic
5343,99367,5940,512,419,true,106,102,107,104,heuristic
5344,99368,6884,512,465,true,110,113,111,131,heuristic
5345,99369,4920,256,378,true,95,98,110,75,heuristic
5346,99370,15356,1024,887,true,256,167,215,249,heuristic
5347,99371,5320,512,367,true,83,102,106,76,heuristic
5348,99372,7152,512,489,true,130,118,111,130,heuristic
5349,99373,10468,1024,613,true,158,141,182,132,heuristic
5350,99374,11940,1024,709,true,191,185,176,157,heuristic
5351,99375,14172,1024,823,true,198,219,199,207,heuristic
5352,99376,6804,512,462,true,143,90,135,94,heuristic
5353,99377,3352,256,270,true,80,50,81,59,heuristic
5354,99378,12044,1024,707,true,177,177,171,182,heuristic
5355,99379,3444,256,285,true,72,74,80,59,heuristic
5356,99380,7120,512,489,true,151,104,137,97,heuristic
5357,99381,7372,512,510,true,150,110,125,125,heuristic
5358,99382,5584,512,397,true,113,95,89,100,heuristic
5359,99383,6060,512,427,true,91,126,110,100,heuristic
5360,99384,7040,512,476,true,115,117,135,109,heuristic
5361,99385,12020,1024,714,true,206,159,174,175,heuristic
5362,99386,7136,512,492,true,123,124,119,126,heuristic
5363,99387,7300,512,509,true,112,131,133,133,heuristic
5364,99388,6956,512,480,true,118,127,109,126,heuristic
5365,99389,4216,256,345,true,92,79,103,71,heuristic
5366,99390,4652,512,323,true,96,67,86,74,heuristic
5367,99391,1968,128,175,true,56,38,36,45,heuristic
5368,99392,3432,256,290,true,83,67,70,70,heuristic
5369,99393,10516,1024,614,true,161,151,167,135,heuristic
5370,99394,6068,512,425,true,101,116,94,114,heuristic
5371,99395,12744,1024,762,true,184,203,178,197,heuristic
5372,99396,5432,512,378,true,102,81,101,94,heuristic
5373,99397,6952,512,466,true,124,101,121,120,heuristic
5374,99398,6532,512,449,true,115,109,115,110,heuristic
5375,99399,3440,256,285,true,78,57,73,77,heuristic
5376,99400,7192,512,498,true,133,117,139,109,heuristic
5377,99401,7116,512,483,true,145,114,129,95,heuristic
5378,99402,5292,512,361,true,100,83,97,81,heuristic
5379,99403,7168,512,490,true,103,139,114,134,heuristic
5380,99404,7324,512,503,true,130,123,131,119,heuristic
5381,99405,12144,1024,712,true,198,155,160,199,heuristic
5382,99406,7232,512,495,true,135,110,109,141,heuristic
5383,99407,12096,1024,712,true,182,174,174,182,heuristic
5384,99408,11124,1024,662,true,187,160,164,151,heuristic
5385,99409,3836,256,312,true,75,88,57,92,heuristic
5386,99410,7736,512,515,true,143,129,114,129,heuristic
5387,99411,4076,256,330,true,96,66,86,82,heuristic
5388,99412,6316,512,425,true,129,81,117,98,heuristic
5389,99413,6824,512,460,true,114,115,118,113,heuristic
5390,99414,7012,512,465,true,122,113,113,117,heuristic
5391,99415,14684,1024,856,true,211,226,249,170,heuristic
5392,99416,7008,512,479,true,126,111,120,122,heuristic
5393,99417,15388,1024,884,true,252,189,231,212,heuristic
5394,99418,5400,512,376,true,98,94,105,79,heuristic
5395,99419,11800,1024,706,true,176,169,171,190,heuristic
5396,99420,12148,1024,713,true,169,201,171,172,heuristic
5397,99421,10448,1024,609,true,162,142,162,143,heuristic
5398,99422,3364,256,282,true,68,78,83,53,heuristic
5399,99423,3148,256,259,true,71,58,58,72,heuristic
5400,99424,7080,512,482,true,122,109,115,136,heuristic
5401,99425,15208,1024,870,true,220,200,239,211,heuristic
5402,99426,5464,512,383,true,111,84,104,84,heuristic
5403,99427,14296,1024,835,true,224,199,198,214,heuristic
5404,99428,5660,512,399,true,115,86,98,100,heuristic
5405,99429,13836,1024,831,true,214,211,220,186,heuristic
5406,99430,6720,512,445,true,108,110,120,107,heuristic
5407,99431,7584,512,517,true,145,120,134,118,heuristic
5408,99432,6928,512,465,true,126,113,115,111,heuristic
5409,99433,7032,512,478,true,132,116,129,101,heuristic
5410,99434,5544,512,393,true,86,110,95,102,heuristic
5411,99435,5316,512,361,true,95,90,91,85,heuristic
5412,99436,8064,512,537,true,138,131,136,132,heuristic
5413,99437,7264,512,499,true,125,125,120,129,heuristic
5414,99438,7008,512,472,true,123,104,124,121,heuristic
5415,99439,5480,512,386,true,103,85,94,104,heuristic
5416,99440,6432,512,437,true,113,111,111,102,heuristic
5417,99441,9708,1024,553,true,133,142,133,145,heuristic
5418,99442,7200,512,501,true,154,102,112,133,heuristic
5419,99443,7128,512,490,true,136,113,114,127,heuristic
5420,99444,6200,512,441,true,118,108,102,113,heuristic
5421,99445,15376,1024,896,true,212,231,216,237,heuristic
5422,99446,14356,1024,833,true,227,205,207,194,heuristic
5423,99447,7140,512,486,true,113,135,125,113,heuristic
5424,99448,7016,512,481,true,145,105,112,119,heuristic
5425,99449,6272,512,417,true,103,99,124,91,heuristic
5426,99450,7224,512,490,true,120,125,119,126,heuristic
5427,99451,14384,1024,832,true,232,181,213,206,heuristic
5428,99452,6764,512,455,true,125,97,123,110,heuristic
5429,99453,14544,1024,832,true,223,212,202,195,heuristic
5430,99454,7412,512,516,true,151,110,135,120,heuristic
5431,99455,7420,512,518,true,149,127,118,124,heuristic
5432,99456,6904,512,470,true,130,113,99,128,heuristic
5433,99457,14716,1024,844,true,220,199,228,197,heuristic
5434,99458,6380,512,424,true,107,95,124,98,heuristic
5435,99459,7784,512,533,true,152,121,132,128,heuristic
5436,99460,12136,1024,726,true,201,176,145,204,heuristic
5437,99461,3100,256,249,true,62,61,70,56,heuristic
5438,99462,6020,512,418,true,101,113,107,97,heuristic
5439,99463,14168,1024,813,true,186,225,215,187,heuristic
5440,99464,3172,256,262,true,68,60,69,65,heuristic
5441,99465,2416,256,206,true,62,49,49,46,heuristic
5442,99466,7404,512,519,true,125,146,134,114,heuristic
5443,99467,14476,1024,847,true,243,179,194,231,heuristic
5444,99468,10780,1024,641,true,169,166,154,152,heuristic
5445,99469,15920,1024,925,true,236,214,269,206,heuristic
5446,99470,7440,512,502,true,134,132,128,108,heuristic
5447,99471,7012,512,473,true,125,111,128,109,heuristic
5448,99472,6452,512,437,true,124,92,115,106,heuristic
5449,99473,6372,512,423,true,109,103,113,98,heuristic
5450,99474,5440,512,381,true,124,68,86,103,heuristic
5451,99475,5512,512,393,true,109,78,113,93,heuristic
5452,99476,6692,512,454,true,114,120,119,101,heuristic
5453,99477,12296,1024,734,true,174,188,168,204,heuristic
5454,99478,11952,1024,707,true,174,176,171,186,heuristic
5455,99479,12404,1024,745,true,205,170,189,181,heuristic
5456,99480,7104,512,492,true,129,128,115,120,heuristic
5457,99481,14376,1024,827,true,211,201,221,194,heuristic
5458,99482,11440,1024,670,true,175,160,162,173,heuristic
5459,99483,7132,512,488,true,124,116,116,132,heuristic
5460,99484,6416,512,436,true,133,92,111,100,heuristic
5461,99485,7352,512,509,true,124,133,118,134,heuristic
5462,99486,7156,512,492,true,138,116,129,109,heuristic
5463,99487,5264,512,358,true,88,83,99,88,heuristic
5464,99488,6436,512,438,true,110,116,103,109,heuristic
5465,99489,7156,512,488,true,132,128,103,125,heuristic
5466,99490,7208,512,486,true,138,101,134,113,heuristic
5467,99491,7064,512,479,true,139,98,141,101,heuristic
5468,99492,12144,1024,724,true,199,151,187,187,heuristic
5469,99493,6424,512,435,true,106,114,115,100,heuristic
5470,99494,10700,1024,639,true,162,162,164,151,heuristic
5471,99495,12012,1024,709,true,189,159,182,179,heuristic
5472,99496,20668,2048,1000,false,246,254,284,216,heuristic
5473,99497,6876,512,468,true,122,112,122,112,heuristic
5474,99498,8092,512,563,true,165,131,141,126,heuristic
5475,99499,7000,512,475,true,128,115,136,96,heuristic
5476,99500,12264,1024,736,true,184,171,161,220,heuristic
5477,99501,3100,256,255,true,61,61,72,61,heuristic
5478,99502,3224,256,270,true,67,63,77,63,heuristic
5479,99503,7324,512,503,true,135,121,124,123,heuristic
5480,99504,6944,512,480,true,135,105,117,123,heuristic
5481,99505,6904,512,474,true,117,110,145,102,heuristic
5482,99506,5352,512,366,true,111,83,91,81,heuristic
5483,99507,7292,512,506,true,142,117,133,114,heuristic
5484,99508,12180,1024,722,true,198,162,204,158,heuristic
5485,99509,3412,256,284,true,95,61,52,76,heuristic
5486,99510,3484,256,296,true,69,79,70,78,heuristic
5487,99511,7716,512,534,true,125,150,125,134,heuristic
5488,99512,7556,512,518,true,120,135,124,139,heuristic
5489,99513,12168,1024,730,true,184,178,182,186,heuristic
5490,99514,5140,512,354,true,98,75,81,100,heuristic
5491,99515,7356,512,506,true,150,117,125,114,heuristic
5492,99516,6084,512,429,true,115,105,81,128,heuristic
5493,99517,10568,1024,618,true,186,117,164,151,heuristic
5494,99518,2888,256,239,true,73,47,70,49,heuristic
5495,99519,7176,512,494,true,142,105,130,117,heuristic
5496,99520,7240,512,498,true,139,117,118,124,heuristic
5497,99521,12376,1024,738,true,177,187,209,165,heuristic
5498,99522,12132,1024,721,true,185,170,181,185,heuristic
5499,99523,5456,512,379,true,76,114,97,92,heuristic
5500,99524,3088,256,253,true,66,60,72,55,heuristic
5501,99525,7156,512,489,true,127,109,136,117,heuristic
5502,99526,6972,512,479,true,143,102,118,116,heuristic
5503,99527,6904,512,474,true,135,111,126,102,heuristic
5504,99528,6396,512,432,true,105,117,116,94,heuristic
5505,99529,12076,1024,715,true,170,177,199,169,heuristic
5506,99530,5600,512,390,true,105,105,90,90,heuristic
5507,99531,12016,1024,702,true,180,168,183,171,heuristic
5508,99532,5516,512,384,true,111,76,93,104,heuristic
5509,99533,6924,512,474,true,117,124,114,119,heuristic
5510,99534,3832,256,307,true,84,73,70,80,heuristic
5511,99535,14860,1024,863,true,226,218,210,209,heuristic
5512,99536,12124,1024,719,true,192,176,192,159,heuristic
5513,99537,3432,256,289,true,64,81,88,56,heuristic
5514,99538,10472,1024,610,true,175,133,162,140,heuristic
5515,99539,7104,512,484,true,116,130,138,100,heuristic
5516,99540,14752,1024,867,true,211,225,228,203,heuristic
5517,99541,7160,512,494,true,140,112,122,120,heuristic
5518,99542,7312,512,508,true,153,109,125,121,heuristic
5519,99543,16116,1024,944,true,260,221,265,198,heuristic
5520,99544,15416,1024,894,true,250,216,223,205,heuristic
5521,99545,12040,1024,708,true,173,184,172,179,heuristic
5522,99546,11640,1024,682,true,165,181,186,150,heuristic
5523,99547,7160,512,489,true,119,122,132,116,heuristic
5524,99548,5528,512,393,true,106,89,116,82,heuristic
5525,99549,7080,512,485,true,131,125,111,118,heuristic
5526,99550,5440,512,384,true,112,85,98,89,heuristic
5527,99551,11960,1024,698,true,175,162,181,180,heuristic
5528,99552,7076,512,485,true,122,116,138,109,heuristic
5529,99553,3440,256,280,true,80,52,78,70,heuristic
5530,99554,14448,1024,839,true,204,227,185,223,heuristic
5531,99555,11740,1024,695,true,199,165,162,169,heuristic
5532,99556,12156,1024,719,true,180,176,145,218,heuristic
5533,99557,12776,1024,769,true,180,197,198,194,heuristic
5534,99558,3800,256,306,true,82,73,81,70,heuristic
5535,99559,5604,512,386,true,100,86,107,93,heuristic
5536,99560,11988,1024,715,true,216,154,187,158,heuristic
5537,99561,7156,512,491,true,135,103,116,137,heuristic
5538,99562,7152,512,496,true,125,114,121,136,heuristic
5539,99563,7528,512,519,true,143,130,121,125,heuristic
5540,99564,7004,512,479,true,140,113,132,94,heuristic
5541,99565,12256,1024,735,true,165,213,171,186,heuristic
5542,99566,12596,1024,766,true,204,181,194,187,heuristic
5543,99567,3252,256,269,true,91,50,68,60,heuristic
5544,99568,3156,256,259,true,69,61,66,63,heuristic
5545,99569,3328,256,269,true,66,75,79,49,heuristic
5546,99570,5436,512,380,true,96,91,109,84,heuristic
5547,99571,6424,512,462,true,113,116,119,114,heuristic
5548,99572,12060,1024,707,true,202,163,188,154,heuristic
5549,99573,6912,512,466,true,140,96,123,107,heuristic
5550,99574,12604,1024,769,true,177,213,211,168,heuristic
5551,99575,7172,512,493,true,118,117,143,115,heuristic
5552,99576,14408,1024,841,true,219,210,259,153,heuristic
5553,99577,12480,1024,752,true,174,212,168,198,heuristic
5554,99578,6372,512,426,true,124,95,102,105,heuristic
5555,99579,10740,1024,633,true,169,141,166,157,heuristic
5556,99580,7184,512,494,true,127,123,102,142,heuristic
5557,99581,7800,512,538,true,115,149,154,120,heuristic
5558,99582,7232,512,493,true,140,109,116,128,heuristic
5559,99583,6140,512,413,true,105,103,100,105,heuristic
5560,99584,3752,256,300,true,67,80,91,62,heuristic
5561,99585,15804,1024,924,true,198,267,249,210,heuristic
5562,99586,10360,1024,598,true,141,170,163,124,heuristic
5563,99587,7164,512,491,true,137,115,115,124,heuristic
5564,99588,11468,1024,671,true,151,178,165,177,heuristic
5565,99589,7224,512,491,true,122,127,129,113,heuristic
5566,99590,11420,1024,671,true,191,142,184,154,heuristic
5567,99591,12132,1024,720,true,202,172,199,147,heuristic
5568,99592,17052,1024,994,true,268,244,272,210,heuristic
5569,99593,3228,256,265,true,70,67,70,58,heuristic
5570,99594,6840,512,459,true,113,119,129,98,heuristic
5571,99595,3676,256,303,true,90,62,84,67,heuristic
5572,99596,10352,1024,596,true,139,163,139,155,heuristic
5573,99597,10676,1024,638,true,170,158,159,151,heuristic
5574,99598,12052,1024,711,true,195,168,166,182,heuristic
5575,99599,7004,512,469,true,119,115,121,114,heuristic
5576,99600,1672,128,169,true,56,28,49,36,heuristic
5577,99601,7048,512,478,true,130,111,139,98,heuristic
5578,99602,7088,512,484,true,121,123,135,105,heuristic
5579,99603,5532,512,388,true,111,83,91,103,heuristic
5580,99604,3240,256,277,true,72,71,66,68,heuristic
5581,99605,9412,512,602,true,164,145,157,136,heuristic
5582,99606,7376,512,497,true,129,121,103,144,heuristic
5583,99607,14380,1024,833,true,216,205,216,196,heuristic
5584,99608,5304,512,359,true,93,94,83,89,heuristic
5585,99609,5480,512,386,true,110,86,102,88,heuristic
5586,99610,5500,512,376,true,101,84,100,91,heuristic
5587,99611,5464,512,375,true,106,80,82,107,heuristic
5588,99612,6424,512,436,true,121,114,106,95,heuristic
5589,99613,6788,512,463,true,107,127,128,101,heuristic
5590,99614,6184,512,437,true,122,116,103,96,heuristic
5591,99615,12224,1024,732,true,210,177,192,153,heuristic
5592,99616,12208,1024,714,true,193,156,166,199,heuristic
5593,99617,14636,1024,859,true,254,194,206,205,heuristic
5594,99618,6548,512,448,true,116,120,131,81,heuristic
5595,99619,7592,512,520,true,143,118,134,125,heuristic
5596,99620,6576,512,444,true,115,109,112,108,heuristic
5597,99621,12136,1024,726,true,200,171,182,173,heuristic
5598,99622,12840,1024,774,true,211,165,171,227,heuristic
5599,99623,7828,512,537,true,131,135,128,143,heuristic
5600,99624,6976,512,472,true,110,125,141,96,heuristic
5601,99625,12096,1024,716,true,203,167,148,198,heuristic
5602,99626,12220,1024,732,true,186,201,198,147,heuristic
5603,99627,7216,512,489,true,87,154,107,141,heuristic
5604,99628,5428,512,377,true,84,119,81,93,heuristic
5605,99629,7040,512,476,true,152,96,129,99,heuristic
5606,99630,7212,512,499,true,130,134,121,114,heuristic
5607,99631,11876,1024,694,true,134,212,191,157,heuristic
5608,99632,13280,1024,742,true,205,171,197,169,heuristic
5609,99633,5732,512,405,true,129,77,104,95,heuristic
5610,99634,3920,256,319,true,86,72,88,73,heuristic
5611,99635,7260,512,499,true,125,116,151,107,heuristic
5612,99636,7752,512,530,true,134,138,130,128,heuristic
5613,99637,7116,512,479,true,138,106,123,112,heuristic
5614,99638,7360,512,508,true,139,125,136,108,heuristic
5615,99639,15288,1024,887,true,249,198,246,194,heuristic
5616,99640,12332,1024,735,true,202,148,220,165,heuristic
5617,99641,5600,512,400,true,115,86,98,101,heuristic
5618,99642,11528,1024,671,true,188,145,185,153,heuristic
5619,99643,14336,1024,828,true,207,210,197,214,heuristic
5620,99644,3388,256,284,true,55,92,84,53,heuristic
5621,99645,10260,1024,594,true,148,143,166,137,heuristic
5622,99646,7444,512,516,true,149,130,114,123,heuristic
5623,99647,7332,512,507,true,138,117,128,124,heuristic
5624,99648,6492,512,446,true,108,117,126,95,heuristic
5625,99649,3080,256,254,true,65,63,72,54,heuristic
5626,99650,7408,512,512,true,152,102,135,123,heuristic
5627,99651,7172,512,489,true,116,135,122,116,heuristic
5628,99652,4804,512,341,true,101,84,90,66,heuristic
5629,99653,5756,512,411,true,120,96,107,88,heuristic
5630,99654,7104,512,487,true,111,138,129,109,heuristic
5631,99655,8040,512,539,true,155,123,126,135,heuristic
5632,99656,11784,1024,686,true,184,154,201,147,heuristic
5633,99657,3524,256,297,true,88,63,77,69,heuristic
5634,99658,7324,512,504,true,129,124,141,110,heuristic
5635,99659,7016,512,475,true,127,102,118,128,heuristic
5636,99660,10500,1024,617,true,164,146,144,163,heuristic
5637,99661,7312,512,497,true,144,107,122,124,heuristic
5638,99662,15032,1024,864,true,212,211,232,209,heuristic
5639,99663,7100,512,491,true,148,114,134,95,heuristic
5640,99664,11124,1024,664,true,186,149,160,169,heuristic
5641,99665,11372,1024,667,true,180,167,186,134,heuristic
5642,99666,7392,512,515,true,118,135,143,119,heuristic
5643,99667,7400,512,514,true,135,121,144,114,heuristic
5644,99668,15032,1024,878,true,234,215,204,225,heuristic
5645,99669,3404,256,276,true,83,59,67,67,heuristic
5646,99670,11432,1024,674,true,171,165,178,160,heuristic
5647,99671,5560,512,391,true,107,86,121,77,heuristic
5648,99672,7372,512,511,true,116,142,126,127,heuristic
5649,99673,3312,256,279,true,81,57,78,63,heuristic
5650,99674,7356,512,503,true,122,122,147,112,heuristic
5651,99675,7108,512,489,true,115,116,146,112,heuristic
5652,99676,7044,512,477,true,115,124,119,119,heuristic
5653,99677,7196,512,498,true,146,113,106,133,heuristic
5654,99678,1764,128,176,true,66,22,54,34,heuristic
5655,99679,10480,1024,616,true,157,160,151,148,heuristic
5656,99680,7108,512,492,true,126,130,102,134,heuristic
5657,99681,3060,256,250,true,65,55,81,49,heuristic
5658,99682,12180,1024,726,true,180,185,194,167,heuristic
5659,99683,14512,1024,845,true,200,215,224,206,heuristic
5660,99684,12040,1024,703,true,176,197,186,144,heuristic
5661,99685,5804,512,396,true,87,111,125,73,heuristic
5662,99686,7112,512,495,true,142,110,136,107,heuristic
5663,99687,7216,512,502,true,154,98,122,128,heuristic
5664,99688,14280,1024,813,true,195,209,196,213,heuristic
5665,99689,6396,512,432,true,102,120,91,119,heuristic
5666,99690,12060,1024,703,true,182,167,186,168,heuristic
5667,99691,7112,512,483,true,118,122,134,109,heuristic
5668,99692,7064,512,482,true,137,119,129,97,heuristic
5669,99693,7208,512,497,true,140,110,115,132,heuristic
5670,99694,5316,512,361,true,95,83,84,99,heuristic
5671,99695,10744,1024,638,true,155,152,169,162,heuristic
5672,99696,14544,1024,851,true,214,201,215,221,heuristic
5673,99697,12336,1024,737,true,203,158,197,179,heuristic
5674,99698,3664,256,300,true,90,65,74,71,heuristic
5675,99699,7128,512,481,true,121,129,107,124,heuristic
5676,99700,5688,512,400,true,105,101,96,98,heuristic
5677,99701,7424,512,513,true,155,123,107,128,heuristic
5678,99702,11936,1024,694,true,166,174,170,184,heuristic
5679,99703,7340,512,515,true,138,123,143,111,heuristic
5680,99704,7140,512,489,true,117,126,128,118,heuristic
5681,99705,13976,1024,803,true,197,189,197,220,heuristic
5682,99706,7076,512,486,true,119,117,114,136,heuristic
5683,99707,3112,256,258,true,68,79,66,45,heuristic
5684,99708,2052,128,192,true,53,40,53,46,heuristic
5685,99709,3176,256,263,true,77,58,70,58,heuristic
5686,99710,3192,256,263,true,80,60,66,57,heuristic
5687,99711,3308,256,267,true,78,55,75,59,heuristic
5688,99712,12280,1024,734,true,191,175,207,161,heuristic
5689,99713,8068,512,541,true,140,141,136,124,heuristic
5690,99714,7164,512,490,true,118,120,145,107,heuristic
5691,99715,6480,512,446,true,123,98,119,106,heuristic
5692,99716,3208,256,269,true,61,77,80,51,heuristic
5693,99717,7092,512,489,true,127,120,133,109,heuristic
5694,99718,7136,512,496,true,139,117,114,126,heuristic
5695,99719,7084,512,487,true,119,121,129,118,heuristic
5696,99720,7836,512,542,true,153,126,126,137,heuristic
5697,99721,7112,512,483,true,114,132,116,121,heuristic
5698,99722,12460,1024,747,true,193,196,191,167,heuristic
5699,99723,3412,256,284,true,86,52,69,77,heuristic
5700,99724,7064,512,483,true,131,109,131,112,heuristic
5701,99725,6040,512,400,true,103,105,98,94,heuristic
5702,99726,6952,512,468,true,123,111,123,111,heuristic
5703,99727,6512,512,441,true,114,114,136,77,heuristic
5704,99728,13616,1024,776,true,178,204,183,211,heuristic
5705,99729,7084,512,487,true,135,105,123,124,heuristic
5706,99730,7276,512,493,true,143,116,129,105,heuristic
5707,99731,7196,512,494,true,130,123,130,111,heuristic
5708,99732,12128,1024,723,true,191,187,171,174,heuristic
5709,99733,6636,512,456,true,132,101,123,100,heuristic
5710,99734,7160,512,493,true,119,131,154,89,heuristic
5711,99735,7888,512,548,true,143,121,147,137,heuristic
5712,99736,1628,128,164,true,52,32,47,33,heuristic
5713,99737,5244,512,360,true,96,80,97,87,heuristic
5714,99738,3260,256,268,true,87,62,65,54,heuristic
5715,99739,7064,512,478,true,139,118,112,109,heuristic
5716,99740,10472,1024,615,true,141,166,170,138,heuristic
5717,99741,5624,512,395,true,94,107,96,98,heuristic
5718,99742,11932,1024,697,true,199,153,167,178,heuristic
5719,99743,7040,512,473,true,117,115,131,110,heuristic
5720,99744,7548,512,516,true,129,136,121,130,heuristic
5721,99745,7292,512,507,true,116,114,133,144,heuristic
5722,99746,5468,512,384,true,92,94,116,82,heuristic
5723,99747,15360,1024,893,true,239,215,188,251,heuristic
5724,99748,11952,1024,707,true,177,161,208,161,heuristic
5725,99749,12104,1024,718,true,190,182,206,140,heuristic
5726,99750,7232,512,497,true,116,130,124,127,heuristic
5727,99751,7196,512,500,true,142,105,130,123,heuristic
5728,99752,6756,512,469,true,124,117,114,114,heuristic
5729,99753,6776,512,456,true,118,115,124,99,heuristic
5730,99754,1448,128,151,true,50,23,39,39,heuristic
5731,99755,10376,1024,603,true,145,158,175,125,heuristic
5732,99756,14120,1024,812,true,212,189,206,205,heuristic
5733,99757,5632,512,396,true,121,80,103,92,heuristic
5734,99758,16136,1024,956,true,245,237,254,220,heuristic
5735,99759,14300,1024,820,true,216,205,218,181,heuristic
5736,99760,6688,512,458,true,110,109,129,110,heuristic
5737,99761,7508,512,514,true,128,147,131,108,heuristic
5738,99762,6860,512,465,true,116,115,116,118,heuristic
5739,99763,14560,1024,852,true,224,192,240,196,heuristic
5740,99764,4060,256,328,true,87,74,78,89,heuristic
5741,99765,12500,1024,752,true,178,205,203,166,heuristic
5742,99766,15244,1024,891,true,241,213,250,187,heuristic
5743,99767,5508,512,382,true,90,103,99,90,heuristic
5744,99768,7048,512,482,true,149,96,128,109,heuristic
5745,99769,11564,1024,676,true,170,176,171,159,heuristic
5746,99770,12064,1024,708,true,163,201,193,151,heuristic
5747,99771,3472,256,274,true,80,66,67,61,heuristic
5748,99772,6100,512,429,true,121,90,113,105,heuristic
5749,99773,11356,1024,676,true,207,129,167,173,heuristic
5750,99774,12532,1024,744,true,169,212,193,170,heuristic
5751,99775,3160,256,258,true,76,55,65,62,heuristic
5752,99776,12260,1024,735,true,175,189,176,195,heuristic
5753,99777,7340,512,503,true,140,109,135,119,heuristic
5754,99778,6936,512,467,true,123,117,111,116,heuristic
5755,99779,12380,1024,740,true,206,168,168,198,heuristic
5756,99780,14468,1024,845,true,210,216,203,216,heuristic
5757,99781,3148,256,260,true,64,68,62,66,heuristic
5758,99782,7228,512,502,true,138,121,150,93,heuristic
5759,99783,12072,1024,711,true,176,165,208,162,heuristic
5760,99784,11692,1024,691,true,165,176,183,167,heuristic
5761,99785,7160,512,492,true,148,97,117,130,heuristic
5762,99786,3292,256,265,true,78,55,72,60,heuristic
5763,99787,12376,1024,738,true,202,157,185,194,heuristic
5764,99788,7344,512,505,true,120,126,121,138,heuristic
5765,99789,7540,512,520,true,136,117,146,121,heuristic
5766,99790,7040,512,476,true,117,119,110,130,heuristic
5767,99791,15464,1024,901,true,254,204,216,227,heuristic
5768,99792,7016,512,471,true,142,101,119,109,heuristic
5769,99793,7236,512,504,true,157,101,108,138,heuristic
5770,99794,8216,512,553,true,143,142,152,116,heuristic
5771,99795,3212,256,271,true,61,71,76,63,heuristic
5772,99796,14364,1024,835,true,229,194,165,247,heuristic
5773,99797,5272,512,360,true,94,82,92,92,heuristic
5774,99798,12332,1024,741,true,197,193,153,198,heuristic
5775,99799,6564,512,457,true,117,106,132,102,heuristic
5776,99800,5508,512,392,true,98,73,106,115,heuristic
5777,99801,5772,512,400,true,107,101,101,91,heuristic
5778,99802,7064,512,483,true,108,128,120,127,heuristic
5779,99803,7076,512,485,true,115,125,116,129,heuristic
5780,99804,7240,512,505,true,135,109,141,120,heuristic
5781,99805,7648,512,513,true,136,124,136,117,heuristic
5782,99806,3076,256,255,true,66,64,78,47,heuristic
5783,99807,15368,1024,895,true,214,240,215,226,heuristic
5784,99808,6448,512,440,true,107,112,116,105,heuristic
5785,99809,11592,1024,682,true,192,144,204,142,heuristic
5786,99810,12764,1024,766,true,214,174,200,178,heuristic
5787,99811,7112,512,483,true,134,113,137,99,heuristic
5788,99812,12024,1024,712,true,161,194,175,182,heuristic
5789,99813,7796,512,536,true,151,123,138,124,heuristic
5790,99814,7164,512,491,true,129,124,141,97,heuristic
5791,99815,11212,1024,636,true,159,157,164,156,heuristic
5792,99816,12164,1024,729,true,185,189,163,192,heuristic
5793,99817,14412,1024,846,true,210,214,197,225,heuristic
5794,99818,7052,512,480,true,127,106,125,122,heuristic
5795,99819,3444,256,286,true,87,62,79,58,heuristic
5796,99820,6984,512,480,true,133,108,131,108,heuristic
5797,99821,14212,1024,826,true,166,250,224,186,heuristic
5798,99822,11892,1024,694,true,190,178,160,166,heuristic
5799,99823,11940,1024,705,true,186,176,181,162,heuristic
5800,99824,15188,1024,877,true,223,213,232,209,heuristic
5801,99825,7328,512,505,true,127,119,141,118,heuristic
5802,99826,3268,256,274,true,83,59,49,83,heuristic
5803,99827,7908,512,552,true,125,145,153,129,heuristic
5804,99828,9672,1024,549,true,157,117,136,139,heuristic
5805,99829,7088,512,481,true,118,116,130,117,heuristic
5806,99830,5476,512,387,true,105,92,106,84,heuristic
5807,99831,7308,512,499,true,117,127,144,111,heuristic
5808,99832,11908,1024,708,true,171,176,180,181,heuristic
5809,99833,3636,256,296,true,75,75,82,64,heuristic
5810,99834,3372,256,283,true,78,74,81,50,heuristic
5811,99835,4092,256,315,true,76,72,87,80,heuristic
5812,99836,11348,1024,659,true,213,129,146,171,heuristic
5813,99837,12152,1024,718,true,191,185,186,156,heuristic
5814,99838,5396,512,381,true,106,100,110,65,heuristic
5815,99839,12596,1024,746,true,194,190,170,192,heuristic
5816,99840,7232,512,496,true,111,141,125,119,heuristic
5817,99841,3852,256,315,true,98,59,73,85,heuristic
5818,99842,2872,256,234,true,64,48,61,61,heuristic
5819,99843,5504,512,390,true,97,92,104,97,heuristic
5820,99844,7000,512,475,true,135,109,117,114,heuristic
5821,99845,6388,512,431,true,108,112,118,93,heuristic
5822,99846,14364,1024,840,true,235,183,190,232,heuristic
5823,99847,7188,512,497,true,123,131,124,119,heuristic
5824,99848,6864,512,449,true,141,93,127,88,heuristic
5825,99849,12112,1024,713,true,202,174,168,169,heuristic
5826,99850,7076,512,485,true,128,109,112,136,heuristic
5827,99851,7288,512,502,true,121,127,115,139,heuristic
5828,99852,14692,1024,863,true,217,219,201,226,heuristic
5829,99853,7736,512,526,true,162,106,135,123,heuristic
5830,99854,14556,1024,855,true,199,220,252,184,heuristic
5831,99855,7020,512,480,true,116,127,116,121,heuristic
5832,99856,6436,512,441,true,120,104,118,99,heuristic
5833,99857,3156,256,258,true,78,54,75,51,heuristic
5834,99858,7856,512,536,true,133,140,156,107,heuristic
5835,99859,12144,1024,723,true,198,159,184,182,heuristic
5836,99860,7316,512,501,true,127,123,117,134,heuristic
5837,99861,6768,512,456,true,112,119,118,107,heuristic
5838,99862,12064,1024,708,true,187,159,174,188,heuristic
5839,99863,5476,512,390,true,96,105,98,91,heuristic
5840,99864,6472,512,432,true,105,120,102,105,heuristic
5841,99865,10700,1024,628,true,158,159,152,159,heuristic
5842,99866,12164,1024,722,true,213,152,203,154,heuristic
5843,99867,15860,1024,926,true,258,228,251,189,heuristic
5844,99868,5884,512,423,true,106,107,125,85,heuristic
5845,99869,6976,512,473,true,132,110,135,96,heuristic
5846,99870,7084,512,487,true,129,117,120,121,heuristic
5847,99871,7060,512,482,true,134,104,146,98,heuristic
5848,99872,7156,512,493,true,118,127,121,127,heuristic
5849,99873,15028,1024,872,true,240,184,240,208,heuristic
5850,99874,11616,1024,677,true,184,155,168,170,heuristic
5851,99875,12372,1024,733,true,198,172,162,201,heuristic
5852,99876,7880,512,542,true,129,147,134,132,heuristic
5853,99877,12104,1024,714,true,152,201,172,189,heuristic
5854,99878,3000,256,250,true,68,53,63,66,heuristic
5855,99879,3180,256,263,true,71,68,75,49,heuristic
5856,99880,7168,512,491,true,123,121,146,101,heuristic
5857,99881,7208,512,502,true,119,144,131,108,heuristic
5858,99882,5600,512,388,true,93,104,98,93,heuristic
5859,99883,6464,512,439,true,125,101,112,101,heuristic
5860,99884,7140,512,490,true,129,114,112,135,heuristic
5861,99885,10828,1024,645,true,168,147,166,164,heuristic
5862,99886,7100,512,483,true,109,119,118,137,heuristic
5863,99887,4932,512,346,true,86,82,92,86,heuristic
5864,99888,7100,512,483,true,132,113,120,118,heuristic
5865,99889,11628,1024,679,true,157,194,175,153,heuristic
5866,99890,6416,512,433,true,116,103,123,91,heuristic
5867,99891,7104,512,488,true,138,112,131,107,heuristic
5868,99892,7000,512,471,true,123,122,131,95,heuristic
5869,99893,13932,1024,803,true,207,176,242,178,heuristic
5870,99894,8580,512,537,true,147,121,123,146,heuristic
5871,99895,7492,512,524,true,124,144,130,126,heuristic
5872,99896,5124,512,349,true,84,93,95,77,heuristic
5873,99897,4884,512,338,true,99,64,91,84,heuristic
5874,99898,11256,1024,681,true,155,182,155,189,heuristic
5875,99899,7112,512,483,true,105,131,146,101,heuristic
5876,99900,6740,512,458,true,128,106,120,104,heuristic
5877,99901,3160,256,259,true,66,66,58,69,heuristic
5878,99902,11588,1024,685,true,196,131,217,141,heuristic
5879,99903,6336,512,429,true,119,98,103,109,heuristic
5880,99904,7340,512,509,true,131,130,122,126,heuristic
5881,99905,14200,1024,811,true,208,210,217,176,heuristic
5882,99906,7188,512,493,true,120,123,109,141,heuristic
5883,99907,2480,256,213,true,39,69,70,35,heuristic
5884,99908,6472,512,442,true,106,112,114,110,heuristic
5885,99909,14468,1024,844,true,230,189,236,189,heuristic
5886,99910,7712,512,533,true,148,122,126,137,heuristic
5887,99911,7088,512,478,true,105,136,146,91,heuristic
5888,99912,3504,256,296,true,70,73,97,56,heuristic
5889,99913,6288,512,423,true,105,107,109,102,heuristic
5890,99914,13676,1024,779,true,215,188,189,187,heuristic
5891,99915,6728,512,465,true,147,100,110,108,heuristic
5892,99916,12856,1024,777,true,217,183,203,174,heuristic
5893,99917,7160,512,494,true,125,119,125,125,heuristic
5894,99918,5080,512,351,true,82,87,83,99,heuristic
5895,99919,7292,512,507,true,136,128,118,125,heuristic
5896,99920,5960,512,418,true,131,84,110,93,heuristic
5897,99921,3100,256,259,true,77,49,60,73,heuristic
5898,99922,10476,1024,609,true,152,140,154,163,heuristic
5899,99923,5460,512,381,true,84,102,83,112,heuristic
5900,99924,5372,512,377,true,125,83,93,76,heuristic
5901,99925,6804,512,453,true,131,96,110,116,heuristic
5902,99926,5460,512,381,true,104,92,100,85,heuristic
5903,99927,5408,512,377,true,85,106,105,81,heuristic
5904,99928,6920,512,471,true,120,119,120,112,heuristic
5905,99929,1340,128,141,true,34,40,34,33,heuristic
5906,99930,5460,512,385,true,118,81,91,95,heuristic
5907,99931,7140,512,486,true,135,100,137,114,heuristic
5908,99932,7584,512,516,true,118,146,129,123,heuristic
5909,99933,6712,512,466,true,125,94,135,112,heuristic
5910,99934,7432,512,513,true,148,115,111,139,heuristic
5911,99935,7380,512,510,true,148,140,104,118,heuristic
5912,99936,3560,256,284,true,87,60,69,68,heuristic
5913,99937,6628,512,449,true,130,106,97,116,heuristic
5914,99938,3356,256,275,true,66,64,63,82,heuristic
5915,99939,10644,1024,625,true,170,140,142,173,heuristic
5916,99940,5488,512,387,true,109,95,89,94,heuristic
5917,99941,3152,256,258,true,64,66,60,68,heuristic
5918,99942,10700,1024,634,true,171,143,158,162,heuristic
5919,99943,10788,1024,641,true,143,183,154,161,heuristic
5920,99944,5372,512,376,true,99,96,105,76,heuristic
5921,99945,7052,512,480,true,127,112,120,121,heuristic
5922,99946,12068,1024,714,true,193,163,182,176,heuristic
5923,99947,7644,512,516,true,165,95,128,128,heuristic
5924,99948,9880,1024,567,true,178,99,155,135,heuristic
5925,99949,15744,1024,924,true,206,246,230,242,heuristic
5926,99950,2460,256,212,true,67,30,38,77,heuristic
5927,99951,7148,512,491,true,130,111,123,127,heuristic
5928,99952,10704,1024,628,true,176,142,163,147,heuristic
5929,99953,14448,1024,839,true,171,254,205,209,heuristic
5930,99954,3120,256,262,true,57,65,86,54,heuristic
5931,99955,5632,512,396,true,119,77,133,67,heuristic
5932,99956,10460,1024,611,true,157,147,150,157,heuristic
5933,99957,7036,512,476,true,131,114,110,121,heuristic
5934,99958,12156,1024,715,true,167,192,187,169,heuristic
5935,99959,7340,512,507,true,133,121,132,121,heuristic
5936,99960,5460,512,384,true,94,94,99,97,heuristic
5937,99961,6780,512,460,true,115,123,132,90,heuristic
5938,99962,7128,512,494,true,148,109,137,100,heuristic
5939,99963,6384,512,430,true,104,110,108,108,heuristic
5940,99964,6284,512,417,true,111,113,119,74,heuristic
5941,99965,5428,512,381,true,107,88,116,70,heuristic
5942,99966,10444,1024,607,true,158,139,154,156,heuristic
5943,99967,12272,1024,739,true,191,205,188,155,heuristic
5944,99968,7088,512,488,true,141,118,123,106,heuristic
5945,99969,12116,1024,716,true,165,198,184,169,heuristic
5946,99970,6680,512,455,true,124,103,111,117,heuristic
5947,99971,7848,512,538,true,138,133,143,124,heuristic
5948,99972,11668,1024,685,true,191,145,186,163,heuristic
5949,99973,7332,512,505,true,136,103,142,124,heuristic
5950,99974,7600,512,523,true,129,124,134,136,heuristic
5951,99975,13624,1024,776,true,194,197,175,210,heuristic
5952,99976,7496,512,524,true,156,114,134,120,heuristic
5953,99977,3776,256,301,true,53,99,80,69,heuristic
5954,99978,3152,256,257,true,73,46,72,66,heuristic
5955,99979,15752,1024,930,true,255,224,265,186,heuristic
5956,99980,5656,512,403,true,91,101,100,111,heuristic
5957,99981,6712,512,463,true,116,124,129,94,heuristic
5958,99982,15520,1024,904,true,190,252,227,235,heuristic
5959,99983,12156,1024,717,true,187,189,167,174,heuristic
5960,99984,7140,512,486,true,114,123,134,115,heuristic
5961,99985,11896,1024,718,true,216,149,212,141,heuristic
5962,99986,7364,512,501,true,123,132,125,121,heuristic
5963,99987,7152,512,488,true,134,111,113,130,heuristic
5964,99988,7132,512,495,true,131,123,141,100,heuristic
5965,99989,7188,512,496,true,122,130,127,117,heuristic
5966,99990,6880,512,465,true,115,111,114,125,heuristic
5967,99991,3168,256,260,true,71,58,72,59,heuristic
5968,99992,5580,512,389,true,111,95,113,70,heuristic
5969,99993,7112,512,489,true,122,114,137,116,heuristic
5970,99994,7144,512,490,true,134,109,143,104,heuristic
5971,99995,3428,256,281,true,73,64,69,75,heuristic
5972,99996,2776,256,223,true,57,51,63,52,heuristic
5973,99997,7112,512,482,true,130,122,124,106,heuristic
5974,99998,6648,512,454,true,125,116,108,105,heuristic
5975,99999,12192,1024,725,true,191,163,207,164,heuristic
5976,100000,14628,1024,852,true,223,210,208,211,heuristic
5977,100001,7332,512,504,true,145,110,112,137,heuristic
5978,100002,12128,1024,714,true,192,159,176,187,heuristic
5979,100003,12080,1024,713,true,195,177,199,142,heuristic
5980,100004,15300,1024,878,true,217,228,231,202,heuristic
5981,100005,8000,512,532,true,145,123,133,131,heuristic
5982,100006,6488,512,446,true,135,101,126,84,heuristic
5983,100007,7648,512,492,true,118,119,137,118,heuristic
5984,100008,11468,1024,691,true,178,161,187,165,heuristic
5985,100009,7144,512,490,true,126,122,120,122,heuristic
5986,100010,7816,512,542,true,156,119,123,144,heuristic
5987,100011,7132,512,492,true,115,136,126,115,heuristic
5988,100012,2280,256,184,true,49,47,41,47,heuristic
5989,100013,2892,256,240,true,63,58,53,66,heuristic
5990,100014,7292,512,506,true,123,131,134,118,heuristic
5991,100015,5160,512,359,true,103,71,97,88,heuristic
5992,100016,11500,1024,679,true,173,154,184,168,heuristic
5993,100017,11828,1024,701,true,167,195,178,161,heuristic
5994,100018,2324,128,215,true,60,44,61,50,heuristic
5995,100019,9000,512,567,true,146,149,149,123,heuristic
5996,100020,4604,256,347,true,73,108,72,94,heuristic
5997,100021,7152,512,492,true,121,126,130,115,heuristic
5998,100022,7832,512,539,true,131,140,139,129,heuristic
5999,100023,7252,512,501,true,119,131,118,133,heuristic
6000,100024,5396,512,374,true,109,74,119,72,heuristic
6001,100025,10524,1024,623,true,138,177,171,137,heuristic
6002,100026,3056,256,245,true,54,67,72,52,heuristic
6003,100027,6760,512,470,true,125,113,128,104,heuristic
6004,100028,16296,1024,955,true,244,229,208,274,heuristic
6005,100029,3356,256,275,true,68,72,67,68,heuristic
6006,100030,12092,1024,725,true,204,157,209,155,heuristic
6007,100031,6876,512,467,true,112,121,124,110,heuristic
6008,100032,6908,512,475,true,116,115,140,104,heuristic
6009,100033,6044,512,404,true,107,98,95,104,heuristic
6010,100034,14436,1024,836,true,202,219,225,190,heuristic
6011,100035,12436,1024,752,true,202,188,197,165,heuristic
6012,100036,7448,512,519,true,121,135,133,130,heuristic
6013,100037,7036,512,479,true,117,115,125,122,heuristic
6014,100038,6452,512,437,true,111,96,120,110,heuristic
6015,100039,12068,1024,710,true,204,154,149,203,heuristic
6016,100040,5456,512,384,true,103,88,103,90,heuristic
6017,100041,7196,512,487,true,119,135,132,101,heuristic
6018,100042,3344,256,283,true,70,64,74,75,heuristic
6019,100043,3064,256,252,true,68,60,57,67,heuristic
6020,100044,5412,512,374,true,97,83,97,97,heuristic
6021,100045,3752,256,300,true,82,80,77,61,heuristic
6022,100046,5648,512,396,true,97,111,104,84,heuristic
6023,100047,12140,1024,722,true,168,175,199,180,heuristic
6024,100048,14924,1024,879,true,237,213,220,209,heuristic
6025,100049,5596,512,392,true,114,79,97,102,heuristic
6026,100050,3220,256,269,true,74,56,72,67,heuristic
6027,100051,10492,1024,614,true,179,139,146,150,heuristic
6028,100052,7128,512,487,true,145,91,141,110,heuristic
6029,100053,6776,512,455,true,119,112,105,119,heuristic
6030,100054,14472,1024,846,true,221,195,211,219,heuristic
6031,100055,6652,512,455,true,108,127,108,112,heuristic
6032,100056,5596,512,393,true,106,91,90,106,heuristic
6033,100057,7292,512,506,true,161,106,140,99,heuristic
6034,100058,7344,512,508,true,137,117,133,121,heuristic
6035,100059,10696,1024,632,true,116,204,155,157,heuristic
6036,100060,15420,1024,892,true,235,228,229,200,heuristic
6037,100061,11928,1024,707,true,178,175,175,179,heuristic
6038,100062,7292,512,506,true,123,129,152,102,heuristic
6039,100063,14156,1024,810,true,228,194,206,182,heuristic
6040,100064,12108,1024,718,true,191,157,176,194,heuristic
6041,100065,7344,512,504,true,142,111,147,104,heuristic
6042,100066,6476,512,447,true,128,105,117,97,heuristic
6043,100067,5648,512,397,true,98,106,92,101,heuristic
6044,100068,9784,1024,563,true,142,143,132,146,heuristic
6045,100069,6836,512,458,true,108,112,135,103,heuristic
6046,100070,7384,512,514,true,167,99,124,124,heuristic
6047,100071,11508,1024,677,true,168,181,168,160,heuristic
6048,100072,7184,512,496,true,141,114,118,123,heuristic
6049,100073,7212,512,501,true,112,125,134,130,heuristic
6050,100074,11948,1024,696,true,154,194,133,215,heuristic
6051,100075,7144,512,487,true,116,125,117,129,heuristic
6052,100076,10376,1024,602,true,132,171,191,108,heuristic
6053,100077,7068,512,483,true,127,133,118,105,heuristic
6054,100078,5540,512,385,true,100,99,96,90,heuristic
6055,100079,7180,512,491,true,115,144,134,98,heuristic
6056,100080,6576,512,445,true,113,122,112,98,heuristic
6057,100081,7096,512,490,true,108,129,103,150,heuristic
6058,100082,14488,1024,833,true,203,213,219,198,heuristic
6059,100083,6436,512,438,true,124,106,116,92,heuristic
6060,100084,6832,512,456,true,139,103,116,98,heuristic
6061,100085,14428,1024,835,true,209,204,210,212,heuristic
6062,100086,15180,1024,864,true,215,218,224,207,heuristic
6063,100087,7388,512,495,true,114,135,123,123,heuristic
6064,100088,10620,1024,619,true,162,141,172,144,heuristic
6065,100089,11220,1024,673,true,168,176,171,158,heuristic
6066,100090,6996,512,474,true,127,108,112,127,heuristic
6067,100091,7072,512,484,true,113,129,115,127,heuristic
6068,100092,12212,1024,727,true,185,177,202,163,heuristic
6069,100093,3028,256,242,true,76,47,66,53,heuristic
6070,100094,6800,512,459,true,117,107,126,109,heuristic
6071,100095,5472,512,388,true,105,94,87,102,heuristic
6072,100096,7232,512,504,true,144,119,135,106,heuristic
6073,100097,15892,1024,919,true,234,212,239,234,heuristic
6074,100098,3192,256,271,true,69,72,70,60,heuristic
6075,100099,6960,512,467,true,107,123,113,124,heuristic
6076,100100,7060,512,482,true,137,100,145,100,heuristic
6077,100101,7100,512,487,true,126,129,132,100,heuristic
6078,100102,6304,512,421,true,103,98,106,114,heuristic
6079,100103,13772,1024,787,true,234,156,221,176,heuristic
6080,100104,7148,512,494,true,121,125,125,123,heuristic
6081,100105,11516,1024,679,true,157,174,177,171,heuristic
6082,100106,3052,256,249,true,70,64,62,53,heuristic
6083,100107,4880,512,342,true,87,80,107,68,heuristic
6084,100108,14784,1024,849,true,225,221,206,197,heuristic
6085,100109,14428,1024,834,true,209,224,218,183,heuristic
6086,100110,2432,256,206,true,57,45,59,45,heuristic
6087,100111,14520,1024,847,true,222,196,224,205,heuristic
6088,100112,6616,512,451,true,126,104,106,115,heuristic
6089,100113,7348,512,504,true,142,109,132,121,heuristic
6090,100114,3228,256,270,true,74,47,73,76,heuristic
6091,100115,5700,512,401,true,112,96,99,94,heuristic
6092,100116,7156,512,489,true,135,122,105,127,heuristic
6093,100117,12044,1024,704,true,182,175,186,161,heuristic
6094,100118,7312,512,499,true,144,104,125,126,heuristic
6095,100119,5692,512,407,true,101,109,104,93,heuristic
6096,100120,5404,512,383,true,75,108,99,101,heuristic
6097,100121,3756,256,300,true,91,60,80,69,heuristic
6098,100122,7036,512,477,true,123,121,135,98,heuristic
6099,100123,7100,512,491,true,122,123,125,121,heuristic
6100,100124,13720,1024,788,true,224,175,197,192,heuristic
6101,100125,5244,512,365,true,96,86,95,88,heuristic
6102,100126,6844,512,470,true,125,120,104,121,heuristic
6103,100127,15684,1024,902,true,235,232,225,210,heuristic
6104,100128,14164,1024,818,true,200,208,213,197,heuristic
6105,100129,3400,256,285,true,92,59,63,71,heuristic
6106,100130,4688,512,325,true,80,78,94,73,heuristic
6107,100131,3264,256,273,true,64,74,78,57,heuristic
6108,100132,7176,512,494,true,125,134,113,122,heuristic
6109,100133,3612,256,306,true,91,68,79,68,heuristic
6110,100134,7000,512,471,true,127,104,120,120,heuristic
6111,100135,2492,256,215,true,70,42,60,43,heuristic
6112,100136,10508,1024,619,true,180,137,153,149,heuristic
6113,100137,12308,1024,732,true,196,183,190,163,heuristic
6114,100138,7316,512,502,true,137,117,127,121,heuristic
6115,100139,11396,1024,645,true,175,160,159,151,heuristic
6116,100140,7816,512,542,true,141,134,126,141,heuristic
6117,100141,7168,512,491,true,123,116,129,123,heuristic
6118,100142,14436,1024,841,true,215,205,196,225,heuristic
6119,100143,5740,512,396,true,105,84,92,115,heuristic
6120,100144,14452,1024,845,true,244,181,203,217,heuristic
6121,100145,11928,1024,702,true,201,175,156,170,heuristic
6122,100146,12860,1024,753,true,176,195,218,164,heuristic
6123,100147,5360,512,376,true,111,79,93,93,heuristic
6124,100148,7592,512,511,true,141,110,137,123,heuristic
6125,100149,10352,1024,601,true,142,162,144,153,heuristic
6126,100150,5236,512,356,true,90,87,99,80,heuristic
6127,100151,7248,512,508,true,132,122,146,108,heuristic
6128,100152,12112,1024,721,true,190,174,196,161,heuristic
6129,100153,6420,512,433,true,104,120,99,110,heuristic
6130,100154,14468,1024,829,true,208,201,193,227,heuristic
6131,100155,6388,512,437,true,113,103,116,105,heuristic
6132,100156,6668,512,459,true,126,102,114,117,heuristic
6133,100157,12212,1024,725,true,185,161,200,179,heuristic
6134,100158,10468,1024,613,true,155,147,152,159,heuristic
6135,100159,3820,256,311,true,75,82,83,71,heuristic
6136,100160,7040,512,476,true,119,115,113,129,heuristic
6137,100161,12248,1024,737,true,205,166,189,177,heuristic
6138,100162,7400,512,498,true,122,133,130,113,heuristic
6139,100163,13908,1024,806,true,212,189,235,170,heuristic
6140,100164,7024,512,472,true,124,133,132,83,heuristic
6141,100165,6184,512,438,true,111,117,102,108,heuristic
6142,100166,14764,1024,859,true,229,210,220,200,heuristic
6143,100167,6432,512,436,true,102,118,124,92,heuristic
6144,100168,14868,1024,869,true,243,207,229,190,heuristic
6145,100169,12288,1024,732,true,210,159,193,170,heuristic
6146,100170,7248,512,500,true,137,121,114,128,heuristic
6147,100171,3160,256,259,true,79,51,72,57,heuristic
6148,100172,2876,256,246,true,61,63,68,54,heuristic
6149,100173,7172,512,494,true,114,130,129,121,heuristic
6150,100174,6468,512,445,true,118,105,110,112,heuristic
6151,100175,7052,512,490,true,146,110,138,96,heuristic
6152,100176,7632,512,527,true,152,122,128,125,heuristic
6153,100177,3384,256,282,true,65,76,75,66,heuristic
6154,100178,16040,1024,938,true,252,240,240,206,heuristic
6155,100179,2956,256,240,true,58,52,60,70,heuristic
6156,100180,11028,1024,668,true,157,188,169,154,heuristic
6157,100181,7204,512,486,true,137,99,142,108,heuristic
6158,100182,11520,1024,680,true,171,174,163,172,heuristic
6159,100183,3564,256,306,true,79,72,77,78,heuristic
6160,100184,11688,1024,694,true,176,154,196,168,heuristic
6161,100185,7052,512,475,true,108,131,128,108,heuristic
6162,100186,3192,256,266,true,63,70,66,67,heuristic
6163,100187,6428,512,435,true,93,120,105,117,heuristic
6164,100188,6376,512,434,true,105,108,102,119,heuristic
6165,100189,5708,512,411,true,117,92,111,91,heuristic
6166,100190,7028,512,478,true,110,131,124,113,heuristic
6167,100191,5724,512,402,true,97,96,114,95,heuristic
6168,100192,11468,1024,672,true,166,166,173,167,heuristic
6169,100193,7620,512,524,true,154,120,137,113,heuristic
6170,100194,6664,512,454,true,119,112,111,112,heuristic
6171,100195,7236,512,508,true,118,135,134,121,heuristic
6172,100196,7576,512,521,true,143,119,117,142,heuristic
6173,100197,14372,1024,836,true,180,225,234,197,heuristic
6174,100198,2972,256,238,true,60,56,64,58,heuristic
6175,100199,12256,1024,725,true,183,184,191,167,heuristic
6176,100200,8400,512,571,true,155,137,157,122,heuristic
6177,100201,3180,256,264,true,82,51,64,67,heuristic
6178,100202,3404,256,287,true,79,67,84,57,heuristic
6179,100203,9668,1024,551,true,127,145,144,135,heuristic
6180,100204,10488,1024,618,true,174,146,146,152,heuristic
6181,100205,7652,512,533,true,145,111,136,141,heuristic
6182,100206,6464,512,444,true,124,109,120,91,heuristic
6183,100207,14660,1024,860,true,230,201,219,210,heuristic
6184,100208,7172,512,492,true,144,104,134,110,heuristic
6185,100209,4000,256,293,true,80,64,67,82,heuristic
6186,100210,14316,1024,823,true,228,180,187,228,heuristic
6187,100211,3240,256,275,true,82,60,68,65,heuristic
6188,100212,6900,512,469,true,128,120,121,100,heuristic
6189,100213,7096,512,494,true,151,109,121,113,heuristic
6190,100214,7228,512,506,true,122,126,130,128,heuristic
6191,100215,10732,1024,647,true,204,123,166,154,heuristic
6192,100216,3124,256,255,true,62,67,77,49,heuristic
6193,100217,7108,512,490,true,124,118,128,120,heuristic
6194,100218,7216,512,499,true,133,115,155,96,heuristic
6195,100219,3068,256,252,true,70,62,65,55,heuristic
6196,100220,3420,256,288,true,84,57,75,72,heuristic
6197,100221,14572,1024,851,true,225,194,253,179,heuristic
6198,100222,12092,1024,711,true,171,186,202,152,heuristic
6199,100223,11392,1024,665,true,179,154,160,172,heuristic
6200,100224,7240,512,504,true,138,119,140,107,heuristic
6201,100225,3968,256,327,true,78,84,87,78,heuristic
6202,100226,3288,256,274,true,66,66,70,72,heuristic
6203,100227,3260,256,268,true,74,73,66,55,heuristic
6204,100228,7052,512,480,true,130,125,105,120,heuristic
6205,100229,7376,512,519,true,125,132,152,110,heuristic
6206,100230,7244,512,505,true,133,132,105,135,heuristic
6207,100231,3432,256,283,true,75,72,100,36,heuristic
6208,100232,2424,256,204,true,54,51,62,37,heuristic
6209,100233,7076,512,482,true,112,121,129,120,heuristic
6210,100234,7472,512,509,true,138,108,121,142,heuristic
6211,100235,4008,256,307,true,82,80,84,61,heuristic
6212,100236,12276,1024,729,true,195,165,193,176,heuristic
6213,100237,7200,512,499,true,139,101,139,120,heuristic
6214,100238,6984,512,472,true,134,110,106,122,heuristic
6215,100239,3344,256,272,true,88,50,61,73,heuristic
6216,100240,12476,1024,751,true,196,191,188,176,heuristic
6217,100241,12144,1024,723,true,172,196,175,180,heuristic
6218,100242,14356,1024,833,true,210,217,225,181,heuristic
6219,100243,7096,512,479,true,115,126,115,123,heuristic
6220,100244,7076,512,481,true,136,100,136,109,heuristic
6221,100245,7152,512,492,true,115,138,138,101,heuristic
6222,100246,15884,1024,916,true,258,220,244,194,heuristic
6223,100247,7084,512,487,true,140,107,119,121,heuristic
6224,100248,3188,256,262,true,88,42,73,59,heuristic
6225,100249,11988,1024,705,true,189,168,180,168,heuristic
6226,100250,6776,512,458,true,124,111,112,111,heuristic
6227,100251,7164,512,491,true,109,130,140,112,heuristic
6228,100252,12432,1024,736,true,217,164,226,129,heuristic
6229,100253,6180,512,438,true,104,114,120,100,heuristic
6230,100254,3056,256,248,true,65,62,65,56,heuristic
6231,100255,6252,512,443,true,123,100,106,114,heuristic
6232,100256,5460,512,385,true,100,89,102,94,heuristic
6233,100257,7488,512,523,true,109,146,163,105,heuristic
6234,100258,7088,512,484,true,135,118,147,84,heuristic
6235,100259,14632,1024,854,true,224,203,221,206,heuristic
6236,100260,5360,512,376,true,100,100,76,100,heuristic
6237,100261,10404,1024,609,true,150,156,166,137,heuristic
6238,100262,11592,1024,683,true,184,179,178,142,heuristic
6239,100263,7092,512,486,true,129,106,144,107,heuristic
6240,100264,12116,1024,718,true,189,178,194,157,heuristic
6241,100265,6848,512,461,true,117,113,117,114,heuristic
6242,100266,7120,512,492,true,152,100,125,115,heuristic
6243,100267,7232,512,507,true,129,126,131,121,heuristic
6244,100268,7088,512,484,true,136,103,123,122,heuristic
6245,100269,7080,512,482,true,114,126,129,113,heuristic
6246,100270,5212,512,372,true,86,107,90,89,heuristic
6247,100271,7048,512,474,true,133,105,137,99,heuristic
6248,100272,7152,512,499,true,132,119,138,110,heuristic
6249,100273,12368,1024,736,true,183,192,183,178,heuristic
6250,100274,11820,1024,696,true,179,174,162,181,heuristic
6251,100275,12320,1024,732,true,173,189,194,176,heuristic
6252,100276,6484,512,431,true,110,99,114,108,heuristic
6253,100277,3180,256,263,true,70,69,64,60,heuristic
6254,100278,12200,1024,726,true,187,183,177,179,heuristic
6255,100279,14424,1024,835,true,231,199,227,178,heuristic
6256,100280,4868,512,338,true,102,74,90,72,heuristic
6257,100281,12168,1024,714,true,209,163,156,186,heuristic
6258,100282,7152,512,488,true,126,119,127,116,heuristic
6259,100283,4972,512,344,true,86,86,75,97,heuristic
6260,100284,7944,512,538,true,149,115,141,133,heuristic
6261,100285,7236,512,509,true,116,134,138,121,heuristic
6262,100286,7052,512,480,true,125,114,113,128,heuristic
6263,100287,12444,1024,742,true,189,177,212,164,heuristic
6264,100288,6988,512,475,true,136,107,122,110,heuristic
6265,100289,7508,512,527,true,142,127,140,118,heuristic
6266,100290,6420,512,433,true,114,105,102,112,heuristic
6267,100291,5656,512,402,true,91,112,99,100,heuristic
6268,100292,5408,512,373,true,93,102,100,78,heuristic
6269,100293,10376,1024,602,true,140,171,152,139,heuristic
6270,100294,14156,1024,816,true,201,208,212,195,heuristic
6271,100295,12232,1024,733,true,167,207,183,176,heuristic
6272,100296,11384,1024,657,true,181,149,171,156,heuristic
6273,100297,3192,256,266,true,77,58,62,69,heuristic
6274,100298,11896,1024,698,true,178,184,181,155,heuristic
6275,100299,7460,512,517,true,139,118,139,121,heuristic
6276,100300,11408,1024,656,true,154,178,175,149,heuristic
6277,100301,6368,512,433,true,124,85,116,108,heuristic
6278,100302,13800,1024,801,true,206,181,192,222,heuristic
6279,100303,7076,512,483,true,128,108,149,98,heuristic
6280,100304,6764,512,466,true,115,109,113,129,heuristic
6281,100305,3184,256,259,true,75,57,66,61,heuristic
6282,100306,7124,512,492,true,135,122,126,109,heuristic
6283,100307,7140,512,489,true,127,124,111,127,heuristic
6284,100308,6620,512,452,true,110,111,118,113,heuristic
6285,100309,5364,512,366,true,93,82,98,93,heuristic
6286,100310,6496,512,448,true,118,111,104,115,heuristic
6287,100311,12892,1024,779,true,192,212,195,180,heuristic
6288,100312,7052,512,479,true,117,134,104,124,heuristic
6289,100313,7168,512,491,true,120,116,136,119,heuristic
6290,100314,3868,256,311,true,81,68,77,85,heuristic
6291,100315,5936,512,423,true,119,81,120,103,heuristic
6292,100316,6448,512,441,true,94,123,131,93,heuristic
6293,100317,12496,1024,756,true,169,217,200,170,heuristic
6294,100318,7376,512,505,true,142,123,116,124,heuristic
6295,100319,5884,512,403,true,107,100,101,95,heuristic
6296,100320,14472,1024,845,true,201,218,232,194,heuristic
6297,100321,6312,512,418,true,92,104,127,95,heuristic
6298,100322,7160,512,490,true,129,129,135,97,heuristic
6299,100323,7108,512,483,true,130,113,118,122,heuristic
6300,100324,4800,512,330,true,87,82,89,72,heuristic
6301,100325,5432,512,378,true,76,113,116,73,heuristic
6302,100326,6688,512,457,true,112,108,131,106,heuristic
6303,100327,11440,1024,669,true,181,164,169,155,heuristic
6304,100328,7188,512,486,true,126,118,112,130,heuristic
6305,100329,7092,512,477,true,136,101,113,127,heuristic
6306,100330,4104,256,334,true,80,71,100,83,heuristic
6307,100331,11840,1024,703,true,195,163,196,149,heuristic
6308,100332,10452,1024,608,true,150,148,177,133,heuristic
6309,100333,3204,256,268,true,59,73,66,70,heuristic
6310,100334,7088,512,489,true,136,123,118,112,heuristic
6311,100335,16044,1024,939,true,243,201,249,246,heuristic
6312,100336,12088,1024,715,true,219,154,194,148,heuristic
6313,100337,7044,512,477,true,134,107,125,111,heuristic
6314,100338,10572,1024,627,true,163,169,146,149,heuristic
6315,100339,12572,1024,743,true,197,174,187,185,heuristic
6316,100340,9316,512,592,true,139,165,145,143,heuristic
6317,100341,7144,512,487,true,126,122,111,128,heuristic
6318,100342,3156,256,258,true,78,46,63,71,heuristic
6319,100343,3412,256,286,true,63,85,89,49,heuristic
6320,100344,1324,128,137,true,46,30,36,25,heuristic
6321,100345,11748,1024,689,true,168,178,169,174,heuristic
6322,100346,7004,512,472,true,113,115,122,122,heuristic
6323,100347,7068,512,479,true,113,124,141,101,heuristic
6324,100348,14460,1024,842,true,190,216,226,210,heuristic
6325,100349,7100,512,487,true,149,109,105,124,heuristic
6326,100350,12404,1024,733,true,177,186,188,182,heuristic
6327,100351,5724,512,403,true,116,88,105,94,heuristic
6328,100352,7052,512,481,true,118,124,130,109,heuristic
6329,100353,3156,256,257,true,71,69,47,70,heuristic
6330,100354,7196,512,495,true,142,110,131,112,heuristic
6331,100355,3180,256,263,true,76,62,59,66,heuristic
6332,100356,5068,512,356,true,102,90,85,79,heuristic
6333,100357,7212,512,503,true,137,123,132,111,heuristic
6334,100358,8840,512,595,true,161,137,164,133,heuristic
6335,100359,7116,512,491,true,141,110,121,119,heuristic
6336,100360,5456,512,384,true,103,90,100,91,heuristic
6337,100361,2480,256,212,true,58,46,55,53,heuristic
6338,100362,7072,512,484,true,122,121,126,115,heuristic
6339,100363,5732,512,409,true,113,87,107,102,heuristic
6340,100364,1748,128,178,true,53,37,60,28,heuristic
6341,100365,5284,512,363,true,83,98,87,95,heuristic
6342,100366,1448,128,151,true,36,41,50,24,heuristic
6343,100367,11436,1024,665,true,164,179,140,182,heuristic
6344,100368,11492,1024,667,true,176,160,153,178,heuristic
6345,100369,5056,512,346,true,91,72,85,98,heuristic
6346,100370,3832,256,314,true,84,74,90,66,heuristic
6347,100371,7080,512,487,true,131,122,117,117,heuristic
6348,100372,12224,1024,732,true,213,154,181,184,heuristic
6349,100373,14276,1024,824,true,178,228,206,212,heuristic
6350,100374,6612,512,449,true,123,94,142,90,heuristic
6351,100375,12224,1024,728,true,206,156,181,185,heuristic
6352,100376,11456,1024,669,true,174,166,193,136,heuristic
6353,100377,12232,1024,723,true,163,183,191,186,heuristic
6354,100378,3292,256,272,true,74,65,83,50,heuristic
6355,100379,6484,512,448,true,127,99,100,122,heuristic
6356,100380,10492,1024,615,true,160,156,175,124,heuristic
6357,100381,5592,512,388,true,98,98,99,93,heuristic
6358,100382,13744,1024,781,true,197,196,204,184,heuristic
6359,100383,13756,1024,796,true,206,184,191,215,heuristic
6360,100384,5900,512,400,true,111,83,105,101,heuristic
6361,100385,6356,512,434,true,111,105,102,116,heuristic
6362,100386,3296,256,279,true,52,80,71,76,heuristic
6363,100387,6772,512,447,true,119,106,118,104,heuristic
6364,100388,12112,1024,719,true,212,152,194,161,heuristic
6365,100389,3420,256,287,true,75,73,72,67,heuristic
6366,100390,12008,1024,710,true,170,185,186,169,heuristic
6367,100391,13648,1024,780,true,207,176,193,204,heuristic
6368,100392,4680,512,320,true,90,75,88,67,heuristic
6369,100393,12384,1024,744,true,173,196,212,163,heuristic
6370,100394,7032,512,479,true,138,110,123,108,heuristic
6371,100395,12404,1024,740,true,197,179,197,167,heuristic
6372,100396,4008,256,325,true,105,65,90,65,heuristic
6373,100397,12312,1024,733,true,146,200,227,160,heuristic
6374,100398,14268,1024,827,true,205,208,239,175,heuristic
6375,100399,6452,512,436,true,102,121,117,96,heuristic
6376,100400,6072,512,425,true,129,77,111,108,heuristic
6377,100401,3204,256,269,true,77,62,74,56,heuristic
6378,100402,7244,512,506,true,152,101,145,108,heuristic
6379,100403,3240,256,274,true,70,60,76,68,heuristic
6380,100404,10488,1024,619,true,145,167,158,149,heuristic
6381,100405,2820,256,234,true,67,47,77,43,heuristic
6382,100406,12336,1024,733,true,180,191,210,152,heuristic
6383,100407,7156,512,488,true,118,121,138,111,heuristic
6384,100408,7252,512,493,true,120,126,120,127,heuristic
6385,100409,6840,512,459,true,87,139,112,121,heuristic
6386,100410,6316,512,424,true,95,116,102,111,heuristic
6387,100411,6724,512,462,true,114,123,122,103,heuristic
6388,100412,5076,512,358,true,99,83,103,73,heuristic
6389,100413,12352,1024,732,true,176,180,163,213,heuristic
6390,100414,11336,1024,655,true,196,130,179,150,heuristic
6391,100415,7080,512,482,true,115,132,131,104,heuristic
6392,100416,5672,512,394,true,114,87,100,93,heuristic
6393,100417,3212,256,271,true,74,53,67,77,heuristic
6394,100418,7348,512,504,true,122,141,117,124,heuristic
6395,100419,5612,512,391,true,103,94,102,92,heuristic
6396,100420,15356,1024,892,true,235,231,241,185,heuristic
6397,100421,7304,512,505,true,142,123,93,147,heuristic
6398,100422,5236,512,350,true,84,87,78,101,heuristic
6399,100423,7172,512,493,true,142,105,136,110,heuristic
6400,100424,7064,512,483,true,117,127,110,129,heuristic
6401,100425,6328,512,426,true,118,102,116,90,heuristic
6402,100426,7396,512,517,true,132,133,132,120,heuristic
6403,100427,5948,512,412,true,104,99,104,105,heuristic
6404,100428,5336,512,371,true,109,92,85,85,heuristic
6405,100429,5704,512,410,true,88,118,96,108,heuristic
6406,100430,7120,512,485,true,125,118,143,99,heuristic
6407,100431,13760,1024,797,true,194,220,174,209,heuristic
6408,100432,7048,512,477,true,131,105,142,99,heuristic
6409,100433,6920,512,473,true,118,125,117,113,heuristic
6410,100434,14760,1024,870,true,252,195,240,183,heuristic
6411,100435,7448,512,517,true,139,125,144,109,heuristic
6412,100436,7236,512,496,true,123,141,113,119,heuristic
6413,100437,5276,512,364,true,113,67,90,94,heuristic
6414,100438,3704,256,297,true,85,65,79,68,heuristic
6415,100439,11820,1024,691,true,192,135,207,157,heuristic
6416,100440,3340,256,271,true,89,53,62,67,heuristic
6417,100441,5648,512,401,true,123,83,115,80,heuristic
6418,100442,10468,1024,614,true,171,145,163,135,heuristic
6419,100443,7152,512,488,true,119,131,117,121,heuristic
6420,100444,6044,512,424,true,117,104,98,105,heuristic
6421,100445,6788,512,462,true,123,129,106,104,heuristic
6422,100446,8424,512,554,true,147,122,140,145,heuristic
6423,100447,6212,512,415,true,102,110,101,102,heuristic
6424,100448,11964,1024,703,true,180,179,176,168,heuristic
6425,100449,7448,512,517,true,130,129,135,123,heuristic
6426,100450,10452,1024,614,true,174,126,149,165,heuristic
6427,100451,3352,256,274,true,75,72,56,71,heuristic
6428,100452,8652,512,575,true,179,120,135,141,heuristic
6429,100453,10924,1024,637,true,164,156,162,155,heuristic
6430,100454,15748,1024,908,true,196,247,251,214,heuristic
6431,100455,3816,256,310,true,84,66,72,88,heuristic
6432,100456,7444,512,502,true,140,116,142,104,heuristic
6433,100457,7052,512,475,true,113,125,111,126,heuristic
6434,100458,3332,256,274,true,69,59,89,57,heuristic
6435,100459,5392,512,374,true,107,93,79,95,heuristic
6436,100460,7056,512,480,true,124,122,135,99,heuristic
6437,100461,14036,1024,820,true,197,214,233,176,heuristic
6438,100462,14440,1024,836,true,216,191,206,223,heuristic
6439,100463,10692,1024,634,true,156,162,176,140,heuristic
6440,100464,3064,256,251,true,69,56,70,56,heuristic
6441,100465,6812,512,456,true,114,112,101,129,heuristic
6442,100466,7000,512,486,true,141,110,135,100,heuristic
6443,100467,13632,1024,780,true,207,182,186,205,heuristic
6444,100468,7112,512,489,true,131,127,124,107,heuristic
6445,100469,14240,1024,820,true,186,211,200,223,heuristic
6446,100470,6928,512,465,true,112,120,113,120,heuristic
6447,100471,11476,1024,669,true,181,153,186,149,heuristic
6448,100472,15380,1024,896,true,177,250,242,227,heuristic
6449,100473,6808,512,456,true,123,110,103,120,heuristic
6450,100474,16336,1024,970,true,256,242,242,230,heuristic
6451,100475,3336,256,280,true,75,56,80,69,heuristic
6452,100476,12004,1024,694,true,203,155,190,146,heuristic
6453,100477,7340,512,503,true,105,139,145,114,heuristic
6454,100478,3388,256,280,true,82,66,64,68,heuristic
6455,100479,2900,256,243,true,68,49,71,55,heuristic
6456,100480,15444,1024,901,true,259,207,220,215,heuristic
6457,100481,10724,1024,641,true,201,122,163,155,heuristic
6458,100482,7352,512,506,true,148,102,139,117,heuristic
6459,100483,10452,1024,609,true,162,145,153,149,heuristic
6460,100484,7432,512,514,true,122,122,147,123,heuristic
6461,100485,7552,512,513,true,141,125,120,127,heuristic
6462,100486,11112,1024,636,true,158,142,169,167,heuristic
6463,100487,7316,512,505,true,140,126,110,129,heuristic
6464,100488,15136,1024,869,true,227,217,220,205,heuristic
6465,100489,14316,1024,824,true,224,193,222,185,heuristic
6466,100490,12104,1024,714,true,210,148,189,167,heuristic
6467,100491,3456,256,284,true,69,72,60,83,heuristic
6468,100492,12256,1024,724,true,229,151,165,179,heuristic
6469,100493,11920,1024,724,true,189,180,188,167,heuristic
6470,100494,5724,512,407,true,97,105,106,99,heuristic
6471,100495,7152,512,488,true,119,117,137,115,heuristic
6472,100496,5124,512,350,true,92,77,104,77,heuristic
6473,100497,12084,1024,714,true,178,168,216,152,heuristic
6474,100498,7556,512,513,true,117,139,127,130,heuristic
6475,100499,7276,512,503,true,113,142,121,127,heuristic
6476,100500,11888,1024,700,true,205,148,166,181,heuristic
6477,100501,6512,512,448,true,95,129,125,99,heuristic
6478,100502,3524,256,300,true,80,78,74,68,heuristic
6479,100503,12436,1024,742,true,193,174,171,204,heuristic
6480,100504,5672,512,401,true,112,83,106,100,heuristic
6481,100505,5384,512,373,true,101,90,94,88,heuristic
6482,100506,6768,512,453,true,115,112,130,96,heuristic
6483,100507,12792,1024,767,true,190,183,186,208,heuristic
6484,100508,7276,512,504,true,117,138,125,124,heuristic
6485,100509,3816,256,310,true,79,85,77,69,heuristic
6486,100510,7348,512,511,true,138,114,129,130,heuristic
6487,100511,8264,512,561,true,155,134,137,135,heuristic
6488,100512,7204,512,500,true,136,122,126,116,heuristic
6489,100513,5732,512,405,true,110,95,105,95,heuristic
6490,100514,11416,1024,659,true,166,176,147,170,heuristic
6491,100515,14364,1024,836,true,230,193,248,165,heuristic
6492,100516,5652,512,390,true,90,107,119,74,heuristic
6493,100517,3500,256,295,true,88,72,78,57,heuristic
6494,100518,3028,256,243,true,54,60,77,52,heuristic
6495,100519,7144,512,489,true,140,117,115,117,heuristic
6496,100520,5772,512,400,true,101,92,98,109,heuristic
6497,100521,6640,512,455,true,109,122,115,109,heuristic
6498,100522,7128,512,487,true,127,119,137,104,heuristic
6499,100523,10380,1024,603,true,143,156,151,153,heuristic
6500,100524,3912,256,318,true,73,85,88,72,heuristic
6501,100525,4112,256,318,true,80,80,92,66,heuristic
6502,100526,11224,1024,674,true,186,177,163,148,heuristic
6503,100527,14328,1024,826,true,207,212,200,207,heuristic
6504,100528,7268,512,497,true,132,112,122,131,heuristic
6505,100529,7084,512,483,true,97,147,121,118,heuristic
6506,100530,14432,1024,836,true,227,201,208,200,heuristic
6507,100531,12136,1024,715,true,151,213,188,163,heuristic
6508,100532,7184,512,492,true,120,121,143,108,heuristic
6509,100533,4636,512,320,true,70,83,83,84,heuristic
6510,100534,7396,512,509,true,140,111,137,121,heuristic
6511,100535,3428,256,288,true,75,75,60,78,heuristic
6512,100536,6928,512,477,true,137,105,127,108,heuristic
6513,100537,13632,1024,776,true,194,199,213,170,heuristic
6514,100538,14560,1024,852,true,243,202,193,214,heuristic
6515,100539,5440,512,381,true,102,93,96,90,heuristic
6516,100540,14420,1024,834,true,197,218,204,215,heuristic
6517,100541,7056,512,480,true,115,118,139,108,heuristic
6518,100542,7184,512,496,true,123,123,156,94,heuristic
6519,100543,5708,512,399,true,110,93,106,90,heuristic
6520,100544,7732,512,522,true,130,128,141,123,heuristic
6521,100545,5404,512,380,true,74,109,103,94,heuristic
6522,100546,6460,512,440,true,128,90,140,82,heuristic
6523,100547,6376,512,435,true,100,124,120,91,heuristic
6524,100548,7128,512,486,true,128,125,142,91,heuristic
6525,100549,6284,512,421,true,119,96,104,102,heuristic
6526,100550,10744,1024,623,true,168,152,150,153,heuristic
6527,100551,10648,1024,626,true,141,159,167,159,heuristic
6528,100552,7084,512,483,true,135,114,141,93,heuristic
6529,100553,7116,512,491,true,114,120,130,127,heuristic
6530,100554,6976,512,476,true,150,99,117,110,heuristic
6531,100555,7240,512,486,true,142,114,109,121,heuristic
6532,100556,7136,512,493,true,128,118,138,109,heuristic
6533,100557,14360,1024,833,true,222,191,209,211,heuristic
6534,100558,15084,1024,887,true,239,203,228,217,heuristic
6535,100559,10664,1024,630,true,144,164,190,132,heuristic
6536,100560,3828,256,309,true,89,71,91,58,heuristic
6537,100561,12136,1024,716,true,175,194,174,173,heuristic
6538,100562,10936,1024,646,true,175,163,158,150,heuristic
6539,100563,11796,1024,690,true,195,157,186,152,heuristic
6540,100564,6984,512,468,true,95,131,138,104,heuristic
6541,100565,6740,512,464,true,118,118,104,124,heuristic
6542,100566,5604,512,394,true,88,103,90,113,heuristic
6543,100567,3084,256,256,true,66,60,72,58,heuristic
6544,100568,3128,256,259,true,64,70,67,58,heuristic
6545,100569,10384,1024,605,true,159,151,156,139,heuristic
6546,100570,5432,512,379,true,97,98,92,92,heuristic
6547,100571,7244,512,496,true,134,101,136,125,heuristic
6548,100572,3432,256,283,true,64,72,79,68,heuristic
6549,100573,3192,256,263,true,76,62,81,44,heuristic
6550,100574,7644,512,521,true,141,106,128,146,heuristic
6551,100575,7060,512,481,true,133,113,118,117,heuristic
6552,100576,3136,256,257,true,69,65,73,50,heuristic
6553,100577,7212,512,503,true,123,131,137,112,heuristic
6554,100578,12216,1024,731,true,209,169,174,179,heuristic
6555,100579,3900,256,316,true,91,65,90,70,heuristic
6556,100580,11356,1024,660,true,186,154,139,181,heuristic
6557,100581,7092,512,490,true,135,108,117,130,heuristic
6558,100582,14700,1024,872,true,218,223,193,238,heuristic
6559,100583,7068,512,484,true,149,106,125,104,heuristic
6560,100584,5404,512,373,true,91,101,87,94,heuristic
6561,100585,3424,256,289,true,89,62,70,68,heuristic
6562,100586,7088,512,477,true,147,96,124,110,heuristic
6563,100587,7096,512,479,true,127,114,112,126,heuristic
6564,100588,6488,512,445,true,128,109,101,107,heuristic
6565,100589,6652,512,456,true,115,112,118,111,heuristic
6566,100590,10584,1024,615,true,154,158,158,145,heuristic
6567,100591,14840,1024,874,true,218,214,232,210,heuristic
6568,100592,3524,256,289,true,55,90,87,57,heuristic
6569,100593,6428,512,435,true,116,112,81,126,heuristic
6570,100594,12144,1024,717,true,191,175,189,162,heuristic
6571,100595,7164,512,491,true,142,109,133,107,heuristic
6572,100596,10584,1024,626,true,170,143,147,166,heuristic
6573,100597,7316,512,511,true,129,132,130,120,heuristic
6574,100598,1736,128,175,true,38,46,42,49,heuristic
6575,100599,14432,1024,840,true,208,200,252,180,heuristic
6576,100600,7276,512,503,true,140,114,133,116,heuristic
6577,100601,7176,512,499,true,121,125,121,132,heuristic
6578,100602,6860,512,463,true,118,118,121,106,heuristic
6579,100603,15364,1024,907,true,252,214,230,211,heuristic
6580,100604,5456,512,384,true,88,100,96,100,heuristic
6581,100605,7200,512,500,true,131,124,131,114,heuristic
6582,100606,8684,512,552,true,141,137,142,132,heuristic
6583,100607,7124,512,483,true,123,122,138,100,heuristic
6584,100608,11468,1024,676,true,155,182,182,157,heuristic
6585,100609,12284,1024,742,true,202,172,165,203,heuristic
6586,100610,16128,1024,951,true,290,200,217,244,heuristic
6587,100611,6332,512,428,true,110,106,125,87,heuristic
6588,100612,11612,1024,689,true,171,181,180,157,heuristic
6589,100613,11332,1024,653,true,166,163,170,154,heuristic
6590,100614,3140,256,254,true,62,57,69,66,heuristic
6591,100615,2424,256,203,true,54,47,40,62,heuristic
6592,100616,7172,512,491,true,120,123,155,93,heuristic
6593,100617,7136,512,489,true,121,128,132,108,heuristic
6594,100618,5408,512,377,true,101,87,96,93,heuristic
6595,100619,5772,512,395,true,110,94,105,86,heuristic
6596,100620,5844,512,420,true,109,97,103,111,heuristic
6597,100621,7744,512,537,true,149,127,138,123,heuristic
6598,100622,11360,1024,656,true,158,180,182,136,heuristic
6599,100623,3340,256,271,true,80,60,73,58,heuristic
6600,100624,5652,512,401,true,101,103,117,80,heuristic
6601,100625,14700,1024,858,true,184,231,261,182,heuristic
6602,100626,14404,1024,838,true,218,209,216,195,heuristic
6603,100627,11392,1024,683,true,191,171,164,157,heuristic
6604,100628,12096,1024,717,true,180,167,179,191,heuristic
6605,100629,12344,1024,750,true,176,198,192,184,heuristic
6606,100630,7088,512,477,true,112,133,119,113,heuristic
6607,100631,12236,1024,736,true,191,187,151,207,heuristic
6608,100632,7176,512,494,true,135,105,137,117,heuristic
6609,100633,12312,1024,742,true,185,188,190,179,heuristic
6610,100634,3444,256,286,true,82,64,80,60,heuristic
6611,100635,16096,1024,948,true,217,229,253,249,heuristic
6612,100636,3492,256,288,true,83,71,75,59,heuristic
6613,100637,16012,1024,939,true,212,249,229,249,heuristic
6614,100638,7472,512,523,true,138,126,121,138,heuristic
6615,100639,3348,256,274,true,81,52,75,66,heuristic
6616,100640,7780,512,534,true,136,143,146,109,heuristic
6617,100641,5360,512,365,true,99,73,98,95,heuristic
6618,100642,7116,512,495,true,126,114,133,122,heuristic
6619,100643,11924,1024,706,true,168,180,164,194,heuristic
6620,100644,12116,1024,721,true,187,180,203,151,heuristic
6621,100645,12408,1024,745,true,202,177,180,186,heuristic
6622,100646,3348,256,274,true,59,71,71,73,heuristic
6623,100647,5152,512,357,true,92,87,91,87,heuristic
6624,100648,10908,1024,647,true,153,160,171,163,heuristic
6625,100649,15064,1024,883,true,246,201,208,228,heuristic
6626,100650,6344,512,428,true,111,100,122,95,heuristic
6627,100651,7072,512,480,true,134,103,138,105,heuristic
6628,100652,7360,512,512,true,135,124,129,124,heuristic
6629,100653,6988,512,470,true,136,99,118,117,heuristic
6630,100654,5352,512,370,true,82,110,112,66,heuristic
6631,100655,7336,512,502,true,130,129,132,111,heuristic
6632,100656,5380,512,371,true,95,87,102,87,heuristic
6633,100657,7396,512,516,true,159,102,133,122,heuristic
6634,100658,6448,512,440,true,103,117,117,103,heuristic
6635,100659,3112,256,258,true,58,70,71,59,heuristic
6636,100660,12212,1024,723,true,181,175,173,194,heuristic
6637,100661,6608,512,449,true,110,111,122,106,heuristic
6638,100662,3536,256,299,true,75,80,88,56,heuristic
6639,100663,3060,256,250,true,76,53,84,37,heuristic
6640,100664,3200,256,268,true,65,65,73,65,heuristic
6641,100665,6828,512,461,true,113,119,126,103,heuristic
6642,100666,6452,512,441,true,110,111,114,106,heuristic
6643,100667,3120,256,253,true,64,65,70,54,heuristic
6644,100668,7168,512,496,true,138,118,114,126,heuristic
6645,100669,6708,512,462,true,121,109,132,100,heuristic
6646,100670,6788,512,476,true,127,117,123,109,heuristic
6647,100671,7000,512,464,true,132,98,114,120,heuristic
6648,100672,1564,128,164,true,44,43,42,35,heuristic
6649,100673,5952,512,414,true,122,94,95,103,heuristic
6650,100674,6640,512,442,true,125,102,115,100,heuristic
6651,100675,6504,512,440,true,122,98,109,111,heuristic
6652,100676,4176,256,337,true,83,78,79,97,heuristic
6653,100677,12036,1024,706,true,190,166,156,194,heuristic
6654,100678,5720,512,406,true,96,100,113,97,heuristic
6655,100679,7552,512,513,true,123,142,116,132,heuristic
6656,100680,10468,1024,614,true,177,135,171,131,heuristic
6657,100681,8532,512,574,true,149,150,150,125,heuristic
6658,100682,6744,512,464,true,134,100,122,108,heuristic
6659,100683,7188,512,498,true,154,101,127,116,heuristic
6660,100684,7136,512,487,true,150,109,135,93,heuristic
6661,100685,6424,512,439,true,103,121,114,101,heuristic
6662,100686,6180,512,444,true,108,122,110,104,heuristic
6663,100687,7228,512,501,true,141,115,122,123,heuristic
6664,100688,2968,256,240,true,59,70,62,49,heuristic
6665,100689,6352,512,433,true,117,84,119,113,heuristic
6666,100690,7208,512,490,true,105,146,131,108,heuristic
6667,100691,5900,512,414,true,99,100,114,101,heuristic
6668,100692,14584,1024,848,true,235,193,220,200,heuristic
6669,100693,12128,1024,708,true,199,164,170,175,heuristic
6670,100694,4748,512,331,true,93,69,98,71,heuristic
6671,100695,11852,1024,693,true,175,170,176,172,heuristic
6672,100696,5612,512,388,true,96,93,97,102,heuristic
6673,100697,10560,1024,609,true,173,131,149,156,heuristic
6674,100698,3136,256,260,true,83,43,61,73,heuristic
6675,100699,12844,1024,774,true,209,169,213,183,heuristic
6676,100700,3268,256,270,true,64,60,75,71,heuristic
6677,100701,6104,512,431,true,107,106,121,97,heuristic
6678,100702,3368,256,278,true,66,70,74,68,heuristic
6679,100703,3132,256,263,true,62,70,85,46,heuristic
6680,100704,12200,1024,726,true,183,177,192,174,heuristic
6681,100705,10444,1024,607,true,181,113,182,131,heuristic
6682,100706,7248,512,497,true,144,104,134,115,heuristic
6683,100707,5424,512,377,true,104,91,100,82,heuristic
6684,100708,12444,1024,742,true,215,162,161,204,heuristic
6685,100709,6456,512,437,true,107,110,122,98,heuristic
6686,100710,11796,1024,690,true,161,181,169,179,heuristic
6687,100711,12392,1024,742,true,201,165,193,183,heuristic
6688,100712,12236,1024,730,true,190,187,205,148,heuristic
6689,100713,8136,512,548,true,136,135,156,121,heuristic
6690,100714,7076,512,486,true,123,132,124,107,heuristic
6691,100715,14692,1024,858,true,208,205,231,214,heuristic
6692,100716,8480,512,569,true,150,132,143,144,heuristic
6693,100717,5396,512,370,true,104,88,112,66,heuristic
6694,100718,5504,512,380,true,116,82,108,74,heuristic
6695,100719,3104,256,256,true,55,75,66,60,heuristic
6696,100720,7288,512,490,true,128,126,115,121,heuristic
6697,100721,5420,512,377,true,98,82,96,101,heuristic
6698,100722,6424,512,435,true,128,91,85,131,heuristic
6699,100723,5752,512,409,true,126,97,92,94,heuristic
6700,100724,13080,1024,786,true,199,199,189,199,heuristic
6701,100725,7048,512,479,true,122,116,141,100,heuristic
6702,100726,5848,512,408,true,133,82,92,101,heuristic
6703,100727,6472,512,443,true,111,109,126,97,heuristic
6704,100728,7112,512,489,true,117,117,130,125,heuristic
6705,100729,6756,512,468,true,131,107,105,125,heuristic
6706,100730,14492,1024,848,true,221,191,221,215,heuristic
6707,100731,7452,512,504,true,116,132,128,128,heuristic
6708,100732,6636,512,456,true,112,116,125,103,heuristic
6709,100733,3196,256,268,true,70,74,57,67,heuristic
6710,100734,6568,512,443,true,114,104,105,120,heuristic
6711,100735,3632,256,296,true,85,59,87,65,heuristic
6712,100736,5448,512,382,true,128,78,92,84,heuristic
6713,100737,11592,1024,689,true,181,169,165,174,heuristic
6714,100738,5556,512,394,true,125,83,93,93,heuristic
6715,100739,7020,512,476,true,119,114,139,104,heuristic
6716,100740,7120,512,480,true,117,128,104,131,heuristic
6717,100741,12392,1024,740,true,202,164,209,165,heuristic
6718,100742,12024,1024,702,true,173,177,180,172,heuristic
6719,100743,12368,1024,736,true,223,156,178,179,heuristic
6720,100744,12196,1024,728,true,207,161,181,179,heuristic
6721,100745,12032,1024,701,true,176,181,176,168,heuristic
6722,100746,12068,1024,709,true,215,141,157,196,heuristic
6723,100747,5412,512,374,true,108,83,99,84,heuristic
6724,100748,6828,512,471,true,143,110,115,103,heuristic
6725,100749,7756,512,539,true,147,120,138,134,heuristic
6726,100750,12120,1024,718,true,185,177,179,177,heuristic
6727,100751,3136,256,253,true,44,77,70,62,heuristic
6728,100752,7336,512,507,true,130,121,122,134,heuristic
6729,100753,7156,512,494,true,126,113,120,135,heuristic
6730,100754,7460,512,520,true,131,124,129,136,heuristic
6731,100755,7808,512,544,true,141,127,159,117,heuristic
6732,100756,7020,512,472,true,119,120,115,118,heuristic
6733,100757,6412,512,432,true,103,112,124,93,heuristic
6734,100758,12612,1024,754,true,176,204,200,174,heuristic
6735,100759,5632,512,391,true,85,115,113,78,heuristic
6736,100760,13064,1024,771,true,227,161,218,165,heuristic
6737,100761,7164,512,492,true,134,121,102,135,heuristic
6738,100762,7788,512,539,true,135,135,147,122,heuristic
6739,100763,5360,512,372,true,90,109,88,85,heuristic
6740,100764,7344,512,509,true,142,134,126,107,heuristic
6741,100765,3156,256,262,true,67,67,61,67,heuristic
6742,100766,10748,1024,635,true,174,145,169,147,heuristic
6743,100767,6912,512,476,true,142,110,117,107,heuristic
6744,100768,10364,1024,604,true,176,132,174,122,heuristic
6745,100769,12184,1024,727,true,173,200,201,153,heuristic
6746,100770,2908,256,240,true,71,53,68,48,heuristic
6747,100771,6080,512,427,true,120,100,103,104,heuristic
6748,100772,16020,1024,937,true,232,234,238,233,heuristic
6749,100773,7364,512,509,true,113,155,117,124,heuristic
6750,100774,7352,512,507,true,157,107,137,106,heuristic
6751,100775,4500,256,355,true,103,87,72,93,heuristic
6752,100776,14328,1024,823,true,197,212,221,193,heuristic
6753,100777,5328,512,365,true,97,86,84,98,heuristic
6754,100778,8088,512,541,true,139,134,137,131,heuristic
6755,100779,3212,256,268,true,83,61,73,51,heuristic
6756,100780,7136,512,495,true,146,108,136,105,heuristic
6757,100781,14092,1024,804,true,208,189,192,215,heuristic
6758,100782,6608,512,448,true,90,124,123,111,heuristic
6759,100783,3388,256,283,true,61,76,67,79,heuristic
6760,100784,3164,256,259,true,90,43,65,61,heuristic
6761,100785,14396,1024,835,true,223,186,233,193,heuristic
6762,100786,3220,256,269,true,72,66,79,52,heuristic
6763,100787,3192,256,262,true,73,67,78,44,heuristic
6764,100788,7184,512,491,true,130,119,127,115,heuristic
6765,100789,16024,1024,931,true,237,228,208,258,heuristic
6766,100790,7312,512,515,true,136,126,136,117,heuristic
6767,100791,11980,1024,701,true,178,194,158,171,heuristic
6768,100792,7044,512,478,true,127,119,139,93,heuristic
6769,100793,13840,1024,789,true,192,198,186,213,heuristic
6770,100794,12500,1024,755,true,196,199,156,204,heuristic
6771,100795,14424,1024,834,true,233,193,250,158,heuristic
6772,100796,6804,512,451,true,110,118,114,109,heuristic
6773,100797,6644,512,457,true,114,115,132,96,heuristic
6774,100798,7400,512,506,true,124,131,106,145,heuristic
6775,100799,6380,512,429,true,98,115,106,110,heuristic
6776,100800,7192,512,497,true,136,105,127,129,heuristic
6777,100801,7052,512,479,true,124,119,133,103,heuristic
6778,100802,1420,128,145,true,60,16,30,39,heuristic
6779,100803,11728,1024,674,true,182,164,165,163,heuristic
6780,100804,7060,512,481,true,117,115,116,133,heuristic
6781,100805,11976,1024,703,true,192,178,209,124,heuristic
6782,100806,7140,512,489,true,135,98,140,116,heuristic
6783,100807,6820,512,465,true,122,116,105,122,heuristic
6784,100808,10556,1024,620,true,178,133,192,117,heuristic
6785,100809,7476,512,524,true,130,140,125,129,heuristic
6786,100810,7160,512,494,true,130,117,119,128,heuristic
6787,100811,7156,512,494,true,118,123,128,125,heuristic
6788,100812,7028,512,473,true,128,100,126,119,heuristic
6789,100813,11844,1024,697,true,177,164,191,165,heuristic
6790,100814,7120,512,492,true,136,115,96,145,heuristic
6791,100815,7544,512,510,true,138,117,127,128,heuristic
6792,100816,7564,512,521,true,135,131,155,100,heuristic
6793,100817,8696,512,587,true,142,153,161,131,heuristic
6794,100818,7028,512,473,true,113,135,110,115,heuristic
6795,100819,12168,1024,722,true,196,165,161,200,heuristic
6796,100820,7260,512,499,true,145,127,119,108,heuristic
6797,100821,12180,1024,725,true,193,180,177,175,heuristic
6798,100822,6552,512,450,true,131,100,105,114,heuristic
6799,100823,3500,256,295,true,69,77,75,74,heuristic
6800,100824,6972,512,464,true,126,103,134,101,heuristic
6801,100825,12120,1024,718,true,152,208,179,179,heuristic
6802,100826,6488,512,439,true,112,104,122,101,heuristic
6803,100827,8808,512,586,true,143,147,141,155,heuristic
6804,100828,7188,512,499,true,130,135,124,110,heuristic
6805,100829,6628,512,464,true,123,110,111,120,heuristic
6806,100830,11828,1024,697,true,150,201,182,164,heuristic
6807,100831,6500,512,448,true,95,118,113,122,heuristic
6808,100832,14212,1024,820,true,214,200,235,171,heuristic
6809,100833,7340,512,515,true,128,142,121,124,heuristic
6810,100834,15848,1024,922,true,215,252,221,234,heuristic
6811,100835,14288,1024,817,true,226,194,229,168,heuristic
6812,100836,12020,1024,713,true,172,173,199,169,heuristic
6813,100837,5440,512,382,true,98,89,121,74,heuristic
6814,100838,3384,256,282,true,74,65,67,76,heuristic
6815,100839,3108,256,258,true,71,55,71,61,heuristic
6816,100840,7856,512,551,true,137,132,157,125,heuristic
6817,100841,6580,512,457,true,108,128,130,91,heuristic
6818,100842,6428,512,440,true,130,99,123,88,heuristic
6819,100843,2532,256,214,true,66,34,69,45,heuristic
6820,100844,3776,256,305,true,77,77,90,61,heuristic
6821,100845,3088,256,256,true,69,58,69,60,heuristic
6822,100846,12348,1024,735,true,193,164,189,189,heuristic
6823,100847,6052,512,406,true,108,99,101,98,heuristic
6824,100848,12376,1024,738,true,165,205,176,192,heuristic
6825,100849,6556,512,441,true,109,103,105,124,heuristic
6826,100850,2448,256,210,true,62,43,62,43,heuristic
6827,100851,12196,1024,726,true,194,165,158,209,heuristic
6828,100852,5452,512,383,true,90,113,85,95,heuristic
6829,100853,7020,512,476,true,116,107,118,135,heuristic
6830,100854,7108,512,490,true,123,117,132,118,heuristic
6831,100855,6916,512,473,true,125,109,111,128,heuristic
6832,100856,5988,512,410,true,104,104,111,91,heuristic
6833,100857,6396,512,432,true,116,114,90,112,heuristic
6834,100858,6184,512,411,true,101,100,116,94,heuristic
6835,100859,12384,1024,744,true,200,188,191,165,heuristic
6836,100860,7056,512,481,true,128,115,138,100,heuristic
6837,100861,16064,1024,945,true,240,247,266,192,heuristic
6838,100862,13728,1024,789,true,209,181,206,193,heuristic
6839,100863,11596,1024,687,true,187,156,177,167,heuristic
6840,100864,13592,1024,815,true,217,182,227,189,heuristic
6841,100865,14440,1024,838,true,194,209,211,224,heuristic
6842,100866,7268,512,501,true,120,124,116,141,heuristic
6843,100867,7036,512,480,true,113,116,129,122,heuristic
6844,100868,7380,512,512,true,158,100,120,134,heuristic
6845,100869,7120,512,492,true,120,116,123,133,heuristic
6846,100870,7208,512,505,true,141,121,125,118,heuristic
6847,100871,14776,1024,864,true,215,212,227,210,heuristic
6848,100872,11732,1024,689,true,167,177,201,144,heuristic
6849,100873,5456,512,381,true,98,101,86,96,heuristic
6850,100874,3144,256,254,true,58,63,60,73,heuristic
6851,100875,6908,512,474,true,118,117,105,134,heuristic
6852,100876,11748,1024,697,true,196,159,202,140,heuristic
6853,100877,7108,512,482,true,147,94,122,119,heuristic
6854,100878,4784,512,333,true,99,66,86,82,heuristic
6855,100879,5336,512,371,true,90,97,111,73,heuristic
6856,100880,12180,1024,721,true,189,168,182,182,heuristic
6857,100881,6896,512,466,true,135,108,113,110,heuristic
6858,100882,7140,512,489,true,131,114,104,140,heuristic
6859,100883,3956,256,324,true,94,76,90,64,heuristic
6860,100884,14636,1024,855,true,197,244,218,196,heuristic
6861,100885,6332,512,428,true,115,110,108,95,heuristic
6862,100886,7088,512,484,true,124,122,128,110,heuristic
6863,100887,13624,1024,779,true,237,152,221,169,heuristic
6864,100888,7396,512,511,true,140,117,130,124,heuristic
6865,100889,12204,1024,726,true,216,158,158,194,heuristic
6866,100890,12080,1024,713,true,172,171,194,176,heuristic
6867,100891,7052,512,479,true,139,107,125,108,heuristic
6868,100892,6724,512,460,true,118,117,115,110,heuristic
6869,100893,3112,256,258,true,81,52,62,63,heuristic
6870,100894,3396,256,281,true,74,64,69,74,heuristic
6871,100895,15368,1024,889,true,243,225,205,216,heuristic
6872,100896,6996,512,470,true,113,121,121,115,heuristic
6873,100897,12124,1024,711,true,178,174,198,161,heuristic
6874,100898,11960,1024,710,true,172,187,205,146,heuristic
6875,100899,14240,1024,809,true,230,187,195,197,heuristic
6876,100900,7140,512,496,true,111,142,130,113,heuristic
6877,100901,7220,512,504,true,148,112,121,123,heuristic
6878,100902,12044,1024,708,true,203,157,151,197,heuristic
6879,100903,12860,1024,778,true,206,180,208,184,heuristic
6880,100904,6720,512,447,true,128,109,101,109,heuristic
6881,100905,14356,1024,830,true,214,200,206,210,heuristic
6882,100906,6908,512,475,true,101,142,111,121,heuristic
6883,100907,7032,512,474,true,152,99,108,115,heuristic
6884,100908,3440,256,290,true,68,82,69,71,heuristic
6885,100909,8320,512,571,true,141,145,141,144,heuristic
6886,100910,12260,1024,733,true,159,215,197,162,heuristic
6887,100911,15412,1024,893,true,240,190,242,221,heuristic
6888,100912,6020,512,418,true,98,115,124,81,heuristic
6889,100913,7436,512,526,true,151,108,131,136,heuristic
6890,100914,12068,1024,710,true,181,190,190,149,heuristic
6891,100915,7064,512,482,true,133,113,121,115,heuristic
6892,100916,3888,256,315,true,99,54,79,83,heuristic
6893,100917,6168,512,434,true,111,88,120,115,heuristic
6894,100918,6928,512,474,true,109,126,109,130,heuristic
6895,100919,11904,1024,700,true,221,135,170,174,heuristic
6896,100920,3332,256,274,true,66,62,79,67,heuristic
6897,100921,5308,512,359,true,91,89,100,79,heuristic
6898,100922,12840,1024,774,true,222,166,191,195,heuristic
6899,100923,12080,1024,713,true,203,163,159,188,heuristic
6900,100924,3436,256,284,true,80,63,71,70,heuristic
6901,100925,8272,512,548,true,158,124,139,127,heuristic
6902,100926,16880,1024,999,true,260,259,224,256,heuristic
6903,100927,5480,512,386,true,131,60,89,106,heuristic
6904,100928,6660,512,462,true,137,100,116,109,heuristic
6905,100929,5680,512,397,true,95,95,117,90,heuristic
6906,100930,7108,512,488,true,133,125,125,105,heuristic
6907,100931,6156,512,415,true,108,98,116,93,heuristic
6908,100932,16096,1024,953,true,259,216,235,243,heuristic
6909,100933,3148,256,256,true,68,69,69,50,heuristic
6910,100934,3496,256,279,true,95,51,67,66,heuristic
6911,100935,7164,512,491,true,144,110,124,113,heuristic
6912,100936,7312,512,501,true,117,137,119,128,heuristic
6913,100937,6948,512,474,true,128,107,127,112,heuristic
6914,100938,5564,512,385,true,109,81,94,101,heuristic
6915,100939,3188,256,267,true,80,56,66,65,heuristic
6916,100940,7144,512,490,true,137,123,124,106,heuristic
6917,100941,12372,1024,740,true,175,180,170,215,heuristic
6918,100942,6212,512,445,true,129,97,115,104,heuristic
6919,100943,7060,512,474,true,150,85,125,114,heuristic
6920,100944,7212,512,504,true,135,128,142,99,heuristic
6921,100945,3188,256,265,true,42,83,91,49,heuristic
6922,100946,7060,512,485,true,121,118,134,112,heuristic
6923,100947,3236,256,273,true,85,57,67,64,heuristic
6924,100948,3156,256,258,true,62,64,73,59,heuristic
6925,100949,6964,512,480,true,129,116,143,92,heuristic
6926,100950,3408,256,283,true,68,79,67,69,heuristic
6927,100951,3924,256,322,true,83,75,71,93,heuristic
6928,100952,7852,512,519,true,131,141,107,140,heuristic
6929,100953,11884,1024,695,true,189,164,179,163,heuristic
6930,100954,7012,512,462,true,124,120,126,92,heuristic
6931,100955,7260,512,495,true,147,103,133,112,heuristic
6932,100956,14292,1024,815,true,230,170,208,207,heuristic
6933,100957,7064,512,483,true,145,90,136,112,heuristic
6934,100958,7372,512,511,true,116,137,141,117,heuristic
6935,100959,15400,1024,901,true,226,232,198,245,heuristic
6936,100960,3260,256,265,true,60,69,70,66,heuristic
6937,100961,7040,512,476,true,112,124,141,99,heuristic
6938,100962,14340,1024,829,true,175,235,219,200,heuristic
6939,100963,12840,1024,747,true,178,191,191,187,heuristic
6940,100964,7176,512,483,true,129,100,129,125,heuristic
6941,100965,7512,512,510,true,141,119,120,130,heuristic
6942,100966,6608,512,452,true,104,120,115,113,heuristic
6943,100967,7468,512,523,true,139,127,151,106,heuristic
6944,100968,7024,512,472,true,116,125,117,114,heuristic
6945,100969,7288,512,509,true,145,113,141,110,heuristic
6946,100970,10740,1024,633,true,174,145,130,184,heuristic
6947,100971,7708,512,532,true,122,129,137,144,heuristic
6948,100972,12296,1024,739,true,139,212,192,196,heuristic
6949,100973,10680,1024,630,true,167,160,157,146,heuristic
6950,100974,3088,256,253,true,78,53,71,51,heuristic
6951,100975,16120,1024,950,true,267,206,242,235,heuristic
6952,100976,7212,512,498,true,108,146,121,123,heuristic
6953,100977,7692,512,522,true,137,117,144,124,heuristic
6954,100978,2884,256,227,true,55,59,38,75,heuristic
6955,100979,7344,512,504,true,116,120,132,136,heuristic
6956,100980,7900,512,547,true,147,128,133,139,heuristic
6957,100981,7064,512,482,true,132,113,150,87,heuristic
6958,100982,6788,512,461,true,130,96,108,127,heuristic
6959,100983,12468,1024,748,true,200,179,191,178,heuristic
6960,100984,5336,512,367,true,93,82,102,90,heuristic
6961,100985,7096,512,486,true,107,133,124,122,heuristic
6962,100986,6348,512,451,true,134,99,111,107,heuristic
6963,100987,5116,512,348,true,76,102,85,85,heuristic
6964,100988,12104,1024,712,true,197,148,188,179,heuristic
6965,100989,12076,1024,722,true,188,176,201,157,heuristic
6966,100990,5992,512,411,true,115,107,90,99,heuristic
6967,100991,6880,512,468,true,105,141,100,122,heuristic
6968,100992,6392,512,431,true,123,98,130,80,heuristic
6969,100993,7040,512,477,true,123,117,130,107,heuristic
6970,100994,6492,512,451,true,105,126,111,109,heuristic
6971,100995,11388,1024,663,true,183,154,173,153,heuristic
6972,100996,5480,512,386,true,122,76,91,97,heuristic
6973,100997,1464,128,150,true,47,33,36,34,heuristic
6974,100998,7176,512,498,true,119,141,123,115,heuristic
6975,100999,15808,1024,925,true,219,235,255,216,heuristic
6976,101000,10720,1024,639,true,172,145,159,163,heuristic
6977,101001,14200,1024,821,true,195,213,187,226,heuristic
6978,101002,14700,1024,858,true,226,202,214,216,heuristic
6979,101003,3248,256,265,true,68,60,73,64,heuristic
6980,101004,6848,512,461,true,119,110,101,131,heuristic
6981,101005,7180,512,494,true,133,120,126,115,heuristic
6982,101006,7332,512,493,true,125,113,123,132,heuristic
6983,101007,7108,512,488,true,127,116,140,105,heuristic
6984,101008,7096,512,478,true,157,85,121,115,heuristic
6985,101009,12160,1024,724,true,173,172,194,185,heuristic
6986,101010,12212,1024,724,true,178,185,171,190,heuristic
6987,101011,12628,1024,757,true,215,180,173,189,heuristic
6988,101012,6392,512,427,true,121,95,114,97,heuristic
6989,101013,3052,256,249,true,72,55,61,61,heuristic
6990,101014,5380,512,377,true,88,98,104,87,heuristic
6991,101015,5424,512,377,true,106,97,92,82,heuristic
6992,101016,6860,512,463,true,112,115,106,130,heuristic
6993,101017,6960,512,463,true,108,137,116,102,heuristic
6994,101018,12576,1024,766,true,188,218,211,149,heuristic
6995,101019,7200,512,500,true,122,129,148,101,heuristic
6996,101020,7148,512,491,true,130,107,135,119,heuristic
6997,101021,7328,512,500,true,133,124,121,122,heuristic
6998,101022,5608,512,391,true,95,99,102,95,heuristic
6999,101023,3508,256,297,true,89,59,84,65,heuristic
7000,101024,3152,256,261,true,77,56,76,52,heuristic
7001,101025,7168,512,497,true,133,103,146,115,heuristic
7002,101026,13820,1024,807,true,224,177,180,226,heuristic
7003,101027,7108,512,488,true,125,119,125,119,heuristic
7004,101028,5360,512,361,true,98,87,95,81,heuristic
7005,101029,7176,512,499,true,123,134,109,133,heuristic
7006,101030,7244,512,495,true,143,108,136,108,heuristic
7007,101031,7116,512,484,true,105,138,143,98,heuristic
7008,101032,15756,1024,911,true,227,232,205,247,heuristic
7009,101033,6452,512,444,true,144,93,90,117,heuristic
7010,101034,7020,512,476,true,126,116,112,122,heuristic
7011,101035,7404,512,499,true,137,108,121,133,heuristic
7012,101036,7372,512,516,true,130,134,150,102,heuristic
7013,101037,11568,1024,668,true,168,165,190,145,heuristic
7014,101038,3060,256,249,true,56,67,70,56,heuristic
7015,101039,3392,256,278,true,72,64,73,69,heuristic
7016,101040,14420,1024,840,true,238,189,195,218,heuristic
7017,101041,8104,512,550,true,128,154,134,134,heuristic
7018,101042,7104,512,492,true,130,124,112,126,heuristic
7019,101043,6072,512,407,true,110,99,111,87,heuristic
7020,101044,15604,1024,910,true,213,246,247,204,heuristic
7021,101045,11140,1024,666,true,188,156,148,174,heuristic
7022,101046,3064,256,251,true,66,55,80,50,heuristic
7023,101047,12152,1024,726,true,198,169,189,170,heuristic
7024,101048,11556,1024,678,true,189,153,183,153,heuristic
7025,101049,7188,512,486,true,141,101,129,115,heuristic
7026,101050,12316,1024,728,true,189,183,193,163,heuristic
7027,101051,13628,1024,781,true,192,188,218,183,heuristic
7028,101052,5420,512,375,true,108,83,102,82,heuristic
7029,101053,12448,1024,752,true,215,158,188,191,heuristic
7030,101054,6456,512,442,true,114,105,111,112,heuristic
7031,101055,7400,512,510,true,140,128,130,112,heuristic
7032,101056,12248,1024,733,true,190,189,193,161,heuristic
7033,101057,14444,1024,836,true,225,203,187,221,heuristic
7034,101058,5604,512,395,true,112,96,99,88,heuristic
7035,101059,5412,512,380,true,110,98,101,71,heuristic
7036,101060,10348,1024,597,true,161,128,170,138,heuristic
7037,101061,16076,1024,941,true,265,207,233,236,heuristic
7038,101062,2844,256,228,true,62,53,61,52,heuristic
7039,101063,10496,1024,620,true,168,150,137,165,heuristic
7040,101064,12916,1024,777,true,191,196,222,168,heuristic
7041,101065,11644,1024,685,true,186,162,182,155,heuristic
7042,101066,7660,512,521,true,132,126,124,139,heuristic
7043,101067,7532,512,519,true,135,125,124,135,heuristic
7044,101068,7004,512,480,true,135,109,127,109,heuristic
7045,101069,7192,512,498,true,108,142,138,110,heuristic
7046,101070,11412,1024,665,true,155,183,157,170,heuristic
7047,101071,5324,512,367,true,97,88,107,75,heuristic
7048,101072,15324,1024,883,true,239,214,185,245,heuristic
7049,101073,7064,512,482,true,129,97,141,115,heuristic
7050,101074,11736,1024,694,true,191,155,171,177,heuristic
7051,101075,10484,1024,602,true,155,151,167,129,heuristic
7052,101076,7072,512,480,true,128,108,135,109,heuristic
7053,101077,7132,512,491,true,115,130,126,120,heuristic
7054,101078,10820,1024,626,true,158,161,162,145,heuristic
7055,101079,7500,512,530,true,128,126,130,146,heuristic
7056,101080,7060,512,481,true,130,116,135,100,heuristic
7057,101081,6704,512,467,true,115,126,99,127,heuristic
7058,101082,7016,512,476,true,116,119,133,108,heuristic
7059,101083,12716,1024,759,true,177,202,202,178,heuristic
7060,101084,3260,256,273,true,92,48,66,67,heuristic
7061,101085,10536,1024,626,true,179,143,168,136,heuristic
7062,101086,3344,256,276,true,78,56,84,58,heuristic
7063,101087,7032,512,479,true,140,113,130,96,heuristic
7064,101088,6472,512,447,true,107,121,108,111,heuristic
7065,101089,6500,512,449,true,129,98,106,116,heuristic
7066,101090,7372,512,510,true,107,138,147,118,heuristic
7067,101091,3332,256,274,true,69,68,70,67,heuristic
7068,101092,5440,512,376,true,93,108,77,98,heuristic
7069,101093,7128,512,487,true,124,133,116,114,heuristic
7070,101094,5604,512,390,true,92,100,117,81,heuristic
7071,101095,5728,512,405,true,84,99,120,102,heuristic
7072,101096,6616,512,451,true,118,101,127,105,heuristic
7073,101097,6944,512,480,true,120,110,117,133,heuristic
7074,101098,7796,512,541,true,154,121,135,131,heuristic
7075,101099,12152,1024,718,true,198,184,194,142,heuristic
7076,101100,14048,1024,804,true,199,201,180,224,heuristic
7077,101101,12124,1024,715,true,196,157,174,188,heuristic
7078,101102,5412,512,373,true,107,78,98,90,heuristic
7079,101103,7228,512,499,true,140,124,111,124,heuristic
7080,101104,12096,1024,711,true,179,188,166,178,heuristic
7081,101105,14192,1024,824,true,203,208,205,208,heuristic
7082,101106,7128,512,491,true,141,117,118,115,heuristic
7083,101107,14376,1024,838,true,225,194,197,222,heuristic
7084,101108,7096,512,486,true,145,111,114,116,heuristic
7085,101109,7324,512,509,true,131,129,109,140,heuristic
7086,101110,12220,1024,727,true,203,169,170,185,heuristic
7087,101111,6480,512,447,true,110,125,119,93,heuristic
7088,101112,7108,512,493,true,130,110,136,117,heuristic
7089,101113,7040,512,473,true,127,117,134,95,heuristic
7090,101114,2408,256,200,true,58,38,61,43,heuristic
7091,101115,6384,512,435,true,94,125,126,90,heuristic
7092,101116,11448,1024,671,true,188,155,156,172,heuristic
7093,101117,6060,512,423,true,109,110,91,113,heuristic
7094,101118,5452,512,383,true,92,100,108,83,heuristic
7095,101119,3332,256,269,true,70,67,67,65,heuristic
7096,101120,6612,512,449,true,124,103,127,95,heuristic
7097,101121,15172,1024,897,true,212,232,246,207,heuristic
7098,101122,3112,256,251,true,57,67,66,61,heuristic
7099,101123,7128,512,493,true,143,99,139,112,heuristic
7100,101124,7128,512,494,true,117,142,134,101,heuristic
7101,101125,3420,256,279,true,72,70,69,68,heuristic
7102,101126,6628,512,453,true,119,97,97,140,heuristic
7103,101127,6552,512,462,true,112,127,105,118,heuristic
7104,101128,3908,256,317,true,87,76,84,70,heuristic
7105,101129,6336,512,429,true,125,81,109,114,heuristic
7106,101130,12076,1024,711,true,206,150,182,173,heuristic
7107,101131,7020,512,472,true,114,126,116,116,heuristic
7108,101132,14224,1024,818,true,196,201,220,201,heuristic
7109,101133,12612,1024,753,true,171,216,149,217,heuristic
7110,101134,7200,512,500,true,123,121,131,125,heuristic
7111,101135,11364,1024,666,true,177,154,176,159,heuristic
7112,101136,12096,1024,716,true,175,176,204,161,heuristic
7113,101137,7076,512,485,true,113,132,136,104,heuristic
7114,101138,6916,512,476,true,112,132,130,102,heuristic
7115,101139,8036,512,533,true,163,113,122,135,heuristic
7116,101140,10640,1024,625,true,192,128,167,138,heuristic
7117,101141,6880,512,468,true,102,129,127,110,heuristic
7118,101142,12048,1024,704,true,224,141,192,147,heuristic
7119,101143,6500,512,438,true,108,116,104,110,heuristic
7120,101144,7212,512,502,true,149,94,152,107,heuristic
7121,101145,7520,512,512,true,126,120,141,125,heuristic
7122,101146,6984,512,478,true,124,116,119,119,heuristic
7123,101147,5652,512,402,true,85,98,96,123,heuristic
7124,101148,7352,512,518,true,139,119,134,126,heuristic
7125,101149,10484,1024,617,true,154,152,162,149,heuristic
7126,101150,3412,256,285,true,69,78,64,74,heuristic
7127,101151,6452,512,437,true,129,90,123,95,heuristic
7128,101152,5308,512,364,true,82,101,83,98,heuristic
7129,101153,13788,1024,823,true,183,229,226,185,heuristic
7130,101154,15528,1024,917,true,226,236,221,234,heuristic
7131,101155,7392,512,509,true,135,121,126,127,heuristic
7132,101156,6868,512,465,true,107,127,142,89,heuristic
7133,101157,5420,512,380,true,88,86,81,125,heuristic
7134,101158,8092,512,543,true,149,128,152,114,heuristic
7135,101159,3124,256,254,true,64,58,83,49,heuristic
7136,101160,7052,512,479,true,111,133,132,103,heuristic
7137,101161,5620,512,393,true,114,90,86,103,heuristic
7138,101162,6392,512,437,true,114,97,129,97,heuristic
7139,101163,6340,512,430,true,108,101,121,100,heuristic
7140,101164,6788,512,476,true,125,113,108,130,heuristic
7141,101165,14864,1024,868,true,245,204,208,211,heuristic
7142,101166,7140,512,486,true,108,133,134,111,heuristic
7143,101167,7124,512,486,true,129,124,136,97,heuristic
7144,101168,14008,1024,810,true,225,188,224,173,heuristic
7145,101169,7096,512,486,true,125,119,127,115,heuristic
7146,101170,15884,1024,928,true,236,211,266,215,heuristic
7147,101171,7172,512,482,true,134,114,116,118,heuristic
7148,101172,6992,512,469,true,119,124,98,128,heuristic
7149,101173,7084,512,488,true,136,88,121,143,heuristic
7150,101174,12256,1024,739,true,227,156,168,188,heuristic
7151,101175,14632,1024,850,true,181,243,189,237,heuristic
7152,101176,7168,512,491,true,132,110,131,118,heuristic
7153,101177,15792,1024,921,true,266,200,207,248,heuristic
7154,101178,15356,1024,891,true,217,227,210,237,heuristic
7155,101179,14236,1024,813,true,209,195,238,171,heuristic
7156,101180,5632,512,396,true,105,91,86,114,heuristic
7157,101181,3220,256,269,true,72,62,69,66,heuristic
7158,101182,2856,256,235,true,71,48,73,43,heuristic
7159,101183,8184,512,552,true,142,135,142,133,heuristic
7160,101184,5752,512,409,true,105,101,104,99,heuristic
7161,101185,11448,1024,667,true,167,166,193,141,heuristic
7162,101186,6784,512,471,true,129,120,104,118,heuristic
7163,101187,3184,256,263,true,81,56,73,53,heuristic
7164,101188,5724,512,408,true,97,111,97,103,heuristic
7165,101189,15648,1024,920,true,217,261,237,205,heuristic
7166,101190,11920,1024,709,true,201,150,219,139,heuristic
7167,101191,7184,512,495,true,109,136,141,109,heuristic
7168,101192,7172,512,492,true,141,120,113,118,heuristic
7169,101193,14336,1024,828,true,192,221,214,201,heuristic
7170,101194,7444,512,517,true,130,135,134,118,heuristic
7171,101195,7020,512,482,true,104,134,135,109,heuristic
7172,101196,6544,512,448,true,115,124,108,101,heuristic
7173,101197,12372,1024,737,true,189,179,188,181,heuristic
7174,101198,15308,1024,883,true,242,205,236,200,heuristic
7175,101199,7192,512,495,true,126,116,148,105,heuristic
7176,101200,6792,512,454,true,125,106,101,122,heuristic
7177,101201,4024,256,323,true,106,57,84,76,heuristic
7178,101202,7176,512,494,true,143,102,122,127,heuristic
7179,101203,14376,1024,835,true,215,217,235,168,heuristic
7180,101204,5448,512,383,true,113,83,102,85,heuristic
7181,101205,7148,512,491,true,143,106,128,114,heuristic
7182,101206,3704,256,295,true,52,84,85,74,heuristic
7183,101207,7416,512,517,true,128,143,116,130,heuristic
7184,101208,7160,512,490,true,138,112,96,144,heuristic
7185,101209,7112,512,482,true,116,131,109,126,heuristic
7186,101210,7056,512,481,true,152,98,109,122,heuristic
7187,101211,5752,512,409,true,136,80,97,96,heuristic
7188,101212,7148,512,492,true,139,105,114,134,heuristic
7189,101213,7336,512,507,true,115,130,125,137,heuristic
7190,101214,15112,1024,881,true,237,209,243,192,heuristic
7191,101215,3404,256,283,true,86,55,75,67,heuristic
7192,101216,7580,512,509,true,144,108,109,148,heuristic
7193,101217,7220,512,494,true,130,111,133,120,heuristic
7194,101218,7120,512,489,true,105,141,125,118,heuristic
7195,101219,3828,256,312,true,93,64,77,78,heuristic
7196,101220,7496,512,525,true,157,116,118,134,heuristic
7197,101221,12032,1024,716,true,210,159,189,158,heuristic
7198,101222,10416,1024,606,true,164,145,148,149,heuristic
7199,101223,5300,512,361,true,66,113,92,90,heuristic
7200,101224,6660,512,455,true,112,118,104,121,heuristic
7201,101225,5460,512,386,true,111,86,101,88,heuristic
7202,101226,2876,256,237,true,68,57,61,51,heuristic
7203,101227,15024,1024,857,true,235,206,203,213,heuristic
7204,101228,9748,1024,558,true,161,120,168,109,heuristic
7205,101229,8016,512,519,true,125,128,127,139,heuristic
7206,101230,5472,512,389,true,92,110,90,97,heuristic
7207,101231,11432,1024,667,true,187,152,177,151,heuristic
7208,101232,10688,1024,636,true,164,175,160,137,heuristic
7209,101233,6420,512,434,true,104,113,117,100,heuristic
7210,101234,6412,512,432,true,118,109,120,85,heuristic
7211,101235,11416,1024,666,true,162,163,193,148,heuristic
7212,101236,5424,512,381,true,123,64,95,99,heuristic
7213,101237,10348,1024,596,true,149,136,150,161,heuristic
7214,101238,6348,512,428,true,117,106,106,99,heuristic
7215,101239,7172,512,490,true,129,125,128,108,heuristic
7216,101240,3332,256,269,true,63,64,78,64,heuristic
7217,101241,7188,512,491,true,134,117,130,110,heuristic
7218,101242,12252,1024,735,true,194,181,194,166,heuristic
7219,101243,7484,512,527,true,144,116,127,140,heuristic
7220,101244,7052,512,479,true,129,122,127,101,heuristic
7221,101245,7372,512,511,true,167,96,124,124,heuristic
7222,101246,6924,512,464,true,116,124,117,107,heuristic
7223,101247,5480,512,385,true,104,98,79,104,heuristic
7224,101248,6584,512,447,true,111,106,109,121,heuristic
7225,101249,8216,512,558,true,150,127,157,124,heuristic
7226,101250,7460,512,515,true,132,127,129,127,heuristic
7227,101251,3232,256,272,true,82,50,80,60,heuristic
7228,101252,7140,512,489,true,139,104,125,121,heuristic
7229,101253,7188,512,497,true,110,134,148,105,heuristic
7230,101254,5744,512,409,true,114,94,115,86,heuristic
7231,101255,5440,512,381,true,116,88,77,100,heuristic
7232,101256,11572,1024,684,true,160,194,193,137,heuristic
7233,101257,3224,256,270,true,64,65,68,73,heuristic
7234,101258,6376,512,431,true,120,95,112,104,heuristic
7235,101259,11516,1024,679,true,159,183,165,172,heuristic
7236,101260,15948,1024,942,true,269,213,225,235,heuristic
7237,101261,6652,512,453,true,124,108,119,102,heuristic
7238,101262,5428,512,379,true,105,91,99,84,heuristic
7239,101263,3800,256,306,true,81,74,87,64,heuristic
7240,101264,14584,1024,857,true,238,185,218,216,heuristic
7241,101265,9276,512,588,true,154,132,168,134,heuristic
7242,101266,3104,256,257,true,71,57,58,71,heuristic
7243,101267,6744,512,447,true,123,98,141,85,heuristic
7244,101268,7228,512,502,true,129,132,118,123,heuristic
7245,101269,7112,512,489,true,131,114,125,119,heuristic
7246,101270,3124,256,254,true,65,55,83,51,heuristic
7247,101271,5880,512,407,true,116,85,110,96,heuristic
7248,101272,5616,512,393,true,104,96,111,82,heuristic
7249,101273,11980,1024,704,true,174,178,179,173,heuristic
7250,101274,20896,2048,1000,false,273,236,249,242,heuristic
7251,101275,5472,512,387,true,86,110,94,97,heuristic
7252,101276,16060,1024,939,true,257,206,241,235,heuristic
7253,101277,10512,1024,620,true,157,152,159,152,heuristic
7254,101278,1648,128,168,true,52,31,43,42,heuristic
7255,101279,7404,512,497,true,143,113,118,123,heuristic
7256,101280,7108,512,488,true,147,113,128,100,heuristic
7257,101281,3156,256,262,true,80,48,72,62,heuristic
7258,101282,12068,1024,698,true,159,208,180,151,heuristic
7259,101283,14236,1024,819,true,229,184,207,199,heuristic
7260,101284,11168,1024,649,true,168,161,173,147,heuristic
7261,101285,6864,512,465,true,144,101,107,113,heuristic
7262,101286,15480,1024,905,true,231,217,188,269,heuristic
7263,101287,6480,512,440,true,112,91,131,106,heuristic
7264,101288,6432,512,436,true,123,106,114,93,heuristic
7265,101289,12084,1024,718,true,185,178,194,161,heuristic
7266,101290,5632,512,393,true,109,85,110,89,heuristic
7267,101291,3208,256,260,true,64,66,91,39,heuristic
7268,101292,6392,512,432,true,116,104,112,100,heuristic
7269,101293,3076,256,250,true,84,39,75,52,heuristic
7270,101294,6056,512,422,true,113,93,114,102,heuristic
7271,101295,6284,512,421,true,116,102,125,78,heuristic
7272,101296,7228,512,503,true,130,117,120,136,heuristic
7273,101297,7428,512,514,true,132,138,117,127,heuristic
7274,101298,5556,512,389,true,108,97,106,78,heuristic
7275,101299,14372,1024,826,true,202,209,242,173,heuristic
7276,101300,3400,256,268,true,92,48,73,55,heuristic
7277,101301,7196,512,500,true,133,127,108,132,heuristic
7278,101302,7360,512,509,true,126,140,110,133,heuristic
7279,101303,7124,512,486,true,135,100,125,126,heuristic
7280,101304,7060,512,481,true,138,116,126,101,heuristic
7281,101305,11432,1024,663,true,151,181,162,169,heuristic
7282,101306,2632,256,233,true,55,61,59,58,heuristic
7283,101307,7164,512,490,true,133,107,141,109,heuristic
7284,101308,6812,512,464,true,123,120,117,104,heuristic
7285,101309,6776,512,459,true,135,103,115,106,heuristic
7286,101310,6828,512,460,true,129,100,110,121,heuristic
7287,101311,12936,1024,761,true,192,176,195,198,heuristic
7288,101312,6964,512,477,true,123,128,118,108,heuristic
7289,101313,6964,512,470,true,116,119,99,136,heuristic
7290,101314,7268,512,503,true,128,129,130,116,heuristic
7291,101315,5732,512,405,true,134,77,88,106,heuristic
7292,101316,6672,512,460,true,129,105,125,101,heuristic
7293,101317,1836,128,183,true,43,48,54,38,heuristic
7294,101318,12092,1024,711,true,168,197,196,150,heuristic
7295,101319,7312,512,496,true,109,142,92,153,heuristic
7296,101320,3404,256,280,true,72,72,66,70,heuristic
7297,101321,6428,512,439,true,128,102,102,107,heuristic
7298,101322,7004,512,468,true,120,118,127,103,heuristic
7299,101323,3132,256,263,true,62,71,68,62,heuristic
7300,101324,11072,1024,653,true,150,175,160,168,heuristic
7301,101325,3512,256,297,true,82,72,79,64,heuristic
7302,101326,7128,512,484,true,129,110,118,127,heuristic
7303,101327,15252,1024,882,true,193,246,238,205,heuristic
7304,101328,5352,512,370,true,87,100,109,74,heuristic
7305,101329,3208,256,267,true,72,67,62,66,heuristic
7306,101330,7216,512,492,true,109,135,119,129,heuristic
7307,101331,12460,1024,753,true,198,184,167,204,heuristic
7308,101332,7860,512,541,true,132,123,136,150,heuristic
7309,101333,8764,512,567,true,139,147,144,137,heuristic
7310,101334,11148,1024,641,true,180,166,152,143,heuristic
7311,101335,6884,512,468,true,133,93,106,136,heuristic
7312,101336,7076,512,474,true,145,105,109,115,heuristic
7313,101337,6496,512,441,true,84,140,117,100,heuristic
7314,101338,3412,256,285,true,62,76,84,63,heuristic
7315,101339,3528,256,297,true,77,77,80,63,heuristic
7316,101340,7176,512,495,true,117,123,151,104,heuristic
7317,101341,4732,512,328,true,89,74,96,69,heuristic
7318,101342,7176,512,497,true,141,110,144,102,heuristic
7319,101343,5428,512,378,true,93,91,96,98,heuristic
7320,101344,7068,512,483,true,142,102,131,108,heuristic
7321,101345,7220,512,500,true,123,131,133,113,heuristic
7322,101346,3364,256,273,true,61,80,70,62,heuristic
7323,101347,1556,128,161,true,47,38,41,35,heuristic
7324,101348,3192,256,262,true,73,64,70,55,heuristic
7325,101349,16340,1024,966,true,227,256,298,185,heuristic
7326,101350,11896,1024,714,true,196,168,182,168,heuristic
7327,101351,6452,512,445,true,108,113,120,104,heuristic
7328,101352,5796,512,401,true,97,110,97,97,heuristic
7329,101353,12200,1024,726,true,200,161,187,178,heuristic
7330,101354,6464,512,432,true,128,96,105,103,heuristic
7331,101355,8352,512,563,true,157,130,136,140,heuristic
7332,101356,3932,256,321,true,79,88,92,62,heuristic
7333,101357,2612,256,218,true,67,51,65,35,heuristic
7334,101358,5508,512,394,true,86,104,114,90,heuristic
7335,101359,7136,512,489,true,130,107,132,120,heuristic
7336,101360,6428,512,440,true,111,115,114,100,heuristic
7337,101361,14532,1024,849,true,248,179,213,209,heuristic
7338,101362,11780,1024,687,true,182,162,177,166,heuristic
7339,101363,7784,512,533,true,141,142,127,123,heuristic
7340,101364,14552,1024,860,true,223,196,231,210,heuristic
7341,101365,7084,512,484,true,111,134,117,122,heuristic
7342,101366,3188,256,264,true,59,74,72,59,heuristic
7343,101367,7080,512,482,true,128,117,108,129,heuristic
7344,101368,7164,512,492,true,122,121,125,124,heuristic
7345,101369,3448,256,286,true,77,73,84,52,heuristic
7346,101370,6944,512,470,true,130,107,115,118,heuristic
7347,101371,7168,512,492,true,111,128,141,112,heuristic
7348,101372,10400,1024,601,true,166,135,152,148,heuristic
7349,101373,1632,128,165,true,34,46,50,35,heuristic
7350,101374,5492,512,378,true,121,81,91,85,heuristic
7351,101375,10716,1024,631,true,163,161,181,126,heuristic
7352,101376,10320,1024,599,true,161,145,143,150,heuristic
7353,101377,7040,512,473,true,124,124,94,131,heuristic
7354,101378,12776,1024,769,true,215,173,207,174,heuristic
7355,101379,4800,512,332,true,84,85,84,79,heuristic
7356,101380,14432,1024,837,true,220,203,202,212,heuristic
7357,101381,12056,1024,712,true,178,183,188,163,heuristic
7358,101382,5676,512,396,true,81,111,109,95,heuristic
7359,101383,7080,512,483,true,120,131,118,114,heuristic
7360,101384,14320,1024,817,true,222,184,210,201,heuristic
7361,101385,3160,256,259,true,74,58,70,57,heuristic
7362,101386,7184,512,495,true,128,122,130,115,heuristic
7363,101387,15328,1024,884,true,239,215,209,221,heuristic
7364,101388,6756,512,455,true,127,104,138,86,heuristic
7365,101389,11316,1024,651,true,135,192,198,126,heuristic
7366,101390,6960,512,474,true,136,99,104,135,heuristic
7367,101391,3336,256,284,true,73,75,65,71,heuristic
7368,101392,3056,256,249,true,78,51,69,51,heuristic
7369,101393,3344,256,273,true,64,66,74,69,heuristic
7370,101394,12056,1024,711,true,188,148,177,198,heuristic
7371,101395,14156,1024,820,true,243,153,232,192,heuristic
7372,101396,6116,512,432,true,96,121,104,111,heuristic
7373,101397,5424,512,377,true,88,98,115,76,heuristic
7374,101398,15432,1024,899,true,258,206,233,202,heuristic
7375,101399,6264,512,417,true,101,108,101,107,heuristic
7376,101400,7060,512,481,true,140,99,123,119,heuristic
7377,101401,7084,512,483,true,129,108,128,118,heuristic
7378,101402,7412,512,509,true,154,93,159,103,heuristic
7379,101403,6152,512,410,true,102,110,126,72,heuristic
7380,101404,12280,1024,745,true,211,182,188,164,heuristic
7381,101405,7260,512,494,true,136,109,121,128,heuristic
7382,101406,7056,512,480,true,134,100,140,106,heuristic
7383,101407,6064,512,425,true,112,104,106,103,heuristic
7384,101408,10668,1024,643,true,167,147,186,143,heuristic
7385,101409,14488,1024,854,true,237,196,230,191,heuristic
7386,101410,14336,1024,833,true,225,208,237,163,heuristic
7387,101411,6848,512,461,true,114,114,112,121,heuristic
7388,101412,3548,256,301,true,80,64,88,69,heuristic
7389,101413,10568,1024,624,true,167,143,136,178,heuristic
7390,101414,13808,1024,797,true,229,187,175,206,heuristic
7391,101415,7336,512,502,true,122,142,120,118,heuristic
7392,101416,2592,256,218,true,54,57,54,53,heuristic
7393,101417,12312,1024,738,true,188,164,195,191,heuristic
7394,101418,7016,512,482,true,126,109,146,101,heuristic
7395,101419,11404,1024,667,true,150,184,174,159,heuristic
7396,101420,7060,512,481,true,112,121,120,128,heuristic
7397,101421,15752,1024,911,true,220,249,240,202,heuristic
7398,101422,7436,512,526,true,138,132,122,134,heuristic
7399,101423,8268,512,552,true,147,130,148,127,heuristic
7400,101424,7072,512,485,true,128,115,112,130,heuristic
7401,101425,11360,1024,657,true,172,158,151,176,heuristic
7402,101426,12068,1024,721,true,198,148,187,188,heuristic
7403,101427,12208,1024,731,true,202,170,168,191,heuristic
7404,101428,15440,1024,897,true,260,199,219,219,heuristic
7405,101429,6924,512,464,true,109,125,108,122,heuristic
7406,101430,7376,512,511,true,131,123,136,121,heuristic
7407,101431,7068,512,484,true,123,117,133,111,heuristic
7408,101432,7188,512,488,true,117,126,114,131,heuristic
7409,101433,7360,512,507,true,135,124,142,106,heuristic
7410,101434,7024,512,478,true,114,126,107,131,heuristic
7411,101435,7288,512,502,true,172,81,120,129,heuristic
7412,101436,7068,512,479,true,108,121,129,121,heuristic
7413,101437,7132,512,483,true,132,106,131,114,heuristic
7414,101438,8028,512,540,true,147,138,152,103,heuristic
7415,101439,6420,512,434,true,93,125,123,93,heuristic
7416,101440,4780,512,332,true,91,84,82,75,heuristic
7417,101441,2920,256,247,true,65,60,66,56,heuristic
7418,101442,11692,1024,691,true,171,177,169,174,heuristic
7419,101443,3056,256,249,true,69,53,71,56,heuristic
7420,101444,14292,1024,822,true,232,180,222,188,heuristic
7421,101445,11260,1024,641,true,167,161,153,160,heuristic
7422,101446,11616,1024,680,true,168,177,189,146,heuristic
7423,101447,9812,1024,573,true,145,140,143,145,heuristic
7424,101448,7420,512,511,true,140,112,150,109,heuristic
7425,101449,6936,512,471,true,116,116,119,120,heuristic
7426,101450,7212,512,492,true,101,126,141,124,heuristic
7427,101451,12248,1024,726,true,173,198,188,167,heuristic
7428,101452,12276,1024,733,true,174,197,200,162,heuristic
7429,101453,7288,512,510,true,138,119,154,99,heuristic
7430,101454,13748,1024,794,true,195,212,203,184,heuristic
7431,101455,1868,128,190,true,50,56,48,36,heuristic
7432,101456,6740,512,465,true,123,117,107,118,heuristic
7433,101457,5480,512,390,true,100,97,98,95,heuristic
7434,101458,6980,512,467,true,115,107,141,104,heuristic
7435,101459,5412,512,374,true,99,85,100,90,heuristic
7436,101460,6368,512,426,true,108,100,109,109,heuristic
7437,101461,6392,512,431,true,120,104,132,75,heuristic
7438,101462,7176,512,495,true,114,138,132,111,heuristic
7439,101463,7104,512,489,true,124,106,138,121,heuristic
7440,101464,12340,1024,729,true,191,180,190,168,heuristic
7441,101465,7392,512,509,true,149,118,123,119,heuristic
7442,101466,3024,256,252,true,73,52,57,70,heuristic
7443,101467,7268,512,504,true,111,133,140,120,heuristic
7444,101468,8504,512,571,true,149,156,151,115,heuristic
7445,101469,10980,1024,646,true,172,166,186,122,heuristic
7446,101470,7776,512,532,true,130,126,127,149,heuristic
7447,101471,7408,512,512,true,125,123,123,141,heuristic
7448,101472,3384,256,283,true,62,78,81,62,heuristic
7449,101473,6512,512,445,true,107,116,113,109,heuristic
7450,101474,14348,1024,832,true,197,204,200,231,heuristic
7451,101475,3176,256,259,true,63,72,60,64,heuristic
7452,101476,7148,512,486,true,134,112,116,124,heuristic
7453,101477,7420,512,512,true,125,115,149,123,heuristic
7454,101478,7036,512,476,true,149,114,116,97,heuristic
7455,101479,6668,512,444,true,128,91,126,99,heuristic
7456,101480,12056,1024,712,true,208,152,200,152,heuristic
7457,101481,8152,512,550,true,150,123,146,131,heuristic
7458,101482,7156,512,493,true,137,107,138,111,heuristic
7459,101483,2620,256,220,true,59,52,54,55,heuristic
7460,101484,11876,1024,693,true,183,183,156,171,heuristic
7461,101485,5624,512,394,true,95,100,103,96,heuristic
7462,101486,3280,256,276,true,68,72,81,55,heuristic
7463,101487,7212,512,503,true,133,106,119,145,heuristic
7464,101488,7012,512,473,true,96,140,110,127,heuristic
7465,101489,14532,1024,852,true,254,187,234,177,heuristic
7466,101490,12260,1024,730,true,175,189,189,177,heuristic
7467,101491,7516,512,515,true,133,132,125,125,heuristic
7468,101492,7112,512,491,true,132,103,141,115,heuristic
7469,101493,11872,1024,693,true,174,161,186,172,heuristic
7470,101494,7268,512,501,true,137,112,123,129,heuristic
7471,101495,6896,512,473,true,127,118,116,112,heuristic
7472,101496,3256,256,267,true,78,60,59,70,heuristic
7473,101497,7060,512,483,true,122,117,109,135,heuristic
7474,101498,16140,1024,947,true,272,229,238,208,heuristic
7475,101499,7132,512,487,true,121,130,127,109,heuristic
7476,101500,6804,512,476,true,114,124,118,120,heuristic
7477,101501,6924,512,468,true,130,107,118,113,heuristic
7478,101502,7024,512,476,true,120,125,99,132,heuristic
7479,101503,15856,1024,920,true,245,228,231,216,heuristic
7480,101504,3212,256,270,true,73,68,73,56,heuristic
7481,101505,12288,1024,728,true,174,195,176,183,heuristic
7482,101506,3180,256,263,true,82,50,80,51,heuristic
7483,101507,5456,512,381,true,97,99,101,84,heuristic
7484,101508,12100,1024,721,true,196,161,199,165,heuristic
7485,101509,7064,512,481,true,148,98,109,126,heuristic
7486,101510,6492,512,447,true,117,119,112,99,heuristic
7487,101511,10760,1024,642,true,168,162,145,167,heuristic
7488,101512,14404,1024,840,true,256,185,217,182,heuristic
7489,101513,12252,1024,727,true,153,205,201,168,heuristic
7490,101514,7556,512,509,true,116,132,131,130,heuristic
7491,101515,11952,1024,685,true,175,175,181,154,heuristic
7492,101516,15116,1024,871,true,229,220,193,229,heuristic
7493,101517,8076,512,544,true,138,129,132,145,heuristic
7494,101518,7300,512,508,true,142,112,132,122,heuristic
7495,101519,12164,1024,728,true,195,184,163,186,heuristic
7496,101520,14368,1024,832,true,212,214,183,223,heuristic
7497,101521,7192,512,495,true,138,111,129,117,heuristic
7498,101522,6684,512,459,true,117,118,116,108,heuristic
7499,101523,7456,512,521,true,113,142,146,120,heuristic
7500,101524,11856,1024,700,true,187,169,184,160,heuristic
7501,101525,6736,512,464,true,131,108,121,104,heuristic
7502,101526,3540,256,296,true,95,70,66,65,heuristic
7503,101527,7048,512,478,true,124,115,139,100,heuristic
7504,101528,6948,512,470,true,131,115,116,108,heuristic
7505,101529,5496,512,393,true,113,83,103,94,heuristic
7506,101530,14532,1024,845,true,219,211,212,203,heuristic
7507,101531,16140,1024,954,true,268,225,241,220,heuristic
7508,101532,8084,512,542,true,146,131,132,133,heuristic
7509,101533,7036,512,480,true,126,111,138,105,heuristic
7510,101534,6528,512,454,true,117,110,131,96,heuristic
7511,101535,3180,256,260,true,62,63,81,54,heuristic
7512,101536,6840,512,458,true,121,106,98,133,heuristic
7513,101537,7724,512,528,true,149,124,149,106,heuristic
7514,101538,13888,1024,796,true,199,193,238,166,heuristic
7515,101539,3356,256,282,true,92,59,78,53,heuristic
7516,101540,7448,512,522,true,125,137,114,146,heuristic
7517,101541,12184,1024,726,true,158,200,197,171,heuristic
7518,101542,12144,1024,724,true,192,186,180,166,heuristic
7519,101543,3176,256,262,true,65,64,63,70,heuristic
7520,101544,7072,512,484,true,139,115,129,101,heuristic
7521,101545,7188,512,486,true,117,115,146,108,heuristic
7522,101546,7136,512,493,true,122,126,121,124,heuristic
7523,101547,10420,1024,613,true,173,147,138,155,heuristic
7524,101548,6984,512,466,true,129,99,127,111,heuristic
7525,101549,5660,512,398,true,111,96,105,86,heuristic
7526,101550,16100,1024,938,true,232,242,230,234,heuristic
7527,101551,7052,512,479,true,132,108,122,117,heuristic
7528,101552,3364,256,278,true,75,70,64,69,heuristic
7529,101553,5476,512,384,true,109,83,99,93,heuristic
7530,101554,3412,256,285,true,71,62,96,56,heuristic
7531,101555,6740,512,445,true,91,132,104,118,heuristic
7532,101556,6320,512,425,true,113,105,126,81,heuristic
7533,101557,12156,1024,719,true,217,138,182,182,heuristic
7534,101558,3156,256,257,true,85,42,64,66,heuristic
7535,101559,7168,512,492,true,136,115,115,126,heuristic
7536,101560,6776,512,460,true,115,130,111,104,heuristic
7537,101561,7056,512,481,true,138,104,138,101,heuristic
7538,101562,5228,512,359,true,87,83,91,98,heuristic
7539,101563,15340,1024,892,true,246,215,240,191,heuristic
7540,101564,12152,1024,719,true,164,187,179,189,heuristic
7541,101565,3948,256,323,true,94,74,87,68,heuristic
7542,101566,7000,512,472,true,109,131,121,111,heuristic
7543,101567,8380,512,571,true,148,144,162,117,heuristic
7544,101568,6376,512,427,true,102,123,88,114,heuristic
7545,101569,8132,512,553,true,134,155,138,126,heuristic
7546,101570,5744,512,408,true,118,92,100,98,heuristic
7547,101571,6464,512,439,true,109,119,105,106,heuristic
7548,101572,5752,512,410,true,121,92,91,106,heuristic
7549,101573,5496,512,389,true,107,96,106,80,heuristic
7550,101574,5476,512,390,true,112,84,98,96,heuristic
7551,101575,7200,512,499,true,120,120,131,128,heuristic
7552,101576,6448,512,441,true,116,123,112,90,heuristic
7553,101577,11348,1024,662,true,174,154,168,166,heuristic
7554,101578,14648,1024,862,true,197,237,214,214,heuristic
7555,101579,7456,512,505,true,129,129,123,124,heuristic
7556,101580,7056,512,486,true,121,125,106,134,heuristic
7557,101581,12360,1024,739,true,195,175,192,177,heuristic
7558,101582,6432,512,436,true,111,111,106,108,heuristic
7559,101583,2436,256,206,true,57,44,50,55,heuristic
7560,101584,7740,512,526,true,118,142,114,152,heuristic
7561,101585,3076,256,249,true,59,61,74,55,heuristic
7562,101586,7264,512,488,true,133,118,117,120,heuristic
7563,101587,7420,512,510,true,139,120,128,123,heuristic
7564,101588,3364,256,273,true,68,70,69,66,heuristic
7565,101589,7356,512,512,true,141,115,136,120,heuristic
7566,101590,12396,1024,736,true,190,185,178,183,heuristic
7567,101591,6436,512,442,true,120,110,104,108,heuristic
7568,101592,14456,1024,846,true,191,218,216,221,heuristic
7569,101593,7224,512,505,true,137,122,121,125,heuristic
7570,101594,7044,512,474,true,114,117,135,108,heuristic
7571,101595,7272,512,502,true,116,131,143,112,heuristic
7572,101596,6876,512,467,true,112,124,120,111,heuristic
7573,101597,12172,1024,718,true,171,175,205,167,heuristic
7574,101598,7144,512,490,true,118,121,132,119,heuristic
7575,101599,7116,512,492,true,132,105,121,134,heuristic
7576,101600,12412,1024,746,true,203,177,161,205,heuristic
7577,101601,6748,512,447,true,108,118,130,91,heuristic
7578,101602,13580,1024,768,true,179,212,212,165,heuristic
7579,101603,7204,512,500,true,137,106,133,124,heuristic
7580,101604,7096,512,487,true,136,112,118,121,heuristic
7581,101605,7156,512,493,true,119,117,155,102,heuristic
7582,101606,12152,1024,718,true,158,203,199,158,heuristic
7583,101607,7096,512,479,true,126,110,112,131,heuristic
7584,101608,7084,512,482,true,122,118,129,113,heuristic
7585,101609,7048,512,478,true,118,130,118,112,heuristic
7586,101610,5788,512,399,true,118,78,117,86,heuristic
7587,101611,7072,512,480,true,105,118,142,115,heuristic
7588,101612,16384,1024,972,true,254,238,270,210,heuristic
7589,101613,3344,256,283,true,72,80,85,46,heuristic
7590,101614,6796,512,459,true,115,116,113,115,heuristic
7591,101615,14480,1024,838,true,193,243,208,194,heuristic
7592,101616,12196,1024,725,true,195,168,204,158,heuristic
7593,101617,3352,256,274,true,76,54,72,72,heuristic
7594,101618,11644,1024,683,true,168,195,158,162,heuristic
7595,101619,11108,1024,662,true,195,143,155,169,heuristic
7596,101620,3268,256,273,true,69,59,63,82,heuristic
7597,101621,13676,1024,779,true,207,186,231,155,heuristic
7598,101622,3064,256,251,true,55,61,63,72,heuristic
7599,101623,6984,512,479,true,113,116,132,118,heuristic
7600,101624,3384,256,279,true,85,59,75,60,heuristic
7601,101625,3388,256,279,true,92,54,68,65,heuristic
7602,101626,11440,1024,664,true,159,180,169,156,heuristic
7603,101627,6340,512,430,true,121,88,113,108,heuristic
7604,101628,6624,512,452,true,121,117,127,87,heuristic
7605,101629,7084,512,486,true,127,124,137,98,heuristic
7606,101630,6752,512,453,true,134,99,114,106,heuristic
7607,101631,10736,1024,636,true,147,168,166,155,heuristic
7608,101632,15628,1024,906,true,216,247,268,175,heuristic
7609,101633,7092,512,484,true,138,113,138,95,heuristic
7610,101634,3116,256,260,true,65,69,62,64,heuristic
7611,101635,11500,1024,665,true,179,155,181,150,heuristic
7612,101636,7212,512,498,true,138,110,151,99,heuristic
7613,101637,11420,1024,664,true,180,148,152,184,heuristic
7614,101638,15804,1024,924,true,229,223,253,219,heuristic
7615,101639,3304,256,274,true,57,81,75,61,heuristic
7616,101640,5348,512,369,true,107,79,102,81,heuristic
7617,101641,12152,1024,726,true,204,170,190,162,heuristic
7618,101642,14488,1024,848,true,225,192,214,217,heuristic
7619,101643,15324,1024,888,true,238,217,223,210,heuristic
7620,101644,11652,1024,682,true,177,168,207,130,heuristic
7621,101645,7248,512,499,true,136,127,135,101,heuristic
7622,101646,6244,512,442,true,121,108,109,104,heuristic
7623,101647,7168,512,491,true,119,132,130,110,heuristic
7624,101648,7756,512,531,true,130,127,145,129,heuristic
7625,101649,5404,512,372,true,80,111,116,65,heuristic
7626,101650,11904,1024,701,true,183,178,174,166,heuristic
7627,101651,7264,512,511,true,135,118,138,120,heuristic
7628,101652,11824,1024,684,true,187,166,161,170,heuristic
7629,101653,7208,512,498,true,134,119,117,128,heuristic
7630,101654,12468,1024,733,true,160,207,185,181,heuristic
7631,101655,6824,512,467,true,125,123,125,94,heuristic
7632,101656,2856,256,235,true,62,53,56,64,heuristic
7633,101657,6604,512,447,true,120,99,133,95,heuristic
7634,101658,7072,512,479,true,133,113,115,118,heuristic
7635,101659,7540,512,521,true,145,135,138,103,heuristic
7636,101660,5792,512,405,true,105,98,105,97,heuristic
7637,101661,7008,512,474,true,116,127,141,90,heuristic
7638,101662,7096,512,490,true,118,132,125,115,heuristic
7639,101663,16036,1024,933,true,221,248,216,248,heuristic
7640,101664,15284,1024,894,true,199,239,200,256,heuristic
7641,101665,3752,256,299,true,80,68,68,83,heuristic
7642,101666,15676,1024,922,true,198,254,228,242,heuristic
7643,101667,6776,512,455,true,124,106,124,101,heuristic
7644,101668,7784,512,533,true,143,118,133,139,heuristic
7645,101669,3244,256,264,true,47,84,88,45,heuristic
7646,101670,3496,256,293,true,84,64,79,66,heuristic
7647,101671,11068,1024,632,true,176,141,148,167,heuristic
7648,101672,7064,512,482,true,111,121,118,132,heuristic
7649,101673,7364,512,509,true,128,128,149,104,heuristic
7650,101674,12004,1024,703,true,160,194,186,163,heuristic
7651,101675,7544,512,517,true,149,122,132,114,heuristic
7652,101676,12024,1024,703,true,151,191,197,164,heuristic
7653,101677,3328,256,269,true,75,74,67,53,heuristic
7654,101678,12288,1024,739,true,193,191,176,179,heuristic
7655,101679,3328,256,283,true,99,46,75,63,heuristic
7656,101680,6584,512,448,true,124,107,110,107,heuristic
7657,101681,7724,512,528,true,135,141,136,116,heuristic
7658,101682,10460,1024,608,true,163,138,177,130,heuristic
7659,101683,5476,512,384,true,101,87,108,88,heuristic
7660,101684,10788,1024,635,true,172,149,154,160,heuristic
7661,101685,7340,512,504,true,128,130,149,97,heuristic
7662,101686,5360,512,372,true,92,93,96,91,heuristic
7663,101687,6108,512,431,true,106,100,117,108,heuristic
7664,101688,7452,512,526,true,163,117,146,100,heuristic
7665,101689,14168,1024,814,true,224,184,188,218,heuristic
7666,101690,6988,512,470,true,103,131,135,101,heuristic
7667,101691,3440,256,284,true,77,76,77,54,heuristic
7668,101692,7220,512,487,true,114,130,114,129,heuristic
7669,101693,6808,512,462,true,134,105,106,117,heuristic
7670,101694,7400,512,506,true,142,117,132,115,heuristic
7671,101695,11984,1024,704,true,213,154,142,195,heuristic
7672,101696,11616,1024,691,true,154,188,197,152,heuristic
7673,101697,10804,1024,647,true,154,161,162,170,heuristic
7674,101698,12236,1024,736,true,180,187,207,162,heuristic
7675,101699,3516,256,295,true,81,66,83,65,heuristic
7676,101700,6876,512,479,true,135,114,108,122,heuristic
7677,101701,3168,256,260,true,73,56,61,70,heuristic
7678,101702,10420,1024,601,true,159,139,147,156,heuristic
7679,101703,7096,512,485,true,124,124,104,133,heuristic
7680,101704,12492,1024,754,true,195,188,165,206,heuristic
7681,101705,3216,256,272,true,54,74,86,58,heuristic
7682,101706,7348,512,508,true,125,137,157,89,heuristic
7683,101707,12252,1024,720,true,167,194,210,149,heuristic
7684,101708,14176,1024,816,true,214,180,194,228,heuristic
7685,101709,7016,512,483,true,127,115,121,120,heuristic
7686,101710,4928,256,376,true,108,92,91,85,heuristic
7687,101711,5532,512,391,true,112,96,88,95,heuristic
7688,101712,5436,512,379,true,90,109,82,98,heuristic
7689,101713,6136,512,430,true,109,112,115,94,heuristic
7690,101714,6120,512,427,true,121,102,121,83,heuristic
7691,101715,12296,1024,737,true,172,187,210,168,heuristic
7692,101716,6436,512,438,true,108,122,99,109,heuristic
7693,101717,5688,512,399,true,110,90,104,95,heuristic
7694,101718,9572,512,618,true,152,144,176,146,heuristic
7695,101719,13732,1024,790,true,189,207,213,181,heuristic
7696,101720,11436,1024,664,true,191,141,156,176,heuristic
7697,101721,14476,1024,843,true,203,213,192,235,heuristic
7698,101722,7084,512,487,true,133,122,121,111,heuristic
7699,101723,14372,1024,833,true,227,207,208,191,heuristic
7700,101724,3852,256,315,true,88,71,67,89,heuristic
7701,101725,6676,512,457,true,142,90,127,98,heuristic
7702,101726,5632,512,397,true,112,81,121,83,heuristic
7703,101727,7068,512,479,true,122,111,153,93,heuristic
7704,101728,5440,512,381,true,96,96,113,76,heuristic
7705,101729,7288,512,510,true,138,117,124,131,heuristic
7706,101730,7056,512,477,true,127,108,118,124,heuristic
7707,101731,6420,512,435,true,119,106,100,110,heuristic
7708,101732,7072,512,483,true,136,108,108,131,heuristic
7709,101733,6860,512,464,true,111,124,118,111,heuristic
7710,101734,6784,512,455,true,114,125,127,89,heuristic
7711,101735,3260,256,272,true,75,66,57,74,heuristic
7712,101736,4004,256,325,true,93,57,96,79,heuristic
7713,101737,7076,512,486,true,116,126,115,129,heuristic
7714,101738,5708,512,404,true,107,95,112,90,heuristic
7715,101739,14444,1024,839,true,198,221,224,196,heuristic
7716,101740,3212,256,267,true,73,68,66,60,heuristic
7717,101741,6996,512,478,true,119,116,119,124,heuristic
7718,101742,7368,512,514,true,159,98,144,113,heuristic
7719,101743,6732,512,473,true,126,116,106,125,heuristic
7720,101744,7136,512,484,true,145,91,126,122,heuristic
7721,101745,7120,512,489,true,123,139,131,96,heuristic
7722,101746,7448,512,524,true,144,124,130,126,heuristic
7723,101747,10676,1024,628,true,189,142,139,158,heuristic
7724,101748,4156,256,335,true,79,87,77,92,heuristic
7725,101749,14364,1024,832,true,193,211,208,220,heuristic
7726,101750,3320,256,267,true,73,62,72,60,heuristic
7727,101751,5580,512,384,true,112,86,100,86,heuristic
7728,101752,8484,512,559,true,129,143,153,134,heuristic
7729,101753,15324,1024,884,true,216,230,231,207,heuristic
7730,101754,5340,512,373,true,115,79,96,83,heuristic
7731,101755,7160,512,489,true,125,125,135,104,heuristic
7732,101756,3036,256,244,true,73,47,64,60,heuristic
7733,101757,12072,1024,710,true,178,181,186,165,heuristic
7734,101758,7076,512,485,true,146,105,116,118,heuristic
7735,101759,10760,1024,638,true,174,151,167,146,heuristic
7736,101760,12244,1024,725,true,193,177,187,168,heuristic
7737,101761,3420,256,284,true,72,73,64,75,heuristic
7738,101762,3812,256,306,true,83,78,75,70,heuristic
7739,101763,14348,1024,832,true,209,213,216,194,heuristic
7740,101764,12040,1024,702,true,190,165,159,188,heuristic
7741,101765,7156,512,490,true,144,108,136,102,heuristic
7742,101766,12356,1024,745,true,189,191,200,165,heuristic
7743,101767,6560,512,442,true,108,114,119,101,heuristic
7744,101768,12148,1024,725,true,201,161,190,173,heuristic
7745,101769,14284,1024,838,true,215,208,212,203,heuristic
7746,101770,5788,512,419,true,84,123,100,112,heuristic
7747,101771,3196,256,267,true,68,64,64,71,heuristic
7748,101772,5456,512,384,true,95,94,89,106,heuristic
7749,101773,6400,512,444,true,109,102,136,97,heuristic
7750,101774,12936,1024,787,true,229,184,227,147,heuristic
7751,101775,12200,1024,730,true,185,179,192,174,heuristic
7752,101776,7200,512,492,true,145,112,119,116,heuristic
7753,101777,6432,512,436,true,105,111,123,97,heuristic
7754,101778,7212,512,499,true,138,114,125,122,heuristic
7755,101779,14316,1024,838,true,212,211,204,211,heuristic
7756,101780,12204,1024,727,true,203,168,198,158,heuristic
7757,101781,12144,1024,724,true,176,173,179,196,heuristic
7758,101782,6452,512,437,true,127,98,119,93,heuristic
7759,101783,3072,256,245,true,82,52,65,46,heuristic
7760,101784,11656,1024,687,true,172,175,169,171,heuristic
7761,101785,14288,1024,828,true,201,200,218,209,heuristic
7762,101786,7168,512,491,true,137,122,129,103,heuristic
7763,101787,8604,512,548,true,152,119,127,150,heuristic
7764,101788,7320,512,510,true,110,156,142,102,heuristic
7765,101789,7124,512,492,true,129,119,127,117,heuristic
7766,101790,7252,512,497,true,138,114,121,124,heuristic
7767,101791,3368,256,278,true,81,57,71,69,heuristic
7768,101792,3420,256,285,true,94,55,62,74,heuristic
7769,101793,11944,1024,710,true,183,167,194,166,heuristic
7770,101794,6520,512,443,true,152,70,113,108,heuristic
7771,101795,7116,512,483,true,130,111,133,109,heuristic
7772,101796,6300,512,420,true,101,113,104,102,heuristic
7773,101797,5316,512,365,true,103,77,98,87,heuristic
7774,101798,7052,512,479,true,147,106,115,111,heuristic
7775,101799,6784,512,449,true,120,107,138,84,heuristic
7776,101800,7000,512,467,true,137,103,102,125,heuristic
7777,101801,5364,512,370,true,100,77,105,88,heuristic
7778,101802,8556,512,579,true,149,148,165,117,heuristic
7779,101803,12528,1024,762,true,196,195,193,178,heuristic
7780,101804,5464,512,386,true,105,86,91,104,heuristic
7781,101805,5384,512,383,true,100,96,114,73,heuristic
7782,101806,12304,1024,736,true,176,198,183,179,heuristic
7783,101807,7076,512,481,true,136,111,144,90,heuristic
7784,101808,12164,1024,721,true,178,196,187,160,heuristic
7785,101809,5452,512,380,true,97,92,93,98,heuristic
7786,101810,11868,1024,691,true,175,177,169,170,heuristic
7787,101811,11136,1024,669,true,161,165,196,147,heuristic
7788,101812,7196,512,498,true,140,110,139,109,heuristic
7789,101813,6684,512,449,true,132,90,121,106,heuristic
7790,101814,12864,1024,769,true,168,214,202,185,heuristic
7791,101815,13044,1024,766,true,226,164,182,194,heuristic
7792,101816,10496,1024,606,true,157,133,172,144,heuristic
7793,101817,5484,512,378,true,94,106,94,84,heuristic
7794,101818,3148,256,260,true,65,59,77,59,heuristic
7795,101819,7496,512,511,true,143,131,128,109,heuristic
7796,101820,6004,512,414,true,104,97,101,112,heuristic
7797,101821,7060,512,482,true,125,105,156,96,heuristic
7798,101822,12100,1024,717,true,196,160,182,179,heuristic
7799,101823,13796,1024,804,true,203,214,209,178,heuristic
7800,101824,12144,1024,717,true,183,177,189,168,heuristic
7801,101825,11784,1024,699,true,168,176,190,165,heuristic
7802,101826,11024,1024,648,true,157,160,171,160,heuristic
7803,101827,7260,512,487,true,122,125,127,113,heuristic
7804,101828,7696,512,524,true,145,116,137,126,heuristic
7805,101829,6996,512,467,true,102,129,120,116,heuristic
7806,101830,7028,512,473,true,136,106,131,100,heuristic
7807,101831,7076,512,481,true,134,106,128,113,heuristic
7808,101832,5368,512,378,true,110,83,97,88,heuristic
7809,101833,12184,1024,727,true,174,198,178,177,heuristic
7810,101834,12372,1024,742,true,191,169,194,188,heuristic
7811,101835,7548,512,513,true,129,141,110,133,heuristic
7812,101836,7132,512,494,true,135,110,135,114,heuristic
7813,101837,3468,256,288,true,67,86,72,63,heuristic
7814,101838,5004,512,337,true,83,88,87,79,heuristic
7815,101839,7124,512,486,true,129,119,128,110,heuristic
7816,101840,7220,512,505,true,139,114,126,126,heuristic
7817,101841,6000,512,394,true,107,87,99,101,heuristic
7818,101842,11988,1024,701,true,196,158,155,192,heuristic
7819,101843,12372,1024,742,true,181,180,196,185,heuristic
7820,101844,1468,128,152,true,37,39,30,46,heuristic
7821,101845,11508,1024,676,true,178,163,182,153,heuristic
7822,101846,3136,256,257,true,71,61,63,62,heuristic
7823,101847,7136,512,489,true,115,129,138,107,heuristic
7824,101848,5608,512,394,true,105,93,93,103,heuristic
7825,101849,3380,256,275,true,72,61,82,60,heuristic
7826,101850,3124,256,252,true,80,48,67,57,heuristic
7827,101851,12356,1024,732,true,191,176,173,192,heuristic
7828,101852,6448,512,441,true,121,113,105,102,heuristic
7829,101853,5608,512,390,true,100,92,88,110,heuristic
7830,101854,6380,512,428,true,90,120,114,104,heuristic
7831,101855,11132,1024,663,true,156,179,151,177,heuristic
7832,101856,14860,1024,865,true,209,234,214,208,heuristic
7833,101857,3240,256,273,true,80,61,73,59,heuristic
7834,101858,7188,512,496,true,117,139,118,122,heuristic
7835,101859,7172,512,493,true,126,114,129,124,heuristic
7836,101860,11808,1024,692,true,179,171,201,141,heuristic
7837,101861,12200,1024,726,true,179,181,176,190,heuristic
7838,101862,3428,256,281,true,85,58,72,66,heuristic
7839,101863,5732,512,401,true,103,102,100,96,heuristic
7840,101864,5460,512,379,true,108,91,95,85,heuristic
7841,101865,14456,1024,843,true,183,232,212,216,heuristic
7842,101866,5440,512,380,true,101,98,89,92,heuristic
7843,101867,6992,512,466,true,123,107,128,108,heuristic
7844,101868,12540,1024,752,true,206,175,181,190,heuristic
7845,101869,7408,512,508,true,150,112,120,126,heuristic
7846,101870,7084,512,484,true,119,133,133,99,heuristic
7847,101871,6528,512,444,true,116,116,111,101,heuristic
7848,101872,7204,512,498,true,130,111,132,125,heuristic
7849,101873,15972,1024,937,true,249,211,251,226,heuristic
7850,101874,10432,1024,607,true,154,155,141,157,heuristic
7851,101875,5752,512,409,true,116,94,92,107,heuristic
7852,101876,13724,1024,788,true,210,179,215,184,heuristic
7853,101877,7068,512,483,true,107,142,115,119,heuristic
7854,101878,7136,512,496,true,134,118,115,129,heuristic
7855,101879,3276,256,271,true,51,81,70,69,heuristic
7856,101880,12184,1024,722,true,179,185,174,184,heuristic
7857,101881,11056,1024,631,true,172,144,152,163,heuristic
7858,101882,7292,512,508,true,121,143,108,136,heuristic
7859,101883,7088,512,485,true,129,108,134,114,heuristic
7860,101884,6992,512,470,true,126,114,129,101,heuristic
7861,101885,5648,512,397,true,95,97,104,101,heuristic
7862,101886,6228,512,444,true,88,116,114,126,heuristic
7863,101887,5832,512,407,true,94,106,132,75,heuristic
7864,101888,7176,512,494,true,133,110,146,105,heuristic
7865,101889,7016,512,470,true,125,97,154,94,heuristic
7866,101890,7944,512,542,true,140,124,135,143,heuristic
7867,101891,11568,1024,687,true,158,168,177,184,heuristic
7868,101892,6580,512,445,true,120,95,118,112,heuristic
7869,101893,12356,1024,739,true,191,190,167,191,heuristic
7870,101894,15940,1024,924,true,246,223,219,236,heuristic
7871,101895,11652,1024,689,true,183,165,199,142,heuristic
7872,101896,7328,512,501,true,138,121,127,115,heuristic
7873,101897,3876,256,313,true,94,56,81,82,heuristic
7874,101898,14492,1024,845,true,226,197,212,210,heuristic
7875,101899,5304,512,362,true,104,82,90,86,heuristic
7876,101900,7128,512,487,true,140,98,120,129,heuristic
7877,101901,7140,512,489,true,129,107,132,121,heuristic
7878,101902,7404,512,503,true,133,116,126,128,heuristic
7879,101903,7332,512,502,true,125,128,127,122,heuristic
7880,101904,7096,512,480,true,113,127,103,137,heuristic
7881,101905,11540,1024,679,true,184,168,166,161,heuristic
7882,101906,7152,512,492,true,134,110,120,128,heuristic
7883,101907,6804,512,455,true,134,103,119,99,heuristic
7884,101908,7116,512,485,true,129,111,131,114,heuristic
7885,101909,6964,512,470,true,130,106,129,105,heuristic
7886,101910,6772,512,453,true,121,104,111,117,heuristic
7887,101911,16052,1024,948,true,271,215,234,228,heuristic
7888,101912,11456,1024,673,true,183,158,172,160,heuristic
7889,101913,11512,1024,677,true,187,145,159,186,heuristic
7890,101914,11384,1024,663,true,160,168,163,172,heuristic
7891,101915,7428,512,508,true,130,125,128,125,heuristic
7892,101916,3152,256,260,true,73,62,73,52,heuristic
7893,101917,7160,512,494,true,120,121,129,124,heuristic
7894,101918,12368,1024,741,true,174,195,191,181,heuristic
7895,101919,10428,1024,607,true,171,148,148,140,heuristic
7896,101920,6968,512,475,true,145,102,111,117,heuristic
7897,101921,10596,1024,614,true,165,138,155,156,heuristic
7898,101922,13824,1024,793,true,191,213,179,210,heuristic
7899,101923,3232,256,265,true,87,52,69,57,heuristic
7900,101924,11792,1024,703,true,181,184,171,167,heuristic
7901,101925,5592,512,386,true,111,88,70,117,heuristic
7902,101926,6368,512,431,true,111,98,129,93,heuristic
7903,101927,3632,256,300,true,86,68,76,70,heuristic
7904,101928,7056,512,480,true,112,118,128,122,heuristic
7905,101929,11904,1024,702,true,219,142,195,146,heuristic
7906,101930,5624,512,395,true,115,87,100,93,heuristic
7907,101931,3148,256,255,true,52,76,62,65,heuristic
7908,101932,3776,256,304,true,86,72,94,52,heuristic
7909,101933,7604,512,521,true,128,143,130,120,heuristic
7910,101934,7064,512,483,true,127,106,121,129,heuristic
7911,101935,7896,512,549,true,128,133,133,155,heuristic
7912,101936,12168,1024,719,true,167,184,183,185,heuristic
7913,101937,3916,256,319,true,88,70,74,87,heuristic
7914,101938,3200,256,265,true,72,59,79,55,heuristic
7915,101939,11080,1024,654,true,144,190,156,164,heuristic
7916,101940,4672,512,318,true,90,79,86,63,heuristic
7917,101941,7444,512,512,true,138,128,132,114,heuristic
7918,101942,15420,1024,899,true,240,200,224,235,heuristic
7919,101943,2448,256,209,true,50,52,65,42,heuristic
7920,101944,12352,1024,748,true,207,169,185,187,heuristic
7921,101945,7524,512,521,true,123,131,153,114,heuristic
7922,101946,12228,1024,733,true,194,176,204,159,heuristic
7923,101947,10556,1024,619,true,179,136,142,162,heuristic
7924,101948,7260,512,498,true,136,118,124,120,heuristic
7925,101949,5404,512,376,true,99,96,105,76,heuristic
7926,101950,11800,1024,692,true,171,175,183,163,heuristic
7927,101951,8108,512,552,true,155,137,137,123,heuristic
7928,101952,7184,512,496,true,126,118,132,120,heuristic
7929,101953,5476,512,389,true,82,108,113,86,heuristic
7930,101954,7884,512,547,true,147,127,142,131,heuristic
7931,101955,7580,512,526,true,133,141,110,142,heuristic
7932,101956,6908,512,474,true,111,126,114,123,heuristic
7933,101957,6432,512,437,true,88,128,132,89,heuristic
7934,101958,7288,512,506,true,138,120,113,135,heuristic
7935,101959,15456,1024,908,true,243,201,227,237,heuristic
7936,101960,7156,512,489,true,125,116,114,134,heuristic
7937,101961,15204,1024,881,true,182,260,228,211,heuristic
7938,101962,6824,512,467,true,104,133,117,113,heuristic
7939,101963,7812,512,521,true,130,129,150,112,heuristic
7940,101964,6620,512,452,true,119,110,136,87,heuristic
7941,101965,6820,512,465,true,129,93,112,131,heuristic
7942,101966,5740,512,411,true,114,83,109,105,heuristic
7943,101967,7156,512,489,true,117,120,147,105,heuristic
7944,101968,12228,1024,728,true,212,144,205,167,heuristic
7945,101969,12372,1024,738,true,181,196,194,167,heuristic
7946,101970,6920,512,473,true,117,122,131,103,heuristic
7947,101971,3292,256,279,true,65,73,66,75,heuristic
7948,101972,6628,512,453,true,106,115,149,83,heuristic
7949,101973,7008,512,473,true,132,106,134,101,heuristic
7950,101974,6576,512,441,true,118,108,120,95,heuristic
7951,101975,7536,512,517,true,135,129,130,123,heuristic
7952,101976,12388,1024,740,true,209,169,213,149,heuristic
7953,101977,7196,512,506,true,129,111,139,127,heuristic
7954,101978,10644,1024,630,true,168,148,135,179,heuristic
7955,101979,5404,512,372,true,101,90,96,85,heuristic
7956,101980,6788,512,458,true,106,134,142,76,heuristic
7957,101981,6752,512,449,true,125,98,109,117,heuristic
7958,101982,7036,512,476,true,120,123,130,103,heuristic
7959,101983,3024,256,249,true,67,53,70,59,heuristic
7960,101984,12224,1024,733,true,182,179,202,170,heuristic
7961,101985,12100,1024,723,true,185,183,206,149,heuristic
7962,101986,3556,256,303,true,65,89,82,67,heuristic
7963,101987,10384,1024,609,true,176,131,146,156,heuristic
7964,101988,6676,512,461,true,128,120,115,98,heuristic
7965,101989,7068,512,483,true,111,128,120,124,heuristic
7966,101990,6832,512,461,true,113,135,129,84,heuristic
7967,101991,6420,512,435,true,99,118,125,93,heuristic
7968,101992,13744,1024,788,true,226,163,227,172,heuristic
7969,101993,6924,512,475,true,131,106,108,130,heuristic
7970,101994,7704,512,538,true,139,130,138,131,heuristic
7971,101995,6432,512,436,true,121,96,117,102,heuristic
7972,101996,6408,512,435,true,123,100,108,104,heuristic
7973,101997,14356,1024,834,true,224,200,198,212,heuristic
7974,101998,7164,512,491,true,110,135,117,129,heuristic
7975,101999,7144,512,497,true,116,125,123,133,heuristic
7976,102000,6888,512,470,true,115,104,133,118,heuristic
7977,102001,3600,256,288,true,65,84,85,54,heuristic
7978,102002,16208,1024,964,true,255,226,231,252,heuristic
7979,102003,7100,512,476,true,142,105,128,101,heuristic
7980,102004,7148,512,487,true,127,122,112,126,heuristic
7981,102005,15448,1024,909,true,237,198,232,242,heuristic
7982,102006,6288,512,417,true,136,76,104,101,heuristic
7983,102007,15448,1024,897,true,216,222,257,202,heuristic
7984,102008,7348,512,505,true,140,114,122,129,heuristic
7985,102009,3188,256,266,true,74,65,55,72,heuristic
7986,102010,7032,512,480,true,147,109,110,114,heuristic
7987,102011,7136,512,492,true,127,118,138,109,heuristic
7988,102012,7372,512,510,true,144,113,122,131,heuristic
7989,102013,7096,512,490,true,121,134,134,101,heuristic
7990,102014,6908,512,471,true,118,119,105,129,heuristic
7991,102015,12456,1024,732,true,166,179,180,207,heuristic
7992,102016,13204,1024,784,true,237,179,211,157,heuristic
7993,102017,5568,512,395,true,115,88,114,78,heuristic
7994,102018,7188,512,496,true,143,110,115,128,heuristic
7995,102019,12372,1024,741,true,190,178,184,189,heuristic
7996,102020,3164,256,261,true,72,63,63,63,heuristic
7997,102021,6524,512,447,true,88,125,105,129,heuristic
7998,102022,14800,1024,874,true,227,222,207,218,heuristic
7999,102023,6424,512,434,true,122,90,104,118,heuristic
8000,102024,7872,512,543,true,150,128,130,135,heuristic
8001,102025,10384,1024,603,true,166,141,164,132,heuristic
8002,102026,7128,512,486,true,136,99,115,136,heuristic
8003,102027,16020,1024,929,true,247,223,245,214,heuristic
8004,102028,7200,512,489,true,133,106,127,123,heuristic
8005,102029,3360,256,277,true,65,78,72,62,heuristic
8006,102030,5352,512,370,true,97,83,112,78,heuristic
8007,102031,2628,256,222,true,68,49,59,46,heuristic
8008,102032,6508,512,451,true,139,86,135,91,heuristic
8009,102033,2776,256,227,true,57,56,54,60,heuristic
8010,102034,7440,512,508,true,144,107,118,139,heuristic
8011,102035,3436,256,284,true,96,57,66,65,heuristic
8012,102036,7052,512,478,true,111,107,154,106,heuristic
8013,102037,6568,512,457,true,121,105,122,109,heuristic
8014,102038,7036,512,481,true,112,133,138,98,heuristic
8015,102039,10372,1024,606,true,141,163,159,143,heuristic
8016,102040,3248,256,265,true,68,64,72,61,heuristic
8017,102041,6616,512,451,true,114,107,96,134,heuristic
8018,102042,8176,512,543,true,142,133,135,133,heuristic
8019,102043,5644,512,399,true,111,96,98,94,heuristic
8020,102044,5812,512,414,true,108,101,121,84,heuristic
8021,102045,7336,512,503,true,134,131,105,133,heuristic
8022,102046,6376,512,428,true,101,115,94,118,heuristic
8023,102047,7092,512,491,true,132,119,142,98,heuristic
8024,102048,5648,512,401,true,120,84,113,84,heuristic
8025,102049,7808,512,539,true,145,128,131,135,heuristic
8026,102050,12240,1024,721,true,191,185,184,161,heuristic
8027,102051,3092,256,254,true,77,54,69,54,heuristic
8028,102052,5456,512,384,true,114,73,105,92,heuristic
8029,102053,2204,128,207,true,50,57,55,45,heuristic
8030,102054,2864,256,224,true,68,46,57,53,heuristic
8031,102055,7132,512,483,true,104,138,126,115,heuristic
8032,102056,12052,1024,711,true,164,190,177,180,heuristic
8033,102057,10356,1024,598,true,158,153,146,141,heuristic
8034,102058,12480,1024,752,true,195,190,201,166,heuristic
8035,102059,7436,512,515,true,140,115,124,136,heuristic
8036,102060,3404,256,282,true,92,53,85,52,heuristic
8037,102061,4688,512,325,true,80,84,82,79,heuristic
8038,102062,5588,512,385,true,99,93,101,92,heuristic
8039,102063,6792,512,451,true,123,111,118,99,heuristic
8040,102064,6476,512,443,true,137,83,118,105,heuristic
8041,102065,7084,512,483,true,131,116,109,127,heuristic
8042,102066,3088,256,257,true,78,56,58,65,heuristic
8043,102067,7176,512,495,true,134,129,125,107,heuristic
8044,102068,6432,512,436,true,106,105,116,109,heuristic
8045,102069,5460,512,388,true,93,95,122,78,heuristic
8046,102070,3720,256,314,true,95,63,71,85,heuristic
8047,102071,11848,1024,687,true,199,157,168,163,heuristic
8048,102072,3220,256,269,true,81,61,82,45,heuristic
8049,102073,7108,512,492,true,122,131,139,100,heuristic
8050,102074,3180,256,260,true,86,43,77,54,heuristic
8051,102075,7212,512,503,true,133,116,142,112,heuristic
8052,102076,7828,512,545,true,154,125,154,112,heuristic
8053,102077,7112,512,490,true,138,110,124,118,heuristic
8054,102078,15772,1024,906,true,233,214,257,202,heuristic
8055,102079,7288,512,502,true,127,129,127,119,heuristic
8056,102080,5468,512,384,true,115,81,83,105,heuristic
8057,102081,12408,1024,750,true,197,192,177,184,heuristic
8058,102082,5624,512,391,true,114,81,104,92,heuristic
8059,102083,3372,256,265,true,70,66,71,58,heuristic
8060,102084,6984,512,477,true,110,139,136,92,heuristic
8061,102085,7140,512,496,true,132,103,130,131,heuristic
8062,102086,7216,512,499,true,130,120,141,108,heuristic
8063,102087,12132,1024,721,true,185,185,202,149,heuristic
8064,102088,6332,512,432,true,111,111,114,96,heuristic
8065,102089,6284,512,420,true,111,101,107,101,heuristic
8066,102090,12388,1024,745,true,194,193,157,201,heuristic
8067,102091,16076,1024,943,true,257,225,229,232,heuristic
8068,102092,6372,512,437,true,116,105,117,99,heuristic
8069,102093,7264,512,490,true,150,98,115,127,heuristic
8070,102094,6368,512,429,true,84,121,110,114,heuristic
8071,102095,10384,1024,610,true,144,154,153,159,heuristic
8072,102096,7132,512,488,true,133,115,115,125,heuristic
8073,102097,5700,512,400,true,116,81,109,94,heuristic
8074,102098,13232,1024,787,true,177,225,199,186,heuristic
8075,102099,4796,256,362,true,82,86,116,78,heuristic
8076,102100,7400,512,511,true,170,102,120,119,heuristic
8077,102101,10652,1024,621,true,149,154,147,171,heuristic
8078,102102,11436,1024,664,true,167,175,196,126,heuristic
8079,102103,10428,1024,615,true,147,175,151,142,heuristic
8080,102104,11792,1024,703,true,185,168,173,177,heuristic
8081,102105,7036,512,476,true,127,113,122,114,heuristic
8082,102106,12512,1024,750,true,158,218,202,172,heuristic
8083,102107,12148,1024,725,true,175,183,184,183,heuristic
8084,102108,11972,1024,701,true,204,148,190,159,heuristic
8085,102109,7388,512,514,true,151,111,131,121,heuristic
8086,102110,13744,1024,788,true,202,180,222,184,heuristic
8087,102111,6460,512,444,true,115,103,126,100,heuristic
8088,102112,14668,1024,857,true,274,164,213,206,heuristic
8089,102113,7420,512,503,true,120,139,135,109,heuristic
8090,102114,7172,512,493,true,116,137,131,109,heuristic
8091,102115,12108,1024,715,true,171,189,177,178,heuristic
8092,102116,6976,512,476,true,121,121,123,111,heuristic
8093,102117,7020,512,472,true,130,102,115,125,heuristic
8094,102118,7076,512,485,true,140,105,137,103,heuristic
8095,102119,11460,1024,669,true,163,162,186,158,heuristic
8096,102120,10644,1024,622,true,141,175,155,151,heuristic
8097,102121,5484,512,387,true,93,91,96,107,heuristic
8098,102122,7656,512,533,true,146,120,142,125,heuristic
8099,102123,5488,512,381,true,113,67,113,88,heuristic
8100,102124,12052,1024,710,true,201,164,168,177,heuristic
8101,102125,14308,1024,821,true,196,221,206,198,heuristic
8102,102126,3848,256,306,true,76,66,102,62,heuristic
8103,102127,12244,1024,736,true,193,186,195,162,heuristic
8104,102128,7276,512,503,true,120,132,111,140,heuristic
8105,102129,7520,512,527,true,145,131,125,126,heuristic
8106,102130,10380,1024,602,true,139,165,161,137,heuristic
8107,102131,6976,512,476,true,129,113,123,111,heuristic
8108,102132,5172,512,358,true,106,78,76,98,heuristic
8109,102133,12608,1024,763,true,194,186,203,180,heuristic
8110,102134,7720,512,527,true,154,118,146,109,heuristic
8111,102135,11968,1024,701,true,179,163,186,173,heuristic
8112,102136,3164,256,263,true,81,48,71,63,heuristic
8113,102137,11900,1024,700,true,147,193,199,161,heuristic
8114,102138,2216,256,181,true,46,51,56,28,heuristic
8115,102139,12036,1024,707,true,196,163,179,169,heuristic
8116,102140,12496,1024,760,true,191,190,174,205,heuristic
8117,102141,9168,512,628,true,158,170,159,141,heuristic
8118,102142,5300,512,361,true,101,81,84,95,heuristic
8119,102143,7068,512,484,true,137,111,126,110,heuristic
8120,102144,3452,256,283,true,82,65,90,46,heuristic
8121,102145,2536,256,220,true,66,51,43,60,heuristic
8122,102146,5304,512,364,true,109,80,87,88,heuristic
8123,102147,6996,512,470,true,126,109,114,121,heuristic
8124,102148,14576,1024,852,true,217,223,213,199,heuristic
8125,102149,6732,512,463,true,114,121,133,95,heuristic
8126,102150,12404,1024,744,true,204,156,193,191,heuristic
8127,102151,7056,512,481,true,120,126,130,105,heuristic
8128,102152,7156,512,490,true,136,123,132,99,heuristic
8129,102153,11508,1024,677,true,161,185,182,149,heuristic
8130,102154,6316,512,424,true,106,110,108,100,heuristic
8131,102155,3168,256,260,true,71,63,62,64,heuristic
8132,102156,5712,512,411,true,92,107,111,101,heuristic
8133,102157,11512,1024,682,true,175,177,184,146,heuristic
8134,102158,7200,512,499,true,135,123,122,119,heuristic
8135,102159,7168,512,492,true,115,133,124,120,heuristic
8136,102160,3096,256,252,true,78,53,42,79,heuristic
8137,102161,7844,512,537,true,139,135,145,118,heuristic
8138,102162,4856,512,334,true,88,71,89,86,heuristic
8139,102163,10740,1024,636,true,146,174,162,154,heuristic
8140,102164,5352,512,367,true,84,98,85,100,heuristic
8141,102165,12180,1024,723,true,167,196,177,183,heuristic
8142,102166,14028,1024,815,true,182,232,225,176,heuristic
8143,102167,5396,512,373,true,100,81,94,98,heuristic
8144,102168,10652,1024,631,true,174,154,145,158,heuristic
8145,102169,8452,512,538,true,124,153,126,135,heuristic
8146,102170,7504,512,508,true,118,136,136,118,heuristic
8147,102171,7352,512,509,true,133,121,138,117,heuristic
8148,102172,7028,512,475,true,131,108,116,120,heuristic
8149,102173,7104,512,488,true,116,133,109,130,heuristic
8150,102174,10572,1024,627,true,165,144,158,160,heuristic
8151,102175,7164,512,494,true,101,135,137,121,heuristic
8152,102176,3152,256,261,true,67,73,59,62,heuristic
8153,102177,7008,512,477,true,147,98,114,118,heuristic
8154,102178,5724,512,407,true,127,92,97,91,heuristic
8155,102179,11048,1024,646,true,181,147,171,147,heuristic
8156,102180,6464,512,434,true,129,91,123,91,heuristic
8157,102181,10468,1024,618,true,155,169,140,154,heuristic
8158,102182,10368,1024,601,true,151,156,153,141,heuristic
8159,102183,7352,512,506,true,141,103,142,120,heuristic
8160,102184,9932,1024,571,true,151,147,157,116,heuristic
8161,102185,12384,1024,739,true,202,178,185,174,heuristic
8162,102186,6456,512,441,true,112,110,118,101,heuristic
8163,102187,12104,1024,719,true,188,171,181,179,heuristic
8164,102188,10736,1024,632,true,188,134,177,133,heuristic
8165,102189,7184,512,496,true,135,119,122,120,heuristic
8166,102190,6396,512,429,true,112,95,124,98,heuristic
8167,102191,12136,1024,721,true,198,168,182,173,heuristic
8168,102192,7068,512,484,true,120,117,135,112,heuristic
8169,102193,14464,1024,844,true,233,177,196,238,heuristic
8170,102194,3068,256,249,true,66,54,66,63,heuristic
8171,102195,5316,512,362,true,95,83,86,98,heuristic
8172,102196,3944,256,325,true,85,79,81,80,heuristic
8173,102197,7232,512,496,true,108,132,133,123,heuristic
8174,102198,6088,512,430,true,99,117,114,100,heuristic
8175,102199,7260,512,499,true,105,155,128,111,heuristic
8176,102200,3964,256,320,true,81,79,77,83,heuristic
8177,102201,3356,256,276,true,59,87,59,71,heuristic
8178,102202,7144,512,486,true,124,121,124,117,heuristic
8179,102203,6512,512,441,true,120,96,122,103,heuristic
8180,102204,17636,1024,1000,false,239,276,263,222,heuristic
8181,102205,7304,512,510,true,138,123,148,101,heuristic
8182,102206,5808,512,408,true,120,86,105,97,heuristic
8183,102207,6296,512,450,true,114,110,121,105,heuristic
8184,102208,5336,512,371,true,100,96,87,88,heuristic
8185,102209,5336,512,367,true,73,109,110,75,heuristic
8186,102210,12232,1024,734,true,177,203,195,159,heuristic
8187,102211,12268,1024,727,true,182,186,181,178,heuristic
8188,102212,12212,1024,730,true,197,170,181,182,heuristic
8189,102213,7352,512,510,true,127,124,127,132,heuristic
8190,102214,7508,512,508,true,150,97,128,133,heuristic
8191,102215,11520,1024,680,true,178,154,159,189,heuristic
8192,102216,3440,256,284,true,76,70,76,62,heuristic
8193,102217,5416,512,378,true,83,108,111,76,heuristic
8194,102218,6640,512,453,true,104,130,93,126,heuristic
8195,102219,12168,1024,729,true,173,185,185,186,heuristic
8196,102220,10424,1024,614,true,152,146,162,154,heuristic
8197,102221,12236,1024,730,true,197,165,204,164,heuristic
8198,102222,6768,512,457,true,120,120,120,97,heuristic
8199,102223,6468,512,465,true,137,96,125,107,heuristic
8200,102224,12084,1024,715,true,185,185,174,171,heuristic
8201,102225,6836,512,477,true,126,107,108,136,heuristic
8202,102226,7220,512,500,true,125,121,121,133,heuristic
8203,102227,10740,1024,637,true,168,141,163,165,heuristic
8204,102228,6800,512,461,true,131,108,121,101,heuristic
8205,102229,6664,512,462,true,129,107,129,97,heuristic
8206,102230,5348,512,374,true,116,81,90,87,heuristic
8207,102231,7856,512,541,true,136,140,124,141,heuristic
8208,102232,7072,512,479,true,134,103,126,116,heuristic
8209,102233,6660,512,456,true,116,108,111,121,heuristic
8210,102234,13176,1024,777,true,212,167,208,190,heuristic
8211,102235,2428,256,205,true,52,44,44,65,heuristic
8212,102236,7088,512,481,true,151,91,111,128,heuristic
8213,102237,10632,1024,623,true,148,172,167,136,heuristic
8214,102238,3984,256,330,true,83,81,85,81,heuristic
8215,102239,14600,1024,863,true,230,205,203,225,heuristic
8216,102240,7184,512,496,true,115,133,120,128,heuristic
8217,102241,7112,512,489,true,107,128,148,106,heuristic
8218,102242,1432,128,147,true,41,38,28,40,heuristic
8219,102243,6672,512,448,true,91,132,117,108,heuristic
8220,102244,14060,1024,808,true,228,178,206,196,heuristic
8221,102245,3200,256,268,true,83,48,83,54,heuristic
8222,102246,7824,512,544,true,143,113,144,144,heuristic
8223,102247,6672,512,459,true,128,107,139,85,heuristic
8224,102248,12176,1024,725,true,198,184,163,180,heuristic
8225,102249,12360,1024,734,true,183,196,169,186,heuristic
8226,102250,5084,512,348,true,97,86,86,79,heuristic
8227,102251,11580,1024,687,true,188,163,168,168,heuristic
8228,102252,15540,1024,919,true,229,221,229,240,heuristic
8229,102253,3108,256,258,true,76,61,77,44,heuristic
8230,102254,5664,512,393,true,102,102,85,104,heuristic
8231,102255,4272,256,331,true,74,93,92,72,heuristic
8232,102256,7436,512,511,true,126,117,136,132,heuristic
8233,102257,6520,512,443,true,109,123,108,103,heuristic
8234,102258,5288,512,359,true,89,85,105,80,heuristic
8235,102259,3392,256,279,true,74,69,62,74,heuristic
8236,102260,7272,512,498,true,130,112,136,120,heuristic
8237,102261,7220,512,489,true,122,127,132,108,heuristic
8238,102262,5704,512,403,true,96,111,100,96,heuristic
8239,102263,6972,512,480,true,140,91,124,125,heuristic
8240,102264,7408,512,515,true,153,111,125,126,heuristic
8241,102265,6700,512,468,true,154,89,94,131,heuristic
8242,102266,7148,512,494,true,135,129,112,118,heuristic
8243,102267,11868,1024,691,true,169,175,147,200,heuristic
8244,102268,7300,512,494,true,140,115,104,135,heuristic
8245,102269,3196,256,263,true,68,66,62,67,heuristic
8246,102270,3440,256,284,true,76,74,64,70,heuristic
8247,102271,7332,512,505,true,132,116,128,129,heuristic
8248,102272,7232,512,494,true,129,124,100,141,heuristic
8249,102273,7124,512,482,true,148,96,128,110,heuristic
8250,102274,13712,1024,820,true,226,190,207,197,heuristic
8251,102275,7396,512,506,true,123,130,138,115,heuristic
8252,102276,1744,128,173,true,50,40,45,38,heuristic
8253,102277,7104,512,492,true,136,104,140,112,heuristic
8254,102278,6820,512,455,true,118,118,113,106,heuristic
8255,102279,7200,512,499,true,132,116,145,106,heuristic
8256,102280,6060,512,419,true,114,91,118,96,heuristic
8257,102281,7176,512,493,true,98,148,126,121,heuristic
8258,102282,7560,512,534,true,133,129,160,112,heuristic
8259,102283,7080,512,487,true,126,103,151,107,heuristic
8260,102284,4716,512,328,true,84,93,71,80,heuristic
8261,102285,7180,512,496,true,117,127,112,140,heuristic
8262,102286,6804,512,454,true,114,118,128,94,heuristic
8263,102287,12292,1024,738,true,199,172,187,180,heuristic
8264,102288,2476,256,211,true,50,53,57,51,heuristic
8265,102289,6576,512,442,true,111,112,118,101,heuristic
8266,102290,12172,1024,723,true,169,214,155,185,heuristic
8267,102291,7180,512,480,true,124,113,107,136,heuristic
8268,102292,15604,1024,914,true,252,201,259,202,heuristic
8269,102293,5644,512,396,true,81,127,89,99,heuristic
8270,102294,5204,512,365,true,73,119,84,89,heuristic
8271,102295,11492,1024,673,true,159,180,149,185,heuristic
8272,102296,6368,512,432,true,99,103,117,113,heuristic
8273,102297,7248,512,504,true,132,120,127,125,heuristic
8274,102298,5672,512,390,true,99,93,119,79,heuristic
8275,102299,7068,512,483,true,113,128,145,97,heuristic
8276,102300,10476,1024,619,true,176,136,170,137,heuristic
8277,102301,12100,1024,717,true,191,164,188,174,heuristic
8278,102302,12392,1024,741,true,206,168,178,189,heuristic
8279,102303,3460,256,285,true,86,55,69,75,heuristic
8280,102304,9920,1024,569,true,161,130,164,114,heuristic
8281,102305,7248,512,496,true,139,103,137,117,heuristic
8282,102306,5856,512,408,true,104,107,125,72,heuristic
8283,102307,15196,1024,884,true,243,204,215,222,heuristic
8284,102308,5624,512,394,true,89,109,105,91,heuristic
8285,102309,5452,512,383,true,82,109,103,89,heuristic
8286,102310,4800,256,363,true,98,97,105,63,heuristic
8287,102311,3272,256,274,true,78,54,73,69,heuristic
8288,102312,7064,512,478,true,148,89,107,134,heuristic
8289,102313,7196,512,499,true,137,113,125,124,heuristic
8290,102314,11188,1024,669,true,183,168,151,167,heuristic
8291,102315,12172,1024,735,true,200,164,186,185,heuristic
8292,102316,1500,128,159,true,49,33,46,31,heuristic
8293,102317,12544,1024,735,true,194,178,164,199,heuristic
8294,102318,7084,512,487,true,123,128,116,120,heuristic
8295,102319,12368,1024,736,true,182,198,174,182,heuristic
8296,102320,13760,1024,791,true,218,192,205,176,heuristic
8297,102321,12796,1024,778,true,190,193,200,195,heuristic
8298,102322,6872,512,467,true,128,111,122,106,heuristic
8299,102323,6412,512,431,true,119,92,133,87,heuristic
8300,102324,5636,512,398,true,105,92,94,107,heuristic
8301,102325,6968,512,481,true,98,134,138,111,heuristic
8302,102326,6624,512,456,true,115,105,134,102,heuristic
8303,102327,6464,512,445,true,101,127,117,100,heuristic
8304,102328,7116,512,484,true,121,112,117,134,heuristic
8305,102329,6020,512,415,true,120,102,103,90,heuristic
8306,102330,6768,512,457,true,105,117,107,128,heuristic
8307,102331,12200,1024,725,true,175,184,188,178,heuristic
8308,102332,11924,1024,694,true,160,200,157,177,heuristic
8309,102333,6680,512,455,true,113,127,124,91,heuristic
8310,102334,6664,512,459,true,121,113,125,100,heuristic
8311,102335,15624,1024,921,true,252,199,236,234,heuristic
8312,102336,7200,512,495,true,124,124,130,117,heuristic
8313,102337,6456,512,438,true,124,93,98,123,heuristic
8314,102338,7124,512,486,true,126,126,121,113,heuristic
8315,102339,5400,512,378,true,100,79,96,103,heuristic
8316,102340,3464,256,286,true,70,74,72,70,heuristic
8317,102341,6024,512,419,true,103,107,114,95,heuristic
8318,102342,11632,1024,681,true,184,162,151,184,heuristic
8319,102343,5884,512,412,true,108,99,117,88,heuristic
8320,102344,5528,512,386,true,88,99,111,88,heuristic
8321,102345,7064,512,491,true,158,90,123,120,heuristic
8322,102346,13700,1024,777,true,220,187,200,170,heuristic
8323,102347,10532,1024,617,true,157,155,159,146,heuristic
8324,102348,13836,1024,799,true,199,198,228,174,heuristic
8325,102349,1780,128,180,true,52,44,40,44,heuristic
8326,102350,2988,256,244,true,67,64,62,51,heuristic
8327,102351,3952,256,312,true,93,75,84,60,heuristic
8328,102352,7396,512,507,true,144,112,116,135,heuristic
8329,102353,2432,256,205,true,60,42,61,42,heuristic
8330,102354,6424,512,434,true,106,110,95,123,heuristic
8331,102355,7032,512,489,true,125,115,113,136,heuristic
8332,102356,11776,1024,681,true,184,145,187,165,heuristic
8333,102357,12208,1024,718,true,182,167,202,167,heuristic
8334,102358,6856,512,467,true,137,106,118,106,heuristic
8335,102359,10324,1024,598,true,126,170,151,151,heuristic
8336,102360,10724,1024,641,true,180,151,145,165,heuristic
8337,102361,10724,1024,628,true,167,159,176,126,heuristic
8338,102362,3136,256,257,true,76,58,66,57,heuristic
8339,102363,3600,256,289,true,66,80,76,67,heuristic
8340,102364,15792,1024,920,true,255,197,232,236,heuristic
8341,102365,5500,512,390,true,102,94,96,98,heuristic
8342,102366,12128,1024,720,true,197,174,182,167,heuristic
8343,102367,7044,512,479,true,120,123,134,102,heuristic
8344,102368,5344,512,365,true,97,88,87,93,heuristic
8345,102369,7000,512,471,true,134,104,117,116,heuristic
8346,102370,3212,256,266,true,68,59,77,62,heuristic
8347,102371,4848,512,333,true,97,67,86,83,heuristic
8348,102372,6688,512,464,true,104,116,141,103,heuristic
8349,102373,5420,512,376,true,100,93,86,97,heuristic
8350,102374,6592,512,445,true,114,114,127,90,heuristic
8351,102375,7124,512,486,true,104,131,158,93,heuristic
8352,102376,6884,512,466,true,127,118,95,126,heuristic
8353,102377,7076,512,485,true,111,141,132,101,heuristic
8354,102378,3492,256,291,true,88,62,83,58,heuristic
8355,102379,3004,256,236,true,77,36,75,48,heuristic
8356,102380,7036,512,480,true,124,126,105,125,heuristic
8357,102381,12236,1024,734,true,164,211,201,158,heuristic
8358,102382,3412,256,285,true,86,58,73,68,heuristic
8359,102383,7464,512,518,true,136,116,144,122,heuristic
8360,102384,7208,512,491,true,142,104,133,112,heuristic
8361,102385,5688,512,395,true,98,96,114,87,heuristic
8362,102386,7460,512,516,true,139,113,158,106,heuristic
8363,102387,5488,512,377,true,101,82,98,96,heuristic
8364,102388,3360,256,272,true,66,75,80,51,heuristic
8365,102389,3208,256,266,true,67,61,90,48,heuristic
8366,102390,14276,1024,825,true,211,219,192,203,heuristic
8367,102391,10524,1024,616,true,141,161,178,136,heuristic
8368,102392,12112,1024,721,true,182,184,188,167,heuristic
8369,102393,12452,1024,741,true,215,159,193,174,heuristic
8370,102394,7184,512,500,true,113,149,110,128,heuristic
8371,102395,7228,512,496,true,134,110,141,111,heuristic
8372,102396,7156,512,489,true,120,121,106,142,heuristic
8373,102397,7228,512,495,true,147,103,124,121,heuristic
8374,102398,8008,512,532,true,142,122,153,115,heuristic
8375,102399,7172,512,497,true,108,133,143,113,heuristic
8376,102400,6468,512,445,true,117,100,135,93,heuristic
8377,102401,7084,512,487,true,126,115,108,138,heuristic
8378,102402,4024,256,319,true,101,63,91,64,heuristic
8379,102403,12912,1024,791,true,203,186,210,192,heuristic
8380,102404,7188,512,492,true,115,131,126,120,heuristic
8381,102405,7060,512,482,true,146,98,127,111,heuristic
8382,102406,7316,512,513,true,131,128,127,127,heuristic
8383,102407,12144,1024,724,true,177,196,191,160,heuristic
8384,102408,7372,512,510,true,115,154,129,112,heuristic
8385,102409,5684,512,399,true,118,90,101,90,heuristic
8386,102410,6444,512,438,true,126,99,125,88,heuristic
8387,102411,12140,1024,716,true,181,190,201,144,heuristic
8388,102412,5452,512,388,true,112,81,103,92,heuristic
8389,102413,8064,512,540,true,127,144,140,129,heuristic
8390,102414,5760,512,393,true,111,82,95,105,heuristic
8391,102415,15468,1024,906,true,243,212,207,244,heuristic
8392,102416,3196,256,266,true,67,57,83,59,heuristic
8393,102417,12628,1024,754,true,184,186,183,201,heuristic
8394,102418,7260,512,510,true,116,151,128,115,heuristic
8395,102419,6700,512,460,true,120,105,119,116,heuristic
8396,102420,7316,512,501,true,133,117,127,124,heuristic
8397,102421,3132,256,256,true,72,51,77,56,heuristic
8398,102422,7092,512,477,true,109,121,125,122,heuristic
8399,102423,7048,512,479,true,126,111,121,121,heuristic
8400,102424,3076,256,250,true,81,60,43,66,heuristic
8401,102425,5300,512,372,true,113,61,109,89,heuristic
8402,102426,7100,512,492,true,135,113,116,128,heuristic
8403,102427,6728,512,474,true,122,114,109,129,heuristic
8404,102428,14024,1024,804,true,229,179,199,197,heuristic
8405,102429,10432,1024,604,true,174,134,163,133,heuristic
8406,102430,10732,1024,636,true,170,141,166,159,heuristic
8407,102431,10512,1024,624,true,157,163,195,109,heuristic
8408,102432,5356,512,372,true,86,103,107,76,heuristic
8409,102433,11456,1024,673,true,177,170,166,160,heuristic
8410,102434,11148,1024,647,true,157,167,151,172,heuristic
8411,102435,6856,512,476,true,137,108,130,101,heuristic
8412,102436,5692,512,407,true,113,91,102,101,heuristic
8413,102437,6668,512,451,true,114,122,126,89,heuristic
8414,102438,7056,512,481,true,123,110,109,139,heuristic
8415,102439,11836,1024,695,true,192,152,163,188,heuristic
8416,102440,3152,256,257,true,74,49,77,57,heuristic
8417,102441,11336,1024,650,true,164,168,162,156,heuristic
8418,102442,12364,1024,735,true,180,194,188,173,heuristic
8419,102443,7660,512,523,true,153,103,139,128,heuristic
8420,102444,7148,512,494,true,132,126,133,103,heuristic
8421,102445,16076,1024,943,true,256,229,242,216,heuristic
8422,102446,6176,512,417,true,106,99,97,115,heuristic
8423,102447,7048,512,478,true,115,103,134,126,heuristic
8424,102448,6320,512,425,true,109,107,104,105,heuristic
8425,102449,6408,512,457,true,117,111,127,102,heuristic
8426,102450,12060,1024,709,true,218,147,180,164,heuristic
8427,102451,7216,512,498,true,144,107,121,126,heuristic
8428,102452,14412,1024,835,true,203,207,241,184,heuristic
8429,102453,14920,1024,878,true,215,221,210,232,heuristic
8430,102454,7348,512,505,true,146,106,134,119,heuristic
8431,102455,7120,512,486,true,103,139,132,112,heuristic
8432,102456,6956,512,460,true,123,121,121,95,heuristic
8433,102457,15576,1024,911,true,251,226,195,239,heuristic
8434,102458,12828,1024,771,true,210,167,195,199,heuristic
8435,102459,11824,1024,692,true,181,163,174,174,heuristic
8436,102460,14416,1024,843,true,224,203,185,231,heuristic
8437,102461,12412,1024,746,true,202,202,198,144,heuristic
8438,102462,7228,512,488,true,147,103,119,119,heuristic
8439,102463,3188,256,265,true,83,52,62,68,heuristic
8440,102464,12284,1024,738,true,209,146,201,182,heuristic
8441,102465,7180,512,500,true,141,117,143,99,heuristic
8442,102466,11780,1024,687,true,162,185,167,173,heuristic
8443,102467,15392,1024,896,true,244,191,266,195,heuristic
8444,102468,7088,512,483,true,135,112,145,91,heuristic
8445,102469,6956,512,475,true,135,110,141,89,heuristic
8446,102470,14308,1024,827,true,207,201,231,188,heuristic
8447,102471,14020,1024,798,true,198,211,179,210,heuristic
8448,102472,6156,512,411,true,103,106,93,109,heuristic
8449,102473,9840,1024,565,true,142,145,165,113,heuristic
8450,102474,12580,1024,754,true,184,188,181,201,heuristic
8451,102475,6088,512,425,true,88,127,117,93,heuristic
8452,102476,7304,512,506,true,126,138,131,111,heuristic
8453,102477,11916,1024,703,true,204,152,190,157,heuristic
8454,102478,7452,512,519,true,135,125,141,118,heuristic
8455,102479,6960,512,477,true,125,111,141,100,heuristic
8456,102480,10848,1024,649,true,166,163,151,169,heuristic
8457,102481,12208,1024,729,true,197,163,180,189,heuristic
8458,102482,12144,1024,730,true,199,158,203,170,heuristic
8459,102483,6480,512,441,true,138,97,95,111,heuristic
8460,102484,7180,512,495,true,117,132,115,131,heuristic
8461,102485,6740,512,469,true,103,136,129,101,heuristic
8462,102486,7108,512,493,true,115,143,118,117,heuristic
8463,102487,5352,512,363,true,100,74,95,94,heuristic
8464,102488,11448,1024,661,true,180,163,161,157,heuristic
8465,102489,5644,512,394,true,108,88,87,111,heuristic
8466,102490,6976,512,472,true,139,99,130,104,heuristic
8467,102491,7352,512,511,true,138,123,114,136,heuristic
8468,102492,11484,1024,676,true,184,163,179,150,heuristic
8469,102493,5568,512,391,true,95,104,109,83,heuristic
8470,102494,14288,1024,831,true,217,211,201,202,heuristic
8471,102495,8500,512,569,true,135,152,146,136,heuristic
8472,102496,10768,1024,641,true,178,150,145,168,heuristic
8473,102497,14232,1024,822,true,242,167,219,194,heuristic
8474,102498,5540,512,389,true,100,96,92,101,heuristic
8475,102499,12664,1024,762,true,205,166,208,183,heuristic
8476,102500,5344,512,372,true,111,78,71,112,heuristic
8477,102501,12248,1024,736,true,204,173,202,157,heuristic
8478,102502,7140,512,490,true,116,121,125,128,heuristic
8479,102503,7088,512,487,true,116,130,125,116,heuristic
8480,102504,7212,512,492,true,132,128,99,133,heuristic
8481,102505,7184,512,495,true,169,84,129,113,heuristic
8482,102506,12180,1024,725,true,178,181,195,171,heuristic
8483,102507,15540,1024,893,true,214,233,241,205,heuristic
8484,102508,7112,512,482,true,152,96,112,122,heuristic
8485,102509,7044,512,481,true,118,118,136,109,heuristic
8486,102510,7060,512,480,true,120,125,116,119,heuristic
8487,102511,6324,512,426,true,125,99,118,84,heuristic
8488,102512,12316,1024,727,true,177,195,182,173,heuristic
8489,102513,7104,512,481,true,118,125,144,94,heuristic
8490,102514,6644,512,450,true,116,109,107,118,heuristic
8491,102515,7088,512,488,true,110,126,128,124,heuristic
8492,102516,3468,256,287,true,83,53,74,77,heuristic
8493,102517,14360,1024,839,true,202,221,205,211,heuristic
8494,102518,3516,256,298,true,84,66,69,79,heuristic
8495,102519,7220,512,498,true,118,127,139,114,heuristic
8496,102520,6528,512,449,true,115,98,138,98,heuristic
8497,102521,7240,512,499,true,141,113,151,94,heuristic
8498,102522,6608,512,453,true,127,102,119,105,heuristic
8499,102523,5460,512,386,true,88,112,91,95,heuristic
8500,102524,10488,1024,617,true,198,120,131,168,heuristic
8501,102525,7148,512,491,true,138,113,112,128,heuristic
8502,102526,3244,256,272,true,72,60,75,65,heuristic
8503,102527,5328,512,369,true,100,84,88,97,heuristic
8504,102528,15972,1024,928,true,231,238,217,242,heuristic
8505,102529,3356,256,274,true,77,61,79,57,heuristic
8506,102530,7080,512,487,true,123,123,138,103,heuristic
8507,102531,12296,1024,738,true,187,181,203,167,heuristic
8508,102532,6472,512,442,true,111,116,93,122,heuristic
8509,102533,6736,512,464,true,134,102,121,107,heuristic
8510,102534,15140,1024,888,true,240,208,217,223,heuristic
8511,102535,6840,512,464,true,121,131,123,89,heuristic
8512,102536,7044,512,478,true,130,113,110,125,heuristic
8513,102537,6340,512,429,true,121,103,113,92,heuristic
8514,102538,3100,256,256,true,77,59,64,56,heuristic
8515,102539,5632,512,397,true,108,101,112,76,heuristic
8516,102540,5452,512,379,true,106,79,120,74,heuristic
8517,102541,12132,1024,713,true,181,167,209,156,heuristic
8518,102542,5596,512,392,true,119,87,90,96,heuristic
8519,102543,3124,256,258,true,75,57,64,62,heuristic
8520,102544,7260,512,490,true,119,123,118,130,heuristic
8521,102545,7056,512,476,true,115,138,140,83,heuristic
8522,102546,5740,512,406,true,113,89,107,97,heuristic
8523,102547,7136,512,488,true,134,110,130,114,heuristic
8524,102548,2740,256,234,true,71,39,60,64,heuristic
8525,102549,16216,1024,946,true,245,230,204,267,heuristic
8526,102550,7840,512,547,true,141,132,149,125,heuristic
8527,102551,7840,512,540,true,135,145,147,113,heuristic
8528,102552,7108,512,489,true,122,125,127,115,heuristic
8529,102553,12252,1024,727,true,170,203,175,179,heuristic
8530,102554,7364,512,508,true,145,103,121,139,heuristic
8531,102555,3648,256,310,true,81,66,93,70,heuristic
8532,102556,8032,512,533,true,146,117,134,136,heuristic
8533,102557,15260,1024,900,true,229,235,210,226,heuristic
8534,102558,3408,256,273,true,63,72,75,63,heuristic
8535,102559,5944,512,385,true,124,59,102,100,heuristic
8536,102560,5800,512,403,true,95,110,94,104,heuristic
8537,102561,5344,512,372,true,78,111,104,79,heuristic
8538,102562,10468,1024,613,true,167,145,144,157,heuristic
8539,102563,7172,512,498,true,119,129,122,128,heuristic
8540,102564,13576,1024,767,true,224,169,200,174,heuristic
8541,102565,10528,1024,618,true,168,147,148,155,heuristic
8542,102566,7008,512,474,true,140,104,117,113,heuristic
8543,102567,3252,256,273,true,69,71,74,59,heuristic
8544,102568,7044,512,478,true,147,108,104,119,heuristic
8545,102569,7076,512,485,true,135,102,113,135,heuristic
8546,102570,9348,512,601,true,163,147,147,144,heuristic
8547,102571,7384,512,513,true,131,125,118,139,heuristic
8548,102572,3188,256,262,true,70,60,79,53,heuristic
8549,102573,7132,512,487,true,125,116,127,119,heuristic
8550,102574,6900,512,470,true,114,128,94,134,heuristic
8551,102575,3064,256,250,true,61,68,68,53,heuristic
8552,102576,6876,512,474,true,132,108,120,114,heuristic
8553,102577,5360,512,376,true,108,82,99,87,heuristic
8554,102578,3108,256,256,true,67,50,86,53,heuristic
8555,102579,3200,256,268,true,79,62,65,62,heuristic
8556,102580,3480,256,289,true,89,50,87,63,heuristic
8557,102581,12252,1024,739,true,227,158,174,180,heuristic
8558,102582,6644,512,454,true,115,119,87,133,heuristic
8559,102583,12104,1024,717,true,178,184,216,139,heuristic
8560,102584,14240,1024,816,true,213,197,199,207,heuristic
8561,102585,6776,512,458,true,94,134,117,113,heuristic
8562,102586,3704,256,320,true,81,83,72,84,heuristic
8563,102587,7036,512,477,true,145,101,118,113,heuristic
8564,102588,6220,512,442,true,103,126,100,113,heuristic
8565,102589,6952,512,471,true,111,119,121,120,heuristic
8566,102590,7096,512,485,true,145,116,121,103,heuristic
8567,102591,15632,1024,917,true,239,206,235,237,heuristic
8568,102592,11392,1024,666,true,172,145,180,169,heuristic
8569,102593,5432,512,379,true,99,89,122,69,heuristic
8570,102594,7148,512,488,true,115,123,139,111,heuristic
8571,102595,6440,512,438,true,131,93,117,97,heuristic
8572,102596,7284,512,509,true,139,128,133,109,heuristic
8573,102597,10448,1024,604,true,148,159,175,122,heuristic
8574,102598,10668,1024,627,true,169,165,177,116,heuristic
8575,102599,15936,1024,941,true,237,242,250,212,heuristic
8576,102600,10460,1024,619,true,153,153,173,140,heuristic
8577,102601,7056,512,480,true,125,123,127,105,heuristic
8578,102602,6360,512,431,true,114,100,101,116,heuristic
8579,102603,5220,512,361,true,93,90,111,67,heuristic
8580,102604,3796,256,306,true,95,63,63,85,heuristic
8581,102605,12104,1024,718,true,181,173,174,190,heuristic
8582,102606,5576,512,397,true,91,92,119,95,heuristic
8583,102607,7204,512,491,true,145,100,125,121,heuristic
8584,102608,6400,512,428,true,125,100,103,100,heuristic
8585,102609,7112,512,491,true,147,106,117,121,heuristic
8586,102610,14728,1024,866,true,232,199,199,236,heuristic
8587,102611,7128,512,491,true,122,124,142,103,heuristic
8588,102612,12144,1024,724,true,180,189,192,163,heuristic
8589,102613,12420,1024,748,true,202,169,194,183,heuristic
8590,102614,3200,256,263,true,68,55,78,62,heuristic
8591,102615,5320,512,367,true,93,97,101,76,heuristic
8592,102616,7420,512,512,true,130,136,118,128,heuristic
8593,102617,5872,512,408,true,110,95,104,99,heuristic
8594,102618,10164,1024,587,true,172,124,146,145,heuristic
8595,102619,7064,512,479,true,125,110,139,105,heuristic
8596,102620,7180,512,493,true,140,110,117,126,heuristic
8597,102621,12196,1024,729,true,209,149,211,160,heuristic
8598,102622,3568,256,296,true,88,61,63,84,heuristic
8599,102623,7140,512,490,true,126,126,124,114,heuristic
8600,102624,7388,512,508,true,157,108,129,114,heuristic
8601,102625,3192,256,263,true,81,56,66,60,heuristic
8602,102626,2300,256,200,true,57,42,46,55,heuristic
8603,102627,6888,512,467,true,130,97,107,133,heuristic
8604,102628,6820,512,458,true,114,113,131,100,heuristic
8605,102629,7052,512,480,true,125,108,126,121,heuristic
8606,102630,14356,1024,833,true,199,220,207,207,heuristic
8607,102631,5500,512,391,true,114,83,109,85,heuristic
8608,102632,11992,1024,711,true,221,145,163,182,heuristic
8609,102633,14140,1024,812,true,179,218,236,179,heuristic
8610,102634,3080,256,250,true,63,67,55,65,heuristic
8611,102635,6812,512,461,true,142,111,106,102,heuristic
8612,102636,14420,1024,845,true,208,217,211,209,heuristic
8613,102637,4000,256,328,true,69,90,85,84,heuristic
8614,102638,3460,256,289,true,84,61,69,75,heuristic
8615,102639,7096,512,485,true,125,125,112,123,heuristic
8616,102640,6456,512,439,true,122,103,103,111,heuristic
8617,102641,7096,512,489,true,123,120,132,114,heuristic
8618,102642,7460,512,517,true,132,140,137,108,heuristic
8619,102643,11308,1024,675,true,203,151,160,161,heuristic
8620,102644,6948,512,470,true,122,113,109,126,heuristic
8621,102645,15328,1024,884,true,228,221,255,180,heuristic
8622,102646,5124,512,350,true,88,91,98,73,heuristic
8623,102647,7092,512,489,true,132,112,124,121,heuristic
8624,102648,7036,512,476,true,125,106,129,116,heuristic
8625,102649,15360,1024,882,true,236,201,223,222,heuristic
8626,102650,12356,1024,738,true,178,196,182,182,heuristic
8627,102651,7136,512,489,true,113,131,147,98,heuristic
8628,102652,3248,256,268,true,72,62,58,76,heuristic
8629,102653,7096,512,490,true,122,119,111,138,heuristic
8630,102654,6980,512,466,true,114,125,131,96,heuristic
8631,102655,14340,1024,834,true,218,210,221,185,heuristic
8632,102656,6480,512,441,true,134,97,109,101,heuristic
8633,102657,7084,512,483,true,129,113,112,129,heuristic
8634,102658,7564,512,516,true,167,100,128,121,heuristic
8635,102659,3144,256,255,true,70,59,70,56,heuristic
8636,102660,14440,1024,843,true,217,206,222,198,heuristic
8637,102661,3380,256,282,true,92,49,76,65,heuristic
8638,102662,3152,256,257,true,67,61,62,67,heuristic
8639,102663,6820,512,458,true,119,109,133,97,heuristic
8640,102664,12112,1024,720,true,189,165,213,153,heuristic
8641,102665,11860,1024,689,true,199,159,166,165,heuristic
8642,102666,5876,512,410,true,107,91,110,102,heuristic
8643,102667,5580,512,399,true,100,107,121,71,heuristic
8644,102668,6760,512,455,true,113,103,119,120,heuristic
8645,102669,5124,512,350,true,73,95,117,65,heuristic
8646,102670,6412,512,432,true,121,91,121,99,heuristic
8647,102671,7356,512,511,true,141,128,118,124,heuristic
8648,102672,5608,512,396,true,109,87,100,100,heuristic
8649,102673,3424,256,284,true,77,77,76,54,heuristic
8650,102674,12704,1024,749,true,220,157,182,190,heuristic
8651,102675,13240,1024,781,true,173,226,190,192,heuristic
8652,102676,3552,256,295,true,79,71,73,72,heuristic
8653,102677,14332,1024,827,true,202,225,208,192,heuristic
8654,102678,6936,512,477,true,98,130,144,105,heuristic
8655,102679,7028,512,477,true,125,114,103,135,heuristic
8656,102680,10084,1024,597,true,150,153,139,155,heuristic
8657,102681,7256,512,508,true,134,117,110,147,heuristic
8658,102682,11992,1024,706,true,193,181,157,175,heuristic
8659,102683,14364,1024,831,true,223,189,222,197,heuristic
8660,102684,7120,512,483,true,147,110,134,92,heuristic
8661,102685,13980,1024,804,true,186,203,204,211,heuristic
8662,102686,5632,512,396,true,102,94,98,102,heuristic
8663,102687,11400,1024,659,true,177,151,176,155,heuristic
8664,102688,7196,512,499,true,146,108,131,114,heuristic
8665,102689,12188,1024,722,true,179,178,185,180,heuristic
8666,102690,12136,1024,725,true,189,175,199,162,heuristic
8667,102691,12460,1024,748,true,186,196,185,181,heuristic
8668,102692,3128,256,259,true,85,54,71,49,heuristic
8669,102693,11964,1024,689,true,196,148,167,178,heuristic
8670,102694,14600,1024,846,true,200,217,181,248,heuristic
8671,102695,15380,1024,892,true,262,196,238,196,heuristic
8672,102696,15448,1024,899,true,244,201,211,243,heuristic
8673,102697,14808,1024,881,true,242,214,221,204,heuristic
8674,102698,7520,512,510,true,137,117,134,122,heuristic
8675,102699,7184,512,499,true,137,115,125,122,heuristic
8676,102700,6412,512,431,true,92,116,116,107,heuristic
8677,102701,15456,1024,896,true,237,213,227,219,heuristic
8678,102702,6432,512,440,true,125,96,112,107,heuristic
8679,102703,3096,256,254,true,55,72,72,55,heuristic
8680,102704,7216,512,499,true,123,122,125,129,heuristic
8681,102705,3476,256,289,true,87,64,69,69,heuristic
8682,102706,7216,512,503,true,142,123,113,125,heuristic
8683,102707,10548,1024,616,true,179,137,125,175,heuristic
8684,102708,7452,512,505,true,128,130,134,113,heuristic
8685,102709,3232,256,266,true,60,66,60,80,heuristic
8686,102710,11976,1024,718,true,192,164,187,175,heuristic
8687,102711,6348,512,427,true,120,99,103,105,heuristic
8688,102712,7328,512,500,true,137,123,117,123,heuristic
8689,102713,7176,512,498,true,137,108,130,123,heuristic
8690,102714,3512,256,294,true,85,63,66,80,heuristic
8691,102715,6748,512,467,true,105,124,118,120,heuristic
8692,102716,8156,512,548,true,135,121,163,129,heuristic
8693,102717,7168,512,497,true,126,112,144,115,heuristic
8694,102718,12280,1024,730,true,196,164,195,175,heuristic
8695,102719,13148,1024,776,true,197,180,201,198,heuristic
8696,102720,12168,1024,729,true,176,186,197,170,heuristic
8697,102721,3164,256,260,true,69,66,65,60,heuristic
8698,102722,7432,512,514,true,143,119,151,101,heuristic
8699,102723,6444,512,430,true,133,90,93,114,heuristic
8700,102724,3488,256,277,true,79,62,76,60,heuristic
8701,102725,7164,512,492,true,124,120,131,117,heuristic
8702,102726,6424,512,438,true,117,109,107,105,heuristic
8703,102727,13056,1024,764,true,185,199,195,185,heuristic
8704,102728,10660,1024,629,true,156,163,147,163,heuristic
8705,102729,5472,512,384,true,116,80,102,86,heuristic
8706,102730,6996,512,470,true,141,121,110,98,heuristic
8707,102731,6912,512,475,true,123,117,120,115,heuristic
8708,102732,6364,512,432,true,106,102,128,96,heuristic
8709,102733,15828,1024,913,true,209,246,240,218,heuristic
8710,102734,16764,1024,971,true,277,194,267,233,heuristic
8711,102735,7176,512,494,true,128,103,136,127,heuristic
8712,102736,5444,512,380,true,87,107,100,86,heuristic
8713,102737,7024,512,473,true,121,108,114,130,heuristic
8714,102738,11900,1024,699,true,179,162,182,176,heuristic
8715,102739,6664,512,459,true,118,116,118,107,heuristic
8716,102740,1624,128,162,true,41,39,41,41,heuristic
8717,102741,7016,512,475,true,113,120,120,122,heuristic
8718,102742,5728,512,390,true,103,88,90,109,heuristic
8719,102743,12144,1024,717,true,151,192,195,179,heuristic
8720,102744,7444,512,502,true,128,141,108,125,heuristic
8721,102745,3372,256,280,true,65,77,86,52,heuristic
8722,102746,3936,256,319,true,92,84,82,61,heuristic
8723,102747,12228,1024,718,true,194,172,172,180,heuristic
8724,102748,15388,1024,894,true,219,222,224,229,heuristic
8725,102749,6560,512,445,true,124,108,105,108,heuristic
8726,102750,11088,1024,665,true,153,172,180,160,heuristic
8727,102751,6392,512,427,true,107,100,116,104,heuristic
8728,102752,6448,512,442,true,124,97,127,94,heuristic
8729,102753,7156,512,488,true,116,118,124,130,heuristic
8730,102754,8128,512,545,true,150,117,154,124,heuristic
8731,102755,6440,512,446,true,121,99,115,111,heuristic
8732,102756,11504,1024,669,true,196,149,175,149,heuristic
8733,102757,3208,256,270,true,75,61,77,57,heuristic
8734,102758,7788,512,540,true,145,126,140,129,heuristic
8735,102759,1504,128,160,true,42,37,62,19,heuristic
8736,102760,7832,512,546,true,137,132,115,162,heuristic
8737,102761,5492,512,386,true,120,73,111,82,heuristic
8738,102762,7380,512,509,true,123,136,134,116,heuristic
8739,102763,12016,1024,708,true,171,181,193,163,heuristic
8740,102764,5448,512,383,true,108,82,114,79,heuristic
8741,102765,11472,1024,673,true,168,167,179,159,heuristic
8742,102766,7588,512,517,true,135,121,130,131,heuristic
8743,102767,11508,1024,681,true,162,167,197,155,heuristic
8744,102768,6492,512,439,true,106,103,134,96,heuristic
8745,102769,7408,512,509,true,137,122,147,103,heuristic
8746,102770,3396,256,284,true,68,66,88,62,heuristic
8747,102771,7408,512,519,true,122,138,139,120,heuristic
8748,102772,12176,1024,721,true,186,173,204,158,heuristic
8749,102773,5636,512,386,true,105,83,106,92,heuristic
8750,102774,12012,1024,704,true,183,179,192,150,heuristic
8751,102775,14540,1024,858,true,235,188,216,219,heuristic
8752,102776,3380,256,281,true,83,61,71,66,heuristic
8753,102777,14288,1024,821,true,188,211,233,189,heuristic
8754,102778,6996,512,470,true,103,130,117,120,heuristic
8755,102779,14488,1024,849,true,206,209,241,193,heuristic
8756,102780,7160,512,498,true,124,140,137,97,heuristic
8757,102781,5568,512,392,true,123,74,124,71,heuristic
8758,102782,3116,256,253,true,62,59,71,61,heuristic
8759,102783,7440,512,500,true,140,115,124,121,heuristic
8760,102784,7516,512,530,true,139,126,131,134,heuristic
8761,102785,5396,512,370,true,113,75,88,94,heuristic
8762,102786,7116,512,484,true,126,136,98,124,heuristic
8763,102787,7148,512,492,true,149,103,119,121,heuristic
8764,102788,7196,512,498,true,168,89,118,123,heuristic
8765,102789,7128,512,485,true,151,103,134,97,heuristic
8766,102790,1600,128,162,true,47,36,56,23,heuristic
8767,102791,12136,1024,716,true,173,176,194,173,heuristic
8768,102792,15448,1024,898,true,211,243,229,215,heuristic
8769,102793,14100,1024,814,true,191,214,203,206,heuristic
8770,102794,7148,512,487,true,120,129,117,121,heuristic
8771,102795,11936,1024,709,true,200,158,196,155,heuristic
8772,102796,12108,1024,719,true,178,178,203,160,heuristic
8773,102797,13500,1024,801,true,229,190,183,199,heuristic
8774,102798,5656,512,395,true,118,80,89,108,heuristic
8775,102799,15952,1024,922,true,248,215,231,228,heuristic
8776,102800,11692,1024,693,true,165,171,181,176,heuristic
8777,102801,7076,512,485,true,124,122,127,112,heuristic
8778,102802,10368,1024,606,true,157,162,124,163,heuristic
8779,102803,3092,256,254,true,66,63,71,54,heuristic
8780,102804,14736,1024,875,true,211,236,227,201,heuristic
8781,102805,12052,1024,710,true,181,174,176,179,heuristic
8782,102806,14068,1024,804,true,219,189,171,225,heuristic
8783,102807,7132,512,488,true,160,87,123,118,heuristic
8784,102808,8084,512,544,true,128,131,156,129,heuristic
8785,102809,14676,1024,860,true,224,198,253,185,heuristic
8786,102810,3128,256,255,true,76,48,75,56,heuristic
8787,102811,12120,1024,722,true,176,170,209,167,heuristic
8788,102812,7316,512,501,true,118,124,149,110,heuristic
8789,102813,12152,1024,718,true,202,158,205,153,heuristic
8790,102814,7160,512,490,true,127,119,123,121,heuristic
8791,102815,7208,512,502,true,148,106,138,110,heuristic
8792,102816,15360,1024,892,true,235,217,207,233,heuristic
8793,102817,3244,256,263,true,68,63,81,51,heuristic
8794,102818,6072,512,427,true,100,109,117,101,heuristic
8795,102819,7260,512,492,true,118,120,142,112,heuristic
8796,102820,3148,256,261,true,81,47,55,78,heuristic
8797,102821,7344,512,504,true,122,120,140,122,heuristic
8798,102822,3412,256,285,true,87,60,53,85,heuristic
8799,102823,3496,256,294,true,70,74,70,80,heuristic
8800,102824,6916,512,462,true,129,112,119,102,heuristic
8801,102825,5628,512,396,true,94,100,121,81,heuristic
8802,102826,7140,512,486,true,135,109,115,127,heuristic
8803,102827,7492,512,508,true,112,142,123,131,heuristic
8804,102828,5640,512,399,true,92,116,99,92,heuristic
8805,102829,7140,512,493,true,122,120,138,113,heuristic
8806,102830,6984,512,474,true,119,108,131,116,heuristic
8807,102831,5128,512,351,true,100,74,82,95,heuristic
8808,102832,6848,512,461,true,140,94,112,115,heuristic
8809,102833,12012,1024,709,true,205,148,159,197,heuristic
8810,102834,3804,256,308,true,84,72,80,72,heuristic
8811,102835,8412,512,552,true,146,123,139,144,heuristic
8812,102836,7380,512,512,true,124,135,124,129,heuristic
8813,102837,11548,1024,685,true,194,154,158,179,heuristic
8814,102838,7140,512,490,true,127,122,119,122,heuristic
8815,102839,7072,512,484,true,125,118,124,117,heuristic
8816,102840,5464,512,387,true,93,105,112,77,heuristic
8817,102841,6428,512,435,true,106,117,107,105,heuristic
8818,102842,16020,1024,941,true,216,259,241,225,heuristic
8819,102843,7112,512,482,true,132,126,126,98,heuristic
8820,102844,14380,1024,832,true,215,207,232,178,heuristic
8821,102845,3168,256,259,true,72,59,62,66,heuristic
8822,102846,6984,512,464,true,126,110,124,104,heuristic
8823,102847,10408,1024,609,true,157,150,172,130,heuristic
8824,102848,3352,256,276,true,49,83,67,77,heuristic
8825,102849,7152,512,487,true,145,99,126,117,heuristic
8826,102850,7168,512,492,true,122,130,122,118,heuristic
8827,102851,3136,256,253,true,57,62,64,70,heuristic
8828,102852,3220,256,268,true,63,64,81,60,heuristic
8829,102853,5372,512,375,true,92,87,91,105,heuristic
8830,102854,6428,512,436,true,123,89,104,120,heuristic
8831,102855,12036,1024,706,true,204,164,191,147,heuristic
8832,102856,7172,512,492,true,129,113,128,122,heuristic
8833,102857,7004,512,480,true,135,104,126,115,heuristic
8834,102858,7476,512,521,true,146,112,142,121,heuristic
8835,102859,7996,512,547,true,123,162,141,121,heuristic
8836,102860,5660,512,399,true,104,97,106,92,heuristic
8837,102861,7244,512,499,true,118,136,109,136,heuristic
8838,102862,5580,512,388,true,129,64,102,93,heuristic
8839,102863,7304,512,500,true,139,124,109,128,heuristic
8840,102864,10572,1024,617,true,180,144,140,153,heuristic
8841,102865,12088,1024,716,true,194,159,201,162,heuristic
8842,102866,7052,512,479,true,130,112,120,117,heuristic
8843,102867,7032,512,479,true,132,118,107,122,heuristic
8844,102868,11908,1024,697,true,167,203,158,169,heuristic
8845,102869,7128,512,494,true,153,102,138,101,heuristic
8846,102870,3240,256,264,true,66,67,60,71,heuristic
8847,102871,7052,512,473,true,127,110,140,96,heuristic
8848,102872,7376,512,516,true,136,129,123,128,heuristic
8849,102873,7184,512,498,true,128,130,108,132,heuristic
8850,102874,12224,1024,732,true,140,222,177,193,heuristic
8851,102875,7184,512,496,true,121,122,144,109,heuristic
8852,102876,7472,512,519,true,149,120,113,137,heuristic
8853,102877,7376,512,500,true,115,151,118,116,heuristic
8854,102878,7180,512,498,true,119,125,135,119,heuristic
8855,102879,6440,512,461,true,127,100,127,107,heuristic
8856,102880,6756,512,469,true,117,118,117,117,heuristic
8857,102881,3704,256,297,true,97,52,91,57,heuristic
8858,102882,14052,1024,806,true,199,195,209,203,heuristic
8859,102883,5708,512,402,true,139,68,95,100,heuristic
8860,102884,10476,1024,614,true,182,133,172,127,heuristic
8861,102885,7884,512,547,true,136,142,146,123,heuristic
8862,102886,3936,256,322,true,83,75,74,90,heuristic
8863,102887,6076,512,424,true,127,84,94,119,heuristic
8864,102888,12188,1024,723,true,191,167,195,170,heuristic
8865,102889,8212,512,556,true,140,145,141,130,heuristic
8866,102890,7200,512,500,true,116,125,125,134,heuristic
8867,102891,7092,512,485,true,121,121,137,106,heuristic
8868,102892,3116,256,259,true,62,60,95,42,heuristic
8869,102893,11960,1024,714,true,161,206,174,173,heuristic
8870,102894,12144,1024,716,true,194,173,167,182,heuristic
8871,102895,7104,512,486,true,115,132,110,129,heuristic
8872,102896,7008,512,470,true,117,123,122,108,heuristic
8873,102897,6488,512,450,true,104,122,136,88,heuristic
8874,102898,10488,1024,617,true,169,137,152,159,heuristic
8875,102899,15568,1024,927,true,236,237,223,231,heuristic
8876,102900,7888,512,529,true,148,125,154,102,heuristic
8877,102901,5368,512,375,true,107,77,100,91,heuristic
8878,102902,7012,512,485,true,105,149,122,109,heuristic
8879,102903,7084,512,483,true,117,126,127,113,heuristic
8880,102904,7508,512,514,true,116,125,137,136,heuristic
8881,102905,3068,256,252,true,73,57,61,61,heuristic
8882,102906,6372,512,433,true,105,109,121,98,heuristic
8883,102907,12184,1024,732,true,223,144,160,205,heuristic
8884,102908,6608,512,449,true,110,116,127,96,heuristic
8885,102909,7144,512,491,true,108,131,154,98,heuristic
8886,102910,3216,256,261,true,67,68,65,61,heuristic
8887,102911,7116,512,489,true,133,124,122,110,heuristic
8888,102912,10520,1024,610,true,154,155,155,146,heuristic
8889,102913,13628,1024,775,true,198,207,176,194,heuristic
8890,102914,7040,512,477,true,128,118,113,118,heuristic
8891,102915,3104,256,256,true,73,54,75,54,heuristic
8892,102916,6440,512,432,true,111,102,115,104,heuristic
8893,102917,3284,256,266,true,88,51,65,62,heuristic
8894,102918,15844,1024,921,true,236,233,197,255,heuristic
8895,102919,11508,1024,677,true,166,175,179,157,heuristic
8896,102920,3140,256,253,true,60,66,43,84,heuristic
8897,102921,7148,512,491,true,139,106,134,112,heuristic
8898,102922,15668,1024,920,true,257,203,217,243,heuristic
8899,102923,3156,256,257,true,73,60,61,63,heuristic
8900,102924,12068,1024,709,true,183,179,170,177,heuristic
8901,102925,16156,1024,952,true,217,253,271,211,heuristic
8902,102926,3624,256,295,true,77,72,68,78,heuristic
8903,102927,7156,512,490,true,144,103,127,116,heuristic
8904,102928,11388,1024,660,true,178,159,176,147,heuristic
8905,102929,12136,1024,710,true,192,153,181,184,heuristic
8906,102930,4940,512,348,true,101,72,83,92,heuristic
8907,102931,7180,512,496,true,123,116,121,136,heuristic
8908,102932,6996,512,470,true,133,116,124,97,heuristic
8909,102933,12340,1024,744,true,191,187,193,173,heuristic
8910,102934,6608,512,449,true,123,100,117,109,heuristic
8911,102935,5488,512,388,true,103,99,94,92,heuristic
8912,102936,6420,512,429,true,120,97,110,102,heuristic
8913,102937,7104,512,492,true,123,132,94,143,heuristic
8914,102938,7216,512,503,true,139,126,128,110,heuristic
8915,102939,5320,512,367,true,75,102,98,92,heuristic
8916,102940,16060,1024,934,true,274,190,203,267,heuristic
8917,102941,7020,512,476,true,123,116,121,116,heuristic
8918,102942,7448,512,518,true,145,114,131,128,heuristic
8919,102943,14412,1024,835,true,219,208,219,189,heuristic
8920,102944,7768,512,538,true,135,133,133,137,heuristic
8921,102945,5652,512,397,true,94,103,94,106,heuristic
8922,102946,3196,256,267,true,80,59,53,75,heuristic
8923,102947,6824,512,459,true,119,111,114,115,heuristic
8924,102948,6812,512,456,true,123,114,106,113,heuristic
8925,102949,6708,512,466,true,137,112,101,116,heuristic
8926,102950,4580,256,349,true,77,91,89,92,heuristic
8927,102951,2880,256,238,true,66,49,59,64,heuristic
8928,102952,2172,128,208,true,62,43,43,60,heuristic
8929,102953,7556,512,521,true,144,112,144,121,heuristic
8930,102954,6588,512,448,true,97,115,127,109,heuristic
8931,102955,6432,512,426,true,104,123,114,85,heuristic
8932,102956,10496,1024,616,true,182,146,156,132,heuristic
8933,102957,7332,512,504,true,127,145,141,91,heuristic
8934,102958,8896,512,604,true,173,118,157,156,heuristic
8935,102959,13728,1024,793,true,210,199,211,173,heuristic
8936,102960,7168,512,493,true,107,139,133,114,heuristic
8937,102961,14408,1024,834,true,223,201,202,208,heuristic
8938,102962,7264,512,497,true,150,99,135,113,heuristic
8939,102963,7092,512,485,true,111,129,129,116,heuristic
8940,102964,6996,512,471,true,134,101,117,119,heuristic
8941,102965,11420,1024,671,true,174,160,181,156,heuristic
8942,102966,12172,1024,724,true,163,206,176,179,heuristic
8943,102967,12104,1024,714,true,198,160,189,167,heuristic
8944,102968,3384,256,282,true,72,84,67,59,heuristic
8945,102969,15028,1024,854,true,197,225,211,221,heuristic
8946,102970,15980,1024,935,true,228,242,229,236,heuristic
8947,102971,6340,512,427,true,113,112,108,94,heuristic
8948,102972,5532,512,387,true,110,76,96,105,heuristic
8949,102973,11368,1024,658,true,150,176,179,153,heuristic
8950,102974,7080,512,486,true,135,118,114,119,heuristic
8951,102975,7436,512,514,true,145,119,142,108,heuristic
8952,102976,13788,1024,792,true,195,207,169,221,heuristic
8953,102977,12356,1024,733,true,194,180,174,185,heuristic
8954,102978,12192,1024,723,true,147,197,171,208,heuristic
8955,102979,3208,256,266,true,58,73,68,67,heuristic
8956,102980,6940,512,468,true,130,107,120,111,heuristic
8957,102981,6456,512,443,true,113,104,117,109,heuristic
8958,102982,7216,512,493,true,126,111,122,134,heuristic
8959,102983,7176,512,493,true,137,123,114,119,heuristic
8960,102984,12184,1024,722,true,187,179,192,164,heuristic
8961,102985,3508,256,296,true,87,56,86,67,heuristic
8962,102986,7104,512,484,true,127,114,124,119,heuristic
8963,102987,3184,256,265,true,80,54,76,55,heuristic
8964,102988,11944,1024,700,true,181,173,166,180,heuristic
8965,102989,6428,512,436,true,114,104,88,130,heuristic
8966,102990,3232,256,266,true,80,54,71,61,heuristic
8967,102991,5540,512,392,true,108,94,101,89,heuristic
8968,102992,14176,1024,816,true,220,187,236,173,heuristic
8969,102993,2128,128,196,true,66,37,57,36,heuristic
8970,102994,5148,512,352,true,76,107,61,108,heuristic
8971,102995,5192,512,361,true,124,63,78,96,heuristic
8972,102996,3224,256,263,true,74,59,68,62,heuristic
8973,102997,7312,512,515,true,148,106,119,142,heuristic
8974,102998,14696,1024,858,true,252,201,222,183,heuristic
8975,102999,5396,512,370,true,93,92,98,87,heuristic
8976,103000,10856,1024,646,true,183,149,165,149,heuristic
8977,103001,7068,512,483,true,119,121,126,117,heuristic
8978,103002,7376,512,516,true,135,130,131,120,heuristic
8979,103003,3052,256,248,true,75,46,77,50,heuristic
8980,103004,7664,512,540,true,118,147,159,116,heuristic
8981,103005,12316,1024,728,true,140,216,190,182,heuristic
8982,103006,7044,512,477,true,107,122,120,128,heuristic
8983,103007,7420,512,518,true,107,145,130,136,heuristic
8984,103008,6660,512,450,true,105,110,128,107,heuristic
8985,103009,6816,512,452,true,99,115,108,130,heuristic
8986,103010,9584,1024,541,true,143,136,127,135,heuristic
8987,103011,12172,1024,723,true,199,170,193,161,heuristic
8988,103012,11764,1024,683,true,146,185,184,168,heuristic
8989,103013,12400,1024,744,true,167,197,193,187,heuristic
8990,103014,7436,512,515,true,128,131,140,116,heuristic
8991,103015,6372,512,433,true,113,93,124,103,heuristic
8992,103016,15272,1024,883,true,233,214,231,205,heuristic
8993,103017,7016,512,476,true,136,104,115,121,heuristic
8994,103018,3092,256,247,true,51,76,63,57,heuristic
8995,103019,6980,512,481,true,120,121,137,103,heuristic
8996,103020,2948,256,249,true,91,43,72,43,heuristic
8997,103021,8336,512,564,true,163,122,159,120,heuristic
8998,103022,3396,256,281,true,78,71,77,55,heuristic
8999,103023,7680,512,528,true,142,115,140,131,heuristic
9000,103024,7192,512,498,true,117,137,127,117,heuristic
9001,103025,10500,1024,620,true,172,146,159,143,heuristic
9002,103026,3760,256,305,true,67,81,70,87,heuristic
9003,103027,8084,512,538,true,145,123,152,118,heuristic
9004,103028,7656,512,518,true,137,132,138,111,heuristic
9005,103029,3436,256,284,true,71,71,96,46,heuristic
9006,103030,7076,512,473,true,100,124,129,120,heuristic
9007,103031,12444,1024,723,true,185,170,184,184,heuristic
9008,103032,5680,512,403,true,114,89,92,108,heuristic
9009,103033,11624,1024,683,true,179,170,199,135,heuristic
9010,103034,7100,512,487,true,119,113,132,123,heuristic
9011,103035,3148,256,260,true,55,72,77,56,heuristic
9012,103036,6568,512,452,true,113,112,109,118,heuristic
9013,103037,12512,1024,752,true,207,173,180,192,heuristic
9014,103038,7416,512,510,true,127,127,133,123,heuristic
9015,103039,7296,512,508,true,143,113,137,115,heuristic
9016,103040,3472,256,292,true,75,71,80,66,heuristic
9017,103041,6192,512,422,true,95,115,109,103,heuristic
9018,103042,14328,1024,826,true,216,190,197,223,heuristic
9019,103043,9884,1024,576,true,139,138,147,152,heuristic
9020,103044,3292,256,264,true,64,67,60,73,heuristic
9021,103045,11236,1024,677,true,189,147,182,159,heuristic
9022,103046,6960,512,472,true,142,97,132,101,heuristic
9023,103047,5484,512,387,true,102,86,107,92,heuristic
9024,103048,3348,256,272,true,64,71,82,55,heuristic
9025,103049,5668,512,393,true,112,94,107,80,heuristic
9026,103050,7272,512,499,true,106,143,136,114,heuristic
9027,103051,11976,1024,699,true,189,164,184,162,heuristic
9028,103052,5700,512,399,true,97,96,107,99,heuristic
9029,103053,2440,256,207,true,67,42,64,34,heuristic
9030,103054,7992,512,522,true,135,117,133,137,heuristic
9031,103055,3068,256,252,true,74,57,64,57,heuristic
9032,103056,6740,512,465,true,102,127,129,107,heuristic
9033,103057,14444,1024,851,true,236,183,221,211,heuristic
9034,103058,12240,1024,736,true,183,179,193,181,heuristic
9035,103059,7124,512,492,true,118,124,106,144,heuristic
9036,103060,6816,512,459,true,133,106,127,93,heuristic
9037,103061,6492,512,447,true,127,111,109,100,heuristic
9038,103062,7184,512,491,true,131,114,119,127,heuristic
9039,103063,14204,1024,815,true,223,206,177,209,heuristic
9040,103064,7076,512,486,true,116,124,130,116,heuristic
9041,103065,3176,256,262,true,71,62,74,55,heuristic
9042,103066,8404,512,554,true,154,123,156,121,heuristic
9043,103067,3224,256,270,true,78,64,54,74,heuristic
9044,103068,6992,512,469,true,137,105,113,114,heuristic
9045,103069,2980,256,243,true,63,67,68,45,heuristic
9046,103070,11780,1024,698,true,180,173,188,157,heuristic
9047,103071,7128,512,487,true,122,128,124,113,heuristic
9048,103072,6876,512,468,true,142,100,103,123,heuristic
9049,103073,10608,1024,632,true,168,155,171,138,heuristic
9050,103074,6492,512,446,true,111,112,122,101,heuristic
9051,103075,6260,512,435,true,96,128,105,106,heuristic
9052,103076,6792,512,459,true,122,107,128,102,heuristic
9053,103077,3216,256,271,true,66,66,76,63,heuristic
9054,103078,3492,256,294,true,77,76,85,56,heuristic
9055,103079,3528,256,297,true,90,63,73,71,heuristic
9056,103080,10492,1024,614,true,155,143,162,154,heuristic
9057,103081,7168,512,492,true,139,110,134,109,heuristic
9058,103082,6256,512,420,true,119,89,113,99,heuristic
9059,103083,6536,512,447,true,107,124,117,99,heuristic
9060,103084,7064,512,483,true,137,114,119,113,heuristic
9061,103085,3088,256,253,true,62,66,68,57,heuristic
9062,103086,7324,512,503,true,147,113,130,113,heuristic
9063,103087,14460,1024,843,true,247,190,204,202,heuristic
9064,103088,7128,512,482,true,121,121,124,116,heuristic
9065,103089,5524,512,384,true,105,95,98,86,heuristic
9066,103090,6508,512,451,true,119,101,117,114,heuristic
9067,103091,12296,1024,745,true,222,160,179,184,heuristic
9068,103092,3808,256,309,true,81,75,90,63,heuristic
9069,103093,6452,512,445,true,115,104,99,127,heuristic
9070,103094,2964,256,246,true,65,57,64,60,heuristic
9071,103095,7172,512,492,true,128,114,132,118,heuristic
9072,103096,12088,1024,714,true,190,185,148,191,heuristic
9073,103097,6396,512,432,true,127,99,115,91,heuristic
9074,103098,6352,512,452,true,99,133,123,97,heuristic
9075,103099,6836,512,476,true,128,113,124,111,heuristic
9076,103100,3688,256,302,true,74,75,70,83,heuristic
9077,103101,6928,512,466,true,141,79,160,86,heuristic
9078,103102,11996,1024,708,true,191,161,192,164,heuristic
9079,103103,7376,512,511,true,129,119,139,124,heuristic
9080,103104,6356,512,430,true,108,104,99,119,heuristic
9081,103105,3208,256,269,true,62,70,62,75,heuristic
9082,103106,3364,256,274,true,71,59,74,70,heuristic
9083,103107,5920,512,406,true,121,77,104,104,heuristic
9084,103108,12096,1024,716,true,179,174,169,194,heuristic
9085,103109,5528,512,390,true,102,88,113,87,heuristic
9086,103110,1468,128,151,true,53,17,43,38,heuristic
9087,103111,3064,256,250,true,74,54,70,52,heuristic
9088,103112,7044,512,482,true,99,147,121,115,heuristic
9089,103113,3876,256,313,true,91,68,78,76,heuristic
9090,103114,2820,256,234,true,47,69,56,62,heuristic
9091,103115,7100,512,480,true,125,117,103,135,heuristic
9092,103116,7064,512,482,true,124,122,120,116,heuristic
9093,103117,5040,512,346,true,76,96,100,74,heuristic
9094,103118,7148,512,492,true,142,109,120,121,heuristic
9095,103119,14688,1024,868,true,223,203,235,207,heuristic
9096,103120,7448,512,525,true,135,138,143,109,heuristic
9097,103121,11920,1024,704,true,160,196,168,180,heuristic
9098,103122,7176,512,495,true,144,109,129,113,heuristic
9099,103123,6536,512,440,true,103,107,101,129,heuristic
9100,103124,3092,256,254,true,51,73,82,48,heuristic
9101,103125,7480,512,510,true,135,122,144,109,heuristic
9102,103126,3456,256,285,true,89,56,71,69,heuristic
9103,103127,6524,512,439,true,99,110,117,113,heuristic
9104,103128,14376,1024,833,true,196,223,217,197,heuristic
9105,103129,12092,1024,716,true,203,154,202,157,heuristic
9106,103130,7028,512,474,true,136,107,109,122,heuristic
9107,103131,5732,512,408,true,91,111,118,88,heuristic
9108,103132,14108,1024,804,true,193,201,199,211,heuristic
9109,103133,6536,512,447,true,134,101,106,106,heuristic
9110,103134,11152,1024,668,true,181,155,161,171,heuristic
9111,103135,3452,256,288,true,83,63,77,65,heuristic
9112,103136,15828,1024,933,true,256,228,235,214,heuristic
9113,103137,12192,1024,718,true,188,178,180,172,heuristic
9114,103138,6684,512,463,true,121,110,117,115,heuristic
9115,103139,6728,512,463,true,118,119,110,116,heuristic
9116,103140,12552,1024,739,true,186,174,166,213,heuristic
9117,103141,7060,512,482,true,145,106,115,116,heuristic
9118,103142,12412,1024,744,true,185,197,185,177,heuristic
9119,103143,2724,256,229,true,59,60,63,47,heuristic
9120,103144,6032,512,421,true,108,105,89,119,heuristic
9121,103145,7408,512,508,true,147,113,135,113,heuristic
9122,103146,7336,512,506,true,124,133,130,119,heuristic
9123,103147,3084,256,253,true,68,62,60,63,heuristic
9124,103148,3524,256,297,true,84,64,82,67,heuristic
9125,103149,15204,1024,900,true,243,214,234,209,heuristic
9126,103150,16468,1024,957,true,276,214,263,204,heuristic
9127,103151,7428,512,513,true,147,107,169,90,heuristic
9128,103152,7584,512,516,true,145,119,136,116,heuristic
9129,103153,15364,1024,890,true,229,202,250,209,heuristic
9130,103154,14452,1024,840,true,216,186,212,226,heuristic
9131,103155,1444,128,150,true,41,31,45,33,heuristic
9132,103156,12776,1024,763,true,218,172,188,185,heuristic
9133,103157,7092,512,485,true,124,119,129,113,heuristic
9134,103158,6720,512,445,true,136,102,121,86,heuristic
9135,103159,3280,256,272,true,65,72,83,52,heuristic
9136,103160,3348,256,273,true,88,51,76,58,heuristic
9137,103161,12116,1024,718,true,220,147,183,168,heuristic
9138,103162,11700,1024,696,true,179,166,171,180,heuristic
9139,103163,11796,1024,685,true,195,158,166,166,heuristic
9140,103164,6552,512,444,true,120,112,112,100,heuristic
9141,103165,15588,1024,909,true,241,214,248,206,heuristic
9142,103166,12100,1024,714,true,175,178,177,184,heuristic
9143,103167,12744,1024,766,true,203,166,216,181,heuristic
9144,103168,12252,1024,739,true,170,197,202,170,heuristic
9145,103169,7356,512,512,true,157,103,131,121,heuristic
9146,103170,11992,1024,708,true,180,178,178,172,heuristic
9147,103171,4148,256,319,true,104,65,85,65,heuristic
9148,103172,6772,512,467,true,118,113,112,124,heuristic
9149,103173,7404,512,506,true,124,133,125,124,heuristic
9150,103174,1424,128,149,true,53,24,32,40,heuristic
9151,103175,6996,512,470,true,127,119,103,121,heuristic
9152,103176,9400,512,602,true,160,156,144,142,heuristic
9153,103177,7188,512,487,true,152,111,117,107,heuristic
9154,103178,12412,1024,751,true,187,189,200,175,heuristic
9155,103179,6536,512,450,true,122,103,114,111,heuristic
9156,103180,7748,512,529,true,133,124,140,132,heuristic
9157,103181,7028,512,477,true,114,122,124,117,heuristic
9158,103182,7136,512,488,true,128,119,117,124,heuristic
9159,103183,3428,256,282,true,77,64,73,68,heuristic
9160,103184,7100,512,491,true,138,99,128,126,heuristic
9161,103185,7332,512,502,true,151,112,126,113,heuristic
9162,103186,3760,256,297,true,93,58,82,64,heuristic
9163,103187,3772,256,300,true,76,69,91,64,heuristic
9164,103188,6728,512,467,true,119,103,126,119,heuristic
9165,103189,3288,256,278,true,82,61,60,75,heuristic
9166,103190,11460,1024,666,true,203,144,170,149,heuristic
9167,103191,3304,256,267,true,70,67,81,49,heuristic
9168,103192,7204,512,502,true,138,109,140,115,heuristic
9169,103193,7016,512,475,true,125,122,125,103,heuristic
9170,103194,5640,512,398,true,110,90,105,93,heuristic
9171,103195,3164,256,259,true,74,61,53,71,heuristic
9172,103196,7068,512,477,true,129,120,110,118,heuristic
9173,103197,7136,512,485,true,111,135,137,102,heuristic
9174,103198,7388,512,508,true,147,98,135,128,heuristic
9175,103199,6612,512,450,true,118,108,106,118,heuristic
9176,103200,12124,1024,720,true,204,169,173,174,heuristic
9177,103201,6524,512,440,true,125,98,106,111,heuristic
9178,103202,7188,512,496,true,142,98,148,108,heuristic
9179,103203,7080,512,486,true,148,110,119,109,heuristic
9180,103204,7024,512,473,true,125,120,110,118,heuristic
9181,103205,6648,512,454,true,128,98,119,109,heuristic
9182,103206,12344,1024,742,true,193,174,184,191,heuristic
9183,103207,7168,512,497,true,159,96,127,115,heuristic
9184,103208,7012,512,474,true,133,103,131,107,heuristic
9185,103209,16152,1024,950,true,222,231,283,214,heuristic
9186,103210,12156,1024,726,true,191,186,179,170,heuristic
9187,103211,7180,512,491,true,131,124,116,120,heuristic
9188,103212,14200,1024,826,true,264,150,232,180,heuristic
9189,103213,6888,512,466,true,113,116,103,134,heuristic
9190,103214,11524,1024,685,true,199,151,181,154,heuristic
9191,103215,7172,512,492,true,120,126,128,118,heuristic
9192,103216,5428,512,379,true,100,97,86,96,heuristic
9193,103217,6980,512,477,true,149,101,138,89,heuristic
9194,103218,5624,512,391,true,98,85,113,95,heuristic
9195,103219,6928,512,475,true,125,124,97,129,heuristic
9196,103220,12196,1024,726,true,173,188,171,194,heuristic
9197,103221,11920,1024,698,true,212,157,159,170,heuristic
9198,103222,5480,512,385,true,103,90,110,82,heuristic
9199,103223,6472,512,445,true,103,120,128,94,heuristic
9200,103224,7344,512,504,true,133,126,126,119,heuristic
9201,103225,11404,1024,672,true,176,152,196,148,heuristic
9202,103226,6884,512,469,true,104,129,134,102,heuristic
9203,103227,3712,256,297,true,88,72,68,69,heuristic
9204,103228,6568,512,450,true,112,112,112,114,heuristic
9205,103229,3036,256,245,true,82,41,60,62,heuristic
9206,103230,14456,1024,841,true,208,212,209,212,heuristic
9207,103231,6584,512,447,true,111,124,122,90,heuristic
9208,103232,12624,1024,752,true,199,170,208,175,heuristic
9209,103233,7208,512,502,true,119,120,156,107,heuristic
9210,103234,7940,512,560,true,120,170,157,113,heuristic
9211,103235,11316,1024,681,true,171,173,186,151,heuristic
9212,103236,13596,1024,771,true,189,205,200,177,heuristic
9213,103237,5328,512,365,true,75,114,97,79,heuristic
9214,103238,5452,512,373,true,105,82,102,84,heuristic
9215,103239,7036,512,480,true,135,110,133,102,heuristic
9216,103240,7904,512,548,true,125,154,127,142,heuristic
9217,103241,7188,512,496,true,111,132,120,133,heuristic
9218,103242,7080,512,482,true,110,120,140,112,heuristic
9219,103243,5416,512,375,true,117,72,92,94,heuristic
9220,103244,7492,512,518,true,131,130,132,125,heuristic
9221,103245,14296,1024,833,true,197,210,204,222,heuristic
9222,103246,7084,512,487,true,142,89,176,80,heuristic
9223,103247,6444,512,444,true,121,106,106,111,heuristic
9224,103248,3384,256,282,true,74,59,84,65,heuristic
9225,103249,11664,1024,684,true,183,172,185,144,heuristic
9226,103250,3360,256,276,true,72,69,73,62,heuristic
9227,103251,12260,1024,736,true,161,185,180,210,heuristic
9228,103252,7196,512,499,true,131,117,140,111,heuristic
9229,103253,12368,1024,737,true,197,195,178,167,heuristic
9230,103254,12084,1024,713,true,193,159,192,169,heuristic
9231,103255,5600,512,403,true,109,89,97,108,heuristic
9232,103256,6356,512,430,true,113,104,117,96,heuristic
9233,103257,14400,1024,839,true,243,188,261,147,heuristic
9234,103258,7208,512,496,true,139,108,137,112,heuristic
9235,103259,4508,256,340,true,96,73,90,81,heuristic
9236,103260,7408,512,512,true,136,129,130,117,heuristic
9237,103261,3388,256,279,true,78,54,82,65,heuristic
9238,103262,5460,512,386,true,114,84,95,93,heuristic
9239,103263,7784,512,534,true,138,122,164,110,heuristic
9240,103264,12212,1024,730,true,206,176,186,162,heuristic
9241,103265,11892,1024,698,true,163,192,160,183,heuristic
9242,103266,14128,1024,810,true,201,198,219,192,heuristic
9243,103267,5016,512,350,true,101,70,121,58,heuristic
9244,103268,6484,512,445,true,114,110,114,107,heuristic
9245,103269,11600,1024,684,true,173,184,166,161,heuristic
9246,103270,14484,1024,849,true,193,220,198,238,heuristic
9247,103271,7420,512,516,true,140,131,122,123,heuristic
9248,103272,7364,512,508,true,126,116,130,136,heuristic
9249,103273,7296,512,507,true,130,128,137,112,heuristic
9250,103274,6148,512,411,true,116,95,100,100,heuristic
9251,103275,6884,512,469,true,125,105,117,122,heuristic
9252,103276,3468,256,288,true,64,70,89,65,heuristic
9253,103277,3176,256,259,true,71,57,84,47,heuristic
9254,103278,12244,1024,736,true,211,169,188,168,heuristic
9255,103279,7332,512,501,true,131,117,132,121,heuristic
9256,103280,12032,1024,713,true,185,170,177,181,heuristic
9257,103281,7176,512,494,true,127,120,132,115,heuristic
9258,103282,7060,512,482,true,136,103,128,115,heuristic
9259,103283,7092,512,489,true,148,104,112,125,heuristic
9260,103284,5620,512,393,true,97,108,89,99,heuristic
9261,103285,7004,512,472,true,122,109,126,115,heuristic
9262,103286,12028,1024,704,true,192,160,181,171,heuristic
9263,103287,3304,256,278,true,68,79,78,53,heuristic
9264,103288,5444,512,381,true,90,107,97,87,heuristic
9265,103289,6412,512,431,true,110,111,110,100,heuristic
9266,103290,12344,1024,730,true,225,136,212,157,heuristic
9267,103291,9996,1024,587,true,154,136,164,133,heuristic
9268,103292,7200,512,488,true,114,132,113,129,heuristic
9269,103293,12412,1024,735,true,210,154,213,158,heuristic
9270,103294,5484,512,377,true,98,105,91,83,heuristic
9271,103295,7332,512,509,true,135,133,134,107,heuristic
9272,103296,5196,512,353,true,86,91,101,75,heuristic
9273,103297,3316,256,271,true,60,71,72,68,heuristic
9274,103298,7196,512,496,true,156,100,130,110,heuristic
9275,103299,7076,512,485,true,136,107,104,138,heuristic
9276,103300,14324,1024,826,true,207,196,223,200,heuristic
9277,103301,11340,1024,657,true,169,163,159,166,heuristic
9278,103302,6596,512,449,true,107,121,98,123,heuristic
9279,103303,5544,512,389,true,100,93,110,86,heuristic
9280,103304,12236,1024,731,true,195,173,176,187,heuristic
9281,103305,12584,1024,745,true,197,177,174,197,heuristic
9282,103306,7236,512,507,true,119,149,124,115,heuristic
9283,103307,2964,256,242,true,51,61,77,53,heuristic
9284,103308,14804,1024,865,true,232,199,231,203,heuristic
9285,103309,7332,512,505,true,141,109,133,122,heuristic
9286,103310,2988,256,234,true,75,48,54,57,heuristic
9287,103311,11880,1024,684,true,182,160,186,156,heuristic
9288,103312,6732,512,464,true,117,111,124,112,heuristic
9289,103313,7160,512,494,true,115,145,127,107,heuristic
9290,103314,8072,512,561,true,132,145,139,145,heuristic
9291,103315,6372,512,434,true,115,108,118,93,heuristic
9292,103316,7056,512,479,true,115,126,134,104,heuristic
9293,103317,9580,512,616,true,172,145,148,151,heuristic
9294,103318,7032,512,479,true,119,122,131,107,heuristic
9295,103319,7036,512,480,true,116,129,116,119,heuristic
9296,103320,15420,1024,895,true,214,249,224,208,heuristic
9297,103321,7484,512,522,true,146,132,144,100,heuristic
9298,103322,12080,1024,713,true,182,181,158,192,heuristic
9299,103323,5748,512,405,true,98,108,80,119,heuristic
9300,103324,5708,512,399,true,98,102,112,87,heuristic
9301,103325,3508,256,296,true,54,92,85,65,heuristic
9302,103326,11832,1024,682,true,190,150,195,147,heuristic
9303,103327,1648,128,165,true,51,34,46,34,heuristic
9304,103328,6192,512,429,true,119,103,88,119,heuristic
9305,103329,7196,512,495,true,130,123,129,113,heuristic
9306,103330,3588,256,300,true,98,49,93,60,heuristic
9307,103331,7256,512,512,true,151,115,125,121,heuristic
9308,103332,3132,256,263,true,82,56,69,56,heuristic
9309,103333,3212,256,271,true,74,62,67,68,heuristic
9310,103334,7464,512,528,true,145,121,153,109,heuristic
9311,103335,16384,1024,971,true,267,234,241,229,heuristic
9312,103336,5600,512,393,true,112,86,110,85,heuristic
9313,103337,10292,1024,594,true,153,134,146,161,heuristic
9314,103338,15576,1024,916,true,238,231,221,226,heuristic
9315,103339,6396,512,432,true,133,97,118,84,heuristic
9316,103340,12276,1024,745,true,184,173,197,191,heuristic
9317,103341,14296,1024,818,true,179,229,192,218,heuristic
9318,103342,3204,256,269,true,74,67,69,59,heuristic
9319,103343,5552,512,389,true,93,106,113,77,heuristic
9320,103344,2544,256,223,true,65,43,69,46,heuristic
9321,103345,3248,256,268,true,85,62,62,59,heuristic
9322,103346,7124,512,489,true,117,125,131,116,heuristic
9323,103347,4224,256,329,true,79,92,72,86,heuristic
9324,103348,14308,1024,823,true,219,194,203,207,heuristic
9325,103349,11916,1024,708,true,211,148,168,181,heuristic
9326,103350,2464,256,212,true,61,40,42,69,heuristic
9327,103351,7420,512,518,true,133,134,134,117,heuristic
9328,103352,12164,1024,724,true,187,162,185,190,heuristic
9329,103353,7032,512,474,true,123,101,137,113,heuristic
9330,103354,7112,512,488,true,117,123,105,143,heuristic
9331,103355,10500,1024,616,true,149,156,148,163,heuristic
9332,103356,8012,512,527,true,139,126,150,112,heuristic
9333,103357,14348,1024,831,true,196,226,228,181,heuristic
9334,103358,7124,512,482,true,114,113,109,146,heuristic
9335,103359,6736,512,465,true,142,94,119,110,heuristic
9336,103360,14344,1024,831,true,202,205,199,225,heuristic
9337,103361,6480,512,436,true,94,123,105,114,heuristic
9338,103362,13812,1024,798,true,205,190,198,205,heuristic
9339,103363,6636,512,456,true,103,116,137,100,heuristic
9340,103364,5820,512,411,true,101,99,101,110,heuristic
9341,103365,3148,256,263,true,67,60,70,66,heuristic
9342,103366,12132,1024,715,true,193,178,203,141,heuristic
9343,103367,9912,1024,565,true,145,149,126,145,heuristic
9344,103368,6572,512,454,true,123,104,117,110,heuristic
9345,103369,3220,256,268,true,91,55,60,62,heuristic
9346,103370,14604,1024,863,true,230,209,222,202,heuristic
9347,103371,12156,1024,727,true,179,202,176,170,heuristic
9348,103372,20908,2048,1000,false,259,250,247,244,heuristic
9349,103373,3196,256,267,true,61,79,61,66,heuristic
9350,103374,14408,1024,835,true,188,223,224,200,heuristic
9351,103375,5368,512,363,true,92,78,91,102,heuristic
9352,103376,14544,1024,836,true,198,216,247,175,heuristic
9353,103377,7076,512,475,true,122,116,116,121,heuristic
9354,103378,7124,512,486,true,128,105,118,135,heuristic
9355,103379,5692,512,400,true,106,85,88,121,heuristic
9356,103380,3172,256,262,true,68,60,71,63,heuristic
9357,103381,7188,512,501,true,121,131,106,143,heuristic
9358,103382,7516,512,515,true,142,115,125,133,heuristic
9359,103383,13724,1024,788,true,219,170,195,204,heuristic
9360,103384,6976,512,476,true,121,117,118,120,heuristic
9361,103385,7436,512,520,true,143,125,143,109,heuristic
9362,103386,6788,512,457,true,131,105,130,91,heuristic
9363,103387,6256,512,424,true,111,104,109,100,heuristic
9364,103388,20896,2048,1000,false,285,217,254,244,heuristic
9365,103389,7420,512,511,true,148,104,130,129,heuristic
9366,103390,12664,1024,751,true,171,211,190,179,heuristic
9367,103391,11480,1024,674,true,166,172,174,162,heuristic
9368,103392,5528,512,390,true,84,101,96,109,heuristic
9369,103393,6900,512,464,true,108,133,133,90,heuristic
9370,103394,6304,512,422,true,127,95,106,94,heuristic
9371,103395,6740,512,449,true,127,108,114,100,heuristic
9372,103396,3068,256,248,true,66,59,71,52,heuristic
9373,103397,3344,256,274,true,59,78,72,65,heuristic
9374,103398,11904,1024,704,true,176,190,175,163,heuristic
9375,103399,11972,1024,697,true,178,159,168,192,heuristic
9376,103400,12672,1024,759,true,232,164,169,194,heuristic
9377,103401,7088,512,488,true,136,117,104,131,heuristic
9378,103402,7236,512,504,true,130,128,119,127,heuristic
9379,103403,4952,256,382,true,100,91,104,87,heuristic
9380,103404,12416,1024,748,true,191,185,198,174,heuristic
9381,103405,15036,1024,884,true,233,209,204,238,heuristic
9382,103406,7360,512,504,true,126,126,145,107,heuristic
9383,103407,7480,512,521,true,157,107,138,119,heuristic
9384,103408,7216,512,489,true,136,101,140,112,heuristic
9385,103409,7140,512,490,true,121,140,101,128,heuristic
9386,103410,14164,1024,831,true,231,183,222,195,heuristic
9387,103411,7156,512,489,true,130,116,104,139,heuristic
9388,103412,12204,1024,724,true,184,174,200,166,heuristic
9389,103413,7028,512,477,true,135,108,134,100,heuristic
9390,103414,7168,512,492,true,133,120,126,113,heuristic
9391,103415,3132,256,260,true,65,74,73,48,heuristic
9392,103416,2988,256,237,true,75,46,68,48,heuristic
9393,103417,6964,512,468,true,104,139,111,114,heuristic
9394,103418,12180,1024,721,true,197,172,195,157,heuristic
9395,103419,6380,512,432,true,104,113,96,119,heuristic
9396,103420,15744,1024,913,true,219,240,218,236,heuristic
9397,103421,7208,512,502,true,118,118,134,132,heuristic
9398,103422,7076,512,485,true,119,121,108,137,heuristic
9399,103423,12136,1024,715,true,184,175,182,174,heuristic
9400,103424,3232,256,267,true,53,79,59,76,heuristic
9401,103425,3228,256,270,true,70,75,64,61,heuristic
9402,103426,5376,512,376,true,87,90,90,109,heuristic
9403,103427,6128,512,429,true,108,99,124,98,heuristic
9404,103428,11864,1024,702,true,169,189,167,177,heuristic
9405,103429,4044,256,307,true,75,69,84,79,heuristic
9406,103430,10420,1024,602,true,154,150,131,167,heuristic
9407,103431,2568,256,222,true,58,60,52,52,heuristic
9408,103432,3160,256,259,true,59,69,53,78,heuristic
9409,103433,3040,256,245,true,71,51,62,61,heuristic
9410,103434,12148,1024,725,true,205,178,180,162,heuristic
9411,103435,6424,512,434,true,115,100,124,95,heuristic
9412,103436,7084,512,480,true,133,121,125,101,heuristic
9413,103437,6984,512,479,true,135,99,124,121,heuristic
9414,103438,7240,512,497,true,141,106,139,111,heuristic
9415,103439,6368,512,433,true,112,105,111,105,heuristic
9416,103440,6392,512,427,true,110,111,105,101,heuristic
9417,103441,16024,1024,935,true,256,211,221,247,heuristic
9418,103442,12204,1024,732,true,175,181,189,187,heuristic
9419,103443,10572,1024,623,true,174,137,173,139,heuristic
9420,103444,7184,512,493,true,134,114,112,133,heuristic
9421,103445,6292,512,423,true,118,93,121,91,heuristic
9422,103446,2440,256,207,true,58,38,60,51,heuristic
9423,103447,7196,512,503,true,134,130,129,110,heuristic
9424,103448,7116,512,488,true,138,108,116,126,heuristic
9425,103449,7092,512,484,true,126,112,122,124,heuristic
9426,103450,9496,512,630,true,182,133,151,164,heuristic
9427,103451,11608,1024,674,true,158,189,176,151,heuristic
9428,103452,7252,512,489,true,134,115,107,133,heuristic
9429,103453,6928,512,464,true,111,133,134,86,heuristic
9430,103454,6504,512,443,true,107,113,96,127,heuristic
9431,103455,3200,256,267,true,74,68,64,61,heuristic
9432,103456,5464,512,387,true,95,98,90,104,heuristic
9433,103457,3944,256,322,true,76,86,94,66,heuristic
9434,103458,7156,512,488,true,124,116,147,101,heuristic
9435,103459,12252,1024,739,true,176,213,197,153,heuristic
9436,103460,12564,1024,746,true,175,206,188,177,heuristic
9437,103461,12012,1024,700,true,194,167,183,156,heuristic
9438,103462,5592,512,390,true,101,105,106,78,heuristic
9439,103463,7184,512,496,true,130,128,106,132,heuristic
9440,103464,5724,512,399,true,93,110,97,99,heuristic
9441,103465,6148,512,410,true,109,104,108,89,heuristic
9442,103466,11452,1024,679,true,190,167,202,120,heuristic
9443,103467,5344,512,369,true,119,62,95,93,heuristic
9444,103468,7020,512,477,true,130,98,115,134,heuristic
9445,103469,3220,256,268,true,72,64,64,68,heuristic
9446,103470,7068,512,477,true,119,117,127,114,heuristic
9447,103471,5384,512,368,true,87,91,103,87,heuristic
9448,103472,14744,1024,870,true,216,233,222,199,heuristic
9449,103473,6040,512,418,true,90,117,105,106,heuristic
9450,103474,10740,1024,638,true,177,145,176,140,heuristic
9451,103475,15248,1024,880,true,244,203,181,252,heuristic
9452,103476,5572,512,397,true,116,87,100,94,heuristic
9453,103477,6432,512,436,true,125,102,109,100,heuristic
9454,103478,2856,256,231,true,70,54,50,57,heuristic
9455,103479,8172,512,551,true,191,100,135,125,heuristic
9456,103480,3908,256,318,true,92,72,82,72,heuristic
9457,103481,11464,1024,669,true,178,155,163,173,heuristic
9458,103482,3328,256,274,true,73,60,82,59,heuristic
9459,103483,11868,1024,700,true,193,155,201,151,heuristic
9460,103484,7436,512,515,true,133,131,117,134,heuristic
9461,103485,7124,512,481,true,138,111,122,110,heuristic
9462,103486,7112,512,490,true,127,124,120,119,heuristic
9463,103487,3104,256,256,true,68,58,67,63,heuristic
9464,103488,7712,512,520,true,155,94,155,116,heuristic
9465,103489,5216,512,358,true,90,95,112,61,heuristic
9466,103490,5424,512,377,true,109,88,91,89,heuristic
9467,103491,7144,512,486,true,109,134,126,117,heuristic
9468,103492,7020,512,471,true,106,142,121,102,heuristic
9469,103493,14680,1024,865,true,247,203,234,181,heuristic
9470,103494,7088,512,477,true,140,97,124,116,heuristic
9471,103495,6572,512,444,true,127,99,111,107,heuristic
9472,103496,13920,1024,815,true,216,194,233,172,heuristic
9473,103497,5412,512,378,true,109,87,94,88,heuristic
9474,103498,7044,512,474,true,152,96,113,113,heuristic
9475,103499,14412,1024,835,true,218,190,234,193,heuristic
9476,103500,7148,512,487,true,144,106,128,109,heuristic
9477,103501,10660,512,690,true,177,190,155,168,heuristic
9478,103502,3408,256,277,true,74,59,84,60,heuristic
9479,103503,2396,256,208,true,58,41,40,69,heuristic
9480,103504,3404,256,283,true,81,70,76,56,heuristic
9481,103505,10740,1024,633,true,198,132,144,159,heuristic
9482,103506,5648,512,389,true,107,100,108,74,heuristic
9483,103507,15840,1024,932,true,245,217,253,217,heuristic
9484,103508,6384,512,436,true,123,122,107,84,heuristic
9485,103509,5532,512,388,true,114,82,94,98,heuristic
9486,103510,7792,512,540,true,152,118,147,123,heuristic
9487,103511,7500,512,512,true,150,100,119,143,heuristic
9488,103512,10448,1024,608,true,180,133,143,152,heuristic
9489,103513,11184,1024,663,true,176,166,140,181,heuristic
9490,103514,7072,512,483,true,145,104,126,108,heuristic
9491,103515,15864,1024,930,true,222,228,230,250,heuristic
9492,103516,12152,1024,718,true,180,185,182,171,heuristic
9493,103517,13712,1024,780,true,219,176,214,171,heuristic
9494,103518,3196,256,267,true,75,56,67,69,heuristic
9495,103519,7176,512,493,true,140,101,124,128,heuristic
9496,103520,7004,512,483,true,121,129,131,102,heuristic
9497,103521,7020,512,475,true,121,116,134,104,heuristic
9498,103522,7168,512,490,true,141,117,127,105,heuristic
9499,103523,6976,512,473,true,120,125,110,118,heuristic
9500,103524,3172,256,261,true,64,69,71,57,heuristic
9501,103525,7176,512,497,true,139,115,136,107,heuristic
9502,103526,6916,512,472,true,144,95,117,116,heuristic
9503,103527,5492,512,390,true,84,110,109,87,heuristic
9504,103528,7080,512,482,true,116,117,127,122,heuristic
9505,103529,7368,512,506,true,126,129,124,127,heuristic
9506,103530,10444,1024,606,true,157,154,159,136,heuristic
9507,103531,15388,1024,900,true,194,240,213,253,heuristic
9508,103532,12556,1024,766,true,181,205,198,182,heuristic
9509,103533,7072,512,484,true,101,153,134,96,heuristic
9510,103534,3168,256,260,true,65,71,75,49,heuristic
9511,103535,10504,1024,616,true,145,165,164,142,heuristic
9512,103536,11720,1024,697,true,179,184,197,137,heuristic
9513,103537,7164,512,486,true,109,132,125,120,heuristic
9514,103538,6632,512,458,true,98,129,103,128,heuristic
9515,103539,11976,1024,698,true,147,199,202,150,heuristic
9516,103540,14412,1024,835,true,234,204,203,194,heuristic
9517,103541,6396,512,433,true,107,114,112,100,heuristic
9518,103542,7168,512,487,true,126,119,114,128,heuristic
9519,103543,6456,512,442,true,132,108,94,108,heuristic
9520,103544,11056,512,717,true,182,178,192,165,heuristic
9521,103545,7128,512,495,true,148,117,116,114,heuristic
9522,103546,5532,512,387,true,104,81,98,104,heuristic
9523,103547,7024,512,476,true,124,118,132,102,heuristic
9524,103548,12220,1024,727,true,167,177,175,208,heuristic
9525,103549,7084,512,481,true,127,115,107,132,heuristic
9526,103550,3476,256,289,true,72,69,74,74,heuristic
9527,103551,3268,256,274,true,57,76,76,65,heuristic
9528,103552,7188,512,495,true,141,105,147,102,heuristic
9529,103553,5544,512,390,true,105,94,86,105,heuristic
9530,103554,6724,512,462,true,90,131,114,127,heuristic
9531,103555,14488,1024,849,true,206,193,218,232,heuristic
9532,103556,7060,512,470,true,115,119,127,109,heuristic
9533,103557,11860,1024,690,true,169,178,187,156,heuristic
9534,103558,3072,256,253,true,65,60,60,68,heuristic
9535,103559,15408,1024,892,true,264,180,259,189,heuristic
9536,103560,7044,512,478,true,132,104,114,128,heuristic
9537,103561,7068,512,482,true,130,111,134,107,heuristic
9538,103562,14188,1024,823,true,200,199,204,220,heuristic
9539,103563,6288,512,418,true,103,112,103,100,heuristic
9540,103564,6764,512,471,true,124,113,116,118,heuristic
9541,103565,6744,512,470,true,126,113,137,94,heuristic
9542,103566,12368,1024,737,true,183,195,196,163,heuristic
9543,103567,5380,512,381,true,94,101,100,86,heuristic
9544,103568,5756,512,410,true,105,89,84,132,heuristic
9545,103569,13836,1024,800,true,204,201,194,201,heuristic
9546,103570,10708,1024,637,true,169,145,181,142,heuristic
9547,103571,3168,256,264,true,70,68,67,59,heuristic
9548,103572,3192,256,266,true,75,56,73,62,heuristic
9549,103573,15352,1024,890,true,251,197,196,246,heuristic
9550,103574,7064,512,482,true,113,127,128,114,heuristic
9551,103575,15556,1024,917,true,236,228,250,203,heuristic
9552,103576,7196,512,500,true,119,119,132,130,heuristic
9553,103577,12108,1024,720,true,182,174,185,179,heuristic
9554,103578,3496,256,298,true,80,78,66,74,heuristic
9555,103579,7164,512,491,true,133,116,114,128,heuristic
9556,103580,13984,1024,817,true,193,206,228,190,heuristic
9557,103581,4716,512,328,true,86,76,94,72,heuristic
9558,103582,3312,256,279,true,87,63,70,59,heuristic
9559,103583,7320,512,499,true,145,117,128,109,heuristic
9560,103584,3380,256,278,true,65,85,64,64,heuristic
9561,103585,12008,1024,709,true,185,181,165,178,heuristic
9562,103586,7008,512,469,true,123,112,121,113,heuristic
9563,103587,7068,512,476,true,125,124,134,93,heuristic
9564,103588,14524,1024,843,true,213,222,227,181,heuristic
9565,103589,15736,1024,912,true,226,227,243,216,heuristic
9566,103590,7096,512,490,true,145,107,138,100,heuristic
9567,103591,6976,512,465,true,107,117,126,115,heuristic
9568,103592,12416,1024,747,true,203,167,221,156,heuristic
9569,103593,11744,1024,692,true,159,186,170,177,heuristic
9570,103594,7124,512,488,true,141,104,110,133,heuristic
9571,103595,3740,256,296,true,85,69,77,65,heuristic
9572,103596,1624,128,163,true,42,48,45,28,heuristic
9573,103597,3484,256,284,true,76,77,82,49,heuristic
9574,103598,14656,1024,856,true,225,213,211,207,heuristic
9575,103599,7100,512,491,true,143,107,128,113,heuristic
9576,103600,3156,256,262,true,88,48,65,61,heuristic
9577,103601,7128,512,494,true,143,120,112,119,heuristic
9578,103602,6640,512,457,true,124,102,121,110,heuristic
9579,103603,5776,512,410,true,88,113,104,105,heuristic
9580,103604,15840,1024,919,true,226,232,229,232,heuristic
9581,103605,7168,512,491,true,124,116,131,120,heuristic
9582,103606,6900,512,472,true,120,119,117,116,heuristic
9583,103607,6972,512,475,true,126,102,144,103,heuristic
9584,103608,12048,1024,703,true,172,183,178,170,heuristic
9585,103609,5184,512,365,true,98,89,95,83,heuristic
9586,103610,6872,512,463,true,117,108,111,127,heuristic
9587,103611,11680,1024,688,true,183,162,161,182,heuristic
9588,103612,6844,512,464,true,142,88,131,103,heuristic
9589,103613,14360,1024,834,true,238,189,201,206,heuristic
9590,103614,10544,1024,616,true,162,148,151,155,heuristic
9591,103615,11832,1024,708,true,174,177,181,176,heuristic
9592,103616,3288,256,274,true,74,75,70,55,heuristic
9593,103617,11004,1024,652,true,159,169,179,145,heuristic
9594,103618,13172,1024,777,true,207,183,196,191,heuristic
9595,103619,3104,256,256,true,62,60,53,81,heuristic
9596,103620,7040,512,481,true,104,151,109,117,heuristic
9597,103621,11748,1024,699,true,187,174,181,157,heuristic
9598,103622,7208,512,498,true,139,120,108,131,heuristic
9599,103623,7300,512,499,true,137,119,128,115,heuristic
9600,103624,7068,512,483,true,121,130,118,114,heuristic
9601,103625,14748,1024,871,true,242,187,238,204,heuristic
9602,103626,7140,512,489,true,128,113,128,120,heuristic
9603,103627,6680,512,463,true,119,98,133,113,heuristic
9604,103628,3064,256,251,true,60,73,61,57,heuristic
9605,103629,5308,512,364,true,104,75,107,78,heuristic
9606,103630,8164,512,572,true,152,132,140,148,heuristic
9607,103631,6420,512,438,true,144,93,102,99,heuristic
9608,103632,3440,256,281,true,69,76,81,55,heuristic
9609,103633,3268,256,274,true,62,75,81,56,heuristic
9610,103634,7044,512,477,true,123,114,113,127,heuristic
9611,103635,6812,512,463,true,124,117,127,95,heuristic
9612,103636,3472,256,288,true,60,77,72,79,heuristic
9613,103637,7168,512,493,true,126,119,127,121,heuristic
9614,103638,6872,512,485,true,144,115,128,98,heuristic
9615,103639,7132,512,491,true,116,123,137,115,heuristic
9616,103640,6400,512,429,true,109,105,118,97,heuristic
9617,103641,7172,512,492,true,120,132,127,113,heuristic
9618,103642,12140,1024,719,true,217,150,179,173,heuristic
9619,103643,3004,256,241,true,59,55,71,56,heuristic
9620,103644,7108,512,490,true,121,130,108,131,heuristic
9621,103645,3544,256,300,true,92,77,72,59,heuristic
9622,103646,12356,1024,735,true,197,188,185,165,heuristic
9623,103647,7436,512,500,true,135,117,139,109,heuristic
9624,103648,8376,512,523,true,125,135,138,125,heuristic
9625,103649,12184,1024,726,true,156,204,198,168,heuristic
9626,103650,6448,512,440,true,123,92,122,103,heuristic
9627,103651,11684,1024,693,true,153,197,183,160,heuristic
9628,103652,12428,1024,751,true,195,183,192,181,heuristic
9629,103653,5440,512,379,true,88,107,85,99,heuristic
9630,103654,6316,512,425,true,120,89,99,117,heuristic
9631,103655,6496,512,447,true,129,101,113,104,heuristic
9632,103656,7204,512,500,true,134,117,127,122,heuristic
9633,103657,5364,512,366,true,105,77,88,96,heuristic
9634,103658,12076,1024,713,true,185,163,202,163,heuristic
9635,103659,13860,1024,793,true,220,188,197,188,heuristic
9636,103660,7132,512,488,true,120,132,109,127,heuristic
9637,103661,10716,1024,639,true,174,155,141,169,heuristic
9638,103662,15684,1024,926,true,225,229,230,242,heuristic
9639,103663,11888,1024,696,true,205,133,193,165,heuristic
9640,103664,7184,512,500,true,135,113,153,99,heuristic
9641,103665,3032,256,244,true,44,76,56,68,heuristic
9642,103666,7768,512,534,true,131,138,139,126,heuristic
9643,103667,5716,512,406,true,105,93,91,117,heuristic
9644,103668,15264,1024,880,true,209,211,225,235,heuristic
9645,103669,5560,512,391,true,125,84,102,80,heuristic
9646,103670,5376,512,370,true,117,73,106,74,heuristic
9647,103671,10440,1024,607,true,155,151,144,157,heuristic
9648,103672,5412,512,377,true,85,107,101,84,heuristic
9649,103673,7320,512,503,true,131,129,138,105,heuristic
9650,103674,3168,256,260,true,72,56,66,66,heuristic
9651,103675,13768,1024,794,true,198,200,176,220,heuristic
9652,103676,7132,512,484,true,119,120,116,129,heuristic
9653,103677,13964,1024,808,true,219,193,193,203,heuristic
9654,103678,6396,512,427,true,100,105,129,93,heuristic
9655,103679,5588,512,397,true,122,88,123,64,heuristic
9656,103680,6680,512,462,true,127,114,124,97,heuristic
9657,103681,6636,512,455,true,125,110,136,84,heuristic
9658,103682,7560,512,530,true,133,150,141,106,heuristic
9659,103683,7156,512,493,true,138,98,135,122,heuristic
9660,103684,14656,1024,861,true,191,229,189,252,heuristic
9661,103685,5444,512,377,true,114,74,99,90,heuristic
9662,103686,6368,512,436,true,109,112,109,106,heuristic
9663,103687,7076,512,486,true,136,121,126,103,heuristic
9664,103688,5328,512,369,true,123,79,94,73,heuristic
9665,103689,15112,1024,875,true,203,237,208,227,heuristic
9666,103690,14440,1024,839,true,237,179,194,229,heuristic
9667,103691,12816,1024,761,true,208,181,199,173,heuristic
9668,103692,14384,1024,845,true,211,220,213,201,heuristic
9669,103693,7240,512,495,true,128,122,138,107,heuristic
9670,103694,7256,512,493,true,118,124,128,123,heuristic
9671,103695,5424,512,377,true,103,100,81,93,heuristic
9672,103696,12336,1024,743,true,199,175,184,185,heuristic
9673,103697,3212,256,271,true,80,72,58,61,heuristic
9674,103698,6328,512,428,true,115,107,111,95,heuristic
9675,103699,14992,1024,873,true,228,221,229,195,heuristic
9676,103700,14060,1024,802,true,218,201,198,185,heuristic
9677,103701,7424,512,514,true,150,119,125,120,heuristic
9678,103702,3184,256,265,true,70,64,71,60,heuristic
9679,103703,7380,512,513,true,144,124,117,128,heuristic
9680,103704,7108,512,478,true,136,95,117,130,heuristic
9681,103705,6944,512,478,true,127,112,135,104,heuristic
9682,103706,7308,512,501,true,138,125,113,125,heuristic
9683,103707,3100,256,255,true,82,45,59,69,heuristic
9684,103708,7140,512,489,true,130,120,140,99,heuristic
9685,103709,4916,512,346,true,88,73,107,78,heuristic
9686,103710,6696,512,460,true,110,111,136,103,heuristic
9687,103711,10420,1024,601,true,146,150,149,156,heuristic
9688,103712,5792,512,415,true,114,101,98,102,heuristic
9689,103713,6952,512,467,true,112,125,118,112,heuristic
9690,103714,12036,1024,705,true,185,166,198,156,heuristic
9691,103715,11468,1024,667,true,159,172,164,172,heuristic
9692,103716,7160,512,491,true,144,97,145,105,heuristic
9693,103717,5844,512,413,true,107,103,99,104,heuristic
9694,103718,12892,1024,787,true,190,211,209,177,heuristic
9695,103719,7476,512,524,true,119,161,113,131,heuristic
9696,103720,7044,512,481,true,108,120,115,138,heuristic
9697,103721,12124,1024,724,true,193,177,169,185,heuristic
9698,103722,6356,512,434,true,115,99,115,105,heuristic
9699,103723,7136,512,488,true,115,126,140,107,heuristic
9700,103724,6944,512,480,true,140,101,104,135,heuristic
9701,103725,7172,512,493,true,121,136,120,116,heuristic
9702,103726,6380,512,434,true,94,120,116,104,heuristic
9703,103727,12476,1024,751,true,167,207,217,160,heuristic
9704,103728,10380,1024,604,true,165,129,149,161,heuristic
9705,103729,7428,512,514,true,146,114,125,129,heuristic
9706,103730,7068,512,480,true,122,128,110,120,heuristic
9707,103731,3196,256,264,true,77,53,78,56,heuristic
9708,103732,7148,512,488,true,133,125,111,119,heuristic
9709,103733,12412,1024,743,true,224,163,179,177,heuristic
9710,103734,5736,512,400,true,93,110,104,93,heuristic
9711,103735,12264,1024,720,true,204,153,178,185,heuristic
9712,103736,11908,1024,703,true,159,181,177,186,heuristic
9713,103737,7228,512,507,true,133,121,149,104,heuristic
9714,103738,12072,1024,709,true,161,198,158,192,heuristic
9715,103739,7100,512,487,true,144,111,138,94,heuristic
9716,103740,7076,512,482,true,115,130,121,116,heuristic
9717,103741,7052,512,479,true,116,128,124,111,heuristic
9718,103742,10616,1024,629,true,156,167,161,145,heuristic
9719,103743,12112,1024,720,true,173,186,193,168,heuristic
9720,103744,3468,256,287,true,73,68,80,66,heuristic
9721,103745,4184,256,322,true,74,85,96,67,heuristic
9722,103746,7160,512,494,true,119,131,116,128,heuristic
9723,103747,7164,512,495,true,124,116,131,124,heuristic
9724,103748,3424,256,276,true,76,61,77,62,heuristic
9725,103749,5388,512,372,true,105,82,111,74,heuristic
9726,103750,5888,512,398,true,113,90,103,92,heuristic
9727,103751,13012,1024,784,true,194,187,222,181,heuristic
9728,103752,6016,512,398,true,99,101,101,97,heuristic
9729,103753,7084,512,487,true,130,123,127,107,heuristic
9730,103754,6580,512,450,true,126,106,111,107,heuristic
9731,103755,7336,512,507,true,132,123,107,145,heuristic
9732,103756,7068,512,483,true,113,121,131,118,heuristic
9733,103757,7248,512,507,true,123,124,137,123,heuristic
9734,103758,3176,256,263,true,87,52,70,54,heuristic
9735,103759,14324,1024,825,true,202,207,204,212,heuristic
9736,103760,10508,1024,623,true,173,138,164,148,heuristic
9737,103761,11444,1024,665,true,178,169,163,155,heuristic
9738,103762,6440,512,438,true,126,97,110,105,heuristic
9739,103763,15716,1024,901,true,235,226,254,186,heuristic
9740,103764,5528,512,391,true,108,85,93,105,heuristic
9741,103765,11632,1024,683,true,161,178,174,170,heuristic
9742,103766,15112,1024,867,true,236,182,256,193,heuristic
9743,103767,15360,1024,892,true,222,225,208,237,heuristic
9744,103768,12128,1024,720,true,179,186,194,161,heuristic
9745,103769,1528,128,161,true,41,38,46,36,heuristic
9746,103770,11524,1024,670,true,165,176,171,158,heuristic
9747,103771,12408,1024,739,true,186,183,204,166,heuristic
9748,103772,12184,1024,723,true,169,185,219,150,heuristic
9749,103773,11780,1024,686,true,192,156,210,128,heuristic
9750,103774,11988,1024,701,true,183,169,178,171,heuristic
9751,103775,11416,1024,659,true,151,176,140,192,heuristic
9752,103776,7392,512,504,true,131,116,142,115,heuristic
9753,103777,7384,512,514,true,142,127,148,97,heuristic
9754,103778,3816,256,306,true,66,83,93,64,heuristic
9755,103779,7136,512,484,true,110,127,129,118,heuristic
9756,103780,15428,1024,897,true,238,224,213,222,heuristic
9757,103781,8076,512,548,true,141,133,126,148,heuristic
9758,103782,3444,256,286,true,69,78,70,69,heuristic
9759,103783,7172,512,492,true,123,124,128,117,heuristic
9760,103784,12108,1024,715,true,212,141,182,180,heuristic
9761,103785,6848,512,465,true,121,113,131,100,heuristic
9762,103786,14344,1024,835,true,243,184,229,179,heuristic
9763,103787,14320,1024,829,true,219,206,212,192,heuristic
9764,103788,7448,512,518,true,128,140,116,134,heuristic
9765,103789,6084,512,403,true,114,89,83,117,heuristic
9766,103790,12188,1024,720,true,188,179,171,182,heuristic
9767,103791,7196,512,494,true,144,108,126,116,heuristic
9768,103792,7092,512,478,true,140,107,117,114,heuristic
9769,103793,6744,512,448,true,118,97,115,118,heuristic
9770,103794,12132,1024,720,true,168,191,184,177,heuristic
9771,103795,7636,512,529,true,141,134,138,116,heuristic
9772,103796,3172,256,261,true,81,53,83,44,heuristic
9773,103797,3984,256,332,true,101,65,98,68,heuristic
9774,103798,3460,256,292,true,84,55,74,79,heuristic
9775,103799,5992,512,422,true,118,95,108,101,heuristic
9776,103800,3200,256,269,true,65,70,62,72,heuristic
9777,103801,7328,512,505,true,110,141,137,117,heuristic
9778,103802,5328,512,365,true,96,71,117,81,heuristic
9779,103803,12116,1024,713,true,193,154,178,188,heuristic
9780,103804,6440,512,438,true,127,104,103,104,heuristic
9781,103805,11280,1024,656,true,181,146,167,162,heuristic
9782,103806,7368,512,511,true,127,135,150,99,heuristic
9783,103807,4268,256,328,true,84,89,76,79,heuristic
9784,103808,12064,1024,708,true,175,174,169,190,heuristic
9785,103809,7324,512,499,true,143,112,126,118,heuristic
9786,103810,7160,512,490,true,114,117,137,122,heuristic
9787,103811,6940,512,472,true,105,123,140,104,heuristic
9788,103812,12160,1024,728,true,191,175,187,175,heuristic
9789,103813,7128,512,494,true,142,113,144,95,heuristic
9790,103814,3072,256,250,true,67,60,67,56,heuristic
9791,103815,7108,512,493,true,128,107,134,124,heuristic
9792,103816,16096,1024,944,true,280,200,254,210,heuristic
9793,103817,2756,256,223,true,55,51,62,55,heuristic
9794,103818,11932,1024,703,true,195,162,177,169,heuristic
9795,103819,11052,1024,652,true,164,174,160,154,heuristic
9796,103820,9640,1024,550,true,143,134,146,127,heuristic
9797,103821,6928,512,476,true,106,131,141,98,heuristic
9798,103822,3428,256,282,true,73,68,71,70,heuristic
9799,103823,6716,512,464,true,144,96,121,103,heuristic
9800,103824,7208,512,497,true,135,113,115,134,heuristic
9801,103825,7184,512,496,true,130,115,116,135,heuristic
9802,103826,7076,512,485,true,107,143,129,106,heuristic
9803,103827,3168,256,261,true,70,67,69,55,heuristic
9804,103828,6340,512,426,true,126,86,127,87,heuristic
9805,103829,7136,512,486,true,119,118,118,131,heuristic
9806,103830,12160,1024,727,true,173,178,224,152,heuristic
9807,103831,12472,1024,746,true,190,175,209,172,heuristic
9808,103832,1624,128,163,true,38,42,56,27,heuristic
9809,103833,1784,128,182,true,47,31,61,43,heuristic
9810,103834,7584,512,520,true,133,132,144,111,heuristic
9811,103835,12024,1024,700,true,182,172,171,175,heuristic
9812,103836,5448,512,382,true,109,86,106,81,heuristic
9813,103837,12232,1024,730,true,196,178,190,166,heuristic
9814,103838,10420,1024,612,true,162,139,159,152,heuristic
9815,103839,11816,1024,696,true,185,155,189,167,heuristic
9816,103840,7092,512,485,true,137,115,113,120,heuristic
9817,103841,5808,512,415,true,108,101,111,95,heuristic
9818,103842,12056,1024,706,true,198,167,195,146,heuristic
9819,103843,3212,256,268,true,77,58,76,57,heuristic
9820,103844,7188,512,497,true,129,114,137,117,heuristic
9821,103845,10432,1024,604,true,153,162,156,133,heuristic
9822,103846,7160,512,489,true,130,115,115,129,heuristic
9823,103847,11924,1024,709,true,179,179,198,153,heuristic
9824,103848,6740,512,466,true,139,94,121,112,heuristic
9825,103849,4220,256,350,true,92,80,99,79,heuristic
9826,103850,6444,512,439,true,126,95,120,98,heuristic
9827,103851,5408,512,376,true,106,83,116,71,heuristic
9828,103852,6764,512,451,true,121,120,118,92,heuristic
9829,103853,14460,1024,844,true,224,175,253,192,heuristic
9830,103854,3356,256,276,true,71,74,80,51,heuristic
9831,103855,12392,1024,746,true,232,158,172,184,heuristic
9832,103856,6948,512,472,true,140,96,132,104,heuristic
9833,103857,14356,1024,834,true,241,187,209,197,heuristic
9834,103858,3648,256,285,true,82,61,80,62,heuristic
9835,103859,5492,512,393,true,110,86,99,98,heuristic
9836,103860,15332,1024,885,true,225,224,221,215,heuristic
9837,103861,12244,1024,736,true,180,183,195,178,heuristic
9838,103862,7132,512,483,true,119,131,104,129,heuristic
9839,103863,16140,1024,942,true,227,250,241,224,heuristic
9840,103864,6016,512,417,true,102,121,104,90,heuristic
9841,103865,11788,1024,699,true,159,174,188,178,heuristic
9842,103866,6740,512,466,true,116,122,116,112,heuristic
9843,103867,7200,512,500,true,132,121,143,104,heuristic
9844,103868,6400,512,440,true,138,85,104,113,heuristic
9845,103869,5760,512,408,true,97,106,125,80,heuristic
9846,103870,7060,512,482,true,103,133,127,119,heuristic
9847,103871,12108,1024,719,true,183,182,182,172,heuristic
9848,103872,6296,512,424,true,110,104,83,127,heuristic
9849,103873,3216,256,273,true,69,63,73,68,heuristic
9850,103874,7068,512,483,true,138,109,111,125,heuristic
9851,103875,12032,1024,701,true,216,121,164,200,heuristic
9852,103876,6976,512,474,true,119,126,125,104,heuristic
9853,103877,7316,512,502,true,133,110,151,108,heuristic
9854,103878,10628,1024,623,true,156,165,144,158,heuristic
9855,103879,6676,512,461,true,121,124,106,110,heuristic
9856,103880,7452,512,525,true,131,115,146,133,heuristic
9857,103881,6636,512,459,true,118,118,126,97,heuristic
9858,103882,5432,512,382,true,109,82,84,107,heuristic
9859,103883,6952,512,485,true,106,128,119,132,heuristic
9860,103884,5420,512,375,true,105,81,106,83,heuristic
9861,103885,7176,512,494,true,110,127,129,128,heuristic
9862,103886,3224,256,270,true,77,44,83,66,heuristic
9863,103887,3256,256,278,true,74,75,73,56,heuristic
9864,103888,7112,512,493,true,138,103,127,125,heuristic
9865,103889,7168,512,493,true,136,111,120,126,heuristic
9866,103890,3160,256,259,true,76,51,64,68,heuristic
9867,103891,2676,256,229,true,70,44,58,57,heuristic
9868,103892,14896,1024,872,true,244,196,184,248,heuristic
9869,103893,6520,512,442,true,126,114,114,88,heuristic
9870,103894,5632,512,398,true,82,118,114,84,heuristic
9871,103895,11480,1024,669,true,181,153,151,184,heuristic
9872,103896,6512,512,441,true,106,104,115,116,heuristic
9873,103897,5428,512,381,true,111,89,103,78,heuristic
9874,103898,8844,512,596,true,167,142,154,133,heuristic
9875,103899,7136,512,485,true,127,111,118,129,heuristic
9876,103900,7860,512,523,true,143,117,156,107,heuristic
9877,103901,6940,512,479,true,102,128,131,118,heuristic
9878,103902,6180,512,436,true,113,116,103,104,heuristic
9879,103903,7744,512,540,true,127,143,129,141,heuristic
9880,103904,7712,512,527,true,136,130,120,141,heuristic
9881,103905,5084,512,348,true,100,80,83,85,heuristic
9882,103906,7152,512,495,true,143,110,120,122,heuristic
9883,103907,6176,512,436,true,102,110,116,108,heuristic
9884,103908,6856,512,462,true,118,108,128,108,heuristic
9885,103909,12080,1024,718,true,213,161,174,170,heuristic
9886,103910,5460,512,380,true,101,89,88,102,heuristic
9887,103911,8896,512,571,true,146,148,154,123,heuristic
9888,103912,12388,1024,741,true,199,182,213,147,heuristic
9889,103913,7024,512,472,true,124,114,128,106,heuristic
9890,103914,3944,256,322,true,89,75,77,81,heuristic
9891,103915,7804,512,540,true,136,130,152,122,heuristic
9892,103916,5756,512,410,true,107,97,98,108,heuristic
9893,103917,7384,512,514,true,152,109,135,118,heuristic
9894,103918,3116,256,259,true,92,43,67,57,heuristic
9895,103919,15680,1024,922,true,223,232,257,210,heuristic
9896,103920,5740,512,408,true,100,103,94,111,heuristic
9897,103921,12136,1024,716,true,169,191,194,162,heuristic
9898,103922,7092,512,490,true,119,129,119,123,heuristic
9899,103923,7092,512,477,true,137,103,133,104,heuristic
9900,103924,7148,512,491,true,139,102,125,125,heuristic
9901,103925,7180,512,495,true,130,109,112,144,heuristic
9902,103926,7072,512,485,true,143,103,121,118,heuristic
9903,103927,7140,512,490,true,133,122,117,118,heuristic
9904,103928,7132,512,486,true,129,115,118,124,heuristic
9905,103929,7076,512,485,true,130,112,121,122,heuristic
9906,103930,7112,512,491,true,129,119,130,113,heuristic
9907,103931,3120,256,259,true,57,70,88,44,heuristic
9908,103932,15428,1024,898,true,214,208,252,224,heuristic
9909,103933,5336,512,367,true,97,84,115,71,heuristic
9910,103934,7460,512,501,true,103,146,113,139,heuristic
9911,103935,3508,256,289,true,85,62,74,68,heuristic
9912,103936,7380,512,513,true,142,129,128,114,heuristic
9913,103937,14980,1024,885,true,261,201,249,174,heuristic
9914,103938,11972,1024,705,true,182,163,190,170,heuristic
9915,103939,6304,512,421,true,111,96,95,119,heuristic
9916,103940,13700,1024,786,true,175,210,217,184,heuristic
9917,103941,11808,1024,708,true,193,175,196,144,heuristic
9918,103942,12492,1024,745,true,184,186,202,173,heuristic
9919,103943,6940,512,478,true,110,136,131,101,heuristic
9920,103944,6464,512,444,true,127,101,90,126,heuristic
9921,103945,2892,256,240,true,56,66,64,54,heuristic
9922,103946,12864,1024,775,true,205,187,195,188,heuristic
9923,103947,12612,1024,754,true,206,158,188,202,heuristic
9924,103948,13216,1024,784,true,180,214,218,172,heuristic
9925,103949,5608,512,390,true,82,113,114,81,heuristic
9926,103950,2912,256,236,true,67,46,69,54,heuristic
9927,103951,12244,1024,726,true,160,176,205,185,heuristic
9928,103952,12236,1024,719,true,210,149,162,198,heuristic
9929,103953,12428,1024,751,true,197,191,205,158,heuristic
9930,103954,3456,256,288,true,78,55,86,69,heuristic
9931,103955,10660,1024,625,true,160,161,159,145,heuristic
9932,103956,12420,1024,747,true,172,204,186,185,heuristic
9933,103957,3804,256,306,true,82,72,86,66,heuristic
9934,103958,6700,512,460,true,128,114,111,107,heuristic
9935,103959,6612,512,464,true,124,91,121,128,heuristic
9936,103960,6424,512,439,true,113,105,118,103,heuristic
9937,103961,3160,256,259,true,89,54,46,70,heuristic
9938,103962,6784,512,476,true,136,120,133,87,heuristic
9939,103963,5640,512,396,true,100,96,121,79,heuristic
9940,103964,5560,512,393,true,114,82,109,88,heuristic
9941,103965,7028,512,478,true,116,135,117,110,heuristic
9942,103966,10788,1024,645,true,170,167,161,147,heuristic
9943,103967,3156,256,258,true,51,77,52,78,heuristic
9944,103968,7060,512,480,true,123,110,120,127,heuristic
9945,103969,12280,1024,735,true,191,184,213,147,heuristic
9946,103970,7032,512,478,true,140,108,128,102,heuristic
9947,103971,7000,512,486,true,123,117,115,131,heuristic
9948,103972,7396,512,509,true,139,130,153,87,heuristic
9949,103973,12076,1024,712,true,177,187,170,178,heuristic
9950,103974,3196,256,263,true,65,70,71,57,heuristic
9951,103975,7340,512,503,true,137,113,126,127,heuristic
9952,103976,7072,512,484,true,117,115,127,125,heuristic
9953,103977,11868,1024,710,true,172,185,189,164,heuristic
9954,103978,7132,512,491,true,134,124,114,119,heuristic
9955,103979,3800,256,306,true,79,77,66,84,heuristic
9956,103980,3504,256,281,true,71,72,77,61,heuristic
9957,103981,3136,256,264,true,57,83,57,67,heuristic
9958,103982,7056,512,477,true,135,113,124,105,heuristic
9959,103983,7016,512,470,true,121,117,123,109,heuristic
9960,103984,11760,1024,679,true,166,176,182,155,heuristic
9961,103985,20904,2048,1000,false,281,211,292,216,heuristic
9962,103986,12168,1024,722,true,181,184,153,204,heuristic
9963,103987,3368,256,277,true,76,66,62,73,heuristic
9964,103988,7104,512,488,true,123,120,114,131,heuristic
9965,103989,11680,1024,691,true,194,147,170,180,heuristic
9966,103990,4144,256,344,true,114,63,83,84,heuristic
9967,103991,14372,1024,832,true,235,184,205,208,heuristic
9968,103992,7080,512,484,true,139,101,139,105,heuristic
9969,103993,3244,256,264,true,60,67,77,60,heuristic
9970,103994,5144,512,355,true,101,73,93,88,heuristic
9971,103995,12188,1024,734,true,147,209,212,166,heuristic
9972,103996,11836,1024,689,true,181,169,196,143,heuristic
9973,103997,10492,1024,615,true,163,163,149,140,heuristic
9974,103998,5548,512,391,true,105,95,111,80,heuristic
9975,103999,3248,256,269,true,62,72,75,60,heuristic
9976,104000,13680,1024,781,true,196,206,187,192,heuristic
9977,104001,6760,512,470,true,130,120,115,105,heuristic
9978,104002,5624,512,395,true,121,76,96,102,heuristic
9979,104003,5156,512,354,true,91,76,130,57,heuristic
9980,104004,7176,512,493,true,124,131,118,120,heuristic
9981,104005,5464,512,387,true,115,81,108,83,heuristic
9982,104006,11436,1024,664,true,168,146,154,196,heuristic
9983,104007,3920,256,320,true,84,67,92,77,heuristic
9984,104008,7120,512,485,true,124,118,153,90,heuristic
9985,104009,2608,256,225,true,67,45,70,43,heuristic
9986,104010,12160,1024,715,true,182,162,214,157,heuristic
9987,104011,5436,512,379,true,117,82,84,96,heuristic
9988,104012,3236,256,267,true,65,62,63,77,heuristic
9989,104013,12472,1024,749,true,185,196,221,147,heuristic
9990,104014,15584,1024,910,true,240,224,241,205,heuristic
9991,104015,7280,512,500,true,139,110,129,122,heuristic
9992,104016,5628,512,391,true,99,82,115,95,heuristic
9993,104017,3396,256,286,true,75,63,77,71,heuristic
9994,104018,11508,1024,682,true,164,182,149,187,heuristic
9995,104019,7112,512,489,true,117,130,135,107,heuristic
9996,104020,7036,512,477,true,117,119,116,125,heuristic
9997,104021,5440,512,380,true,94,96,103,87,heuristic
9998,104022,4192,256,339,true,94,83,92,70,heuristic
9999,104023,12852,1024,758,true,222,162,198,176,heuristic
