game_id,seed,score,max_tile,move_count,game_over,up_moves,down_moves,left_moves,right_moves,agent
0,94024,1324,128,137,true,30,38,30,39,random
1,94025,1308,128,134,true,27,35,37,35,random
2,94026,924,64,110,true,26,25,27,32,random
3,94027,1080,128,117,true,21,25,31,40,random
4,94028,628,64,87,true,22,18,30,17,random
5,94029,1472,128,157,true,37,43,37,40,random
6,94030,2652,256,227,true,58,55,53,61,random
7,94031,1332,128,137,true,37,32,32,36,random
8,94032,1680,128,172,true,45,46,37,44,random
9,94033,1436,128,149,true,38,37,33,41,random
10,94034,2636,256,224,true,57,69,53,45,random
11,94035,1352,128,139,true,39,32,31,37,random
12,94036,1008,128,107,true,22,30,26,29,random
13,94037,1236,128,129,true,37,31,36,25,random
14,94038,1280,128,136,true,30,36,35,35,random
15,94039,1272,128,128,true,33,31,36,28,random
16,94040,760,64,99,true,22,24,25,28,random
17,94041,820,64,107,true,29,20,26,32,random
18,94042,1324,128,136,true,31,31,30,44,random
19,94043,1524,128,151,true,40,34,46,31,random
20,94044,1440,128,150,true,36,38,41,35,random
21,94045,720,64,94,true,21,29,17,27,random
22,94046,800,64,103,true,25,25,26,27,random
23,94047,256,32,52,true,10,12,12,18,random
24,94048,820,64,103,true,24,35,23,21,random
25,94049,1712,128,174,true,51,47,42,34,random
26,94050,1400,128,144,true,34,37,40,33,random
27,94051,596,64,78,true,18,21,20,19,random
28,94052,620,64,85,true,20,24,20,21,random
29,94053,1384,128,140,true,28,42,34,36,random
30,94054,472,64,69,true,13,20,23,13,random
31,94055,2384,256,205,true,44,61,48,52,random
32,94056,1004,128,105,true,28,28,30,19,random
33,94057,956,128,98,true,22,22,30,24,random
34,94058,908,64,109,true,23,30,30,26,random
35,94059,748,64,100,true,21,27,26,26,random
36,94060,1016,128,108,true,26,29,25,28,random
37,94061,620,64,85,true,18,27,25,15,random
38,94062,700,64,89,true,18,23,29,19,random
39,94063,572,64,78,true,15,25,26,12,random
40,94064,876,64,110,true,27,26,35,22,random
41,94065,780,64,96,true,21,23,27,25,random
42,94066,516,32,79,true,23,12,24,20,random
43,94067,1052,128,113,true,28,29,26,30,random
44,94068,284,32,52,true,12,11,16,13,random
45,94069,404,32,65,true,14,16,17,18,random
46,94070,940,128,101,true,17,32,24,28,random
47,94071,1352,128,143,true,35,38,32,38,random
48,94072,192,16,44,true,10,9,14,11,random
49,94073,756,64,101,true,18,31,27,25,random
50,94074,1336,128,136,true,30,32,37,37,random
51,94075,1504,128,155,true,35,42,47,31,random
52,94076,912,64,110,true,25,31,31,23,random
53,94077,720,64,94,true,24,25,28,17,random
54,94078,756,64,102,true,24,26,24,28,random
55,94079,1576,128,166,true,46,41,42,37,random
56,94080,2732,256,221,true,60,51,59,51,random
57,94081,1428,128,146,true,37,41,33,35,random
58,94082,568,64,77,true,18,28,17,14,random
59,94083,1328,128,138,true,35,31,33,39,random
60,94084,1448,128,151,true,39,45,33,34,random
61,94085,2116,256,177,true,47,38,41,51,random
62,94086,280,32,52,true,13,15,13,11,random
63,94087,1192,128,125,true,28,29,34,34,random
64,94088,3044,256,250,true,54,58,63,75,random
65,94089,680,64,89,true,26,17,22,24,random
66,94090,1388,128,141,true,36,39,36,30,random
67,94091,668,64,89,true,19,17,27,26,random
68,94092,608,64,86,true,17,22,21,26,random
69,94093,712,64,96,true,26,18,19,33,random
70,94094,704,64,91,true,27,27,17,20,random
71,94095,700,64,92,true,24,25,22,21,random
72,94096,1112,128,121,true,27,30,28,36,random
73,94097,916,128,101,true,26,26,26,23,random
74,94098,916,128,96,true,22,18,28,28,random
75,94099,840,64,100,true,24,24,22,30,random
76,94100,688,64,92,true,26,16,18,32,random
77,94101,656,64,86,true,22,26,18,20,random
78,94102,1328,128,135,true,37,37,29,32,random
79,94103,1196,128,125,true,28,31,32,34,random
80,94104,900,64,110,true,28,30,22,30,random
81,94105,1516,128,153,true,38,42,40,33,random
82,94106,640,64,89,true,26,24,20,19,random
83,94107,1308,128,133,true,36,31,29,37,random
84,94108,1404,128,143,true,30,33,39,41,random
85,94109,652,64,87,true,15,23,21,28,random
86,94110,604,64,84,true,23,22,22,17,random
87,94111,1296,128,130,true,37,28,28,37,random
88,94112,700,64,93,true,21,33,25,14,random
89,94113,2020,128,190,true,43,47,58,42,random
90,94114,1176,128,128,true,28,31,33,36,random
91,94115,1552,128,156,true,37,50,32,37,random
92,94116,1756,128,180,true,40,54,38,48,random
93,94117,532,64,73,true,14,22,15,22,random
94,94118,1160,128,117,true,31,28,30,28,random
95,94119,1212,128,129,true,25,37,37,30,random
96,94120,452,64,65,true,19,14,12,20,random
97,94121,340,32,63,true,16,19,15,13,random
98,94122,1404,128,142,true,30,33,43,36,random
99,94123,924,64,108,true,25,29,28,26,random
100,94124,868,64,106,true,26,28,23,29,random
101,94125,600,64,85,true,24,20,22,19,random
102,94126,412,32,69,true,24,15,14,16,random
103,94127,1476,128,154,true,35,38,39,42,random
104,94128,1072,128,117,true,28,27,30,32,random
105,94129,856,64,104,true,27,24,28,25,random
106,94130,1532,128,153,true,44,32,41,36,random
107,94131,572,64,77,true,22,20,18,17,random
108,94132,596,64,81,true,22,14,25,20,random
109,94133,1072,128,117,true,32,28,33,24,random
110,94134,1420,128,148,true,42,31,30,45,random
111,94135,764,64,98,true,24,29,25,20,random
112,94136,1408,128,141,true,31,41,33,36,random
113,94137,2196,256,180,true,46,40,43,51,random
114,94138,1188,128,126,true,33,33,30,30,random
115,94139,868,64,106,true,30,26,20,30,random
116,94140,456,32,69,true,21,10,20,18,random
117,94141,1140,128,123,true,26,29,37,31,random
118,94142,1192,128,131,true,38,28,32,33,random
119,94143,540,64,74,true,19,24,21,10,random
120,94144,576,64,79,true,17,22,19,21,random
121,94145,1312,128,134,true,41,35,33,25,random
122,94146,704,64,93,true,20,25,24,24,random
123,94147,1156,128,123,true,29,39,24,31,random
124,94148,1340,128,140,true,42,30,38,30,random
125,94149,1108,128,121,true,27,34,28,32,random
126,94150,1252,128,130,true,26,42,27,35,random
127,94151,364,32,59,true,14,17,13,15,random
128,94152,1332,128,139,true,34,35,38,32,random
129,94153,1004,64,121,true,37,34,21,29,random
130,94154,1432,128,147,true,37,29,43,38,random
131,94155,1620,128,163,true,49,43,32,39,random
132,94156,1376,128,146,true,31,51,34,30,random
133,94157,576,64,78,true,20,18,19,21,random
134,94158,648,64,89,true,20,18,30,21,random
135,94159,564,64,77,true,21,16,21,19,random
136,94160,520,64,71,true,17,14,17,23,random
137,94161,432,32,70,true,19,20,14,17,random
138,94162,968,128,101,true,25,29,25,22,random
139,94163,2344,256,200,true,47,48,53,52,random
140,94164,656,64,87,true,28,14,23,22,random
141,94165,1656,128,173,true,37,40,50,46,random
142,94166,476,64,65,true,13,17,16,19,random
143,94167,1136,128,128,true,24,35,43,26,random
144,94168,504,64,74,true,15,21,18,20,random
145,94169,1340,128,140,true,30,31,46,33,random
146,94170,668,64,89,true,27,21,18,23,random
147,94171,1332,128,139,true,40,31,29,39,random
148,94172,1304,128,133,true,35,31,34,33,random
149,94173,1356,128,144,true,37,34,33,40,random
150,94174,1484,128,156,true,39,43,32,42,random
151,94175,672,64,88,true,21,22,23,22,random
152,94176,1244,128,133,true,22,37,36,38,random
153,94177,500,32,81,true,19,19,24,19,random
154,94178,1220,128,126,true,31,31,23,41,random
155,94179,1096,128,117,true,32,31,23,31,random
156,94180,1912,256,157,true,45,28,40,44,random
157,94181,368,32,59,true,12,21,10,16,random
158,94182,1012,128,108,true,31,25,28,24,random
159,94183,384,32,66,true,15,21,17,13,random
160,94184,1356,128,144,true,37,32,36,39,random
161,94185,800,64,103,true,21,26,28,28,random
162,94186,660,64,91,true,23,18,26,24,random
163,94187,1264,128,128,true,45,26,21,36,random
164,94188,1252,128,128,true,37,38,30,23,random
165,94189,1092,128,122,true,38,27,23,34,random
166,94190,1088,128,112,true,24,29,28,31,random
167,94191,600,64,85,true,25,19,21,20,random
168,94192,224,32,44,true,8,16,9,11,random
169,94193,1472,128,153,true,31,36,48,38,random
170,94194,684,64,90,true,19,24,22,25,random
171,94195,620,64,85,true,18,26,22,19,random
172,94196,1284,128,132,true,42,25,34,31,random
173,94197,672,64,87,true,22,17,25,23,random
174,94198,668,64,91,true,23,20,29,19,random
175,94199,580,64,79,true,18,14,26,21,random
176,94200,1040,128,111,true,27,27,33,24,random
177,94201,512,32,79,true,22,24,18,15,random
178,94202,656,64,87,true,23,16,22,26,random
179,94203,668,64,89,true,22,26,16,25,random
180,94204,860,64,102,true,23,29,24,26,random
181,94205,1304,128,132,true,29,38,34,31,random
182,94206,1116,128,118,true,26,31,25,36,random
183,94207,2312,256,191,true,54,44,42,51,random
184,94208,1088,128,116,true,28,26,30,32,random
185,94209,580,64,80,true,18,20,23,19,random
186,94210,340,32,62,true,16,15,15,16,random
187,94211,1348,128,139,true,32,37,32,38,random
188,94212,1224,128,131,true,30,37,33,31,random
189,94213,1508,128,158,true,49,41,41,27,random
190,94214,380,32,62,true,20,9,15,18,random
191,94215,1116,128,118,true,28,36,25,29,random
192,94216,692,64,91,true,25,20,25,21,random
193,94217,680,64,90,true,25,17,25,23,random
194,94218,3000,256,247,true,65,62,62,58,random
195,94219,584,64,80,true,15,15,25,25,random
196,94220,940,64,116,true,37,29,23,27,random
197,94221,1432,128,148,true,46,41,32,29,random
198,94222,440,64,63,true,14,16,12,21,random
199,94223,1076,128,115,true,31,30,31,23,random
200,94224,1532,128,156,true,33,48,42,33,random
201,94225,1832,128,172,true,40,50,38,44,random
202,94226,608,64,83,true,22,21,16,24,random
203,94227,1064,128,112,true,36,26,25,25,random
204,94228,1344,128,137,true,32,32,41,32,random
205,94229,1280,128,130,true,27,34,34,35,random
206,94230,584,64,81,true,19,28,20,14,random
207,94231,1372,128,143,true,32,39,34,38,random
208,94232,744,64,99,true,27,28,22,22,random
209,94233,1120,128,123,true,34,37,26,26,random
210,94234,1056,128,112,true,27,23,30,32,random
211,94235,212,32,42,true,10,10,15,7,random
212,94236,1024,128,110,true,35,23,28,24,random
213,94237,1392,128,143,true,33,33,41,36,random
214,94238,840,64,102,true,27,23,23,29,random
215,94239,1188,128,129,true,29,40,32,28,random
216,94240,620,64,84,true,21,25,20,18,random
217,94241,884,64,107,true,26,25,26,30,random
218,94242,700,64,90,true,30,22,22,16,random
219,94243,564,64,75,true,19,17,19,20,random
220,94244,1464,128,156,true,41,36,36,43,random
221,94245,1468,128,152,true,42,40,34,36,random
222,94246,1468,128,153,true,41,44,39,29,random
223,94247,1260,128,135,true,41,30,35,29,random
224,94248,684,64,93,true,21,22,26,24,random
225,94249,1140,128,122,true,36,29,25,32,random
226,94250,676,64,92,true,27,21,25,19,random
227,94251,312,32,58,true,15,18,12,13,random
228,94252,428,32,68,true,14,19,20,15,random
229,94253,900,64,110,true,31,29,23,27,random
230,94254,924,64,115,true,32,33,25,25,random
231,94255,1284,128,131,true,24,36,36,35,random
232,94256,968,64,112,true,28,23,32,29,random
233,94257,612,64,83,true,18,22,19,24,random
234,94258,720,64,97,true,24,25,29,19,random
235,94259,1244,128,128,true,36,37,27,28,random
236,94260,860,64,101,true,24,27,20,30,random
237,94261,2300,256,190,true,44,48,44,54,random
238,94262,688,64,95,true,29,25,22,19,random
239,94263,744,64,99,true,27,27,21,24,random
240,94264,1288,128,133,true,33,37,33,30,random
241,94265,624,64,86,true,25,29,17,15,random
242,94266,1268,128,127,true,32,34,28,33,random
243,94267,264,32,51,true,11,13,12,15,random
244,94268,684,64,89,true,23,22,25,19,random
245,94269,720,64,97,true,21,25,29,22,random
246,94270,2868,256,235,true,62,54,60,59,random
247,94271,740,64,98,true,24,17,29,28,random
248,94272,1464,128,146,true,41,29,44,32,random
249,94273,984,64,122,true,31,37,24,30,random
250,94274,652,64,85,true,19,24,23,19,random
251,94275,596,64,80,true,23,29,19,9,random
252,94276,640,64,89,true,21,21,25,22,random
253,94277,680,64,88,true,20,23,23,22,random
254,94278,1620,128,162,true,41,51,38,32,random
255,94279,148,16,38,true,12,5,9,12,random
256,94280,1516,128,156,true,40,35,39,42,random
257,94281,1248,128,131,true,34,32,35,30,random
258,94282,1372,128,142,true,33,33,33,43,random
259,94283,1916,128,178,true,42,50,47,39,random
260,94284,752,64,91,true,20,20,25,26,random
261,94285,1300,128,131,true,35,36,26,34,random
262,94286,1404,128,148,true,41,33,36,38,random
263,94287,604,64,79,true,18,15,20,26,random
264,94288,1184,128,130,true,35,29,30,36,random
265,94289,980,64,116,true,24,31,32,29,random
266,94290,652,64,85,true,24,23,22,16,random
267,94291,1048,128,112,true,25,30,27,30,random
268,94292,612,64,84,true,27,13,24,20,random
269,94293,596,64,83,true,20,20,22,21,random
270,94294,1432,128,147,true,41,39,36,31,random
271,94295,832,64,100,true,28,25,19,28,random
272,94296,1396,128,141,true,39,31,32,39,random
273,94297,700,64,93,true,27,18,19,29,random
274,94298,1796,128,171,true,40,40,47,44,random
275,94299,652,64,89,true,24,19,23,23,random
276,94300,1348,128,138,true,38,35,31,34,random
277,94301,1352,128,139,true,32,32,38,37,random
278,94302,1348,128,139,true,41,32,34,32,random
279,94303,1804,128,169,true,40,38,47,44,random
280,94304,1612,128,164,true,37,46,44,37,random
281,94305,1656,128,170,true,40,43,39,48,random
282,94306,908,64,113,true,29,32,27,25,random
283,94307,648,64,91,true,21,24,23,23,random
284,94308,500,32,76,true,18,23,14,21,random
285,94309,560,64,76,true,19,15,22,20,random
286,94310,1988,256,164,true,43,44,40,37,random
287,94311,1132,128,122,true,26,33,31,32,random
288,94312,2104,128,199,true,41,50,47,61,random
289,94313,1444,128,151,true,43,33,33,42,random
290,94314,1648,128,155,true,38,43,39,35,random
291,94315,1416,128,148,true,33,46,40,29,random
292,94316,684,64,91,true,25,22,24,20,random
293,94317,516,64,77,true,20,14,20,23,random
294,94318,764,64,101,true,27,25,31,18,random
295,94319,2312,256,203,true,48,41,59,55,random
296,94320,560,64,78,true,14,24,22,18,random
297,94321,1340,128,138,true,32,29,45,32,random
298,94322,1332,128,139,true,33,32,38,36,random
299,94323,472,64,69,true,18,17,15,19,random
300,94324,1192,128,130,true,27,32,33,38,random
301,94325,668,64,87,true,30,19,21,17,random
302,94326,668,64,89,true,26,26,15,22,random
303,94327,736,64,97,true,30,22,17,28,random
304,94328,908,128,97,true,24,26,22,25,random
305,94329,644,64,89,true,24,27,20,18,random
306,94330,1132,128,126,true,30,32,35,29,random
307,94331,2324,256,195,true,48,48,45,54,random
308,94332,1020,128,109,true,28,25,27,29,random
309,94333,688,64,94,true,21,24,26,23,random
310,94334,860,64,109,true,29,22,34,24,random
311,94335,1240,128,133,true,31,38,35,29,random
312,94336,780,64,103,true,23,26,31,23,random
313,94337,620,64,85,true,24,19,20,22,random
314,94338,580,64,80,true,21,18,21,20,random
315,94339,972,64,117,true,32,25,35,25,random
316,94340,940,128,97,true,25,25,25,22,random
317,94341,2812,256,233,true,54,57,62,60,random
318,94342,1488,128,147,true,35,33,34,45,random
319,94343,652,64,85,true,18,22,17,28,random
320,94344,600,64,81,true,19,16,23,23,random
321,94345,924,64,113,true,31,24,36,22,random
322,94346,728,64,96,true,26,29,23,18,random
323,94347,760,64,94,true,23,27,27,17,random
324,94348,604,64,81,true,17,20,17,27,random
325,94349,408,32,67,true,15,19,17,16,random
326,94350,1516,128,153,true,37,38,46,32,random
327,94351,1368,128,143,true,38,35,40,30,random
328,94352,812,64,108,true,29,28,29,22,random
329,94353,760,64,102,true,24,30,21,27,random
330,94354,576,64,79,true,17,18,25,19,random
331,94355,760,64,96,true,22,26,23,25,random
332,94356,2436,256,206,true,54,44,52,56,random
333,94357,1388,128,144,true,33,34,36,41,random
334,94358,276,32,52,true,15,11,9,17,random
335,94359,1364,128,139,true,32,37,33,37,random
336,94360,572,64,79,true,17,19,21,22,random
337,94361,844,64,101,true,26,27,24,24,random
338,94362,1420,128,144,true,34,26,49,35,random
339,94363,1356,128,142,true,29,35,41,37,random
340,94364,744,64,90,true,24,22,20,24,random
341,94365,1392,128,142,true,31,35,31,45,random
342,94366,1168,128,126,true,30,35,31,30,random
343,94367,1332,128,138,true,30,38,42,28,random
344,94368,620,64,82,true,16,21,21,24,random
345,94369,616,64,85,true,18,26,20,21,random
346,94370,1016,128,109,true,23,26,31,29,random
347,94371,628,64,92,true,24,20,31,17,random
348,94372,1036,128,108,true,29,25,20,34,random
349,94373,1064,128,116,true,32,33,27,24,random
350,94374,1332,128,138,true,33,29,38,38,random
351,94375,1060,128,116,true,26,28,24,38,random
352,94376,948,128,104,true,24,21,28,31,random
353,94377,1404,128,145,true,40,35,31,39,random
354,94378,2300,256,195,true,52,52,49,42,random
355,94379,1108,128,122,true,31,25,33,33,random
356,94380,1272,128,129,true,31,37,28,33,random
357,94381,356,32,60,true,15,16,14,15,random
358,94382,1344,128,141,true,33,38,32,38,random
359,94383,1752,128,179,true,48,38,48,45,random
360,94384,624,64,85,true,22,20,23,20,random
361,94385,1592,128,159,true,33,45,43,38,random
362,94386,816,64,106,true,24,32,25,25,random
363,94387,752,64,91,true,24,19,27,21,random
364,94388,1368,128,143,true,33,41,35,34,random
365,94389,932,128,100,true,23,25,26,26,random
366,94390,780,64,102,true,29,23,24,26,random
367,94391,652,64,85,true,21,13,30,21,random
368,94392,1312,128,134,true,36,30,34,34,random
369,94393,632,64,87,true,24,19,20,24,random
370,94394,1356,128,140,true,33,42,30,35,random
371,94395,2188,256,189,true,43,40,51,55,random
372,94396,1164,128,128,true,41,31,27,29,random
373,94397,620,64,85,true,20,22,26,17,random
374,94398,1456,128,154,true,42,36,36,40,random
375,94399,1672,128,157,true,27,36,54,40,random
376,94400,708,64,94,true,21,30,22,21,random
377,94401,648,64,92,true,22,24,25,21,random
378,94402,1416,128,147,true,35,42,35,35,random
379,94403,1176,128,127,true,32,28,39,28,random
380,94404,1480,128,145,true,28,49,31,37,random
381,94405,624,64,86,true,32,21,20,13,random
382,94406,1348,128,139,true,33,39,35,32,random
383,94407,1124,128,119,true,28,29,31,31,random
384,94408,636,64,86,true,18,24,17,27,random
385,94409,1196,128,129,true,28,30,40,31,random
386,94410,572,64,77,true,19,21,22,15,random
387,94411,3288,256,276,true,65,74,64,73,random
388,94412,1192,128,121,true,33,24,32,32,random
389,94413,1200,128,125,true,30,41,28,26,random
390,94414,524,64,71,true,12,17,27,15,random
391,94415,580,64,80,true,15,22,27,16,random
392,94416,284,32,54,true,10,13,18,13,random
393,94417,1752,128,164,true,35,40,46,43,random
394,94418,660,64,88,true,20,18,29,21,random
395,94419,2120,256,180,true,49,46,50,35,random
396,94420,2072,256,175,true,47,41,50,37,random
397,94421,492,64,66,true,16,15,19,16,random
398,94422,588,64,82,true,15,22,25,20,random
399,94423,964,64,116,true,28,33,28,27,random
400,94424,1036,128,110,true,31,30,16,33,random
401,94425,612,64,83,true,25,25,18,15,random
402,94426,668,64,89,true,21,20,24,24,random
403,94427,1268,128,134,true,35,29,35,35,random
404,94428,1152,128,126,true,33,24,37,32,random
405,94429,1256,128,129,true,30,34,33,32,random
406,94430,1456,128,150,true,39,39,40,32,random
407,94431,836,64,101,true,18,30,26,27,random
408,94432,816,64,102,true,23,26,28,25,random
409,94433,2080,256,170,true,43,45,39,43,random
410,94434,704,64,94,true,27,23,21,23,random
411,94435,344,32,57,true,17,11,15,14,random
412,94436,696,64,92,true,18,23,25,26,random
413,94437,1044,128,112,true,25,35,27,25,random
414,94438,1392,128,142,true,40,32,31,39,random
415,94439,724,64,98,true,36,16,24,22,random
416,94440,452,32,70,true,21,20,18,11,random
417,94441,924,64,112,true,29,28,25,30,random
418,94442,1392,128,142,true,27,39,34,42,random
419,94443,476,32,70,true,23,13,22,12,random
420,94444,580,64,80,true,20,27,18,15,random
421,94445,660,64,91,true,19,20,23,29,random
422,94446,1308,128,136,true,36,29,30,41,random
423,94447,1072,128,118,true,31,34,28,25,random
424,94448,1244,128,122,true,37,29,27,29,random
425,94449,1204,128,117,true,22,26,31,38,random
426,94450,1828,128,171,true,47,43,45,36,random
427,94451,1404,128,144,true,35,38,35,36,random
428,94452,1300,64,145,true,36,40,33,36,random
429,94453,1084,128,114,true,32,33,28,21,random
430,94454,1440,128,150,true,37,40,34,39,random
431,94455,1552,128,158,true,32,40,38,48,random
432,94456,2280,256,188,true,48,51,37,52,random
433,94457,136,16,36,true,4,6,12,14,random
434,94458,2148,256,183,true,44,56,41,42,random
435,94459,896,64,107,true,22,28,28,29,random
436,94460,684,64,85,true,16,28,22,19,random
437,94461,1404,128,147,true,34,39,40,34,random
438,94462,1500,128,159,true,44,42,35,38,random
439,94463,1140,128,123,true,29,30,32,32,random
440,94464,912,64,110,true,24,29,30,27,random
441,94465,1320,128,136,true,27,34,34,41,random
442,94466,980,128,100,true,24,26,25,25,random
443,94467,1808,128,174,true,42,36,53,43,random
444,94468,1680,128,171,true,40,41,45,45,random
445,94469,540,64,75,true,13,23,18,21,random
446,94470,1396,128,142,true,27,36,40,39,random
447,94471,632,64,86,true,25,23,21,17,random
448,94472,312,32,58,true,12,20,12,14,random
449,94473,1436,128,148,true,28,41,41,38,random
450,94474,608,64,82,true,19,19,24,20,random
451,94475,748,64,95,true,30,22,24,19,random
452,94476,788,64,93,true,27,20,19,27,random
453,94477,1292,128,129,true,30,32,30,37,random
454,94478,1188,128,130,true,29,30,35,36,random
455,94479,712,64,95,true,15,24,23,33,random
456,94480,1272,128,126,true,31,35,26,34,random
457,94481,1316,128,136,true,31,29,32,44,random
458,94482,1364,128,143,true,30,35,40,38,random
459,94483,1408,128,152,true,43,42,31,36,random
460,94484,260,32,52,true,17,12,12,11,random
461,94485,2712,256,216,true,48,55,49,64,random
462,94486,1228,128,136,true,27,41,35,33,random
463,94487,736,64,95,true,28,25,22,20,random
464,94488,1424,128,149,true,43,31,39,36,random
465,94489,832,64,100,true,25,27,24,24,random
466,94490,672,64,88,true,25,18,18,27,random
467,94491,884,64,107,true,17,28,31,31,random
468,94492,664,64,89,true,20,24,21,24,random
469,94493,1440,128,149,true,29,46,34,40,random
470,94494,636,64,85,true,20,22,24,19,random
471,94495,1476,128,153,true,36,40,42,35,random
472,94496,1512,128,156,true,34,44,46,32,random
473,94497,1444,128,150,true,32,34,40,44,random
474,94498,2064,256,167,true,41,40,47,39,random
475,94499,1336,128,139,true,33,36,33,37,random
476,94500,320,32,59,true,15,13,16,15,random
477,94501,1276,128,130,true,35,35,32,28,random
478,94502,784,64,101,true,23,27,23,28,random
479,94503,1220,128,127,true,35,41,24,27,random
480,94504,2664,256,230,true,52,56,62,60,random
481,94505,852,64,104,true,27,32,18,27,random
482,94506,720,64,87,true,20,22,16,29,random
483,94507,1324,128,137,true,36,35,40,26,random
484,94508,2136,256,180,true,44,44,43,49,random
485,94509,1308,128,137,true,36,25,35,41,random
486,94510,2140,256,182,true,43,46,47,46,random
487,94511,520,32,79,true,21,16,18,24,random
488,94512,932,64,114,true,29,29,27,29,random
489,94513,620,64,86,true,20,20,28,18,random
490,94514,624,64,85,true,26,24,20,15,random
491,94515,1312,128,134,true,34,30,30,40,random
492,94516,1308,128,137,true,35,34,38,30,random
493,94517,1112,128,117,true,32,23,25,37,random
494,94518,1064,128,115,true,32,32,26,25,random
495,94519,1076,128,118,true,27,32,23,36,random
496,94520,1384,128,145,true,39,32,35,39,random
497,94521,264,32,50,true,14,10,12,14,random
498,94522,1324,128,137,true,32,33,34,38,random
499,94523,852,64,105,true,27,28,20,30,random
500,94524,1344,128,134,true,41,34,27,32,random
501,94525,1212,128,122,true,26,24,36,36,random
502,94526,1216,128,131,true,36,35,32,28,random
503,94527,1400,128,147,true,40,35,30,42,random
504,94528,980,128,104,true,31,18,30,25,random
505,94529,1300,128,133,true,28,40,41,24,random
506,94530,1132,128,121,true,31,26,30,34,random
507,94531,568,64,78,true,20,15,19,24,random
508,94532,1016,128,109,true,26,29,30,24,random
509,94533,716,64,93,true,24,15,26,28,random
510,94534,1520,128,151,true,36,41,27,47,random
511,94535,1468,128,153,true,37,31,42,43,random
512,94536,2312,256,193,true,48,54,42,49,random
513,94537,1656,128,153,true,32,50,38,33,random
514,94538,764,64,98,true,21,19,30,28,random
515,94539,512,64,75,true,21,18,18,18,random
516,94540,816,64,109,true,27,32,25,25,random
517,94541,964,128,100,true,22,30,20,28,random
518,94542,1948,128,182,true,48,47,50,37,random
519,94543,944,128,103,true,26,25,28,24,random
520,94544,2136,256,180,true,49,51,36,44,random
521,94545,660,64,89,true,22,23,21,23,random
522,94546,292,32,54,true,13,16,10,15,random
523,94547,2128,256,179,true,37,46,47,49,random
524,94548,800,64,106,true,31,22,26,27,random
525,94549,752,64,100,true,29,23,27,21,random
526,94550,1296,128,134,true,34,37,34,29,random
527,94551,784,64,98,true,25,24,23,26,random
528,94552,1288,128,132,true,28,42,26,36,random
529,94553,1292,128,129,true,37,30,36,26,random
530,94554,980,64,119,true,32,27,31,29,random
531,94555,848,64,100,true,24,29,22,25,random
532,94556,1268,128,128,true,37,34,24,33,random
533,94557,2352,256,198,true,45,47,55,51,random
534,94558,1280,128,131,true,33,31,35,32,random
535,94559,1460,128,153,true,36,38,41,38,random
536,94560,1400,128,143,true,29,36,34,44,random
537,94561,744,64,100,true,27,21,28,24,random
538,94562,600,64,84,true,25,20,20,19,random
539,94563,1368,128,143,true,38,38,33,34,random
540,94564,1240,128,132,true,33,28,42,29,random
541,94565,720,64,95,true,22,20,24,29,random
542,94566,2304,256,195,true,48,56,52,39,random
543,94567,1748,128,179,true,46,45,42,46,random
544,94568,364,32,60,true,14,17,19,10,random
545,94569,572,64,78,true,17,18,21,22,random
546,94570,1072,128,112,true,35,28,19,30,random
547,94571,872,64,105,true,25,28,25,27,random
548,94572,792,64,96,true,26,24,28,18,random
549,94573,2028,256,166,true,45,33,48,40,random
550,94574,2372,256,202,true,49,53,50,50,random
551,94575,1028,128,109,true,29,20,28,32,random
552,94576,1368,128,143,true,40,30,40,33,random
553,94577,1316,128,134,true,39,37,30,28,random
554,94578,1440,128,145,true,45,33,32,35,random
555,94579,1800,128,174,true,40,41,49,44,random
556,94580,392,32,70,true,15,18,17,20,random
557,94581,1388,128,142,true,36,31,44,31,random
558,94582,676,64,88,true,23,25,23,17,random
559,94583,1128,128,124,true,26,31,35,32,random
560,94584,1088,128,120,true,36,25,29,30,random
561,94585,1236,128,130,true,29,32,34,35,random
562,94586,392,32,64,true,15,21,18,10,random
563,94587,1384,128,139,true,37,28,30,44,random
564,94588,904,64,112,true,21,36,32,23,random
565,94589,1232,128,127,true,28,32,36,31,random
566,94590,1256,128,132,true,29,42,34,27,random
567,94591,2372,256,202,true,54,50,52,46,random
568,94592,1032,128,111,true,33,26,27,25,random
569,94593,1536,128,154,true,33,45,34,42,random
570,94594,1060,128,116,true,29,36,30,21,random
571,94595,412,32,69,true,15,21,13,20,random
572,94596,336,32,62,true,21,16,12,13,random
573,94597,612,64,86,true,20,26,20,20,random
574,94598,1052,128,117,true,24,28,38,27,random
575,94599,264,32,50,true,13,11,13,13,random
576,94600,1384,128,147,true,44,27,38,38,random
577,94601,1072,128,117,true,32,28,31,26,random
578,94602,2000,256,167,true,43,36,44,44,random
579,94603,2104,128,196,true,53,44,47,52,random
580,94604,1280,128,135,true,29,39,38,29,random
581,94605,604,64,84,true,20,13,28,23,random
582,94606,1412,128,143,true,37,33,32,41,random
583,94607,292,32,56,true,16,13,12,15,random
584,94608,692,64,94,true,24,26,21,23,random
585,94609,1536,128,155,true,42,43,36,34,random
586,94610,1344,128,138,true,33,41,31,33,random
587,94611,2004,256,169,true,37,40,48,44,random
588,94612,336,32,62,true,13,19,15,15,random
589,94613,556,64,75,true,20,20,16,19,random
590,94614,784,64,98,true,24,27,24,23,random
591,94615,556,32,84,true,18,21,23,22,random
592,94616,1448,128,152,true,43,36,32,41,random
593,94617,1032,128,113,true,30,29,28,26,random
594,94618,1288,128,128,true,34,27,39,28,random
595,94619,804,64,99,true,23,26,30,20,random
596,94620,536,64,73,true,16,24,18,15,random
597,94621,1428,128,147,true,28,45,38,36,random
598,94622,1524,128,154,true,33,36,39,46,random
599,94623,1316,128,137,true,36,33,28,40,random
600,94624,1424,128,150,true,44,33,37,36,random
601,94625,1704,128,164,true,39,48,34,43,random
602,94626,624,64,85,true,22,20,29,14,random
603,94627,648,64,86,true,21,19,27,19,random
604,94628,1164,128,125,true,33,34,28,30,random
605,94629,1104,128,118,true,27,28,33,30,random
606,94630,1444,128,150,true,39,31,44,36,random
607,94631,2308,256,192,true,46,47,48,51,random
608,94632,1864,128,183,true,47,56,33,47,random
609,94633,1316,128,135,true,30,41,35,29,random
610,94634,996,128,103,true,22,31,23,27,random
611,94635,1388,128,146,true,40,39,31,36,random
612,94636,560,64,76,true,21,22,15,18,random
613,94637,1044,128,111,true,29,25,25,32,random
614,94638,724,64,89,true,26,20,18,25,random
615,94639,344,32,56,true,16,12,13,15,random
616,94640,1532,128,160,true,36,43,49,32,random
617,94641,2384,256,205,true,47,57,47,54,random
618,94642,1564,128,163,true,41,33,48,41,random
619,94643,1392,128,146,true,34,30,39,43,random
620,94644,1192,128,132,true,27,31,34,40,random
621,94645,1444,128,150,true,37,34,31,48,random
622,94646,852,64,102,true,27,24,24,27,random
623,94647,1344,128,137,true,38,42,30,27,random
624,94648,1352,128,144,true,45,26,37,36,random
625,94649,688,64,90,true,26,19,22,23,random
626,94650,1484,128,144,true,28,31,32,53,random
627,94651,1280,128,130,true,31,31,35,33,random
628,94652,652,64,86,true,18,18,27,23,random
629,94653,1016,128,109,true,22,39,29,19,random
630,94654,308,32,56,true,11,14,15,16,random
631,94655,956,64,113,true,31,26,26,30,random
632,94656,1520,128,160,true,53,31,31,45,random
633,94657,540,64,75,true,13,18,24,20,random
634,94658,1044,128,115,true,25,34,23,33,random
635,94659,592,64,83,true,18,25,19,21,random
636,94660,600,64,81,true,21,8,21,31,random
637,94661,1312,128,134,true,31,24,37,42,random
638,94662,1052,128,113,true,24,23,32,34,random
639,94663,288,32,53,true,14,14,15,10,random
640,94664,1468,128,152,true,50,36,31,35,random
641,94665,688,64,90,true,21,22,28,19,random
642,94666,468,32,73,true,22,21,15,15,random
643,94667,508,64,71,true,14,23,18,16,random
644,94668,556,64,78,true,23,19,14,22,random
645,94669,1992,128,189,true,46,49,44,50,random
646,94670,1328,128,137,true,40,28,38,31,random
647,94671,1228,128,133,true,40,33,26,34,random
648,94672,1424,128,148,true,39,28,37,44,random
649,94673,724,64,89,true,24,22,22,21,random
650,94674,932,128,99,true,24,22,26,27,random
651,94675,748,64,91,true,24,19,25,23,random
652,94676,2716,256,213,true,49,51,51,62,random
653,94677,1224,128,125,true,36,35,27,27,random
654,94678,584,64,81,true,21,21,21,18,random
655,94679,3048,256,244,true,63,55,61,65,random
656,94680,364,32,59,true,12,16,14,17,random
657,94681,1300,128,135,true,30,37,33,35,random
658,94682,760,64,103,true,23,26,31,23,random
659,94683,1716,128,166,true,41,44,37,44,random
660,94684,2120,256,176,true,54,47,38,37,random
661,94685,476,64,70,true,19,23,13,15,random
662,94686,1076,128,111,true,33,28,29,21,random
663,94687,2168,256,183,true,51,45,40,47,random
664,94688,592,64,80,true,14,18,25,23,random
665,94689,612,64,84,true,19,25,23,17,random
666,94690,228,32,46,true,11,14,10,11,random
667,94691,1128,128,123,true,33,29,32,29,random
668,94692,312,32,57,true,14,14,13,16,random
669,94693,1420,128,146,true,43,37,37,29,random
670,94694,1148,128,123,true,33,25,33,32,random
671,94695,1268,128,128,true,27,30,34,37,random
672,94696,1420,128,151,true,44,33,25,49,random
673,94697,1104,128,119,true,32,33,27,27,random
674,94698,2424,256,210,true,50,58,58,44,random
675,94699,576,64,80,true,18,24,17,21,random
676,94700,872,64,104,true,20,28,25,31,random
677,94701,860,64,102,true,22,25,29,26,random
678,94702,880,64,106,true,24,27,29,26,random
679,94703,324,32,62,true,13,15,16,18,random
680,94704,412,64,59,true,18,9,15,17,random
681,94705,2088,256,169,true,39,31,46,53,random
682,94706,1252,128,131,true,35,27,36,33,random
683,94707,1396,128,143,true,40,37,28,38,random
684,94708,768,64,94,true,24,31,12,27,random
685,94709,1408,128,145,true,37,34,40,34,random
686,94710,564,64,76,true,16,23,21,16,random
687,94711,2088,256,179,true,42,45,47,45,random
688,94712,1604,128,163,true,42,37,41,43,random
689,94713,1320,128,136,true,30,36,35,35,random
690,94714,2660,256,229,true,65,54,58,52,random
691,94715,480,32,72,true,16,20,18,18,random
692,94716,1332,128,139,true,32,34,41,32,random
693,94717,1156,128,126,true,27,30,40,29,random
694,94718,1444,128,147,true,36,47,30,34,random
695,94719,412,32,67,true,14,13,27,13,random
696,94720,784,64,101,true,26,25,25,25,random
697,94721,1152,128,116,true,20,28,37,31,random
698,94722,852,64,103,true,30,24,26,23,random
699,94723,272,32,51,true,8,13,16,14,random
700,94724,1488,128,157,true,44,42,28,43,random
701,94725,1184,128,128,true,29,35,33,31,random
702,94726,472,64,69,true,20,15,18,16,random
703,94727,628,64,86,true,27,18,22,19,random
704,94728,1032,128,110,true,31,25,29,25,random
705,94729,1296,128,134,true,33,38,31,32,random
706,94730,1316,128,134,true,33,30,39,32,random
707,94731,1232,128,123,true,29,33,32,29,random
708,94732,1148,128,125,true,31,35,33,26,random
709,94733,660,64,88,true,20,24,23,21,random
710,94734,1400,128,144,true,35,36,44,29,random
711,94735,1372,128,145,true,37,32,41,35,random
712,94736,580,64,79,true,22,20,19,18,random
713,94737,892,64,105,true,23,31,22,29,random
714,94738,756,64,91,true,25,19,21,26,random
715,94739,660,64,91,true,23,27,23,18,random
716,94740,1368,128,144,true,29,35,42,38,random
717,94741,2412,256,208,true,61,45,50,52,random
718,94742,856,64,102,true,33,21,23,25,random
719,94743,2344,256,199,true,54,49,49,47,random
720,94744,1020,128,110,true,31,28,28,23,random
721,94745,912,128,96,true,31,21,20,24,random
722,94746,1296,128,131,true,35,29,33,34,random
723,94747,724,64,94,true,24,22,22,26,random
724,94748,1308,128,134,true,43,32,28,31,random
725,94749,1060,128,115,true,29,32,27,27,random
726,94750,716,64,93,true,24,19,18,32,random
727,94751,1456,128,152,true,40,40,38,34,random
728,94752,428,32,69,true,12,11,23,23,random
729,94753,1124,128,125,true,32,27,40,26,random
730,94754,1040,128,111,true,36,27,27,21,random
731,94755,1608,128,163,true,46,33,36,48,random
732,94756,548,64,72,true,15,16,20,21,random
733,94757,1128,128,120,true,30,23,32,35,random
734,94758,1512,128,158,true,48,34,36,40,random
735,94759,1104,128,121,true,31,22,36,32,random
736,94760,2416,256,206,true,43,52,52,59,random
737,94761,868,64,103,true,30,21,27,25,random
738,94762,620,64,85,true,25,24,19,17,random
739,94763,364,32,61,true,13,19,17,12,random
740,94764,624,64,87,true,20,21,20,26,random
741,94765,1120,128,123,true,27,28,35,33,random
742,94766,620,64,85,true,12,24,24,25,random
743,94767,1104,128,115,true,22,24,32,37,random
744,94768,728,64,94,true,19,24,31,20,random
745,94769,316,32,58,true,13,17,18,10,random
746,94770,1444,128,151,true,42,39,37,33,random
747,94771,356,32,61,true,13,14,16,18,random
748,94772,680,64,90,true,23,17,24,26,random
749,94773,764,64,103,true,22,24,34,23,random
750,94774,1364,128,142,true,40,30,32,40,random
751,94775,1168,128,119,true,30,34,32,23,random
752,94776,1444,128,149,true,46,36,32,35,random
753,94777,272,32,52,true,14,15,11,12,random
754,94778,1220,128,127,true,28,26,38,35,random
755,94779,700,64,93,true,19,24,22,28,random
756,94780,676,64,88,true,25,24,21,18,random
757,94781,1068,128,117,true,29,30,25,33,random
758,94782,1312,128,137,true,27,30,38,42,random
759,94783,1356,128,140,true,33,35,43,29,random
760,94784,1400,128,145,true,31,39,38,37,random
761,94785,2064,256,171,true,43,34,51,43,random
762,94786,1336,128,141,true,38,37,39,27,random
763,94787,2424,256,204,true,48,51,44,61,random
764,94788,1316,128,135,true,32,36,33,34,random
765,94789,552,64,75,true,20,20,14,21,random
766,94790,532,64,73,true,22,15,21,15,random
767,94791,1268,128,134,true,33,41,33,27,random
768,94792,420,32,70,true,15,21,18,16,random
769,94793,468,64,63,true,17,14,14,18,random
770,94794,1380,128,147,true,41,39,32,35,random
771,94795,1096,128,114,true,31,25,26,32,random
772,94796,1376,128,143,true,44,36,33,30,random
773,94797,720,64,94,true,26,26,14,28,random
774,94798,688,64,90,true,21,18,25,26,random
775,94799,1380,128,138,true,32,27,44,35,random
776,94800,472,64,70,true,23,13,20,14,random
777,94801,1180,128,131,true,32,36,34,29,random
778,94802,716,64,94,true,23,20,25,26,random
779,94803,580,64,80,true,19,26,16,19,random
780,94804,2724,256,234,true,63,67,50,54,random
781,94805,1308,128,136,true,39,32,33,32,random
782,94806,744,64,100,true,30,27,21,22,random
783,94807,504,64,72,true,14,18,20,20,random
784,94808,1552,128,161,true,34,45,43,39,random
785,94809,2016,256,167,true,39,56,32,40,random
786,94810,528,64,74,true,22,18,20,14,random
787,94811,812,64,100,true,26,26,19,29,random
788,94812,1280,128,130,true,32,30,34,34,random
789,94813,1188,128,130,true,23,37,33,37,random
790,94814,1228,128,129,true,29,35,32,33,random
791,94815,268,32,51,true,15,10,13,13,random
792,94816,652,64,89,true,16,24,24,25,random
793,94817,912,64,110,true,27,19,29,35,random
794,94818,804,64,99,true,29,28,17,25,random
795,94819,504,64,73,true,16,24,16,17,random
796,94820,120,16,35,true,12,7,6,10,random
797,94821,576,64,80,true,16,19,18,27,random
798,94822,2184,256,184,true,50,45,42,47,random
799,94823,1248,128,124,true,29,35,25,35,random
800,94824,1020,128,109,true,18,33,29,29,random
801,94825,420,32,71,true,15,16,21,19,random
802,94826,2644,256,212,true,62,60,37,53,random
803,94827,756,64,98,true,18,23,23,34,random
804,94828,1556,128,152,true,39,44,30,39,random
805,94829,1024,128,110,true,28,30,28,24,random
806,94830,1512,128,159,true,32,44,36,47,random
807,94831,876,64,108,true,29,24,22,33,random
808,94832,1428,128,147,true,43,41,31,32,random
809,94833,1616,128,163,true,48,45,41,29,random
810,94834,848,64,103,true,23,21,26,33,random
811,94835,1084,128,114,true,30,30,28,26,random
812,94836,732,64,96,true,17,28,21,30,random
813,94837,2752,256,235,true,49,46,68,72,random
814,94838,676,64,91,true,18,27,22,24,random
815,94839,564,64,82,true,16,21,19,26,random
816,94840,608,64,83,true,19,23,17,24,random
817,94841,1344,128,141,true,41,37,30,33,random
818,94842,656,64,87,true,22,21,21,23,random
819,94843,1308,128,137,true,36,33,31,37,random
820,94844,1156,128,126,true,28,30,39,29,random
821,94845,1312,128,136,true,33,42,30,31,random
822,94846,764,64,95,true,21,29,28,17,random
823,94847,1160,128,118,true,33,32,30,23,random
824,94848,1160,128,127,true,33,43,22,29,random
825,94849,1144,128,121,true,25,35,29,32,random
826,94850,532,64,76,true,14,22,20,20,random
827,94851,564,64,79,true,21,22,20,16,random
828,94852,1000,128,106,true,26,25,34,21,random
829,94853,1404,128,144,true,31,40,39,34,random
830,94854,1436,128,148,true,39,33,32,44,random
831,94855,616,64,85,true,18,24,21,22,random
832,94856,1156,128,121,true,35,31,27,28,random
833,94857,736,64,98,true,28,30,23,17,random
834,94858,1660,128,166,true,44,42,39,41,random
835,94859,588,64,81,true,19,23,16,23,random
836,94860,840,64,107,true,28,23,31,25,random
837,94861,592,64,83,true,23,19,21,20,random
838,94862,1056,128,115,true,31,26,25,33,random
839,94863,768,64,98,true,31,17,26,24,random
840,94864,976,64,114,true,26,28,32,28,random
841,94865,708,64,95,true,26,18,24,27,random
842,94866,1324,128,137,true,39,32,39,27,random
843,94867,668,64,89,true,26,21,21,21,random
844,94868,388,32,63,true,21,16,15,11,random
845,94869,468,64,68,true,15,19,17,17,random
846,94870,2392,256,205,true,65,40,46,54,random
847,94871,720,64,98,true,23,24,28,23,random
848,94872,808,64,101,true,26,22,24,29,random
849,94873,984,64,118,true,37,21,31,29,random
850,94874,1356,128,140,true,31,42,33,34,random
851,94875,316,32,57,true,19,14,10,14,random
852,94876,1384,128,147,true,31,41,35,40,random
853,94877,560,64,81,true,16,21,21,23,random
854,94878,1140,128,122,true,34,27,25,36,random
855,94879,724,64,100,true,21,22,37,20,random
856,94880,1332,128,136,true,30,35,34,37,random
857,94881,1396,128,143,true,38,39,38,28,random
858,94882,616,64,85,true,22,20,22,21,random
859,94883,1088,128,117,true,29,27,29,32,random
860,94884,1136,128,121,true,26,36,28,31,random
861,94885,704,64,94,true,18,25,28,23,random
862,94886,856,64,111,true,25,34,29,23,random
863,94887,664,64,89,true,17,22,27,23,random
864,94888,1284,128,131,true,38,25,30,38,random
865,94889,700,64,93,true,30,14,24,25,random
866,94890,1084,128,120,true,23,35,33,29,random
867,94891,2400,256,212,true,47,57,56,52,random
868,94892,532,64,75,true,23,18,15,19,random
869,94893,2352,256,198,true,49,43,64,42,random
870,94894,1372,128,144,true,38,40,32,34,random
871,94895,2312,256,192,true,49,41,56,46,random
872,94896,636,64,86,true,21,24,20,21,random
873,94897,1324,128,137,true,34,31,38,34,random
874,94898,752,64,102,true,20,32,22,28,random
875,94899,1324,128,134,true,38,32,33,31,random
876,94900,2808,256,225,true,59,60,53,53,random
877,94901,492,64,71,true,17,13,22,19,random
878,94902,612,64,82,true,24,17,17,24,random
879,94903,1228,128,128,true,25,38,31,34,random
880,94904,476,64,69,true,15,15,17,22,random
881,94905,2032,256,170,true,40,47,43,40,random
882,94906,2452,256,207,true,56,56,49,46,random
883,94907,688,64,90,true,20,27,20,23,random
884,94908,1364,128,142,true,36,36,33,37,random
885,94909,660,64,88,true,18,25,22,23,random
886,94910,1300,128,134,true,38,35,28,33,random
887,94911,280,32,53,true,14,10,11,18,random
888,94912,604,64,81,true,25,24,17,15,random
889,94913,1344,128,138,true,30,46,32,30,random
890,94914,1380,128,139,true,44,32,30,33,random
891,94915,416,64,60,true,19,16,12,13,random
892,94916,1044,128,112,true,28,28,35,21,random
893,94917,1644,128,168,true,42,47,43,36,random
894,94918,516,64,75,true,15,21,19,20,random
895,94919,1052,128,114,true,25,28,34,27,random
896,94920,1536,128,164,true,37,44,40,43,random
897,94921,2176,256,186,true,47,44,52,43,random
898,94922,1040,128,109,true,32,23,29,25,random
899,94923,1248,128,133,true,38,34,34,27,random
900,94924,608,64,83,true,19,19,18,27,random
901,94925,620,64,85,true,19,28,19,19,random
902,94926,1044,128,112,true,22,30,27,33,random
903,94927,392,32,65,true,14,13,17,21,random
904,94928,1552,128,151,true,39,39,34,39,random
905,94929,1296,128,129,true,34,37,27,31,random
906,94930,1212,128,132,true,33,28,35,36,random
907,94931,1484,128,156,true,41,34,42,39,random
908,94932,340,32,57,true,13,18,13,13,random
909,94933,1416,128,144,true,38,27,39,40,random
910,94934,712,64,95,true,23,27,25,20,random
911,94935,728,64,96,true,24,20,30,22,random
912,94936,872,64,105,true,23,22,30,30,random
913,94937,700,64,93,true,17,20,30,26,random
914,94938,1388,128,145,true,35,48,29,33,random
915,94939,1304,128,134,true,39,32,27,36,random
916,94940,660,64,90,true,23,22,25,20,random
917,94941,600,64,84,true,24,21,21,18,random
918,94942,824,64,98,true,30,27,20,21,random
919,94943,1044,128,108,true,28,29,26,25,random
920,94944,1340,128,140,true,30,30,33,47,random
921,94945,588,64,80,true,24,18,14,24,random
922,94946,800,64,98,true,28,24,20,26,random
923,94947,1072,128,118,true,36,33,22,27,random
924,94948,2444,256,203,true,49,50,47,57,random
925,94949,156,16,40,true,14,6,9,11,random
926,94950,1448,128,151,true,42,42,37,30,random
927,94951,1164,128,127,true,42,33,25,27,random
928,94952,1272,128,130,true,31,28,37,34,random
929,94953,728,64,99,true,23,21,29,26,random
930,94954,576,64,79,true,15,22,20,22,random
931,94955,1604,128,159,true,40,48,34,37,random
932,94956,1252,128,130,true,30,36,33,31,random
933,94957,720,64,94,true,21,18,25,30,random
934,94958,384,32,63,true,16,19,17,11,random
935,94959,572,64,75,true,14,22,15,24,random
936,94960,620,64,85,true,21,23,24,17,random
937,94961,628,64,87,true,17,21,27,22,random
938,94962,1380,128,144,true,41,31,38,34,random
939,94963,964,64,112,true,23,33,32,24,random
940,94964,1428,128,146,true,30,39,42,35,random
941,94965,1524,128,152,true,38,40,36,38,random
942,94966,944,128,102,true,19,31,19,33,random
943,94967,2364,256,201,true,46,58,49,48,random
944,94968,608,64,84,true,25,22,20,17,random
945,94969,1284,128,132,true,32,35,32,33,random
946,94970,508,64,67,true,14,22,13,18,random
947,94971,1900,128,184,true,34,46,53,51,random
948,94972,648,64,86,true,18,22,20,26,random
949,94973,1372,128,137,true,38,30,35,34,random
950,94974,640,64,86,true,22,24,19,21,random
951,94975,632,64,91,true,19,21,27,24,random
952,94976,1428,128,147,true,47,36,28,36,random
953,94977,604,64,87,true,15,24,25,23,random
954,94978,3060,256,251,true,63,68,64,56,random
955,94979,1976,256,161,true,42,35,33,51,random
956,94980,728,64,96,true,27,21,22,26,random
957,94981,688,64,89,true,18,20,22,29,random
958,94982,1332,128,139,true,41,31,36,31,random
959,94983,1056,128,111,true,27,26,30,28,random
960,94984,384,32,69,true,15,20,15,19,random
961,94985,680,64,89,true,23,20,28,18,random
962,94986,712,64,88,true,21,18,28,21,random
963,94987,1368,128,143,true,30,33,42,38,random
964,94988,1016,128,112,true,33,22,21,36,random
965,94989,1172,128,126,true,26,30,34,36,random
966,94990,704,64,90,true,22,21,23,24,random
967,94991,1420,128,145,true,29,40,39,37,random
968,94992,1316,128,145,true,39,36,38,32,random
969,94993,1444,128,147,true,30,36,33,48,random
970,94994,1164,128,124,true,27,32,33,32,random
971,94995,1444,128,143,true,33,37,36,37,random
972,94996,676,64,91,true,16,24,21,30,random
973,94997,620,64,88,true,17,25,17,29,random
974,94998,752,64,100,true,27,24,24,25,random
975,94999,1256,128,135,true,28,27,45,35,random
976,95000,904,64,111,true,30,26,28,27,random
977,95001,848,64,105,true,30,28,30,17,random
978,95002,632,64,88,true,26,18,23,21,random
979,95003,2040,256,172,true,50,36,44,42,random
980,95004,728,64,99,true,22,18,37,22,random
981,95005,1388,128,147,true,40,29,38,40,random
982,95006,1420,128,145,true,37,31,31,46,random
983,95007,704,64,90,true,23,29,16,22,random
984,95008,1020,128,109,true,24,22,36,27,random
985,95009,856,64,104,true,31,29,23,21,random
986,95010,928,128,100,true,24,31,22,23,random
987,95011,700,64,93,true,20,25,29,19,random
988,95012,1220,128,124,true,33,29,19,43,random
989,95013,864,64,103,true,23,29,28,23,random
990,95014,1528,128,155,true,30,46,38,41,random
991,95015,1052,128,113,true,27,25,33,28,random
992,95016,1432,128,148,true,42,37,36,33,random
993,95017,2128,256,178,true,44,48,45,41,random
994,95018,1360,128,141,true,41,34,29,37,random
995,95019,1016,128,108,true,24,31,20,33,random
996,95020,1340,128,131,true,30,29,41,31,random
997,95021,1576,128,156,true,47,33,39,37,random
998,95022,2208,256,183,true,44,44,48,47,random
999,95023,504,64,73,true,18,22,20,13,random
1000,95024,1120,128,118,true,21,31,28,38,random
1001,95025,900,128,94,true,20,25,31,18,random
1002,95026,1328,128,137,true,42,29,26,40,random
1003,95027,1256,128,131,true,33,33,28,37,random
1004,95028,1136,128,122,true,24,31,35,32,random
1005,95029,616,64,87,true,22,26,22,17,random
1006,95030,1020,128,109,true,36,18,26,29,random
1007,95031,524,32,81,true,18,23,23,17,random
1008,95032,1776,128,169,true,35,48,48,38,random
1009,95033,484,64,72,true,21,19,16,16,random
1010,95034,612,64,84,true,17,23,22,22,random
1011,95035,616,64,85,true,24,13,22,26,random
1012,95036,704,64,88,true,27,25,22,14,random
1013,95037,1568,128,155,true,42,32,42,39,random
1014,95038,2368,256,202,true,52,57,48,45,random
1015,95039,516,64,69,true,15,20,21,13,random
1016,95040,668,64,90,true,19,22,23,26,random
1017,95041,908,64,112,true,25,26,31,30,random
1018,95042,1492,128,157,true,46,28,41,42,random
1019,95043,2772,256,231,true,56,57,53,65,random
1020,95044,1300,128,133,true,38,33,38,24,random
1021,95045,1028,128,111,true,27,28,27,29,random
1022,95046,1284,128,133,true,32,33,31,37,random
1023,95047,660,64,91,true,24,23,28,16,random
1024,95048,588,64,78,true,17,20,19,22,random
1025,95049,1176,128,116,true,28,23,34,31,random
1026,95050,512,64,70,true,15,15,23,17,random
1027,95051,720,64,95,true,24,30,20,21,random
1028,95052,1076,128,116,true,28,27,30,31,random
1029,95053,528,32,76,true,17,17,24,18,random
1030,95054,324,32,59,true,17,14,14,14,random
1031,95055,1056,128,114,true,24,35,23,32,random
1032,95056,1224,128,131,true,27,30,35,39,random
1033,95057,636,64,89,true,16,24,27,22,random
1034,95058,760,64,93,true,23,22,24,24,random
1035,95059,2276,256,195,true,52,47,45,51,random
1036,95060,1332,128,135,true,38,28,34,35,random
1037,95061,840,64,103,true,25,17,33,28,random
1038,95062,1532,128,153,true,38,38,40,37,random
1039,95063,860,64,102,true,17,30,27,28,random
1040,95064,1364,128,136,true,32,39,32,33,random
1041,95065,1320,128,135,true,39,29,37,30,random
1042,95066,1008,128,106,true,27,25,22,32,random
1043,95067,2136,256,181,true,37,54,46,44,random
1044,95068,1180,128,122,true,31,42,29,20,random
1045,95069,1024,128,110,true,24,25,23,38,random
1046,95070,1032,128,111,true,26,28,28,29,random
1047,95071,664,64,91,true,22,20,24,25,random
1048,95072,1028,128,107,true,22,27,31,27,random
1049,95073,1192,128,124,true,23,34,40,27,random
1050,95074,1340,128,139,true,31,35,37,36,random
1051,95075,1308,128,132,true,41,32,26,33,random
1052,95076,972,128,103,true,23,25,33,22,random
1053,95077,1340,128,138,true,33,37,28,40,random
1054,95078,2664,256,226,true,65,61,55,45,random
1055,95079,1208,128,124,true,32,32,26,34,random
1056,95080,688,64,90,true,25,23,22,20,random
1057,95081,2132,128,198,true,58,45,55,40,random
1058,95082,1260,128,126,true,36,28,34,28,random
1059,95083,628,64,84,true,21,25,20,18,random
1060,95084,1108,128,115,true,27,33,27,28,random
1061,95085,564,64,78,true,16,17,19,26,random
1062,95086,628,64,87,true,25,23,18,21,random
1063,95087,1504,128,154,true,33,45,32,44,random
1064,95088,616,64,84,true,19,23,21,21,random
1065,95089,1604,128,165,true,40,47,39,39,random
1066,95090,768,64,94,true,19,24,21,30,random
1067,95091,1424,128,146,true,41,35,32,38,random
1068,95092,528,64,72,true,17,12,20,23,random
1069,95093,628,64,84,true,24,19,21,20,random
1070,95094,1368,128,143,true,41,32,35,35,random
1071,95095,1136,128,122,true,30,31,30,31,random
1072,95096,624,64,85,true,16,28,23,18,random
1073,95097,1224,64,139,true,39,27,32,41,random
1074,95098,880,64,107,true,27,30,21,29,random
1075,95099,1188,128,129,true,31,31,27,40,random
1076,95100,352,32,58,true,22,10,14,12,random
1077,95101,1064,128,115,true,34,28,22,31,random
1078,95102,644,64,85,true,22,16,24,23,random
1079,95103,1316,128,135,true,33,32,32,38,random
1080,95104,2648,256,209,true,48,51,62,48,random
1081,95105,968,128,101,true,22,20,25,34,random
1082,95106,616,64,85,true,22,26,19,18,random
1083,95107,2392,256,202,true,52,50,44,56,random
1084,95108,876,64,111,true,29,25,28,29,random
1085,95109,460,64,67,true,19,21,12,15,random
1086,95110,1304,128,137,true,35,31,36,35,random
1087,95111,640,64,90,true,18,26,22,24,random
1088,95112,580,64,79,true,17,22,22,18,random
1089,95113,1064,128,115,true,33,24,33,25,random
1090,95114,592,64,79,true,23,24,15,17,random
1091,95115,876,64,106,true,29,27,21,29,random
1092,95116,896,64,110,true,26,24,30,30,random
1093,95117,412,32,68,true,20,16,17,15,random
1094,95118,1336,128,137,true,38,33,31,35,random
1095,95119,612,64,81,true,24,20,23,14,random
1096,95120,308,32,56,true,12,16,14,14,random
1097,95121,508,64,67,true,18,13,20,16,random
1098,95122,1360,128,142,true,31,45,32,34,random
1099,95123,880,128,92,true,25,21,25,21,random
1100,95124,1396,128,142,true,39,34,35,34,random
1101,95125,1200,128,132,true,29,38,33,32,random
1102,95126,1048,64,126,true,19,37,37,33,random
1103,95127,560,64,74,true,19,18,19,18,random
1104,95128,688,64,96,true,27,26,20,23,random
1105,95129,740,64,98,true,24,25,26,23,random
1106,95130,1052,64,127,true,36,30,28,33,random
1107,95131,1300,128,132,true,32,34,32,34,random
1108,95132,572,64,79,true,18,19,20,22,random
1109,95133,396,32,63,true,18,15,19,11,random
1110,95134,1316,128,135,true,25,42,34,34,random
1111,95135,2512,256,214,true,47,63,51,53,random
1112,95136,1212,128,131,true,32,32,35,32,random
1113,95137,716,64,96,true,25,20,25,26,random
1114,95138,292,32,56,true,12,23,10,11,random
1115,95139,1184,128,126,true,26,31,34,35,random
1116,95140,1380,128,146,true,32,38,34,42,random
1117,95141,764,64,98,true,27,23,21,27,random
1118,95142,340,32,60,true,11,19,15,15,random
1119,95143,1420,128,145,true,29,40,32,44,random
1120,95144,716,64,96,true,26,13,34,23,random
1121,95145,1532,128,164,true,35,47,41,41,random
1122,95146,1060,128,115,true,30,26,32,27,random
1123,95147,780,64,101,true,23,25,29,24,random
1124,95148,1164,128,114,true,20,26,28,40,random
1125,95149,1400,128,146,true,43,36,30,37,random
1126,95150,672,64,93,true,20,20,26,27,random
1127,95151,636,64,88,true,32,21,21,14,random
1128,95152,1476,128,154,true,44,38,30,42,random
1129,95153,584,64,81,true,15,23,17,26,random
1130,95154,412,32,69,true,17,19,19,14,random
1131,95155,940,64,115,true,35,29,26,25,random
1132,95156,820,64,105,true,23,27,34,21,random
1133,95157,300,32,57,true,11,16,11,19,random
1134,95158,676,64,88,true,16,30,25,17,random
1135,95159,1316,128,139,true,39,30,36,34,random
1136,95160,1032,128,108,true,32,22,31,23,random
1137,95161,1648,128,168,true,43,47,45,33,random
1138,95162,1428,128,147,true,37,29,43,38,random
1139,95163,980,128,103,true,25,25,29,24,random
1140,95164,268,32,54,true,13,16,15,10,random
1141,95165,1344,128,141,true,32,42,28,39,random
1142,95166,1104,128,119,true,28,33,29,29,random
1143,95167,992,128,107,true,24,27,29,27,random
1144,95168,648,64,87,true,19,22,27,19,random
1145,95169,556,64,78,true,21,18,22,17,random
1146,95170,1316,128,136,true,36,36,33,31,random
1147,95171,1176,128,127,true,30,39,31,27,random
1148,95172,756,64,101,true,23,27,31,20,random
1149,95173,696,64,92,true,21,26,24,21,random
1150,95174,600,64,81,true,18,23,20,20,random
1151,95175,1332,128,138,true,32,33,33,40,random
1152,95176,660,64,91,true,19,22,27,23,random
1153,95177,724,64,88,true,21,19,25,23,random
1154,95178,348,32,60,true,21,12,10,17,random
1155,95179,764,64,100,true,25,26,27,22,random
1156,95180,1456,128,152,true,43,42,28,39,random
1157,95181,1008,128,108,true,27,20,30,31,random
1158,95182,1136,128,125,true,27,32,38,28,random
1159,95183,1148,128,125,true,37,31,24,33,random
1160,95184,2020,128,188,true,44,49,54,41,random
1161,95185,1044,128,114,true,30,30,30,24,random
1162,95186,560,64,76,true,24,18,20,14,random
1163,95187,876,128,91,true,26,19,21,25,random
1164,95188,572,64,75,true,20,20,15,20,random
1165,95189,1508,128,151,true,39,39,37,36,random
1166,95190,308,32,54,true,14,15,14,11,random
1167,95191,924,64,113,true,20,30,35,28,random
1168,95192,604,64,83,true,25,22,15,21,random
1169,95193,404,32,67,true,21,12,12,22,random
1170,95194,996,128,105,true,26,33,26,20,random
1171,95195,1436,128,148,true,44,43,28,33,random
1172,95196,544,64,78,true,21,14,19,24,random
1173,95197,1648,128,168,true,37,48,43,40,random
1174,95198,856,64,101,true,25,27,25,24,random
1175,95199,1340,128,140,true,38,30,36,36,random
1176,95200,576,64,79,true,22,13,23,21,random
1177,95201,592,64,79,true,20,16,20,23,random
1178,95202,396,32,67,true,18,11,24,14,random
1179,95203,2604,256,216,true,51,60,59,46,random
1180,95204,800,64,101,true,24,27,24,26,random
1181,95205,1380,128,143,true,44,38,36,25,random
1182,95206,2180,256,180,true,43,45,46,46,random
1183,95207,1360,128,142,true,41,40,25,36,random
1184,95208,1192,128,121,true,32,31,32,26,random
1185,95209,628,64,86,true,22,27,19,18,random
1186,95210,1372,128,138,true,27,39,34,38,random
1187,95211,236,32,48,true,12,13,10,13,random
1188,95212,1248,128,130,true,35,33,33,29,random
1189,95213,564,64,79,true,14,18,28,19,random
1190,95214,796,64,95,true,25,22,20,28,random
1191,95215,1260,128,130,true,22,36,39,33,random
1192,95216,1060,128,116,true,31,31,24,30,random
1193,95217,1564,128,161,true,40,44,41,36,random
1194,95218,1052,128,113,true,30,29,26,28,random
1195,95219,732,64,97,true,25,18,29,25,random
1196,95220,620,64,86,true,15,25,27,19,random
1197,95221,556,64,83,true,20,20,20,23,random
1198,95222,576,64,74,true,18,15,22,19,random
1199,95223,1188,128,120,true,24,34,33,29,random
1200,95224,1292,128,130,true,32,27,38,33,random
1201,95225,1164,128,126,true,24,40,29,33,random
1202,95226,396,32,66,true,15,16,19,16,random
1203,95227,508,32,78,true,18,23,19,18,random
1204,95228,208,16,47,true,14,7,9,17,random
1205,95229,280,32,54,true,10,21,10,13,random
1206,95230,1100,128,117,true,26,35,27,29,random
1207,95231,1288,128,133,true,37,39,24,33,random
1208,95232,2328,256,196,true,44,52,44,56,random
1209,95233,644,64,84,true,21,21,17,25,random
1210,95234,1304,128,136,true,39,30,35,32,random
1211,95235,1304,128,134,true,25,33,35,41,random
1212,95236,1272,128,129,true,26,33,29,41,random
1213,95237,948,128,104,true,18,32,26,28,random
1214,95238,496,64,71,true,17,13,23,18,random
1215,95239,2140,256,181,true,55,40,50,36,random
1216,95240,1908,128,186,true,37,56,48,45,random
1217,95241,484,64,70,true,24,12,16,18,random
1218,95242,2232,256,187,true,43,54,42,48,random
1219,95243,564,64,79,true,22,24,10,23,random
1220,95244,1584,128,158,true,32,41,41,44,random
1221,95245,708,64,94,true,21,21,29,23,random
1222,95246,420,64,61,true,11,19,15,16,random
1223,95247,956,128,105,true,23,31,27,24,random
1224,95248,944,128,103,true,25,25,31,22,random
1225,95249,1404,128,145,true,36,31,38,40,random
1226,95250,1280,128,132,true,40,25,37,30,random
1227,95251,572,64,78,true,28,16,18,16,random
1228,95252,1436,128,151,true,36,42,38,35,random
1229,95253,1232,128,126,true,34,37,32,23,random
1230,95254,1364,128,136,true,39,38,27,32,random
1231,95255,1228,128,130,true,31,30,40,29,random
1232,95256,624,64,87,true,27,24,19,17,random
1233,95257,1116,128,124,true,32,30,32,30,random
1234,95258,780,64,107,true,28,25,28,26,random
1235,95259,584,64,81,true,13,24,22,22,random
1236,95260,1340,128,141,true,29,41,31,40,random
1237,95261,1236,128,131,true,28,22,32,49,random
1238,95262,628,64,88,true,27,20,17,24,random
1239,95263,996,128,104,true,35,26,19,24,random
1240,95264,592,64,81,true,19,25,16,21,random
1241,95265,1424,128,151,true,43,31,33,44,random
1242,95266,648,64,87,true,15,23,24,25,random
1243,95267,2160,256,175,true,45,51,39,40,random
1244,95268,1128,128,120,true,33,28,27,32,random
1245,95269,916,64,111,true,32,24,27,28,random
1246,95270,308,32,59,true,15,21,6,17,random
1247,95271,1592,128,160,true,38,43,40,39,random
1248,95272,708,64,94,true,25,23,25,21,random
1249,95273,1080,128,114,true,29,32,29,24,random
1250,95274,900,64,111,true,32,28,21,30,random
1251,95275,732,64,94,true,21,25,24,24,random
1252,95276,1648,128,169,true,47,40,44,38,random
1253,95277,616,64,84,true,20,22,22,20,random
1254,95278,612,64,84,true,22,18,21,23,random
1255,95279,624,64,86,true,18,21,27,20,random
1256,95280,1384,128,142,true,35,35,41,31,random
1257,95281,1128,128,123,true,34,37,25,27,random
1258,95282,1052,128,113,true,32,31,24,26,random
1259,95283,1032,128,113,true,32,31,30,20,random
1260,95284,1396,128,143,true,39,33,43,28,random
1261,95285,680,64,90,true,18,25,22,25,random
1262,95286,728,64,99,true,31,18,22,28,random
1263,95287,2060,128,196,true,45,44,49,58,random
1264,95288,1204,128,131,true,31,29,34,37,random
1265,95289,1252,128,130,true,30,24,38,38,random
1266,95290,1292,128,134,true,40,27,33,34,random
1267,95291,1628,128,162,true,35,37,48,42,random
1268,95292,2112,256,176,true,56,40,41,39,random
1269,95293,296,32,55,true,12,16,15,12,random
1270,95294,2876,256,236,true,59,52,70,55,random
1271,95295,728,64,90,true,23,24,20,23,random
1272,95296,1304,128,133,true,30,32,34,37,random
1273,95297,1920,128,179,true,45,40,42,52,random
1274,95298,1264,128,128,true,32,26,37,33,random
1275,95299,1092,64,130,true,28,39,31,32,random
1276,95300,1484,128,155,true,37,35,34,49,random
1277,95301,1136,128,123,true,42,30,27,24,random
1278,95302,2204,256,186,true,47,47,49,43,random
1279,95303,856,64,101,true,22,29,27,23,random
1280,95304,604,64,81,true,24,20,15,22,random
1281,95305,2152,256,184,true,42,46,48,48,random
1282,95306,420,32,70,true,22,19,18,11,random
1283,95307,956,64,113,true,30,24,28,31,random
1284,95308,2504,256,208,true,45,53,52,58,random
1285,95309,616,64,84,true,25,23,15,21,random
1286,95310,652,64,88,true,16,31,21,20,random
1287,95311,236,32,47,true,10,7,13,17,random
1288,95312,1208,128,125,true,25,33,34,33,random
1289,95313,704,64,94,true,20,24,22,28,random
1290,95314,1352,128,141,true,41,37,31,32,random
1291,95315,1348,128,139,true,35,28,39,37,random
1292,95316,388,32,64,true,17,18,14,15,random
1293,95317,872,64,112,true,29,26,23,34,random
1294,95318,612,64,86,true,16,24,23,23,random
1295,95319,580,64,79,true,19,21,16,23,random
1296,95320,1188,128,119,true,30,33,34,22,random
1297,95321,608,64,83,true,19,25,16,23,random
1298,95322,676,64,94,true,20,20,29,25,random
1299,95323,2056,256,173,true,39,45,47,42,random
1300,95324,1600,128,161,true,36,40,38,47,random
1301,95325,448,64,64,true,11,12,23,18,random
1302,95326,1372,128,144,true,36,37,32,39,random
1303,95327,956,64,114,true,36,25,25,28,random
1304,95328,1428,128,149,true,34,38,39,38,random
1305,95329,380,32,63,true,17,17,15,14,random
1306,95330,612,64,83,true,20,21,22,20,random
1307,95331,544,64,73,true,16,15,22,20,random
1308,95332,608,64,82,true,17,25,18,22,random
1309,95333,1044,128,111,true,24,27,25,35,random
1310,95334,728,64,96,true,27,26,27,16,random
1311,95335,1452,128,148,true,45,36,37,30,random
1312,95336,704,64,97,true,18,35,23,21,random
1313,95337,2324,256,195,true,48,52,47,48,random
1314,95338,1048,128,117,true,24,27,40,26,random
1315,95339,448,64,64,true,13,20,19,12,random
1316,95340,1636,128,166,true,36,43,46,41,random
1317,95341,2832,256,231,true,60,53,58,60,random
1318,95342,1036,128,107,true,25,29,26,27,random
1319,95343,1212,128,126,true,31,31,36,28,random
1320,95344,1152,128,125,true,29,31,39,26,random
1321,95345,1576,128,163,true,40,45,34,44,random
1322,95346,324,32,60,true,16,18,12,14,random
1323,95347,1776,128,169,true,45,39,29,56,random
1324,95348,752,64,97,true,20,31,29,17,random
1325,95349,1292,128,136,true,34,37,38,27,random
1326,95350,1336,64,154,true,39,31,38,46,random
1327,95351,1328,128,139,true,39,37,29,34,random
1328,95352,644,64,84,true,14,21,21,28,random
1329,95353,2320,256,195,true,49,49,51,46,random
1330,95354,1040,128,111,true,35,25,25,26,random
1331,95355,1348,128,137,true,36,34,35,32,random
1332,95356,1200,128,127,true,27,41,36,23,random
1333,95357,1120,128,119,true,35,30,26,28,random
1334,95358,556,64,77,true,23,19,18,17,random
1335,95359,604,64,79,true,20,19,20,20,random
1336,95360,820,64,105,true,28,21,27,29,random
1337,95361,1556,128,162,true,44,39,40,39,random
1338,95362,2324,256,191,true,46,52,52,41,random
1339,95363,1088,128,115,true,32,23,35,25,random
1340,95364,1032,128,111,true,31,21,21,38,random
1341,95365,1072,128,114,true,24,27,27,36,random
1342,95366,596,64,83,true,23,18,30,12,random
1343,95367,1076,128,112,true,26,28,26,32,random
1344,95368,692,64,92,true,17,17,25,33,random
1345,95369,604,64,84,true,22,21,16,25,random
1346,95370,1016,128,110,true,38,20,22,30,random
1347,95371,656,64,89,true,19,34,22,14,random
1348,95372,652,64,87,true,19,24,17,27,random
1349,95373,1452,128,152,true,35,44,32,41,random
1350,95374,1428,128,147,true,38,27,46,36,random
1351,95375,1380,128,145,true,41,36,27,41,random
1352,95376,952,64,115,true,26,23,29,37,random
1353,95377,1332,128,139,true,32,35,41,31,random
1354,95378,576,64,79,true,23,22,20,14,random
1355,95379,1404,128,145,true,35,44,31,35,random
1356,95380,1580,128,157,true,40,42,38,37,random
1357,95381,560,64,78,true,19,23,13,23,random
1358,95382,1584,128,156,true,36,39,42,39,random
1359,95383,2384,256,197,true,38,51,55,53,random
1360,95384,612,64,87,true,21,23,20,23,random
1361,95385,340,32,56,true,12,12,17,15,random
1362,95386,836,64,99,true,21,32,20,26,random
1363,95387,620,64,85,true,23,27,18,17,random
1364,95388,1488,128,147,true,39,33,42,33,random
1365,95389,844,64,100,true,24,26,27,23,random
1366,95390,1652,128,169,true,44,41,39,45,random
1367,95391,1056,128,115,true,25,30,36,24,random
1368,95392,2388,256,205,true,47,49,50,59,random
1369,95393,632,64,87,true,19,25,18,25,random
1370,95394,1236,128,130,true,28,36,35,31,random
1371,95395,1084,64,129,true,38,30,31,30,random
1372,95396,872,64,104,true,26,22,28,28,random
1373,95397,332,32,61,true,18,9,16,18,random
1374,95398,632,64,87,true,19,25,21,22,random
1375,95399,668,64,90,true,19,26,23,22,random
1376,95400,552,64,77,true,19,16,24,18,random
1377,95401,1396,128,146,true,31,35,41,39,random
1378,95402,896,64,109,true,23,25,24,37,random
1379,95403,1436,128,150,true,28,40,40,42,random
1380,95404,328,32,60,true,15,17,11,17,random
1381,95405,1388,128,144,true,39,32,37,36,random
1382,95406,740,64,90,true,22,28,20,20,random
1383,95407,1040,128,113,true,29,28,29,27,random
1384,95408,1348,128,141,true,40,32,32,37,random
1385,95409,1476,128,153,true,38,34,38,43,random
1386,95410,728,64,98,true,23,29,23,23,random
1387,95411,672,64,87,true,24,23,23,17,random
1388,95412,1436,128,148,true,40,38,36,34,random
1389,95413,708,64,95,true,23,29,23,20,random
1390,95414,848,64,101,true,27,28,24,22,random
1391,95415,972,128,103,true,30,21,27,25,random
1392,95416,2404,256,205,true,51,51,46,57,random
1393,95417,820,64,102,true,25,23,27,27,random
1394,95418,304,32,58,true,14,13,15,16,random
1395,95419,1116,128,118,true,27,32,31,28,random
1396,95420,888,64,109,true,28,28,19,34,random
1397,95421,1364,128,142,true,38,37,35,32,random
1398,95422,568,32,83,true,17,24,24,18,random
1399,95423,620,64,85,true,18,20,18,29,random
1400,95424,376,32,64,true,14,13,14,23,random
1401,95425,676,64,89,true,19,18,29,23,random
1402,95426,1100,128,113,true,32,28,25,28,random
1403,95427,428,32,70,true,14,20,17,19,random
1404,95428,260,32,49,true,14,17,7,11,random
1405,95429,596,64,83,true,17,21,28,17,random
1406,95430,1324,128,133,true,30,27,37,39,random
1407,95431,1396,128,143,true,46,23,35,39,random
1408,95432,1192,128,132,true,40,29,32,31,random
1409,95433,2772,256,228,true,67,51,57,53,random
1410,95434,2484,256,216,true,53,60,47,56,random
1411,95435,1200,128,123,true,33,32,31,27,random
1412,95436,292,32,55,true,14,14,13,14,random
1413,95437,1116,128,123,true,26,41,25,31,random
1414,95438,1320,128,139,true,37,38,31,33,random
1415,95439,764,64,102,true,26,27,19,30,random
1416,95440,772,64,101,true,28,15,23,35,random
1417,95441,492,64,74,true,18,23,16,17,random
1418,95442,1568,128,156,true,34,44,41,37,random
1419,95443,1020,128,109,true,30,24,28,27,random
1420,95444,592,64,83,true,23,14,24,22,random
1421,95445,1352,128,140,true,42,32,31,35,random
1422,95446,1280,128,134,true,33,31,36,34,random
1423,95447,480,64,68,true,18,15,19,16,random
1424,95448,980,64,115,true,29,29,32,25,random
1425,95449,1232,128,129,true,30,24,37,38,random
1426,95450,548,32,83,true,21,18,22,22,random
1427,95451,636,64,88,true,24,23,19,22,random
1428,95452,1456,128,154,true,38,37,40,39,random
1429,95453,220,32,45,true,11,6,20,8,random
1430,95454,2572,256,213,true,54,55,46,58,random
1431,95455,556,64,75,true,20,19,16,20,random
1432,95456,484,64,70,true,16,22,13,19,random
1433,95457,1148,128,122,true,31,32,28,31,random
1434,95458,1248,128,127,true,30,33,28,36,random
1435,95459,688,64,90,true,21,19,23,27,random
1436,95460,636,64,89,true,23,21,20,25,random
1437,95461,1664,128,169,true,37,44,47,41,random
1438,95462,620,64,85,true,19,21,26,19,random
1439,95463,1272,128,129,true,34,32,32,31,random
1440,95464,624,64,87,true,20,21,21,25,random
1441,95465,1040,128,111,true,30,30,28,23,random
1442,95466,1120,64,124,true,25,28,39,32,random
1443,95467,1324,128,137,true,41,23,31,42,random
1444,95468,720,64,94,true,22,26,25,21,random
1445,95469,2024,256,169,true,43,53,36,37,random
1446,95470,2376,256,198,true,44,45,52,57,random
1447,95471,848,64,106,true,24,28,30,24,random
1448,95472,2308,256,192,true,53,46,43,50,random
1449,95473,1440,128,145,true,35,43,33,34,random
1450,95474,1340,128,138,true,32,40,34,32,random
1451,95475,1568,128,164,true,37,44,43,40,random
1452,95476,1452,128,150,true,31,32,43,44,random
1453,95477,784,64,93,true,18,27,20,28,random
1454,95478,444,64,63,true,12,16,14,21,random
1455,95479,588,64,80,true,21,20,18,21,random
1456,95480,796,64,102,true,24,22,26,30,random
1457,95481,1248,128,131,true,27,36,32,36,random
1458,95482,1208,128,125,true,29,31,31,34,random
1459,95483,436,32,71,true,26,12,12,21,random
1460,95484,448,32,71,true,19,17,19,16,random
1461,95485,308,32,57,true,14,11,16,16,random
1462,95486,612,64,82,true,20,21,26,15,random
1463,95487,1288,128,129,true,40,33,26,30,random
1464,95488,628,64,89,true,18,24,23,24,random
1465,95489,1976,128,187,true,43,52,51,41,random
1466,95490,444,64,66,true,16,19,14,17,random
1467,95491,656,64,89,true,24,20,21,24,random
1468,95492,600,64,81,true,24,15,24,18,random
1469,95493,636,64,83,true,17,22,18,26,random
1470,95494,576,64,79,true,19,23,20,17,random
1471,95495,740,64,99,true,28,24,23,24,random
1472,95496,1216,128,126,true,34,33,28,31,random
1473,95497,2064,256,174,true,46,41,43,44,random
1474,95498,1324,128,138,true,38,32,35,33,random
1475,95499,1484,128,148,true,42,41,39,26,random
1476,95500,1476,128,144,true,33,40,31,40,random
1477,95501,456,64,65,true,14,20,17,14,random
1478,95502,740,64,92,true,24,24,16,28,random
1479,95503,1104,128,119,true,38,19,32,30,random
1480,95504,1376,128,139,true,37,32,29,41,random
1481,95505,964,128,101,true,25,24,27,25,random
1482,95506,1276,128,130,true,30,31,39,30,random
1483,95507,528,64,79,true,22,20,22,15,random
1484,95508,660,64,88,true,15,28,25,20,random
1485,95509,1064,128,116,true,28,30,29,29,random
1486,95510,1068,128,117,true,23,26,34,34,random
1487,95511,716,64,96,true,19,31,21,25,random
1488,95512,2004,256,166,true,42,37,49,38,random
1489,95513,1172,128,129,true,35,32,33,29,random
1490,95514,1460,128,154,true,32,42,46,34,random
1491,95515,1288,128,131,true,28,37,28,38,random
1492,95516,1024,64,115,true,23,29,33,30,random
1493,95517,1432,128,148,true,36,35,41,36,random
1494,95518,1244,128,128,true,29,27,30,42,random
1495,95519,1132,128,124,true,32,32,24,36,random
1496,95520,1020,64,120,true,28,32,36,24,random
1497,95521,980,64,119,true,22,36,34,27,random
1498,95522,1424,128,149,true,38,31,33,47,random
1499,95523,1588,128,160,true,32,43,39,46,random
1500,95524,544,64,76,true,20,18,14,24,random
1501,95525,772,64,96,true,30,28,22,16,random
1502,95526,1428,128,150,true,38,33,32,47,random
1503,95527,1184,128,129,true,39,35,28,27,random
1504,95528,648,64,91,true,21,22,27,21,random
1505,95529,880,64,105,true,33,26,23,23,random
1506,95530,668,64,86,true,24,24,16,22,random
1507,95531,936,64,116,true,31,29,26,30,random
1508,95532,1332,128,139,true,35,39,34,31,random
1509,95533,916,64,111,true,27,31,31,22,random
1510,95534,1064,128,116,true,29,29,33,25,random
1511,95535,1556,128,162,true,48,44,31,39,random
1512,95536,1192,64,136,true,38,30,26,42,random
1513,95537,956,64,116,true,31,25,31,29,random
1514,95538,1252,128,127,true,30,32,27,38,random
1515,95539,1080,128,119,true,31,24,34,30,random
1516,95540,532,64,70,true,24,20,12,14,random
1517,95541,1772,128,169,true,41,36,49,43,random
1518,95542,1340,128,137,true,42,33,27,35,random
1519,95543,1212,128,125,true,33,33,31,28,random
1520,95544,560,64,76,true,30,18,14,14,random
1521,95545,1148,128,124,true,32,30,32,30,random
1522,95546,976,128,100,true,27,27,22,24,random
1523,95547,720,64,95,true,26,22,28,19,random
1524,95548,1068,128,116,true,33,29,30,24,random
1525,95549,536,64,74,true,21,18,18,17,random
1526,95550,1612,128,160,true,40,38,42,40,random
1527,95551,1004,128,107,true,26,27,25,29,random
1528,95552,1444,128,151,true,40,36,39,36,random
1529,95553,816,64,99,true,27,25,19,28,random
1530,95554,2144,256,182,true,54,41,49,38,random
1531,95555,320,32,59,true,11,18,14,16,random
1532,95556,1092,128,115,true,27,28,30,30,random
1533,95557,632,64,88,true,22,21,27,18,random
1534,95558,632,64,82,true,18,21,21,22,random
1535,95559,1400,128,144,true,32,35,40,37,random
1536,95560,684,64,90,true,26,26,14,24,random
1537,95561,1316,128,135,true,41,25,37,32,random
1538,95562,1068,64,121,true,33,23,38,27,random
1539,95563,724,64,95,true,23,31,15,26,random
1540,95564,708,64,95,true,18,24,21,32,random
1541,95565,924,128,98,true,26,22,21,29,random
1542,95566,884,64,104,true,34,25,16,29,random
1543,95567,848,64,106,true,21,36,25,24,random
1544,95568,1696,128,170,true,46,37,49,38,random
1545,95569,776,64,97,true,27,21,23,26,random
1546,95570,1516,128,160,true,40,41,34,45,random
1547,95571,1020,128,111,true,30,26,26,29,random
1548,95572,2492,256,217,true,55,52,48,62,random
1549,95573,1044,128,115,true,29,28,31,27,random
1550,95574,788,64,102,true,24,22,31,25,random
1551,95575,1352,128,136,true,35,37,32,32,random
1552,95576,424,32,69,true,15,14,21,19,random
1553,95577,1340,128,137,true,36,27,36,38,random
1554,95578,1372,128,143,true,40,27,39,37,random
1555,95579,704,64,93,true,22,24,24,23,random
1556,95580,1192,128,121,true,32,26,32,31,random
1557,95581,336,32,62,true,13,15,14,20,random
1558,95582,1448,128,150,true,43,31,38,38,random
1559,95583,2452,256,211,true,51,56,50,54,random
1560,95584,728,64,96,true,24,29,22,21,random
1561,95585,1308,128,133,true,26,30,32,45,random
1562,95586,1436,128,147,true,40,24,40,43,random
1563,95587,1372,128,141,true,31,36,37,37,random
1564,95588,2432,256,204,true,57,44,52,51,random
1565,95589,1272,128,128,true,29,33,38,28,random
1566,95590,928,128,99,true,23,19,31,26,random
1567,95591,1296,128,134,true,34,31,36,33,random
1568,95592,616,64,85,true,23,20,18,24,random
1569,95593,1060,128,114,true,32,25,32,25,random
1570,95594,1548,128,160,true,41,40,43,36,random
1571,95595,644,64,91,true,13,18,24,36,random
1572,95596,760,64,95,true,22,24,25,24,random
1573,95597,528,64,72,true,19,15,18,20,random
1574,95598,816,64,101,true,21,30,21,29,random
1575,95599,644,64,91,true,21,22,21,27,random
1576,95600,516,64,72,true,19,24,12,17,random
1577,95601,1120,128,125,true,29,32,33,31,random
1578,95602,612,64,86,true,28,29,13,16,random
1579,95603,1116,128,118,true,32,27,28,31,random
1580,95604,1500,128,159,true,40,37,37,45,random
1581,95605,1060,128,115,true,34,28,32,21,random
1582,95606,1136,128,121,true,36,29,28,28,random
1583,95607,1380,128,141,true,38,37,34,32,random
1584,95608,1184,128,130,true,30,39,28,33,random
1585,95609,1320,128,135,true,32,32,34,37,random
1586,95610,592,64,81,true,25,21,17,18,random
1587,95611,1472,128,147,true,42,43,28,34,random
1588,95612,872,64,111,true,26,29,32,24,random
1589,95613,2424,256,205,true,57,49,58,41,random
1590,95614,524,32,77,true,13,24,10,30,random
1591,95615,1580,128,157,true,36,39,45,37,random
1592,95616,2336,256,199,true,43,55,53,48,random
1593,95617,2776,256,228,true,61,62,54,51,random
1594,95618,1372,128,144,true,34,40,34,36,random
1595,95619,1208,128,122,true,34,32,30,26,random
1596,95620,740,64,99,true,24,31,20,24,random
1597,95621,1376,128,142,true,31,38,37,36,random
1598,95622,568,64,78,true,21,17,17,23,random
1599,95623,588,64,82,true,18,15,24,25,random
1600,95624,500,64,72,true,18,16,17,21,random
1601,95625,3020,256,252,true,60,71,70,51,random
1602,95626,1924,256,156,true,48,33,39,36,random
1603,95627,1008,128,107,true,26,28,27,26,random
1604,95628,940,64,116,true,27,24,35,30,random
1605,95629,740,64,98,true,33,20,22,23,random
1606,95630,896,64,104,true,23,25,25,31,random
1607,95631,1024,128,112,true,39,22,30,21,random
1608,95632,1356,128,144,true,43,36,35,30,random
1609,95633,708,64,95,true,25,20,27,23,random
1610,95634,1388,128,144,true,40,37,38,29,random
1611,95635,576,64,79,true,21,19,19,20,random
1612,95636,1340,128,140,true,34,38,37,31,random
1613,95637,1056,128,111,true,32,25,29,25,random
1614,95638,816,64,99,true,28,21,24,26,random
1615,95639,340,32,60,true,14,15,16,15,random
1616,95640,600,64,83,true,25,20,21,17,random
1617,95641,1200,128,123,true,27,37,36,23,random
1618,95642,632,64,87,true,23,18,25,21,random
1619,95643,1160,128,128,true,29,33,39,27,random
1620,95644,1204,128,123,true,34,32,28,29,random
1621,95645,1708,128,173,true,46,38,40,49,random
1622,95646,1436,128,150,true,39,37,42,32,random
1623,95647,1108,128,115,true,24,29,28,34,random
1624,95648,1312,128,137,true,38,25,36,38,random
1625,95649,2272,256,187,true,42,53,55,37,random
1626,95650,1664,128,168,true,36,44,42,46,random
1627,95651,1352,128,139,true,30,28,46,35,random
1628,95652,892,64,107,true,23,21,31,32,random
1629,95653,656,64,87,true,19,23,19,26,random
1630,95654,1004,64,121,true,25,30,32,34,random
1631,95655,1256,128,132,true,34,31,27,40,random
1632,95656,568,64,77,true,15,22,21,19,random
1633,95657,2264,256,188,true,53,42,50,43,random
1634,95658,2304,256,194,true,48,47,51,48,random
1635,95659,372,32,63,true,13,15,18,17,random
1636,95660,640,64,87,true,19,25,22,21,random
1637,95661,676,64,88,true,22,27,18,21,random
1638,95662,1256,128,132,true,30,31,33,38,random
1639,95663,608,64,83,true,21,24,19,19,random
1640,95664,1528,128,158,true,42,44,41,31,random
1641,95665,712,64,95,true,18,23,27,27,random
1642,95666,1232,128,126,true,32,28,26,40,random
1643,95667,996,64,119,true,28,34,27,30,random
1644,95668,2424,256,210,true,54,42,52,62,random
1645,95669,540,64,73,true,15,19,19,20,random
1646,95670,668,64,92,true,22,23,24,23,random
1647,95671,724,64,97,true,28,23,20,26,random
1648,95672,1180,128,121,true,33,37,23,28,random
1649,95673,1352,128,139,true,37,27,31,44,random
1650,95674,572,64,80,true,19,17,19,25,random
1651,95675,504,32,77,true,17,21,18,21,random
1652,95676,2584,256,213,true,57,53,55,48,random
1653,95677,972,128,104,true,32,29,21,22,random
1654,95678,1088,128,114,true,31,32,22,29,random
1655,95679,2128,256,177,true,42,41,39,55,random
1656,95680,1104,128,118,true,32,29,29,28,random
1657,95681,1368,128,140,true,36,38,31,35,random
1658,95682,648,64,91,true,26,20,22,23,random
1659,95683,1064,128,116,true,29,31,30,26,random
1660,95684,1632,128,162,true,45,38,41,38,random
1661,95685,1192,128,121,true,32,35,30,24,random
1662,95686,316,32,58,true,15,21,12,10,random
1663,95687,1320,128,139,true,33,38,31,37,random
1664,95688,1908,128,185,true,51,46,35,53,random
1665,95689,1252,128,129,true,30,29,34,36,random
1666,95690,620,64,88,true,27,12,26,23,random
1667,95691,712,64,95,true,23,23,25,24,random
1668,95692,988,64,118,true,32,37,25,24,random
1669,95693,892,64,108,true,36,28,21,23,random
1670,95694,264,32,50,true,16,17,7,10,random
1671,95695,604,64,82,true,15,20,23,24,random
1672,95696,884,64,107,true,26,28,31,22,random
1673,95697,692,64,91,true,23,18,23,27,random
1674,95698,1340,128,140,true,32,34,29,45,random
1675,95699,1188,128,120,true,31,23,37,29,random
1676,95700,1500,128,149,true,35,38,41,35,random
1677,95701,2376,256,202,true,46,43,62,51,random
1678,95702,728,64,94,true,18,28,27,21,random
1679,95703,580,64,80,true,19,22,23,16,random
1680,95704,1300,128,135,true,33,32,32,38,random
1681,95705,836,64,100,true,31,22,23,24,random
1682,95706,352,32,63,true,18,8,16,21,random
1683,95707,944,64,116,true,32,29,29,26,random
1684,95708,944,128,102,true,28,20,34,20,random
1685,95709,436,32,71,true,23,21,17,10,random
1686,95710,216,32,43,true,17,13,7,6,random
1687,95711,652,64,92,true,22,18,25,27,random
1688,95712,684,64,96,true,27,26,21,22,random
1689,95713,348,32,58,true,16,11,15,16,random
1690,95714,424,32,71,true,18,23,15,15,random
1691,95715,1064,128,115,true,34,33,24,24,random
1692,95716,1088,128,117,true,31,18,37,31,random
1693,95717,1236,128,126,true,35,32,31,28,random
1694,95718,1320,128,137,true,29,23,52,33,random
1695,95719,752,64,101,true,24,25,23,29,random
1696,95720,608,64,83,true,21,22,17,23,random
1697,95721,580,64,80,true,16,25,16,23,random
1698,95722,800,64,101,true,24,20,25,32,random
1699,95723,1308,128,134,true,39,26,38,31,random
1700,95724,608,64,85,true,20,20,27,18,random
1701,95725,1236,128,125,true,31,33,29,32,random
1702,95726,936,128,98,true,22,24,22,30,random
1703,95727,1004,128,112,true,35,29,24,24,random
1704,95728,1276,128,129,true,37,29,28,35,random
1705,95729,2296,256,192,true,45,48,50,49,random
1706,95730,900,64,109,true,29,26,27,27,random
1707,95731,1448,128,151,true,38,37,39,37,random
1708,95732,1104,128,122,true,29,27,32,34,random
1709,95733,1436,128,148,true,40,34,35,39,random
1710,95734,924,64,113,true,29,22,30,32,random
1711,95735,488,64,69,true,22,16,16,15,random
1712,95736,540,64,77,true,21,16,23,17,random
1713,95737,1252,128,131,true,26,44,33,28,random
1714,95738,828,64,108,true,32,23,25,28,random
1715,95739,204,16,45,true,7,7,19,12,random
1716,95740,648,64,88,true,20,18,28,22,random
1717,95741,684,64,96,true,28,23,17,28,random
1718,95742,1372,128,143,true,34,37,39,33,random
1719,95743,1036,64,124,true,25,29,34,36,random
1720,95744,916,128,96,true,30,24,24,18,random
1721,95745,1712,128,161,true,43,40,37,41,random
1722,95746,1028,64,122,true,33,27,34,28,random
1723,95747,632,64,88,true,19,23,17,29,random
1724,95748,772,64,103,true,29,29,20,25,random
1725,95749,1340,128,140,true,34,29,39,38,random
1726,95750,684,64,90,true,23,17,28,22,random
1727,95751,1344,128,139,true,35,33,40,31,random
1728,95752,1456,128,153,true,33,44,36,40,random
1729,95753,2060,256,173,true,48,49,43,33,random
1730,95754,1500,128,149,true,41,36,39,33,random
1731,95755,1020,128,109,true,27,30,28,24,random
1732,95756,348,32,59,true,17,8,15,19,random
1733,95757,532,64,73,true,16,14,25,18,random
1734,95758,1300,128,136,true,30,39,33,34,random
1735,95759,1140,128,119,true,29,30,28,32,random
1736,95760,928,64,113,true,30,28,29,26,random
1737,95761,412,64,60,true,11,13,23,13,random
1738,95762,1432,128,148,true,32,33,36,47,random
1739,95763,2580,256,215,true,60,51,50,54,random
1740,95764,1428,128,147,true,41,36,36,34,random
1741,95765,772,64,96,true,28,23,22,23,random
1742,95766,2180,256,184,true,42,41,51,50,random
1743,95767,1132,128,121,true,33,30,25,33,random
1744,95768,616,64,85,true,21,18,27,19,random
1745,95769,1620,128,163,true,43,39,45,36,random
1746,95770,524,64,75,true,22,13,18,22,random
1747,95771,580,64,81,true,30,11,18,22,random
1748,95772,920,64,110,true,24,27,32,27,random
1749,95773,1400,128,144,true,39,33,34,38,random
1750,95774,2208,256,182,true,51,42,46,43,random
1751,95775,1992,256,165,true,45,42,39,39,random
1752,95776,1108,128,120,true,28,31,31,30,random
1753,95777,288,32,55,true,12,17,13,13,random
1754,95778,320,32,58,true,10,16,21,11,random
1755,95779,2464,256,208,true,44,51,59,54,random
1756,95780,612,64,82,true,21,23,19,19,random
1757,95781,1316,128,136,true,40,35,31,30,random
1758,95782,912,64,119,true,36,30,27,26,random
1759,95783,1212,128,126,true,37,27,29,33,random
1760,95784,600,64,84,true,21,22,18,23,random
1761,95785,1340,128,139,true,40,43,26,30,random
1762,95786,916,64,113,true,22,34,30,27,random
1763,95787,2048,256,173,true,53,42,39,39,random
1764,95788,188,16,44,true,8,13,10,13,random
1765,95789,2728,256,234,true,57,55,62,60,random
1766,95790,608,64,82,true,23,19,22,18,random
1767,95791,1276,128,129,true,33,30,31,35,random
1768,95792,3072,256,253,true,68,60,55,70,random
1769,95793,1928,128,176,true,49,43,40,44,random
1770,95794,660,64,88,true,18,23,28,19,random
1771,95795,1124,128,119,true,26,27,30,36,random
1772,95796,1664,128,167,true,37,45,48,37,random
1773,95797,1264,128,128,true,32,32,32,32,random
1774,95798,760,64,102,true,25,25,20,32,random
1775,95799,776,64,94,true,24,18,22,30,random
1776,95800,628,64,88,true,19,29,20,20,random
1777,95801,1296,128,136,true,37,45,28,26,random
1778,95802,1352,128,139,true,35,39,35,30,random
1779,95803,492,64,71,true,19,13,19,20,random
1780,95804,724,64,99,true,24,24,24,27,random
1781,95805,1048,128,113,true,25,24,32,32,random
1782,95806,916,64,114,true,29,26,23,36,random
1783,95807,1300,128,135,true,28,41,31,35,random
1784,95808,324,32,61,true,12,16,13,20,random
1785,95809,1040,128,112,true,27,22,25,38,random
1786,95810,756,64,92,true,20,25,29,18,random
1787,95811,448,64,65,true,14,21,18,12,random
1788,95812,1044,64,125,true,33,30,31,31,random
1789,95813,1176,128,128,true,26,39,26,37,random
1790,95814,676,64,89,true,27,26,16,20,random
1791,95815,672,64,93,true,19,20,32,22,random
1792,95816,1292,128,134,true,27,41,34,32,random
1793,95817,1112,128,120,true,27,34,29,30,random
1794,95818,780,64,101,true,20,25,33,23,random
1795,95819,1352,128,141,true,25,49,29,38,random
1796,95820,1064,128,115,true,32,30,29,24,random
1797,95821,664,64,92,true,23,29,20,20,random
1798,95822,652,64,89,true,21,24,21,23,random
1799,95823,2332,256,193,true,58,42,45,48,random
1800,95824,580,64,80,true,21,19,19,21,random
1801,95825,1420,128,146,true,38,40,37,31,random
1802,95826,840,64,108,true,28,26,29,25,random
1803,95827,380,32,63,true,12,18,13,20,random
1804,95828,1128,128,120,true,28,41,31,20,random
1805,95829,1040,128,113,true,26,34,29,24,random
1806,95830,676,64,88,true,20,19,23,26,random
1807,95831,2312,256,191,true,37,59,40,55,random
1808,95832,1196,128,122,true,35,25,33,29,random
1809,95833,604,64,83,true,19,19,21,24,random
1810,95834,1476,128,147,true,35,36,41,35,random
1811,95835,572,64,78,true,21,23,11,23,random
1812,95836,460,64,66,true,18,17,14,17,random
1813,95837,736,64,92,true,20,21,25,26,random
1814,95838,1320,128,137,true,32,39,40,26,random
1815,95839,1360,128,142,true,39,31,34,38,random
1816,95840,1336,128,135,true,30,39,32,34,random
1817,95841,2016,256,167,true,46,38,40,43,random
1818,95842,576,64,79,true,18,22,17,22,random
1819,95843,1368,128,143,true,33,31,43,36,random
1820,95844,648,64,88,true,25,26,22,15,random
1821,95845,1332,128,135,true,34,36,37,28,random
1822,95846,676,64,87,true,30,18,21,18,random
1823,95847,592,64,79,true,16,23,21,19,random
1824,95848,1452,128,146,true,31,39,38,38,random
1825,95849,404,32,68,true,20,15,16,17,random
1826,95850,1100,128,114,true,29,24,29,32,random
1827,95851,1144,128,120,true,34,30,22,34,random
1828,95852,1240,128,129,true,32,24,39,34,random
1829,95853,1388,128,147,true,45,40,28,34,random
1830,95854,608,64,82,true,25,16,17,24,random
1831,95855,1024,128,112,true,24,27,27,34,random
1832,95856,1324,128,137,true,40,36,28,33,random
1833,95857,2144,256,182,true,51,46,46,39,random
1834,95858,1052,128,111,true,29,27,27,28,random
1835,95859,1124,128,122,true,32,32,26,32,random
1836,95860,1328,128,134,true,29,35,38,32,random
1837,95861,1024,128,110,true,27,25,30,28,random
1838,95862,1640,128,166,true,42,39,42,43,random
1839,95863,1152,128,121,true,33,28,27,33,random
1840,95864,1216,128,126,true,33,31,28,34,random
1841,95865,1360,128,141,true,32,44,39,26,random
1842,95866,1088,128,121,true,36,27,28,30,random
1843,95867,756,64,102,true,25,26,26,25,random
1844,95868,1596,128,157,true,41,37,34,45,random
1845,95869,516,64,72,true,21,11,21,19,random
1846,95870,608,64,83,true,18,23,20,22,random
1847,95871,1124,128,120,true,29,35,23,33,random
1848,95872,2744,256,224,true,53,59,56,56,random
1849,95873,452,64,64,true,14,18,15,17,random
1850,95874,604,64,81,true,21,20,18,22,random
1851,95875,600,64,81,true,22,22,21,16,random
1852,95876,1824,128,170,true,43,46,34,47,random
1853,95877,832,64,99,true,19,20,30,30,random
1854,95878,1100,128,118,true,28,24,32,34,random
1855,95879,1028,128,109,true,34,26,28,21,random
1856,95880,256,32,49,true,9,16,14,10,random
1857,95881,920,64,108,true,23,27,35,23,random
1858,95882,2024,256,169,true,37,44,45,43,random
1859,95883,1284,128,132,true,35,26,42,29,random
1860,95884,2604,256,203,true,49,58,41,55,random
1861,95885,1448,128,152,true,35,48,40,29,random
1862,95886,720,64,98,true,21,33,21,23,random
1863,95887,352,32,62,true,16,16,21,9,random
1864,95888,932,128,100,true,27,26,25,22,random
1865,95889,424,64,59,true,12,17,12,18,random
1866,95890,2432,256,206,true,55,44,56,51,random
1867,95891,3024,256,245,true,56,58,63,68,random
1868,95892,648,64,85,true,25,17,18,25,random
1869,95893,548,64,78,true,20,19,20,19,random
1870,95894,1112,128,120,true,29,31,32,28,random
1871,95895,1724,128,162,true,34,56,35,37,random
1872,95896,1400,128,144,true,36,38,36,34,random
1873,95897,1664,128,168,true,47,32,31,58,random
1874,95898,2400,256,202,true,55,49,53,45,random
1875,95899,1316,128,138,true,38,33,35,32,random
1876,95900,588,64,82,true,23,19,20,20,random
1877,95901,324,32,57,true,20,16,9,12,random
1878,95902,1204,128,131,true,33,28,31,39,random
1879,95903,2840,256,231,true,64,64,41,62,random
1880,95904,904,64,108,true,26,29,28,25,random
1881,95905,1204,128,124,true,28,26,38,32,random
1882,95906,1128,128,123,true,25,30,31,37,random
1883,95907,748,64,99,true,28,24,28,19,random
1884,95908,1316,128,135,true,35,27,42,31,random
1885,95909,980,64,118,true,31,30,27,30,random
1886,95910,1356,128,139,true,41,28,31,39,random
1887,95911,1480,128,154,true,31,41,42,40,random
1888,95912,1592,128,160,true,36,45,31,48,random
1889,95913,696,64,92,true,17,33,19,23,random
1890,95914,736,64,97,true,20,35,25,17,random
1891,95915,600,64,76,true,15,20,26,15,random
1892,95916,488,32,74,true,18,16,18,22,random
1893,95917,1444,128,151,true,33,42,38,38,random
1894,95918,376,32,64,true,12,18,11,23,random
1895,95919,2272,256,188,true,52,42,45,49,random
1896,95920,1056,64,119,true,34,34,28,23,random
1897,95921,1192,128,125,true,25,32,34,34,random
1898,95922,548,64,76,true,22,13,22,19,random
1899,95923,1352,128,140,true,45,30,31,34,random
1900,95924,1316,128,131,true,28,29,42,32,random
1901,95925,1048,128,112,true,29,24,27,32,random
1902,95926,604,64,81,true,27,16,23,15,random
1903,95927,1600,128,158,true,40,42,39,37,random
1904,95928,980,128,104,true,26,21,35,22,random
1905,95929,236,32,47,true,17,13,8,9,random
1906,95930,1488,128,157,true,40,38,41,38,random
1907,95931,1292,128,133,true,30,35,30,38,random
1908,95932,1304,128,134,true,33,37,26,38,random
1909,95933,1400,128,149,true,43,27,36,43,random
1910,95934,2984,256,250,true,79,58,52,61,random
1911,95935,1448,128,141,true,25,41,38,37,random
1912,95936,1348,128,138,true,37,28,38,35,random
1913,95937,1500,128,151,true,45,34,40,32,random
1914,95938,1344,128,141,true,37,32,34,38,random
1915,95939,788,64,100,true,28,27,20,25,random
1916,95940,588,64,78,true,18,24,21,15,random
1917,95941,2360,256,199,true,50,46,43,60,random
1918,95942,480,32,75,true,20,17,17,21,random
1919,95943,656,64,89,true,21,25,27,16,random
1920,95944,1364,128,144,true,33,38,30,43,random
1921,95945,1496,128,158,true,53,35,35,35,random
1922,95946,892,64,109,true,30,25,24,30,random
1923,95947,768,64,101,true,26,23,29,23,random
1924,95948,236,32,47,true,11,15,12,9,random
1925,95949,2284,256,189,true,49,43,41,56,random
1926,95950,1004,128,105,true,23,30,28,24,random
1927,95951,1456,128,154,true,45,36,29,44,random
1928,95952,1432,128,147,true,36,38,41,32,random
1929,95953,1300,128,135,true,35,34,33,33,random
1930,95954,956,128,100,true,28,24,29,19,random
1931,95955,1608,128,160,true,50,41,32,37,random
1932,95956,392,32,64,true,13,16,17,18,random
1933,95957,1368,128,143,true,35,33,39,36,random
1934,95958,1104,128,116,true,25,35,34,22,random
1935,95959,760,64,99,true,24,22,22,31,random
1936,95960,764,64,98,true,29,22,20,27,random
1937,95961,1132,128,121,true,30,29,33,29,random
1938,95962,688,64,93,true,20,22,24,27,random
1939,95963,692,64,92,true,14,29,20,29,random
1940,95964,716,64,96,true,19,28,27,22,random
1941,95965,744,64,99,true,22,30,29,18,random
1942,95966,1528,128,160,true,43,39,41,37,random
1943,95967,1276,128,139,true,34,38,26,41,random
1944,95968,1180,128,119,true,21,34,32,32,random
1945,95969,692,64,95,true,21,25,26,23,random
1946,95970,1028,128,112,true,26,26,31,29,random
1947,95971,748,64,99,true,27,20,26,26,random
1948,95972,2116,256,176,true,41,48,40,47,random
1949,95973,1136,128,122,true,32,27,37,26,random
1950,95974,1308,128,133,true,32,29,41,31,random
1951,95975,596,64,83,true,20,19,17,27,random
1952,95976,300,32,55,true,10,15,13,17,random
1953,95977,700,64,92,true,28,22,21,21,random
1954,95978,2264,256,184,true,49,47,47,41,random
1955,95979,576,64,79,true,19,17,21,22,random
1956,95980,996,128,107,true,24,26,36,21,random
1957,95981,1644,128,169,true,41,46,35,47,random
1958,95982,1324,128,136,true,34,28,37,37,random
1959,95983,1112,128,118,true,33,30,24,31,random
1960,95984,1400,128,141,true,38,41,31,31,random
1961,95985,1284,128,132,true,24,34,40,34,random
1962,95986,1580,128,157,true,38,49,34,36,random
1963,95987,1004,64,121,true,23,32,40,26,random
1964,95988,388,32,65,true,21,20,14,10,random
1965,95989,1024,128,110,true,22,30,34,24,random
1966,95990,528,64,71,true,17,16,21,17,random
1967,95991,352,32,60,true,14,17,16,13,random
1968,95992,416,64,60,true,14,15,15,16,random
1969,95993,656,64,85,true,25,15,28,17,random
1970,95994,1228,128,126,true,29,39,27,31,random
1971,95995,1140,128,123,true,32,38,25,28,random
1972,95996,548,64,76,true,20,17,25,14,random
1973,95997,888,64,108,true,27,22,28,31,random
1974,95998,716,64,93,true,25,28,17,23,random
1975,95999,736,64,98,true,25,31,26,16,random
1976,96000,568,64,78,true,16,22,18,22,random
1977,96001,1392,128,143,true,32,39,36,36,random
1978,96002,668,64,87,true,28,17,25,17,random
1979,96003,1568,128,157,true,44,32,40,41,random
1980,96004,676,64,94,true,21,25,25,23,random
1981,96005,352,32,59,true,15,19,12,13,random
1982,96006,744,64,99,true,25,21,20,33,random
1983,96007,1364,128,142,true,37,34,38,33,random
1984,96008,1656,128,156,true,42,48,30,36,random
1985,96009,1440,128,149,true,35,39,37,38,random
1986,96010,1148,128,124,true,32,32,38,22,random
1987,96011,1028,128,110,true,36,25,29,20,random
1988,96012,1328,128,138,true,27,34,37,40,random
1989,96013,732,64,97,true,29,22,23,23,random
1990,96014,676,64,91,true,24,20,24,23,random
1991,96015,1208,128,128,true,30,34,38,26,random
1992,96016,1280,128,128,true,30,33,40,25,random
1993,96017,700,64,93,true,21,26,23,23,random
1994,96018,600,64,84,true,24,24,18,18,random
1995,96019,1360,128,141,true,41,37,32,31,random
1996,96020,1768,128,167,true,41,42,35,49,random
1997,96021,444,64,67,true,15,15,18,19,random
1998,96022,688,64,91,true,18,19,26,28,random
1999,96023,708,64,95,true,28,20,20,27,random
2000,96024,1992,256,161,true,42,41,44,34,random
2001,96025,1512,128,156,true,37,36,43,40,random
2002,96026,1368,128,143,true,37,33,29,44,random
2003,96027,348,32,54,true,10,17,12,15,random
2004,96028,868,64,114,true,23,33,27,31,random
2005,96029,600,64,83,true,28,18,10,27,random
2006,96030,1152,128,124,true,29,35,32,28,random
2007,96031,1192,128,122,true,29,36,28,29,random
2008,96032,2688,256,210,true,51,60,44,55,random
2009,96033,600,64,81,true,17,23,20,21,random
2010,96034,576,64,79,true,18,27,18,16,random
2011,96035,420,32,70,true,18,19,13,20,random
2012,96036,632,64,89,true,24,25,20,20,random
2013,96037,748,64,100,true,27,23,23,27,random
2014,96038,1272,128,129,true,25,36,36,32,random
2015,96039,572,64,79,true,20,17,22,20,random
2016,96040,1364,128,142,true,42,35,25,40,random
2017,96041,464,64,67,true,13,22,15,17,random
2018,96042,1320,128,137,true,42,31,36,28,random
2019,96043,792,64,103,true,27,25,28,23,random
2020,96044,1376,128,143,true,29,43,37,34,random
2021,96045,1032,128,112,true,37,26,25,24,random
2022,96046,1348,128,142,true,39,29,38,36,random
2023,96047,1028,64,122,true,31,29,26,36,random
2024,96048,1760,128,166,true,30,51,48,37,random
2025,96049,1260,128,129,true,27,25,41,36,random
2026,96050,736,64,98,true,34,20,21,23,random
2027,96051,1148,128,122,true,28,25,41,28,random
2028,96052,1284,128,131,true,35,33,29,34,random
2029,96053,980,128,104,true,18,31,30,25,random
2030,96054,1164,128,129,true,35,34,30,30,random
2031,96055,736,64,97,true,25,27,23,22,random
2032,96056,1448,128,142,true,39,36,27,40,random
2033,96057,1260,128,134,true,35,33,36,30,random
2034,96058,704,64,94,true,24,26,19,25,random
2035,96059,1796,128,171,true,48,44,42,37,random
2036,96060,1012,64,121,true,32,35,28,26,random
2037,96061,1296,128,132,true,40,33,29,30,random
2038,96062,1636,128,166,true,39,51,36,40,random
2039,96063,340,32,57,true,15,17,11,14,random
2040,96064,312,32,57,true,12,17,13,15,random
2041,96065,2140,256,181,true,59,34,51,37,random
2042,96066,1328,128,138,true,25,33,36,44,random
2043,96067,1612,128,162,true,44,38,34,46,random
2044,96068,776,64,104,true,29,29,25,21,random
2045,96069,624,64,86,true,25,19,23,19,random
2046,96070,1080,128,119,true,29,34,31,25,random
2047,96071,1288,128,133,true,31,34,35,33,random
2048,96072,812,64,102,true,33,27,24,18,random
2049,96073,2388,256,200,true,52,48,48,52,random
2050,96074,72,8,28,true,8,4,9,7,random
2051,96075,800,64,102,true,24,27,26,25,random
2052,96076,1636,128,166,true,44,48,36,38,random
2053,96077,1384,128,147,true,50,29,36,32,random
2054,96078,756,64,100,true,23,27,21,29,random
2055,96079,1036,128,107,true,23,32,24,28,random
2056,96080,1124,128,126,true,31,28,25,42,random
2057,96081,2800,256,230,true,53,52,61,64,random
2058,96082,1484,128,156,true,41,36,39,40,random
2059,96083,1024,128,111,true,30,29,23,29,random
2060,96084,588,64,81,true,21,17,21,22,random
2061,96085,1332,128,135,true,37,39,30,29,random
2062,96086,588,64,81,true,24,13,26,18,random
2063,96087,1624,128,147,true,28,35,45,39,random
2064,96088,1340,128,137,true,30,39,36,32,random
2065,96089,884,64,110,true,31,24,22,33,random
2066,96090,672,64,91,true,24,16,27,24,random
2067,96091,2028,256,170,true,51,32,42,45,random
2068,96092,676,64,92,true,28,23,19,22,random
2069,96093,752,64,97,true,20,27,24,26,random
2070,96094,2352,256,201,true,46,50,51,54,random
2071,96095,548,64,76,true,18,19,18,21,random
2072,96096,1380,128,143,true,38,34,35,36,random
2073,96097,752,64,101,true,23,27,21,30,random
2074,96098,920,128,98,true,25,29,21,23,random
2075,96099,1176,128,127,true,31,38,34,24,random
2076,96100,2296,256,193,true,47,37,57,52,random
2077,96101,740,64,89,true,18,20,20,31,random
2078,96102,388,32,64,true,15,16,19,14,random
2079,96103,1676,128,156,true,34,35,41,46,random
2080,96104,2260,256,194,true,46,55,45,48,random
2081,96105,956,64,117,true,25,30,32,30,random
2082,96106,952,64,115,true,26,34,21,34,random
2083,96107,672,64,90,true,23,20,23,24,random
2084,96108,716,64,86,true,17,22,23,24,random
2085,96109,716,64,95,true,27,28,19,21,random
2086,96110,1256,128,137,true,35,29,31,42,random
2087,96111,2492,256,209,true,61,51,48,49,random
2088,96112,792,64,103,true,25,22,31,25,random
2089,96113,1512,128,148,true,41,39,34,34,random
2090,96114,1532,128,157,true,43,35,40,39,random
2091,96115,984,128,106,true,28,23,36,19,random
2092,96116,484,64,65,true,18,18,11,18,random
2093,96117,664,64,89,true,23,22,20,24,random
2094,96118,2020,256,167,true,26,46,49,46,random
2095,96119,320,32,59,true,14,10,19,16,random
2096,96120,572,64,78,true,29,16,15,18,random
2097,96121,1188,128,130,true,29,39,26,36,random
2098,96122,664,64,88,true,25,20,23,20,random
2099,96123,1284,128,131,true,27,32,33,39,random
2100,96124,1492,128,158,true,45,39,37,37,random
2101,96125,1216,128,123,true,36,36,27,24,random
2102,96126,1296,128,130,true,25,35,34,36,random
2103,96127,988,128,103,true,28,31,26,18,random
2104,96128,768,64,91,true,22,22,26,21,random
2105,96129,404,32,67,true,21,19,15,12,random
2106,96130,824,64,107,true,30,26,23,28,random
2107,96131,1284,128,138,true,41,32,32,33,random
2108,96132,668,64,89,true,11,26,25,27,random
2109,96133,1068,64,120,true,32,32,32,24,random
2110,96134,2008,256,165,true,35,47,46,37,random
2111,96135,2308,256,191,true,47,49,60,35,random
2112,96136,1224,128,126,true,26,27,37,36,random
2113,96137,1220,128,124,true,34,28,30,32,random
2114,96138,2456,256,208,true,57,58,44,49,random
2115,96139,1604,128,158,true,41,36,30,51,random
2116,96140,1376,128,146,true,32,29,42,43,random
2117,96141,1140,128,122,true,26,33,37,26,random
2118,96142,1128,128,113,true,24,32,29,28,random
2119,96143,1160,64,132,true,31,31,34,36,random
2120,96144,1328,128,132,true,25,34,38,35,random
2121,96145,2764,256,223,true,49,55,58,61,random
2122,96146,708,64,91,true,17,24,25,25,random
2123,96147,900,64,107,true,21,34,23,29,random
2124,96148,596,64,84,true,18,24,21,21,random
2125,96149,544,64,75,true,17,19,20,19,random
2126,96150,468,32,72,true,20,18,17,17,random
2127,96151,736,64,91,true,29,26,19,17,random
2128,96152,896,64,109,true,27,29,28,25,random
2129,96153,1388,128,141,true,36,33,32,40,random
2130,96154,312,32,58,true,16,16,16,10,random
2131,96155,1304,128,136,true,28,34,32,42,random
2132,96156,1084,128,115,true,25,29,33,28,random
2133,96157,1504,128,153,true,43,36,33,41,random
2134,96158,1020,128,110,true,30,28,23,29,random
2135,96159,1420,128,144,true,31,36,43,34,random
2136,96160,964,64,116,true,37,29,21,29,random
2137,96161,1012,128,107,true,27,27,27,26,random
2138,96162,796,64,100,true,17,16,29,38,random
2139,96163,684,64,89,true,22,21,18,28,random
2140,96164,668,64,87,true,16,30,18,23,random
2141,96165,1112,128,124,true,31,37,26,30,random
2142,96166,1132,128,121,true,32,29,29,31,random
2143,96167,1572,128,161,true,44,40,40,37,random
2144,96168,1396,128,146,true,34,43,37,32,random
2145,96169,268,32,50,true,10,16,15,9,random
2146,96170,536,64,77,true,21,17,19,20,random
2147,96171,1020,64,122,true,23,31,28,40,random
2148,96172,1140,128,124,true,30,32,27,35,random
2149,96173,856,64,108,true,28,26,31,23,random
2150,96174,1300,128,135,true,33,35,33,34,random
2151,96175,356,32,63,true,20,13,16,14,random
2152,96176,2920,256,233,true,52,56,63,62,random
2153,96177,1012,128,108,true,25,26,25,32,random
2154,96178,976,128,110,true,28,25,27,30,random
2155,96179,908,64,107,true,32,21,22,32,random
2156,96180,1316,128,135,true,30,33,36,36,random
2157,96181,688,64,91,true,23,24,20,24,random
2158,96182,1192,128,125,true,31,31,27,36,random
2159,96183,1148,128,124,true,30,24,32,38,random
2160,96184,1388,128,144,true,29,30,45,40,random
2161,96185,964,128,99,true,22,22,30,25,random
2162,96186,1404,128,142,true,33,27,39,43,random
2163,96187,1456,128,153,true,37,45,29,42,random
2164,96188,1300,128,131,true,32,38,24,37,random
2165,96189,692,64,91,true,23,13,29,26,random
2166,96190,596,64,83,true,21,18,23,21,random
2167,96191,1336,128,140,true,36,31,41,32,random
2168,96192,376,32,61,true,14,11,17,19,random
2169,96193,996,128,105,true,38,24,23,20,random
2170,96194,1068,128,113,true,26,32,24,31,random
2171,96195,1500,128,155,true,42,35,32,46,random
2172,96196,3280,256,272,true,67,68,73,64,random
2173,96197,1456,128,154,true,41,48,31,34,random
2174,96198,816,64,101,true,27,27,18,29,random
2175,96199,984,64,117,true,30,24,31,32,random
2176,96200,1000,128,106,true,29,29,22,26,random
2177,96201,668,64,92,true,27,25,18,22,random
2178,96202,2072,128,195,true,40,55,55,45,random
2179,96203,972,128,99,true,24,27,27,21,random
2180,96204,1052,128,114,true,31,25,30,28,random
2181,96205,1392,128,145,true,46,34,34,31,random
2182,96206,2280,256,188,true,50,47,45,46,random
2183,96207,1492,128,154,true,43,41,46,24,random
2184,96208,2084,128,197,true,59,42,44,52,random
2185,96209,352,32,59,true,14,18,14,13,random
2186,96210,1268,128,128,true,28,35,29,36,random
2187,96211,1288,128,133,true,33,38,29,33,random
2188,96212,1420,128,146,true,33,45,30,38,random
2189,96213,2156,256,185,true,57,48,41,39,random
2190,96214,644,64,87,true,19,26,26,16,random
2191,96215,1104,128,119,true,30,37,26,26,random
2192,96216,932,128,100,true,27,21,30,22,random
2193,96217,1504,128,151,true,35,36,38,42,random
2194,96218,1364,128,142,true,33,40,33,36,random
2195,96219,1476,128,148,true,43,27,40,38,random
2196,96220,1004,64,119,true,31,18,41,29,random
2197,96221,1240,128,129,true,31,32,30,36,random
2198,96222,1068,64,123,true,34,33,22,34,random
2199,96223,536,64,73,true,19,18,13,23,random
2200,96224,1412,128,146,true,32,37,35,42,random
2201,96225,1552,128,157,true,46,42,40,29,random
2202,96226,1332,128,134,true,42,29,31,32,random
2203,96227,1256,128,126,true,23,32,33,38,random
2204,96228,1044,128,115,true,27,32,30,26,random
2205,96229,568,64,78,true,20,16,21,21,random
2206,96230,412,32,66,true,14,15,15,22,random
2207,96231,1500,128,150,true,42,35,39,34,random
2208,96232,552,32,83,true,18,18,24,23,random
2209,96233,716,64,93,true,26,22,27,18,random
2210,96234,948,64,117,true,35,29,25,28,random
2211,96235,576,64,80,true,27,17,20,16,random
2212,96236,876,64,106,true,29,29,21,27,random
2213,96237,1024,128,107,true,31,28,25,23,random
2214,96238,572,64,77,true,18,17,20,22,random
2215,96239,548,64,76,true,15,23,16,22,random
2216,96240,300,32,55,true,12,10,14,19,random
2217,96241,428,64,63,true,14,17,15,17,random
2218,96242,796,64,97,true,18,27,21,31,random
2219,96243,976,128,103,true,32,24,18,29,random
2220,96244,716,64,95,true,22,20,28,25,random
2221,96245,840,64,100,true,24,26,26,24,random
2222,96246,1544,128,161,true,46,35,45,35,random
2223,96247,1476,128,154,true,41,43,37,33,random
2224,96248,1040,128,110,true,31,24,24,31,random
2225,96249,872,64,104,true,26,24,27,27,random
2226,96250,1544,128,167,true,46,36,40,45,random
2227,96251,612,64,80,true,19,18,22,21,random
2228,96252,1344,128,142,true,32,39,36,35,random
2229,96253,2396,256,202,true,50,51,50,51,random
2230,96254,2388,256,207,true,47,54,54,52,random
2231,96255,572,64,79,true,23,20,20,16,random
2232,96256,544,64,75,true,22,22,14,17,random
2233,96257,1528,128,159,true,38,43,36,42,random
2234,96258,504,32,76,true,17,18,19,22,random
2235,96259,588,64,79,true,17,27,20,15,random
2236,96260,568,64,78,true,24,25,11,18,random
2237,96261,716,64,93,true,23,22,26,22,random
2238,96262,972,64,117,true,26,37,25,29,random
2239,96263,544,64,76,true,21,12,26,17,random
2240,96264,1404,128,140,true,27,42,35,36,random
2241,96265,936,64,115,true,30,22,34,29,random
2242,96266,608,64,83,true,23,23,24,13,random
2243,96267,2196,256,187,true,36,51,44,56,random
2244,96268,1932,128,177,true,44,46,52,35,random
2245,96269,860,64,106,true,29,21,26,30,random
2246,96270,1240,128,127,true,34,26,32,35,random
2247,96271,348,32,63,true,16,13,17,17,random
2248,96272,892,128,95,true,27,24,20,24,random
2249,96273,696,64,93,true,23,22,25,23,random
2250,96274,548,64,74,true,24,16,16,18,random
2251,96275,1664,128,152,true,49,44,26,33,random
2252,96276,640,64,86,true,20,20,18,28,random
2253,96277,652,64,89,true,26,24,17,22,random
2254,96278,612,64,83,true,19,20,22,22,random
2255,96279,920,64,105,true,32,30,21,22,random
2256,96280,596,64,80,true,20,21,16,23,random
2257,96281,724,64,98,true,27,24,22,25,random
2258,96282,552,64,77,true,20,15,20,22,random
2259,96283,376,32,67,true,12,24,15,16,random
2260,96284,612,64,80,true,18,20,15,27,random
2261,96285,1492,128,157,true,48,33,37,39,random
2262,96286,1480,128,154,true,43,30,47,34,random
2263,96287,1692,128,166,true,41,56,27,42,random
2264,96288,564,64,77,true,24,20,16,17,random
2265,96289,924,64,109,true,28,27,33,21,random
2266,96290,568,64,78,true,17,21,20,20,random
2267,96291,704,64,93,true,19,23,29,22,random
2268,96292,1368,128,138,true,33,29,37,39,random
2269,96293,980,64,118,true,37,24,30,27,random
2270,96294,1132,128,121,true,34,27,30,30,random
2271,96295,600,64,78,true,20,26,17,15,random
2272,96296,2456,256,208,true,43,54,61,50,random
2273,96297,424,32,69,true,23,17,17,12,random
2274,96298,1064,128,116,true,24,24,35,33,random
2275,96299,1088,128,117,true,26,26,35,30,random
2276,96300,1168,128,123,true,36,31,28,28,random
2277,96301,1200,128,123,true,28,29,38,28,random
2278,96302,656,64,89,true,25,18,27,19,random
2279,96303,1168,128,123,true,30,23,40,30,random
2280,96304,1064,64,129,true,34,27,32,36,random
2281,96305,1628,128,164,true,36,48,30,50,random
2282,96306,1316,128,135,true,38,34,27,36,random
2283,96307,1108,128,122,true,32,29,25,36,random
2284,96308,720,64,98,true,18,30,26,24,random
2285,96309,728,64,95,true,22,23,30,20,random
2286,96310,952,64,112,true,21,28,33,30,random
2287,96311,1392,128,145,true,31,39,40,35,random
2288,96312,1148,128,123,true,30,30,32,31,random
2289,96313,1408,128,145,true,47,33,31,34,random
2290,96314,604,64,83,true,18,23,24,18,random
2291,96315,1356,128,140,true,39,35,30,36,random
2292,96316,2484,256,215,true,54,60,51,50,random
2293,96317,1040,64,125,true,32,36,31,26,random
2294,96318,824,64,103,true,21,22,29,31,random
2295,96319,1360,128,140,true,29,39,34,38,random
2296,96320,1360,128,141,true,35,32,34,40,random
2297,96321,1328,128,137,true,38,35,35,29,random
2298,96322,2348,256,199,true,48,59,43,49,random
2299,96323,1636,128,163,true,47,42,33,41,random
2300,96324,1344,128,141,true,30,38,38,35,random
2301,96325,664,64,88,true,25,23,23,17,random
2302,96326,1184,128,129,true,37,32,31,29,random
2303,96327,664,64,92,true,22,19,22,29,random
2304,96328,1372,128,141,true,36,27,39,39,random
2305,96329,648,64,89,true,22,22,23,22,random
2306,96330,1268,128,134,true,34,29,36,35,random
2307,96331,888,64,105,true,18,26,26,35,random
2308,96332,1968,256,166,true,42,44,42,38,random
2309,96333,1404,128,142,true,42,37,29,34,random
2310,96334,848,64,103,true,21,31,21,30,random
2311,96335,900,64,111,true,32,23,27,29,random
2312,96336,1384,128,141,true,29,39,43,30,random
2313,96337,1576,128,155,true,49,34,34,38,random
2314,96338,2364,256,200,true,56,43,48,53,random
2315,96339,616,64,85,true,22,22,23,18,random
2316,96340,904,128,99,true,22,26,28,23,random
2317,96341,920,64,115,true,26,25,29,35,random
2318,96342,540,64,74,true,20,25,13,16,random
2319,96343,1244,128,122,true,31,30,30,31,random
2320,96344,1620,128,162,true,34,44,44,40,random
2321,96345,1032,128,109,true,32,27,26,24,random
2322,96346,1368,128,143,true,31,40,35,37,random
2323,96347,1348,128,142,true,33,40,42,27,random
2324,96348,1660,128,167,true,44,44,36,43,random
2325,96349,1328,128,137,true,28,39,37,33,random
2326,96350,920,64,115,true,35,30,25,25,random
2327,96351,704,64,94,true,29,13,23,29,random
2328,96352,2048,256,171,true,39,46,40,46,random
2329,96353,932,64,114,true,32,26,29,27,random
2330,96354,1184,128,120,true,34,32,22,32,random
2331,96355,1384,128,146,true,38,28,42,38,random
2332,96356,600,64,80,true,20,25,15,20,random
2333,96357,872,64,104,true,26,23,25,30,random
2334,96358,340,32,57,true,14,15,17,11,random
2335,96359,1016,64,120,true,39,26,28,27,random
2336,96360,1364,128,143,true,35,33,36,39,random
2337,96361,1812,128,168,true,51,37,46,34,random
2338,96362,572,64,78,true,22,19,22,15,random
2339,96363,1272,128,128,true,34,31,30,33,random
2340,96364,776,64,94,true,19,21,24,30,random
2341,96365,1392,128,142,true,35,39,33,35,random
2342,96366,584,64,81,true,23,17,21,20,random
2343,96367,1940,128,189,true,55,49,34,51,random
2344,96368,432,64,61,true,15,16,15,15,random
2345,96369,2416,256,206,true,37,60,57,52,random
2346,96370,1324,128,133,true,35,28,34,36,random
2347,96371,1068,64,130,true,24,32,33,41,random
2348,96372,1116,128,119,true,33,29,31,26,random
2349,96373,576,64,80,true,17,22,19,22,random
2350,96374,720,64,95,true,19,24,25,27,random
2351,96375,592,64,79,true,18,16,24,21,random
2352,96376,416,32,67,true,15,13,19,20,random
2353,96377,568,64,77,true,18,27,15,17,random
2354,96378,1724,128,162,true,38,46,36,42,random
2355,96379,1028,128,108,true,30,26,28,24,random
2356,96380,772,64,96,true,20,22,29,25,random
2357,96381,800,64,102,true,27,26,24,25,random
2358,96382,880,64,106,true,30,34,22,20,random
2359,96383,2384,256,203,true,52,44,52,55,random
2360,96384,992,128,103,true,22,32,25,24,random
2361,96385,620,64,85,true,22,19,17,27,random
2362,96386,1668,128,155,true,40,35,41,39,random
2363,96387,572,64,78,true,20,19,17,22,random
2364,96388,1296,128,135,true,29,29,34,43,random
2365,96389,1040,128,113,true,27,25,28,33,random
2366,96390,676,64,88,true,23,24,20,21,random
2367,96391,672,64,89,true,23,12,32,22,random
2368,96392,584,64,80,true,16,17,23,24,random
2369,96393,996,128,105,true,33,28,21,23,random
2370,96394,232,32,47,true,10,11,15,11,random
2371,96395,1472,128,146,true,41,38,35,32,random
2372,96396,992,128,103,true,24,32,22,25,random
2373,96397,1348,128,142,true,34,33,37,38,random
2374,96398,628,64,87,true,22,19,25,21,random
2375,96399,2212,256,184,true,41,47,50,46,random
2376,96400,1232,128,130,true,32,34,31,33,random
2377,96401,668,64,93,true,19,19,25,30,random
2378,96402,356,32,59,true,15,12,16,16,random
2379,96403,700,64,93,true,30,26,18,19,random
2380,96404,632,64,87,true,17,22,25,23,random
2381,96405,1124,64,133,true,22,42,30,39,random
2382,96406,1328,128,138,true,28,42,34,34,random
2383,96407,780,64,100,true,30,22,24,24,random
2384,96408,896,64,111,true,22,26,30,33,random
2385,96409,668,64,93,true,25,17,25,26,random
2386,96410,832,64,109,true,24,23,24,38,random
2387,96411,1376,128,146,true,33,35,34,44,random
2388,96412,544,64,78,true,20,20,21,17,random
2389,96413,732,64,96,true,24,19,34,19,random
2390,96414,476,32,74,true,10,26,20,18,random
2391,96415,1964,128,182,true,41,44,49,48,random
2392,96416,1276,128,127,true,40,28,29,30,random
2393,96417,1096,128,117,true,30,26,31,30,random
2394,96418,332,32,60,true,11,16,17,16,random
2395,96419,1196,128,132,true,36,34,29,33,random
2396,96420,1380,128,145,true,39,32,32,42,random
2397,96421,1180,128,128,true,27,38,30,33,random
2398,96422,1036,128,110,true,26,31,30,23,random
2399,96423,1096,128,117,true,30,33,31,23,random
2400,96424,1160,128,125,true,36,31,27,31,random
2401,96425,2148,256,183,true,55,28,46,54,random
2402,96426,2248,256,191,true,48,45,53,45,random
2403,96427,2340,256,197,true,52,58,38,49,random
2404,96428,1076,128,119,true,28,31,31,29,random
2405,96429,1024,128,112,true,28,27,27,30,random
2406,96430,752,64,91,true,22,25,23,21,random
2407,96431,1000,128,109,true,26,29,30,24,random
2408,96432,1360,128,139,true,32,41,30,36,random
2409,96433,324,32,59,true,15,13,13,18,random
2410,96434,676,64,88,true,15,22,28,23,random
2411,96435,1472,128,154,true,39,37,37,41,random
2412,96436,912,64,110,true,36,25,23,26,random
2413,96437,700,64,94,true,23,20,29,22,random
2414,96438,276,32,53,true,14,12,14,13,random
2415,96439,748,64,97,true,18,30,29,20,random
2416,96440,1140,128,124,true,30,23,39,32,random
2417,96441,1360,128,142,true,42,43,27,30,random
2418,96442,564,64,77,true,21,20,17,19,random
2419,96443,1052,128,115,true,29,31,24,31,random
2420,96444,2016,256,168,true,46,38,36,48,random
2421,96445,1004,128,106,true,25,25,32,24,random
2422,96446,660,64,88,true,20,22,24,22,random
2423,96447,1320,128,137,true,34,31,37,35,random
2424,96448,1152,128,125,true,39,27,30,29,random
2425,96449,676,64,91,true,21,27,23,20,random
2426,96450,728,64,96,true,20,24,24,28,random
2427,96451,1036,128,113,true,30,33,30,20,random
2428,96452,1100,128,115,true,26,35,31,23,random
2429,96453,616,64,83,true,20,23,18,22,random
2430,96454,1124,128,119,true,28,27,36,28,random
2431,96455,584,64,82,true,20,22,25,15,random
2432,96456,1356,128,140,true,35,34,31,40,random
2433,96457,1248,128,130,true,27,39,37,27,random
2434,96458,3056,256,246,true,55,59,64,68,random
2435,96459,672,64,87,true,20,15,28,24,random
2436,96460,1516,128,155,true,43,38,42,32,random
2437,96461,792,64,101,true,20,31,22,28,random
2438,96462,832,64,98,true,18,29,25,26,random
2439,96463,1272,128,130,true,26,34,36,34,random
2440,96464,1456,128,152,true,37,35,37,43,random
2441,96465,908,64,112,true,33,22,27,30,random
2442,96466,1196,128,122,true,36,25,31,30,random
2443,96467,732,64,97,true,24,19,21,33,random
2444,96468,468,32,76,true,14,14,24,24,random
2445,96469,1456,128,152,true,40,37,35,40,random
2446,96470,564,64,76,true,18,21,23,14,random
2447,96471,892,64,106,true,24,30,23,29,random
2448,96472,1376,128,142,true,37,32,36,37,random
2449,96473,1328,128,138,true,28,41,37,32,random
2450,96474,628,64,87,true,24,18,24,21,random
2451,96475,1444,128,144,true,36,35,35,38,random
2452,96476,576,64,79,true,19,23,17,20,random
2453,96477,796,64,102,true,18,29,29,26,random
2454,96478,784,64,102,true,26,27,28,21,random
2455,96479,1656,128,170,true,35,46,43,46,random
2456,96480,1412,128,153,true,37,39,38,39,random
2457,96481,1292,128,133,true,38,24,35,36,random
2458,96482,1000,64,121,true,25,31,37,28,random
2459,96483,1092,128,119,true,35,24,32,28,random
2460,96484,1388,128,144,true,40,33,28,43,random
2461,96485,1156,128,126,true,32,28,33,33,random
2462,96486,856,64,109,true,25,23,30,31,random
2463,96487,336,32,62,true,16,16,11,19,random
2464,96488,1468,128,152,true,43,43,26,40,random
2465,96489,1412,128,148,true,36,36,35,41,random
2466,96490,320,32,56,true,19,14,12,11,random
2467,96491,468,64,68,true,19,16,21,12,random
2468,96492,944,128,103,true,27,31,17,28,random
2469,96493,1192,128,125,true,26,24,42,33,random
2470,96494,648,64,87,true,26,21,19,21,random
2471,96495,248,32,49,true,14,12,10,13,random
2472,96496,444,64,66,true,12,19,19,16,random
2473,96497,2020,256,168,true,41,46,43,38,random
2474,96498,2144,256,181,true,52,43,38,48,random
2475,96499,548,64,76,true,15,27,14,20,random
2476,96500,2324,256,195,true,51,42,54,48,random
2477,96501,276,32,53,true,13,14,13,13,random
2478,96502,856,64,104,true,22,32,27,23,random
2479,96503,1332,128,136,true,30,21,46,39,random
2480,96504,440,32,71,true,14,20,21,16,random
2481,96505,2304,256,191,true,52,46,52,41,random
2482,96506,532,64,72,true,22,15,21,14,random
2483,96507,588,64,82,true,21,19,19,23,random
2484,96508,1312,128,133,true,22,41,38,32,random
2485,96509,620,64,85,true,29,18,22,16,random
2486,96510,1420,128,145,true,35,38,40,32,random
2487,96511,2328,256,196,true,37,58,55,46,random
2488,96512,1484,128,150,true,39,35,40,36,random
2489,96513,264,32,50,true,12,11,15,12,random
2490,96514,1100,128,124,true,30,32,26,36,random
2491,96515,896,64,110,true,29,28,30,23,random
2492,96516,632,64,87,true,22,23,21,21,random
2493,96517,748,64,95,true,18,24,22,31,random
2494,96518,1196,128,123,true,37,28,28,30,random
2495,96519,704,64,94,true,19,27,21,27,random
2496,96520,384,32,64,true,19,15,15,15,random
2497,96521,396,32,66,true,17,16,15,18,random
2498,96522,1392,128,141,true,37,29,40,35,random
2499,96523,1564,128,157,true,35,42,46,34,random
2500,96524,1668,128,169,true,33,44,42,50,random
2501,96525,588,64,78,true,22,19,20,17,random
2502,96526,552,64,76,true,17,17,15,27,random
2503,96527,1300,128,134,true,40,28,37,29,random
2504,96528,924,64,112,true,31,37,23,21,random
2505,96529,652,64,87,true,21,21,25,20,random
2506,96530,1500,128,152,true,40,41,33,38,random
2507,96531,1988,256,165,true,36,44,42,43,random
2508,96532,512,64,71,true,20,14,17,20,random
2509,96533,1320,128,132,true,29,38,33,32,random
2510,96534,1320,128,137,true,34,32,32,39,random
2511,96535,2396,256,201,true,51,61,37,52,random
2512,96536,280,32,52,true,13,17,11,11,random
2513,96537,940,128,103,true,21,25,35,22,random
2514,96538,1156,128,126,true,23,32,32,39,random
2515,96539,1324,128,134,true,35,34,35,30,random
2516,96540,1304,128,132,true,36,34,33,29,random
2517,96541,660,64,88,true,28,24,20,16,random
2518,96542,1024,128,108,true,24,27,26,31,random
2519,96543,1244,128,133,true,29,44,28,32,random
2520,96544,940,64,115,true,24,33,31,27,random
2521,96545,1012,128,103,true,25,28,30,20,random
2522,96546,752,64,91,true,29,20,22,20,random
2523,96547,516,64,69,true,13,21,14,21,random
2524,96548,1856,128,181,true,38,47,50,46,random
2525,96549,1184,128,118,true,25,27,27,39,random
2526,96550,1432,128,152,true,39,43,40,30,random
2527,96551,1176,128,127,true,34,29,28,36,random
2528,96552,1200,128,133,true,39,31,28,35,random
2529,96553,1004,128,105,true,24,25,29,27,random
2530,96554,1112,128,119,true,28,32,31,28,random
2531,96555,788,64,99,true,21,21,28,29,random
2532,96556,488,64,70,true,16,25,13,16,random
2533,96557,1356,128,138,true,26,36,46,30,random
2534,96558,1076,128,119,true,32,30,24,33,random
2535,96559,1476,128,153,true,38,28,42,45,random
2536,96560,672,64,92,true,25,29,14,24,random
2537,96561,980,128,104,true,26,23,23,32,random
2538,96562,756,64,98,true,21,26,28,23,random
2539,96563,1640,128,171,true,41,46,38,46,random
2540,96564,464,32,77,true,14,21,24,18,random
2541,96565,612,64,85,true,14,25,26,20,random
2542,96566,832,64,102,true,21,24,29,28,random
2543,96567,620,64,86,true,22,17,23,24,random
2544,96568,1572,128,141,true,32,34,42,33,random
2545,96569,1328,128,138,true,37,28,34,39,random
2546,96570,996,64,121,true,40,25,26,30,random
2547,96571,3108,256,260,true,64,65,60,71,random
2548,96572,512,64,74,true,16,18,20,20,random
2549,96573,1324,128,137,true,35,33,39,30,random
2550,96574,1620,128,166,true,43,40,40,43,random
2551,96575,1196,128,128,true,28,40,30,30,random
2552,96576,708,64,94,true,25,23,24,22,random
2553,96577,772,64,99,true,29,28,19,23,random
2554,96578,1084,128,114,true,22,35,26,31,random
2555,96579,280,32,54,true,12,13,15,14,random
2556,96580,1288,128,134,true,35,36,30,33,random
2557,96581,1368,128,144,true,31,37,39,37,random
2558,96582,968,128,102,true,23,34,19,26,random
2559,96583,1116,128,120,true,41,27,28,24,random
2560,96584,2292,256,187,true,45,59,44,39,random
2561,96585,544,64,74,true,18,19,22,15,random
2562,96586,1256,128,129,true,32,33,32,32,random
2563,96587,672,64,87,true,20,21,29,17,random
2564,96588,572,64,79,true,18,18,25,18,random
2565,96589,740,64,98,true,24,20,28,26,random
2566,96590,972,64,117,true,23,33,34,27,random
2567,96591,656,64,88,true,17,25,24,22,random
2568,96592,424,32,69,true,21,15,12,21,random
2569,96593,1068,64,128,true,33,24,35,36,random
2570,96594,928,64,113,true,29,31,24,29,random
2571,96595,472,64,66,true,18,18,17,13,random
2572,96596,1212,128,129,true,32,29,41,27,random
2573,96597,428,32,69,true,16,13,21,19,random
2574,96598,928,128,103,true,24,24,27,28,random
2575,96599,980,128,104,true,29,24,24,27,random
2576,96600,720,64,94,true,23,20,29,22,random
2577,96601,2184,256,187,true,48,46,50,43,random
2578,96602,1148,128,115,true,24,34,33,24,random
2579,96603,1104,128,116,true,29,34,24,29,random
2580,96604,2304,256,191,true,50,42,54,45,random
2581,96605,2392,256,200,true,46,50,51,53,random
2582,96606,600,64,81,true,17,20,26,18,random
2583,96607,1352,128,137,true,29,36,43,29,random
2584,96608,1444,128,151,true,31,34,44,42,random
2585,96609,972,128,99,true,19,29,25,26,random
2586,96610,416,32,65,true,13,19,17,16,random
2587,96611,824,64,102,true,31,25,22,24,random
2588,96612,316,32,58,true,9,13,21,15,random
2589,96613,464,64,67,true,15,17,21,14,random
2590,96614,2820,256,227,true,55,66,52,54,random
2591,96615,1720,128,175,true,47,47,45,36,random
2592,96616,1464,128,151,true,29,39,38,45,random
2593,96617,2108,256,178,true,37,55,45,41,random
2594,96618,680,64,91,true,20,25,21,25,random
2595,96619,1228,128,135,true,37,33,35,30,random
2596,96620,604,64,81,true,19,25,18,19,random
2597,96621,440,32,72,true,24,19,15,14,random
2598,96622,1156,128,127,true,28,30,35,34,random
2599,96623,448,32,71,true,21,22,13,15,random
2600,96624,1280,128,128,true,36,34,27,31,random
2601,96625,1096,128,120,true,24,30,43,23,random
2602,96626,1120,128,119,true,33,27,26,33,random
2603,96627,520,32,80,true,24,20,20,16,random
2604,96628,1100,128,113,true,29,28,26,30,random
2605,96629,1524,128,154,true,32,43,37,42,random
2606,96630,1156,128,127,true,28,32,31,36,random
2607,96631,1476,128,143,true,34,44,35,30,random
2608,96632,1988,256,164,true,39,48,37,40,random
2609,96633,1552,128,164,true,33,43,45,43,random
2610,96634,1176,128,128,true,32,26,35,35,random
2611,96635,1020,128,109,true,19,30,34,26,random
2612,96636,560,64,79,true,17,25,20,17,random
2613,96637,684,64,93,true,19,27,20,27,random
2614,96638,1304,128,133,true,32,39,31,31,random
2615,96639,536,64,74,true,20,20,18,16,random
2616,96640,1152,128,122,true,34,33,23,32,random
2617,96641,792,64,99,true,29,28,21,21,random
2618,96642,2336,256,194,true,43,41,51,59,random
2619,96643,980,64,118,true,31,28,24,35,random
2620,96644,1364,128,139,true,36,35,32,36,random
2621,96645,1168,128,120,true,33,26,25,36,random
2622,96646,1008,128,106,true,23,19,33,31,random
2623,96647,516,64,69,true,19,20,15,15,random
2624,96648,1388,128,145,true,43,36,34,32,random
2625,96649,548,64,74,true,22,15,22,15,random
2626,96650,1360,128,141,true,30,34,37,40,random
2627,96651,1116,128,121,true,32,34,28,27,random
2628,96652,1372,128,138,true,30,29,42,37,random
2629,96653,884,64,107,true,21,31,28,27,random
2630,96654,2268,256,196,true,54,45,48,49,random
2631,96655,600,64,79,true,19,26,18,16,random
2632,96656,1156,128,123,true,26,30,37,30,random
2633,96657,788,64,103,true,24,32,25,22,random
2634,96658,1352,128,140,true,43,28,34,35,random
2635,96659,2756,256,217,true,50,51,65,51,random
2636,96660,500,64,69,true,17,15,21,16,random
2637,96661,1276,128,133,true,32,34,26,41,random
2638,96662,1412,128,150,true,38,35,39,38,random
2639,96663,660,64,88,true,23,20,19,26,random
2640,96664,616,64,84,true,24,18,19,23,random
2641,96665,2196,256,187,true,39,47,56,45,random
2642,96666,1012,128,108,true,29,26,25,28,random
2643,96667,456,64,69,true,18,20,17,14,random
2644,96668,460,64,66,true,13,19,16,18,random
2645,96669,1080,128,115,true,32,26,25,32,random
2646,96670,660,64,87,true,19,25,25,18,random
2647,96671,596,64,84,true,20,18,23,23,random
2648,96672,456,64,66,true,13,16,18,19,random
2649,96673,568,64,77,true,16,18,26,17,random
2650,96674,1264,128,128,true,26,33,34,35,random
2651,96675,628,64,87,true,26,26,18,17,random
2652,96676,1448,128,148,true,35,41,39,33,random
2653,96677,760,64,100,true,27,25,26,22,random
2654,96678,1172,128,129,true,38,37,25,29,random
2655,96679,1196,128,121,true,26,36,31,28,random
2656,96680,1532,128,151,true,24,45,44,38,random
2657,96681,552,64,78,true,19,17,20,22,random
2658,96682,800,64,102,true,23,24,27,28,random
2659,96683,856,64,102,true,23,22,26,31,random
2660,96684,628,64,86,true,25,17,24,20,random
2661,96685,624,64,86,true,18,31,20,17,random
2662,96686,880,64,107,true,35,25,23,24,random
2663,96687,1740,128,177,true,35,43,45,54,random
2664,96688,448,64,64,true,16,9,16,23,random
2665,96689,544,64,76,true,19,16,21,20,random
2666,96690,612,64,84,true,18,26,21,19,random
2667,96691,1088,128,116,true,25,21,35,35,random
2668,96692,596,64,80,true,17,22,20,21,random
2669,96693,1472,128,153,true,43,45,38,27,random
2670,96694,568,64,78,true,17,21,21,19,random
2671,96695,2352,256,198,true,54,40,59,45,random
2672,96696,1012,128,108,true,20,26,33,29,random
2673,96697,756,64,102,true,32,23,25,22,random
2674,96698,1072,128,113,true,34,34,28,17,random
2675,96699,720,64,94,true,21,23,24,26,random
2676,96700,840,64,103,true,26,26,27,24,random
2677,96701,736,64,97,true,28,21,23,25,random
2678,96702,672,64,87,true,23,15,26,23,random
2679,96703,656,64,89,true,24,24,19,22,random
2680,96704,692,64,92,true,29,18,24,21,random
2681,96705,924,64,113,true,30,23,29,31,random
2682,96706,576,64,80,true,18,19,26,17,random
2683,96707,1516,128,154,true,35,43,43,33,random
2684,96708,1104,128,115,true,25,37,23,30,random
2685,96709,1408,128,146,true,31,34,36,45,random
2686,96710,2188,256,178,true,53,41,42,42,random
2687,96711,380,32,63,true,19,17,17,10,random
2688,96712,708,64,95,true,21,20,28,26,random
2689,96713,692,64,92,true,21,27,24,20,random
2690,96714,1360,128,135,true,35,31,32,37,random
2691,96715,516,64,69,true,14,18,21,16,random
2692,96716,1236,128,127,true,26,34,34,33,random
2693,96717,1224,128,128,true,35,30,28,35,random
2694,96718,568,64,77,true,15,23,21,18,random
2695,96719,1312,128,135,true,34,36,34,31,random
2696,96720,1396,128,139,true,38,33,31,37,random
2697,96721,1316,128,135,true,28,42,34,31,random
2698,96722,1372,128,147,true,37,32,42,36,random
2699,96723,1580,128,156,true,34,37,46,39,random
2700,96724,1288,128,133,true,34,31,41,27,random
2701,96725,2592,256,213,true,60,46,55,52,random
2702,96726,660,64,87,true,21,28,22,16,random
2703,96727,748,64,93,true,25,23,20,25,random
2704,96728,1444,128,147,true,33,37,37,40,random
2705,96729,1320,128,136,true,43,33,27,33,random
2706,96730,832,64,105,true,23,30,28,24,random
2707,96731,1072,128,115,true,22,38,26,29,random
2708,96732,664,64,85,true,20,21,18,26,random
2709,96733,772,64,99,true,24,23,25,27,random
2710,96734,1408,128,145,true,40,28,44,33,random
2711,96735,1284,128,132,true,36,24,37,35,random
2712,96736,616,64,84,true,25,27,17,15,random
2713,96737,776,64,103,true,24,21,26,32,random
2714,96738,1208,128,121,true,38,25,33,25,random
2715,96739,1312,128,134,true,30,37,35,32,random
2716,96740,856,64,101,true,36,19,21,25,random
2717,96741,484,64,69,true,19,15,19,16,random
2718,96742,636,64,88,true,17,30,19,22,random
2719,96743,1928,256,159,true,50,36,38,35,random
2720,96744,700,64,94,true,22,20,23,29,random
2721,96745,2936,256,241,true,56,70,53,62,random
2722,96746,760,64,97,true,19,25,24,29,random
2723,96747,924,64,112,true,24,30,28,30,random
2724,96748,660,64,87,true,21,19,21,26,random
2725,96749,776,64,101,true,21,28,20,32,random
2726,96750,1040,128,111,true,36,20,30,25,random
2727,96751,1180,128,130,true,30,35,33,32,random
2728,96752,616,64,85,true,21,18,25,21,random
2729,96753,1320,128,136,true,32,43,31,30,random
2730,96754,1004,64,119,true,27,34,29,29,random
2731,96755,612,64,83,true,21,22,18,22,random
2732,96756,1128,128,121,true,34,27,29,31,random
2733,96757,1756,128,164,true,41,43,41,39,random
2734,96758,872,64,105,true,34,25,23,23,random
2735,96759,1224,128,125,true,41,34,24,26,random
2736,96760,2900,256,237,true,60,57,56,64,random
2737,96761,2680,256,231,true,62,55,58,56,random
2738,96762,1636,128,168,true,31,48,41,48,random
2739,96763,332,32,56,true,13,16,13,14,random
2740,96764,1256,128,132,true,31,37,30,34,random
2741,96765,600,64,84,true,18,20,28,18,random
2742,96766,556,64,75,true,22,13,17,23,random
2743,96767,1696,128,155,true,41,40,30,44,random
2744,96768,1380,128,145,true,35,40,37,33,random
2745,96769,264,32,53,true,13,16,16,8,random
2746,96770,808,64,100,true,26,26,27,21,random
2747,96771,1128,128,121,true,28,36,25,32,random
2748,96772,2044,256,169,true,43,41,42,43,random
2749,96773,1384,128,144,true,38,41,28,37,random
2750,96774,908,64,108,true,21,23,32,32,random
2751,96775,2632,256,209,true,48,51,63,47,random
2752,96776,1460,128,147,true,36,42,35,34,random
2753,96777,592,64,83,true,16,23,24,20,random
2754,96778,1704,128,171,true,39,47,38,47,random
2755,96779,1028,128,111,true,32,26,26,27,random
2756,96780,1356,128,141,true,38,32,39,32,random
2757,96781,2164,256,183,true,39,46,53,45,random
2758,96782,592,64,83,true,23,20,22,18,random
2759,96783,1372,128,144,true,33,38,41,32,random
2760,96784,2376,256,204,true,43,49,57,55,random
2761,96785,972,64,116,true,27,28,28,33,random
2762,96786,1148,128,122,true,26,32,39,25,random
2763,96787,656,64,90,true,20,24,25,21,random
2764,96788,604,64,82,true,23,22,19,18,random
2765,96789,976,128,102,true,30,21,23,28,random
2766,96790,1840,128,172,true,45,39,50,38,random
2767,96791,1408,128,142,true,34,40,35,33,random
2768,96792,764,64,100,true,26,26,30,18,random
2769,96793,1416,128,144,true,34,38,26,46,random
2770,96794,1600,128,169,true,40,50,35,44,random
2771,96795,2372,256,201,true,50,57,48,46,random
2772,96796,1136,128,122,true,24,35,34,29,random
2773,96797,672,64,91,true,21,30,21,19,random
2774,96798,624,64,86,true,26,22,20,18,random
2775,96799,436,32,71,true,21,20,14,16,random
2776,96800,1592,128,159,true,47,36,43,33,random
2777,96801,852,64,104,true,23,25,33,23,random
2778,96802,1268,128,132,true,32,35,29,36,random
2779,96803,1100,128,117,true,32,30,26,29,random
2780,96804,1116,128,118,true,32,34,25,27,random
2781,96805,628,64,81,true,19,27,13,22,random
2782,96806,576,64,80,true,24,22,13,21,random
2783,96807,708,64,95,true,26,23,25,21,random
2784,96808,880,64,105,true,23,30,27,25,random
2785,96809,1344,128,142,true,34,34,37,37,random
2786,96810,764,64,104,true,26,23,28,27,random
2787,96811,1020,64,121,true,28,33,31,29,random
2788,96812,368,32,60,true,16,13,16,15,random
2789,96813,1468,128,155,true,39,36,41,39,random
2790,96814,1312,128,134,true,35,27,36,36,random
2791,96815,1600,128,162,true,42,37,37,46,random
2792,96816,320,32,59,true,13,14,10,22,random
2793,96817,548,64,76,true,16,19,22,19,random
2794,96818,1432,128,148,true,32,43,32,41,random
2795,96819,1400,128,144,true,42,35,25,42,random
2796,96820,1160,128,127,true,25,29,38,35,random
2797,96821,708,64,95,true,25,19,25,26,random
2798,96822,1492,128,151,true,33,38,40,40,random
2799,96823,720,64,95,true,26,32,22,15,random
2800,96824,328,32,55,true,13,13,19,10,random
2801,96825,2340,256,198,true,43,63,42,50,random
2802,96826,1316,128,136,true,35,32,38,31,random
2803,96827,1232,128,124,true,26,32,34,32,random
2804,96828,2232,256,188,true,51,44,44,49,random
2805,96829,480,32,77,true,18,14,26,19,random
2806,96830,156,32,35,true,12,11,4,8,random
2807,96831,1116,128,118,true,27,38,25,28,random
2808,96832,616,64,84,true,19,27,16,22,random
2809,96833,1352,128,140,true,29,42,35,34,random
2810,96834,1296,128,134,true,32,33,34,35,random
2811,96835,1208,128,128,true,29,43,26,30,random
2812,96836,1352,128,140,true,39,39,30,32,random
2813,96837,264,32,50,true,9,20,9,12,random
2814,96838,700,64,93,true,20,27,20,26,random
2815,96839,584,64,81,true,18,16,29,18,random
2816,96840,412,32,66,true,14,18,14,20,random
2817,96841,1176,128,127,true,36,32,33,26,random
2818,96842,940,64,110,true,30,25,26,29,random
2819,96843,720,64,94,true,26,24,18,26,random
2820,96844,596,64,84,true,18,24,18,24,random
2821,96845,596,64,83,true,16,26,24,17,random
2822,96846,1516,128,154,true,39,35,36,44,random
2823,96847,1212,128,126,true,39,27,36,24,random
2824,96848,2964,256,238,true,65,42,79,52,random
2825,96849,1716,128,173,true,41,43,44,45,random
2826,96850,976,128,105,true,22,32,27,24,random
2827,96851,264,32,53,true,15,17,9,12,random
2828,96852,548,64,76,true,17,23,15,21,random
2829,96853,508,64,73,true,16,21,20,16,random
2830,96854,1116,128,124,true,33,24,29,38,random
2831,96855,716,64,93,true,27,17,24,25,random
2832,96856,280,32,50,true,7,10,20,13,random
2833,96857,1276,128,134,true,37,33,33,31,random
2834,96858,692,64,90,true,20,22,24,24,random
2835,96859,728,64,90,true,25,19,23,23,random
2836,96860,1336,128,140,true,31,32,34,43,random
2837,96861,568,64,78,true,26,25,13,14,random
2838,96862,772,64,101,true,24,27,27,23,random
2839,96863,1512,128,152,true,38,34,37,43,random
2840,96864,1360,128,141,true,34,38,39,30,random
2841,96865,2384,256,201,true,55,43,57,46,random
2842,96866,1288,128,134,true,38,27,31,38,random
2843,96867,1016,64,123,true,28,29,27,39,random
2844,96868,600,64,81,true,19,19,16,27,random
2845,96869,1996,128,182,true,36,53,48,45,random
2846,96870,1080,64,125,true,25,38,33,29,random
2847,96871,2424,256,194,true,43,43,59,49,random
2848,96872,592,64,82,true,23,19,17,23,random
2849,96873,340,32,57,true,14,15,16,12,random
2850,96874,1288,128,131,true,31,40,35,25,random
2851,96875,1320,128,138,true,34,37,28,39,random
2852,96876,2156,256,184,true,49,39,49,47,random
2853,96877,792,64,103,true,27,24,26,26,random
2854,96878,1328,128,139,true,36,26,37,40,random
2855,96879,592,64,82,true,22,24,14,22,random
2856,96880,1320,128,126,true,32,33,26,35,random
2857,96881,648,64,92,true,26,24,24,18,random
2858,96882,1284,128,131,true,40,30,29,32,random
2859,96883,852,64,111,true,29,32,26,24,random
2860,96884,2596,256,219,true,53,59,56,51,random
2861,96885,1332,128,139,true,46,32,29,32,random
2862,96886,1064,128,114,true,23,29,28,34,random
2863,96887,668,64,89,true,20,17,28,24,random
2864,96888,1136,128,112,true,33,18,28,33,random
2865,96889,468,32,76,true,18,23,21,14,random
2866,96890,1324,128,143,true,36,30,38,39,random
2867,96891,716,64,96,true,23,26,25,22,random
2868,96892,1240,128,135,true,38,36,33,28,random
2869,96893,1024,128,110,true,27,26,29,28,random
2870,96894,560,32,85,true,22,17,27,19,random
2871,96895,400,32,66,true,21,16,15,14,random
2872,96896,1068,128,117,true,32,32,27,26,random
2873,96897,564,64,77,true,16,19,21,21,random
2874,96898,1376,128,139,true,41,35,28,35,random
2875,96899,1132,128,122,true,37,25,31,29,random
2876,96900,1640,128,165,true,36,38,44,47,random
2877,96901,872,64,107,true,24,29,25,29,random
2878,96902,776,64,100,true,18,25,26,31,random
2879,96903,1172,128,124,true,31,31,33,29,random
2880,96904,200,32,42,true,15,8,11,8,random
2881,96905,1044,128,111,true,23,27,32,29,random
2882,96906,960,64,114,true,31,24,33,26,random
2883,96907,976,64,117,true,34,32,18,33,random
2884,96908,684,64,93,true,18,17,34,24,random
2885,96909,1388,128,144,true,40,31,38,35,random
2886,96910,704,64,94,true,23,25,22,24,random
2887,96911,1196,128,134,true,29,36,37,32,random
2888,96912,588,64,81,true,19,16,22,24,random
2889,96913,1092,128,119,true,34,30,28,27,random
2890,96914,576,32,82,true,21,20,20,21,random
2891,96915,1332,128,138,true,43,35,30,30,random
2892,96916,508,64,74,true,20,15,19,20,random
2893,96917,1240,128,128,true,29,35,35,29,random
2894,96918,940,64,110,true,30,21,31,28,random
2895,96919,1432,128,148,true,33,34,39,42,random
2896,96920,548,64,77,true,17,15,22,23,random
2897,96921,1612,128,164,true,41,48,33,42,random
2898,96922,2232,256,181,true,50,43,44,44,random
2899,96923,1376,128,144,true,31,39,44,30,random
2900,96924,808,64,100,true,22,30,21,27,random
2901,96925,924,64,113,true,35,21,29,28,random
2902,96926,1404,128,142,true,35,31,33,43,random
2903,96927,1220,128,125,true,33,38,24,30,random
2904,96928,1388,128,142,true,30,40,29,43,random
2905,96929,596,64,80,true,24,23,16,17,random
2906,96930,2608,256,219,true,54,55,58,52,random
2907,96931,556,64,78,true,21,22,18,17,random
2908,96932,1320,128,136,true,36,27,33,40,random
2909,96933,588,64,80,true,12,23,28,17,random
2910,96934,624,64,85,true,20,17,26,22,random
2911,96935,632,64,88,true,22,28,15,23,random
2912,96936,592,64,82,true,17,22,21,22,random
2913,96937,1112,64,130,true,40,33,28,29,random
2914,96938,616,64,84,true,22,31,18,13,random
2915,96939,568,32,87,true,21,20,23,23,random
2916,96940,1096,64,128,true,30,30,33,35,random
2917,96941,736,64,98,true,21,26,28,23,random
2918,96942,1344,128,138,true,36,31,40,31,random
2919,96943,496,64,71,true,14,16,19,22,random
2920,96944,668,64,89,true,23,15,21,30,random
2921,96945,1224,128,126,true,32,34,25,35,random
2922,96946,1128,128,122,true,28,32,30,32,random
2923,96947,1324,128,137,true,38,36,31,32,random
2924,96948,1096,128,117,true,26,33,29,29,random
2925,96949,804,64,100,true,25,29,21,25,random
2926,96950,1408,128,142,true,34,40,33,35,random
2927,96951,1520,128,154,true,43,42,35,34,random
2928,96952,1088,128,115,true,26,33,29,27,random
2929,96953,616,64,85,true,21,19,22,23,random
2930,96954,1180,128,128,true,29,33,33,33,random
2931,96955,1636,128,167,true,39,32,52,44,random
2932,96956,692,64,94,true,20,24,24,26,random
2933,96957,908,64,110,true,32,31,23,24,random
2934,96958,732,64,96,true,24,29,21,22,random
2935,96959,976,128,104,true,30,25,28,21,random
2936,96960,1064,128,116,true,36,24,32,24,random
2937,96961,1204,128,130,true,33,28,34,35,random
2938,96962,1240,128,129,true,30,34,27,38,random
2939,96963,1016,128,109,true,27,28,30,24,random
2940,96964,1020,128,110,true,23,27,37,23,random
2941,96965,1576,128,161,true,27,42,50,42,random
2942,96966,764,64,98,true,17,28,31,22,random
2943,96967,764,64,103,true,24,23,29,27,random
2944,96968,772,64,95,true,23,29,23,20,random
2945,96969,1320,128,136,true,40,34,32,30,random
2946,96970,1328,128,137,true,42,32,33,30,random
2947,96971,660,64,93,true,19,23,27,24,random
2948,96972,584,64,78,true,22,19,22,15,random
2949,96973,716,64,96,true,24,30,26,16,random
2950,96974,1448,128,151,true,39,37,41,34,random
2951,96975,1436,128,151,true,30,46,34,41,random
2952,96976,688,64,91,true,19,26,23,23,random
2953,96977,712,64,95,true,22,21,21,31,random
2954,96978,328,32,58,true,18,18,14,8,random
2955,96979,884,64,106,true,36,25,23,22,random
2956,96980,1280,128,131,true,30,30,42,29,random
2957,96981,452,32,73,true,22,20,14,17,random
2958,96982,608,64,82,true,19,21,21,21,random
2959,96983,752,64,101,true,25,25,29,22,random
2960,96984,1032,128,112,true,31,28,31,22,random
2961,96985,1348,128,138,true,41,39,19,39,random
2962,96986,1308,128,144,true,31,38,34,41,random
2963,96987,1276,128,130,true,34,32,31,33,random
2964,96988,1028,64,122,true,33,28,27,34,random
2965,96989,636,64,87,true,26,19,24,18,random
2966,96990,584,64,81,true,14,18,26,23,random
2967,96991,576,64,79,true,16,15,24,24,random
2968,96992,1116,128,119,true,22,33,31,33,random
2969,96993,1644,128,165,true,43,30,52,40,random
2970,96994,572,64,79,true,17,22,16,24,random
2971,96995,972,128,104,true,19,30,28,27,random
2972,96996,1128,64,124,true,31,29,36,28,random
2973,96997,1120,128,119,true,25,41,31,22,random
2974,96998,588,64,80,true,25,20,18,17,random
2975,96999,1504,128,153,true,32,39,46,36,random
2976,97000,540,64,74,true,17,22,18,17,random
2977,97001,776,64,97,true,23,29,24,21,random
2978,97002,1336,128,139,true,40,36,28,35,random
2979,97003,1348,128,138,true,36,36,31,35,random
2980,97004,1284,128,133,true,32,37,35,29,random
2981,97005,568,64,78,true,22,17,16,23,random
2982,97006,460,32,71,true,23,21,9,18,random
2983,97007,2464,256,213,true,54,61,45,53,random
2984,97008,688,64,92,true,21,21,26,24,random
2985,97009,640,64,87,true,24,25,15,23,random
2986,97010,1212,128,129,true,30,29,41,29,random
2987,97011,1396,128,143,true,29,27,41,46,random
2988,97012,616,64,84,true,23,27,21,13,random
2989,97013,1052,128,113,true,32,30,26,25,random
2990,97014,696,64,93,true,22,22,19,30,random
2991,97015,420,64,61,true,13,11,23,14,random
2992,97016,528,64,73,true,14,20,22,17,random
2993,97017,300,32,55,true,13,20,7,15,random
2994,97018,392,32,64,true,18,12,15,19,random
2995,97019,2044,128,193,true,51,58,35,49,random
2996,97020,612,64,86,true,24,15,28,19,random
2997,97021,1528,128,163,true,42,47,41,33,random
2998,97022,592,64,82,true,22,19,20,21,random
2999,97023,640,64,83,true,17,23,24,19,random
3000,97024,1016,128,110,true,21,33,29,27,random
3001,97025,908,64,110,true,29,27,25,29,random
3002,97026,2792,256,230,true,60,55,58,57,random
3003,97027,676,64,89,true,20,19,20,30,random
3004,97028,628,64,87,true,17,24,24,22,random
3005,97029,632,64,87,true,21,24,21,21,random
3006,97030,700,64,92,true,20,20,29,23,random
3007,97031,1380,128,139,true,32,42,26,39,random
3008,97032,1440,128,149,true,41,29,38,41,random
3009,97033,2624,256,208,true,38,63,62,45,random
3010,97034,776,64,103,true,28,17,27,31,random
3011,97035,584,64,84,true,20,19,24,21,random
3012,97036,568,64,80,true,20,25,19,16,random
3013,97037,2412,256,204,true,49,46,58,51,random
3014,97038,588,64,82,true,23,18,19,22,random
3015,97039,612,64,82,true,21,22,15,24,random
3016,97040,356,32,62,true,18,10,14,20,random
3017,97041,1332,128,138,true,38,35,31,34,random
3018,97042,172,16,43,true,13,9,9,12,random
3019,97043,660,64,90,true,26,24,17,23,random
3020,97044,1376,128,146,true,39,39,34,34,random
3021,97045,992,128,102,true,27,25,26,24,random
3022,97046,2424,256,205,true,59,45,55,46,random
3023,97047,1280,128,134,true,26,31,33,44,random
3024,97048,576,64,80,true,13,22,21,24,random
3025,97049,492,64,74,true,18,19,25,12,random
3026,97050,1516,128,154,true,37,32,42,43,random
3027,97051,1012,64,120,true,30,32,29,29,random
3028,97052,544,64,78,true,23,21,18,16,random
3029,97053,580,64,79,true,19,19,24,17,random
3030,97054,1104,128,118,true,28,30,30,30,random
3031,97055,704,64,95,true,23,27,27,18,random
3032,97056,1288,128,133,true,36,37,29,31,random
3033,97057,1576,128,156,true,30,37,41,48,random
3034,97058,1420,128,145,true,29,47,29,40,random
3035,97059,1288,128,132,true,36,32,26,38,random
3036,97060,672,64,89,true,20,28,19,22,random
3037,97061,1000,128,108,true,28,28,29,23,random
3038,97062,848,64,113,true,23,30,34,26,random
3039,97063,1320,128,136,true,29,36,39,32,random
3040,97064,2004,256,166,true,39,37,47,43,random
3041,97065,1936,128,179,true,45,48,40,46,random
3042,97066,212,16,48,true,13,13,14,8,random
3043,97067,548,64,76,true,12,22,23,19,random
3044,97068,700,64,93,true,17,26,30,20,random
3045,97069,860,64,106,true,18,28,28,32,random
3046,97070,2388,256,206,true,51,54,49,52,random
3047,97071,776,64,101,true,20,25,29,27,random
3048,97072,2080,256,171,true,37,47,43,44,random
3049,97073,656,64,84,true,17,21,24,22,random
3050,97074,1148,128,125,true,33,31,31,30,random
3051,97075,680,64,95,true,20,25,24,26,random
3052,97076,1948,256,160,true,44,34,42,40,random
3053,97077,632,64,85,true,16,21,26,22,random
3054,97078,860,64,106,true,31,21,22,32,random
3055,97079,1060,128,115,true,28,33,21,33,random
3056,97080,1464,128,151,true,38,31,37,45,random
3057,97081,1280,128,138,true,41,30,34,33,random
3058,97082,908,128,98,true,26,28,25,19,random
3059,97083,1112,128,120,true,28,35,27,30,random
3060,97084,1736,128,165,true,47,50,30,38,random
3061,97085,1496,128,158,true,38,36,43,41,random
3062,97086,1188,128,120,true,29,29,28,34,random
3063,97087,1456,128,150,true,35,30,42,43,random
3064,97088,636,64,82,true,20,20,22,20,random
3065,97089,1756,128,178,true,44,45,47,42,random
3066,97090,1184,128,129,true,29,32,33,35,random
3067,97091,616,64,82,true,23,17,25,17,random
3068,97092,1160,128,126,true,26,30,37,33,random
3069,97093,372,32,64,true,14,16,24,10,random
3070,97094,2592,256,217,true,67,59,47,44,random
3071,97095,784,64,101,true,27,27,24,23,random
3072,97096,1268,128,128,true,28,40,33,27,random
3073,97097,676,64,91,true,22,19,25,25,random
3074,97098,776,64,96,true,27,24,20,25,random
3075,97099,704,64,87,true,19,24,26,18,random
3076,97100,364,32,61,true,14,20,9,18,random
3077,97101,608,64,82,true,21,23,21,17,random
3078,97102,876,64,106,true,22,29,33,22,random
3079,97103,416,32,67,true,16,22,16,13,random
3080,97104,616,64,84,true,20,20,20,24,random
3081,97105,956,64,113,true,29,31,28,25,random
3082,97106,664,64,87,true,21,22,28,16,random
3083,97107,416,32,70,true,20,15,16,19,random
3084,97108,1260,128,127,true,34,31,26,36,random
3085,97109,1268,128,128,true,32,32,33,31,random
3086,97110,652,64,90,true,26,24,20,20,random
3087,97111,948,128,103,true,30,25,25,23,random
3088,97112,844,64,102,true,27,29,30,16,random
3089,97113,1296,128,131,true,39,32,27,33,random
3090,97114,1512,128,148,true,33,37,33,45,random
3091,97115,860,64,105,true,19,32,28,26,random
3092,97116,1964,128,184,true,50,51,41,42,random
3093,97117,1140,128,123,true,29,29,27,38,random
3094,97118,1304,128,133,true,34,29,38,32,random
3095,97119,1288,128,132,true,25,38,45,24,random
3096,97120,1044,128,113,true,29,26,28,30,random
3097,97121,312,32,57,true,11,20,14,12,random
3098,97122,1088,128,121,true,36,27,25,33,random
3099,97123,1056,128,117,true,24,22,35,36,random
3100,97124,1568,128,166,true,27,44,49,46,random
3101,97125,324,32,60,true,15,17,13,15,random
3102,97126,272,32,52,true,14,10,13,15,random
3103,97127,1416,128,146,true,40,36,37,33,random
3104,97128,680,64,89,true,25,27,13,24,random
3105,97129,1344,128,137,true,29,36,27,45,random
3106,97130,1116,64,138,true,38,33,36,31,random
3107,97131,840,64,101,true,24,21,26,30,random
3108,97132,556,64,75,true,21,17,17,20,random
3109,97133,788,64,103,true,22,31,21,29,random
3110,97134,1444,128,144,true,37,32,39,36,random
3111,97135,2320,256,194,true,50,38,51,55,random
3112,97136,612,64,86,true,19,18,20,29,random
3113,97137,1052,128,114,true,29,27,27,31,random
3114,97138,888,64,113,true,29,29,28,27,random
3115,97139,996,128,107,true,19,31,23,34,random
3116,97140,620,64,85,true,23,14,30,18,random
3117,97141,1288,128,132,true,31,37,34,30,random
3118,97142,1000,64,119,true,32,25,30,32,random
3119,97143,1016,128,109,true,21,25,29,34,random
3120,97144,568,64,78,true,17,20,20,21,random
3121,97145,604,64,82,true,17,19,22,24,random
3122,97146,696,64,89,true,21,26,18,24,random
3123,97147,524,32,81,true,27,19,20,15,random
3124,97148,1032,128,113,true,32,26,27,28,random
3125,97149,572,64,81,true,23,23,19,16,random
3126,97150,548,64,76,true,13,19,25,19,random
3127,97151,1332,128,138,true,34,31,30,43,random
3128,97152,3032,256,248,true,76,55,61,56,random
3129,97153,2428,256,207,true,52,52,56,47,random
3130,97154,2900,256,235,true,67,55,51,62,random
3131,97155,504,64,73,true,18,18,17,20,random
3132,97156,1512,128,158,true,38,46,31,43,random
3133,97157,1184,64,134,true,36,32,29,37,random
3134,97158,1492,128,148,true,38,36,40,34,random
3135,97159,892,128,95,true,20,27,24,24,random
3136,97160,748,64,93,true,30,15,21,27,random
3137,97161,2220,256,186,true,42,45,55,44,random
3138,97162,1456,128,149,true,40,37,42,30,random
3139,97163,1028,128,112,true,28,28,22,34,random
3140,97164,948,64,115,true,30,33,26,26,random
3141,97165,740,64,98,true,25,27,25,21,random
3142,97166,1156,128,123,true,30,26,31,36,random
3143,97167,1320,128,136,true,30,37,40,29,random
3144,97168,1268,128,127,true,33,26,36,32,random
3145,97169,612,64,78,true,21,19,21,17,random
3146,97170,2240,256,186,true,49,51,35,51,random
3147,97171,1404,128,144,true,51,30,35,28,random
3148,97172,1160,128,122,true,28,33,35,26,random
3149,97173,656,64,88,true,23,23,25,17,random
3150,97174,1244,128,127,true,36,30,29,32,random
3151,97175,1144,128,123,true,34,33,25,31,random
3152,97176,1020,128,109,true,32,33,21,23,random
3153,97177,772,64,95,true,25,22,23,25,random
3154,97178,392,32,65,true,18,23,15,9,random
3155,97179,848,64,103,true,23,31,21,28,random
3156,97180,1340,128,138,true,27,30,42,39,random
3157,97181,1620,128,163,true,42,49,38,34,random
3158,97182,1404,128,145,true,42,43,31,29,random
3159,97183,316,32,57,true,14,13,13,17,random
3160,97184,1004,128,106,true,25,33,25,23,random
3161,97185,984,128,105,true,27,26,29,23,random
3162,97186,1304,128,139,true,35,38,32,34,random
3163,97187,1316,128,134,true,33,37,35,29,random
3164,97188,288,32,55,true,11,13,15,16,random
3165,97189,756,64,96,true,22,27,23,24,random
3166,97190,1444,128,152,true,32,36,51,33,random
3167,97191,696,64,92,true,26,19,24,23,random
3168,97192,580,64,80,true,18,24,23,15,random
3169,97193,672,64,94,true,21,21,27,25,random
3170,97194,1372,128,140,true,22,34,46,38,random
3171,97195,380,32,64,true,15,19,13,17,random
3172,97196,1180,128,129,true,34,32,31,32,random
3173,97197,568,64,77,true,21,23,17,16,random
3174,97198,680,64,89,true,18,19,26,26,random
3175,97199,1500,128,149,true,30,40,40,39,random
3176,97200,1100,128,117,true,19,33,37,28,random
3177,97201,912,64,110,true,29,23,30,28,random
3178,97202,1072,128,111,true,27,30,26,28,random
3179,97203,720,64,96,true,31,19,24,22,random
3180,97204,996,128,108,true,29,28,26,25,random
3181,97205,1344,128,142,true,31,37,37,37,random
3182,97206,604,64,81,true,17,24,19,21,random
3183,97207,640,64,83,true,18,18,25,22,random
3184,97208,1264,128,127,true,39,31,31,26,random
3185,97209,1012,128,107,true,26,24,32,25,random
3186,97210,1064,128,110,true,24,26,31,29,random
3187,97211,932,64,113,true,26,32,31,24,random
3188,97212,712,64,96,true,20,26,27,23,random
3189,97213,352,32,65,true,10,17,16,22,random
3190,97214,680,64,94,true,18,26,26,24,random
3191,97215,896,64,109,true,30,24,31,24,random
3192,97216,480,64,71,true,16,17,17,21,random
3193,97217,1580,128,154,true,40,36,40,38,random
3194,97218,1184,128,123,true,29,36,30,28,random
3195,97219,636,64,88,true,20,21,22,25,random
3196,97220,1300,128,132,true,40,30,35,27,random
3197,97221,1320,128,138,true,35,38,33,32,random
3198,97222,1296,128,131,true,35,34,32,30,random
3199,97223,1152,128,120,true,29,27,33,31,random
3200,97224,480,32,77,true,19,18,22,18,random
3201,97225,1700,128,157,true,34,43,41,39,random
3202,97226,300,32,55,true,20,9,13,13,random
3203,97227,1360,128,141,true,40,25,35,41,random
3204,97228,576,64,79,true,21,20,20,18,random
3205,97229,536,64,74,true,14,18,23,19,random
3206,97230,168,16,42,true,9,14,10,9,random
3207,97231,1592,128,156,true,40,35,42,39,random
3208,97232,1464,128,151,true,43,23,45,40,random
3209,97233,420,32,70,true,9,17,23,21,random
3210,97234,792,64,101,true,22,19,27,33,random
3211,97235,716,64,93,true,19,28,19,27,random
3212,97236,1468,128,151,true,33,46,32,40,random
3213,97237,716,64,96,true,29,25,12,30,random
3214,97238,700,64,93,true,16,24,27,26,random
3215,97239,1480,128,155,true,39,35,38,43,random
3216,97240,716,64,97,true,23,23,24,27,random
3217,97241,696,64,92,true,28,17,25,22,random
3218,97242,1080,128,116,true,31,28,27,30,random
3219,97243,1308,128,133,true,31,38,33,31,random
3220,97244,716,64,97,true,27,21,22,27,random
3221,97245,1192,128,124,true,36,30,34,24,random
3222,97246,2348,256,200,true,51,46,51,52,random
3223,97247,384,32,64,true,15,14,21,14,random
3224,97248,580,64,79,true,17,23,22,17,random
3225,97249,2364,256,199,true,51,48,50,50,random
3226,97250,668,64,89,true,24,22,23,20,random
3227,97251,1092,128,115,true,32,23,22,38,random
3228,97252,1444,128,150,true,46,42,37,25,random
3229,97253,1264,128,133,true,34,30,33,36,random
3230,97254,1204,128,127,true,32,32,29,34,random
3231,97255,576,64,78,true,16,19,19,24,random
3232,97256,1516,128,157,true,37,43,41,36,random
3233,97257,1472,128,153,true,41,48,32,32,random
3234,97258,612,64,85,true,23,17,25,20,random
3235,97259,652,64,86,true,15,23,21,27,random
3236,97260,576,64,78,true,19,18,23,18,random
3237,97261,1420,128,144,true,30,42,30,42,random
3238,97262,1556,128,153,true,33,39,40,41,random
3239,97263,576,64,80,true,22,22,14,22,random
3240,97264,1188,128,120,true,34,31,23,32,random
3241,97265,2412,256,204,true,47,53,48,56,random
3242,97266,700,64,93,true,26,22,21,24,random
3243,97267,640,64,84,true,26,17,22,19,random
3244,97268,1276,128,131,true,31,32,30,38,random
3245,97269,772,64,96,true,27,22,22,25,random
3246,97270,1892,128,181,true,55,46,34,46,random
3247,97271,2348,256,197,true,54,48,58,37,random
3248,97272,1268,128,131,true,33,26,37,35,random
3249,97273,616,64,84,true,21,21,20,22,random
3250,97274,1224,128,135,true,39,34,32,30,random
3251,97275,360,32,66,true,15,15,19,17,random
3252,97276,436,64,65,true,17,19,16,13,random
3253,97277,664,64,88,true,22,22,22,22,random
3254,97278,2096,128,196,true,52,49,46,49,random
3255,97279,640,64,86,true,21,18,22,25,random
3256,97280,636,64,83,true,19,21,21,22,random
3257,97281,1668,128,156,true,40,38,33,45,random
3258,97282,1024,128,111,true,27,29,28,27,random
3259,97283,928,128,99,true,20,28,29,22,random
3260,97284,612,64,80,true,19,20,23,18,random
3261,97285,1656,128,171,true,42,48,40,41,random
3262,97286,664,64,88,true,19,28,16,25,random
3263,97287,1036,128,113,true,24,27,34,28,random
3264,97288,1276,128,130,true,35,39,28,28,random
3265,97289,1096,128,118,true,28,29,30,31,random
3266,97290,608,64,82,true,21,22,18,21,random
3267,97291,2404,256,202,true,55,43,56,48,random
3268,97292,708,64,92,true,21,17,29,25,random
3269,97293,1344,128,141,true,37,32,32,40,random
3270,97294,1052,128,110,true,28,30,26,26,random
3271,97295,912,64,111,true,26,31,22,32,random
3272,97296,520,64,70,true,19,16,18,17,random
3273,97297,1144,128,123,true,32,28,34,29,random
3274,97298,1140,64,134,true,34,27,34,39,random
3275,97299,744,64,99,true,26,23,19,31,random
3276,97300,1432,128,148,true,32,41,35,40,random
3277,97301,1628,128,149,true,32,40,42,35,random
3278,97302,804,64,99,true,28,16,29,26,random
3279,97303,1260,128,128,true,36,25,42,25,random
3280,97304,900,64,109,true,30,29,21,29,random
3281,97305,1056,128,113,true,27,34,29,23,random
3282,97306,732,64,90,true,28,20,21,21,random
3283,97307,764,64,93,true,21,27,24,21,random
3284,97308,580,64,80,true,24,12,20,24,random
3285,97309,876,64,106,true,29,15,34,28,random
3286,97310,1304,128,133,true,30,29,41,33,random
3287,97311,620,64,88,true,20,22,24,22,random
3288,97312,1328,128,138,true,37,35,34,32,random
3289,97313,1072,128,115,true,29,33,29,24,random
3290,97314,1000,128,109,true,29,30,29,21,random
3291,97315,900,128,90,true,18,25,24,23,random
3292,97316,992,64,117,true,26,23,34,34,random
3293,97317,604,64,85,true,24,22,18,21,random
3294,97318,760,64,93,true,28,26,20,19,random
3295,97319,676,64,91,true,23,27,19,22,random
3296,97320,2740,256,220,true,50,59,66,45,random
3297,97321,1512,128,159,true,48,31,38,42,random
3298,97322,732,64,96,true,26,21,24,25,random
3299,97323,1396,128,139,true,35,37,37,30,random
3300,97324,3116,256,259,true,66,61,64,68,random
3301,97325,504,32,78,true,20,21,16,21,random
3302,97326,560,64,79,true,17,18,26,18,random
3303,97327,784,64,98,true,19,25,29,25,random
3304,97328,1596,128,162,true,47,42,36,37,random
3305,97329,1788,128,183,true,43,45,48,47,random
3306,97330,612,64,84,true,19,26,23,16,random
3307,97331,1064,128,112,true,26,38,23,25,random
3308,97332,1404,128,146,true,35,41,36,34,random
3309,97333,1384,128,146,true,36,36,37,37,random
3310,97334,604,64,81,true,20,23,18,20,random
3311,97335,592,64,82,true,19,23,21,19,random
3312,97336,840,64,101,true,24,29,25,23,random
3313,97337,976,128,107,true,28,30,27,22,random
3314,97338,576,64,80,true,19,20,19,22,random
3315,97339,904,64,111,true,23,30,27,31,random
3316,97340,1388,128,144,true,28,36,44,36,random
3317,97341,584,64,80,true,20,16,22,22,random
3318,97342,2468,256,210,true,52,51,47,60,random
3319,97343,1632,128,165,true,37,36,45,47,random
3320,97344,1552,128,161,true,41,35,47,38,random
3321,97345,680,64,91,true,25,24,17,25,random
3322,97346,1244,128,129,true,31,31,31,36,random
3323,97347,2316,256,194,true,48,36,52,58,random
3324,97348,608,64,82,true,22,17,18,25,random
3325,97349,1088,128,117,true,28,31,33,25,random
3326,97350,656,64,89,true,18,25,25,21,random
3327,97351,644,64,85,true,22,23,21,19,random
3328,97352,560,64,78,true,22,17,21,18,random
3329,97353,1332,128,140,true,32,34,37,37,random
3330,97354,604,64,81,true,17,25,21,18,random
3331,97355,1232,128,130,true,39,37,27,27,random
3332,97356,1072,128,117,true,30,22,35,30,random
3333,97357,1476,128,150,true,33,35,42,40,random
3334,97358,1416,128,148,true,32,43,38,35,random
3335,97359,1332,128,139,true,35,43,34,27,random
3336,97360,1336,128,136,true,35,32,34,35,random
3337,97361,1108,128,119,true,32,31,27,29,random
3338,97362,540,64,78,true,14,26,21,17,random
3339,97363,712,64,93,true,27,14,27,25,random
3340,97364,1452,128,153,true,37,31,38,47,random
3341,97365,724,64,98,true,29,25,21,23,random
3342,97366,672,64,90,true,15,24,26,25,random
3343,97367,1372,128,140,true,28,41,32,39,random
3344,97368,252,32,47,true,13,12,12,10,random
3345,97369,1568,128,154,true,35,30,45,44,random
3346,97370,1148,128,125,true,32,28,40,25,random
3347,97371,1052,128,114,true,32,25,31,26,random
3348,97372,696,64,92,true,22,23,23,24,random
3349,97373,548,64,79,true,20,20,21,18,random
3350,97374,1316,128,133,true,29,38,35,31,random
3351,97375,1352,128,143,true,38,27,37,41,random
3352,97376,1424,128,149,true,36,39,38,36,random
3353,97377,1364,128,142,true,30,40,34,38,random
3354,97378,604,64,81,true,23,18,11,29,random
3355,97379,2504,256,214,true,46,56,58,54,random
3356,97380,2604,256,225,true,55,50,59,61,random
3357,97381,2028,128,188,true,46,63,41,38,random
3358,97382,1348,128,142,true,36,32,34,40,random
3359,97383,1368,128,144,true,39,35,38,32,random
3360,97384,1244,128,126,true,31,22,38,35,random
3361,97385,772,64,96,true,22,21,21,32,random
3362,97386,1084,128,112,true,25,27,30,30,random
3363,97387,1420,128,145,true,39,29,44,33,random
3364,97388,3136,256,258,true,65,64,69,60,random
3365,97389,2300,256,192,true,40,44,52,56,random
3366,97390,1240,128,132,true,29,27,41,35,random
3367,97391,2360,256,202,true,57,51,51,43,random
3368,97392,624,64,84,true,25,23,13,23,random
3369,97393,2808,256,231,true,60,55,63,53,random
3370,97394,2812,256,233,true,57,67,59,50,random
3371,97395,716,64,99,true,34,25,16,24,random
3372,97396,416,32,69,true,16,16,18,19,random
3373,97397,752,64,92,true,19,28,27,18,random
3374,97398,1216,128,124,true,34,32,29,29,random
3375,97399,1456,128,156,true,38,45,39,34,random
3376,97400,1316,128,137,true,30,35,36,36,random
3377,97401,752,64,101,true,25,28,22,26,random
3378,97402,752,64,100,true,23,33,20,24,random
3379,97403,1344,128,141,true,30,41,37,33,random
3380,97404,1340,128,140,true,33,34,33,40,random
3381,97405,1888,256,153,true,37,38,40,38,random
3382,97406,712,64,94,true,25,23,23,23,random
3383,97407,628,64,84,true,23,19,18,24,random
3384,97408,576,64,80,true,24,17,20,19,random
3385,97409,1432,128,148,true,36,32,40,40,random
3386,97410,920,128,93,true,21,22,27,23,random
3387,97411,1116,128,117,true,22,34,24,37,random
3388,97412,1192,128,120,true,21,31,26,42,random
3389,97413,1064,128,116,true,17,34,35,30,random
3390,97414,772,64,105,true,18,30,27,30,random
3391,97415,628,64,83,true,16,24,21,22,random
3392,97416,680,64,89,true,21,23,23,22,random
3393,97417,780,64,97,true,23,22,29,23,random
3394,97418,652,64,86,true,28,18,17,23,random
3395,97419,1464,128,154,true,37,45,36,36,random
3396,97420,712,64,92,true,26,22,16,28,random
3397,97421,1400,128,148,true,39,28,37,44,random
3398,97422,788,64,99,true,30,25,25,19,random
3399,97423,1276,128,139,true,45,32,29,33,random
3400,97424,1036,128,109,true,27,30,30,22,random
3401,97425,592,64,82,true,24,12,24,22,random
3402,97426,376,32,65,true,14,20,18,13,random
3403,97427,1188,128,125,true,30,31,33,31,random
3404,97428,1060,128,115,true,35,29,24,27,random
3405,97429,688,64,96,true,19,25,23,29,random
3406,97430,740,64,99,true,23,28,27,21,random
3407,97431,708,64,95,true,23,23,26,23,random
3408,97432,1236,128,131,true,29,36,31,35,random
3409,97433,624,64,86,true,14,24,24,24,random
3410,97434,544,64,74,true,22,13,19,20,random
3411,97435,1064,128,113,true,29,31,28,25,random
3412,97436,672,64,93,true,24,24,26,19,random
3413,97437,1108,128,117,true,31,27,29,30,random
3414,97438,1064,128,116,true,30,28,26,32,random
3415,97439,2848,256,233,true,57,60,56,60,random
3416,97440,536,32,80,true,17,21,22,20,random
3417,97441,1360,128,138,true,32,39,30,37,random
3418,97442,1584,128,157,true,39,42,35,41,random
3419,97443,1512,128,159,true,40,41,44,34,random
3420,97444,720,64,97,true,16,27,31,23,random
3421,97445,648,64,88,true,20,14,27,27,random
3422,97446,1372,128,144,true,29,40,40,35,random
3423,97447,472,64,69,true,16,18,18,17,random
3424,97448,1744,128,159,true,40,28,44,47,random
3425,97449,548,64,76,true,19,11,26,20,random
3426,97450,708,64,96,true,18,22,28,28,random
3427,97451,1208,128,125,true,28,34,37,26,random
3428,97452,620,64,85,true,18,16,28,23,random
3429,97453,1368,128,144,true,31,37,38,38,random
3430,97454,624,64,85,true,21,26,15,23,random
3431,97455,600,64,81,true,21,24,20,16,random
3432,97456,588,64,82,true,17,21,24,20,random
3433,97457,2432,256,206,true,44,54,53,55,random
3434,97458,924,64,112,true,31,23,28,30,random
3435,97459,504,64,70,true,19,15,15,21,random
3436,97460,316,32,53,true,14,15,15,9,random
3437,97461,2192,256,185,true,45,50,45,45,random
3438,97462,2280,256,185,true,48,50,48,39,random
3439,97463,724,64,97,true,21,21,28,27,random
3440,97464,1240,128,129,true,34,32,35,28,random
3441,97465,1308,128,133,true,34,27,37,35,random
3442,97466,584,64,80,true,23,21,19,17,random
3443,97467,580,64,80,true,17,19,25,19,random
3444,97468,728,64,95,true,18,20,29,28,random
3445,97469,1424,128,146,true,33,38,45,30,random
3446,97470,884,64,107,true,32,25,23,27,random
3447,97471,1028,64,122,true,24,31,29,38,random
3448,97472,2272,256,187,true,51,38,49,49,random
3449,97473,528,64,77,true,16,22,20,19,random
3450,97474,936,128,101,true,29,27,26,19,random
3451,97475,388,32,65,true,17,13,16,19,random
3452,97476,824,64,101,true,25,33,26,17,random
3453,97477,840,64,101,true,25,21,24,31,random
3454,97478,1248,128,124,true,37,33,29,25,random
3455,97479,1256,128,135,true,39,34,27,35,random
3456,97480,660,64,87,true,24,23,20,20,random
3457,97481,1136,128,126,true,32,27,31,36,random
3458,97482,1340,128,136,true,38,30,39,29,random
3459,97483,1692,128,168,true,40,38,42,48,random
3460,97484,276,32,53,true,9,13,11,20,random
3461,97485,916,64,112,true,25,30,29,28,random
3462,97486,584,64,80,true,23,19,23,15,random
3463,97487,604,64,82,true,19,23,17,23,random
3464,97488,536,64,74,true,17,14,19,24,random
3465,97489,1452,128,143,true,41,29,30,43,random
3466,97490,728,64,96,true,21,27,26,22,random
3467,97491,756,64,99,true,22,28,22,27,random
3468,97492,1384,128,145,true,38,32,46,29,random
3469,97493,1244,128,129,true,30,36,35,28,random
3470,97494,1416,128,144,true,29,35,42,38,random
3471,97495,772,64,99,true,21,19,30,29,random
3472,97496,640,64,89,true,19,19,25,26,random
3473,97497,2640,256,221,true,47,61,52,61,random
3474,97498,1060,128,113,true,30,23,39,21,random
3475,97499,1132,128,122,true,30,29,36,27,random
3476,97500,1204,128,124,true,31,37,31,25,random
3477,97501,944,64,112,true,34,30,17,31,random
3478,97502,1320,128,136,true,31,34,38,33,random
3479,97503,996,64,119,true,23,32,35,29,random
3480,97504,2748,256,226,true,61,60,51,54,random
3481,97505,644,64,90,true,21,18,26,25,random
3482,97506,892,64,109,true,27,31,25,26,random
3483,97507,488,64,66,true,12,20,18,16,random
3484,97508,344,32,61,true,12,21,16,12,random
3485,97509,644,64,89,true,24,19,26,20,random
3486,97510,2216,256,181,true,48,34,46,53,random
3487,97511,1268,128,130,true,35,28,30,37,random
3488,97512,1260,128,129,true,32,30,29,38,random
3489,97513,340,32,58,true,13,11,16,18,random
3490,97514,916,64,110,true,25,23,29,33,random
3491,97515,1316,128,135,true,31,28,33,43,random
3492,97516,904,64,108,true,26,29,25,28,random
3493,97517,680,64,89,true,27,16,27,19,random
3494,97518,2100,256,172,true,44,48,39,41,random
3495,97519,692,64,91,true,27,25,19,20,random
3496,97520,636,64,83,true,23,19,20,21,random
3497,97521,668,64,86,true,21,21,26,18,random
3498,97522,648,64,88,true,20,20,21,27,random
3499,97523,576,64,78,true,26,17,21,14,random
3500,97524,832,64,102,true,30,30,19,23,random
3501,97525,984,128,101,true,34,27,22,18,random
3502,97526,864,64,103,true,30,23,27,23,random
3503,97527,2512,256,212,true,55,56,46,55,random
3504,97528,964,64,112,true,25,32,32,23,random
3505,97529,708,64,92,true,28,19,25,20,random
3506,97530,1272,128,128,true,31,28,34,35,random
3507,97531,704,64,91,true,25,28,23,15,random
3508,97532,1088,128,119,true,29,27,29,34,random
3509,97533,1388,128,142,true,41,31,32,38,random
3510,97534,1036,128,110,true,28,24,33,25,random
3511,97535,1220,128,130,true,30,30,29,41,random
3512,97536,2024,128,189,true,50,35,57,47,random
3513,97537,524,64,73,true,17,19,16,21,random
3514,97538,596,64,83,true,16,25,25,17,random
3515,97539,1192,128,120,true,26,29,38,27,random
3516,97540,1428,128,147,true,39,32,36,40,random
3517,97541,368,32,62,true,17,11,15,19,random
3518,97542,572,64,77,true,16,15,23,23,random
3519,97543,632,64,84,true,22,20,20,22,random
3520,97544,664,64,88,true,23,23,23,19,random
3521,97545,900,64,107,true,24,22,32,29,random
3522,97546,876,64,106,true,30,27,26,23,random
3523,97547,1144,128,124,true,28,40,25,31,random
3524,97548,796,64,101,true,29,20,30,22,random
3525,97549,1212,128,125,true,35,28,27,35,random
3526,97550,1432,128,147,true,30,41,39,37,random
3527,97551,424,64,60,true,17,17,12,14,random
3528,97552,1288,128,132,true,27,28,40,37,random
3529,97553,628,64,86,true,16,26,22,22,random
3530,97554,712,64,93,true,22,23,24,24,random
3531,97555,916,64,111,true,28,31,27,25,random
3532,97556,2244,256,187,true,43,44,58,42,random
3533,97557,1076,128,119,true,24,35,34,26,random
3534,97558,1484,128,155,true,46,41,34,34,random
3535,97559,676,64,87,true,23,19,19,26,random
3536,97560,836,64,100,true,25,24,25,26,random
3537,97561,1116,128,120,true,20,29,40,31,random
3538,97562,932,64,113,true,29,32,30,22,random
3539,97563,1312,128,134,true,34,34,34,32,random
3540,97564,2204,256,186,true,43,49,48,46,random
3541,97565,1088,128,115,true,29,35,27,24,random
3542,97566,2264,256,186,true,43,49,49,45,random
3543,97567,1072,128,113,true,32,28,25,28,random
3544,97568,704,64,94,true,22,20,24,28,random
3545,97569,1364,128,142,true,32,39,33,38,random
3546,97570,1524,128,161,true,38,49,39,35,random
3547,97571,1180,128,128,true,38,33,34,23,random
3548,97572,636,64,85,true,21,30,14,20,random
3549,97573,1508,128,154,true,38,38,41,37,random
3550,97574,412,32,66,true,16,18,15,17,random
3551,97575,668,64,89,true,19,30,20,20,random
3552,97576,1392,128,140,true,30,36,32,42,random
3553,97577,680,64,91,true,21,21,21,28,random
3554,97578,2860,256,225,true,55,49,60,61,random
3555,97579,724,64,94,true,20,21,34,19,random
3556,97580,1268,128,137,true,34,34,35,34,random
3557,97581,1348,128,139,true,38,31,37,33,random
3558,97582,2608,256,218,true,54,52,61,51,random
3559,97583,1456,128,153,true,35,37,43,38,random
3560,97584,1348,128,142,true,28,39,32,43,random
3561,97585,1300,128,132,true,36,39,26,31,random
3562,97586,1152,128,125,true,36,25,30,34,random
3563,97587,276,32,52,true,12,12,11,17,random
3564,97588,1396,128,142,true,30,37,34,41,random
3565,97589,592,64,83,true,23,18,21,21,random
3566,97590,1448,128,152,true,41,35,35,41,random
3567,97591,1256,128,132,true,32,41,34,25,random
3568,97592,744,64,96,true,20,19,32,25,random
3569,97593,1688,128,170,true,50,45,39,36,random
3570,97594,712,64,95,true,22,26,21,26,random
3571,97595,708,64,93,true,27,18,28,20,random
3572,97596,1204,128,127,true,25,29,37,36,random
3573,97597,1140,128,122,true,28,37,33,24,random
3574,97598,1636,128,155,true,30,40,38,47,random
3575,97599,1412,128,142,true,33,38,40,31,random
3576,97600,900,64,108,true,28,29,25,26,random
3577,97601,296,32,56,true,18,13,11,14,random
3578,97602,2232,256,191,true,43,45,50,53,random
3579,97603,1140,128,122,true,33,31,24,34,random
3580,97604,2288,256,191,true,44,48,51,48,random
3581,97605,992,128,106,true,28,25,30,23,random
3582,97606,624,64,85,true,16,19,24,26,random
3583,97607,1232,128,127,true,29,35,33,30,random
3584,97608,592,64,83,true,26,22,22,13,random
3585,97609,1412,128,143,true,30,35,43,35,random
3586,97610,1460,128,153,true,43,38,41,31,random
3587,97611,588,64,81,true,20,19,18,24,random
3588,97612,1396,128,143,true,36,34,35,38,random
3589,97613,664,64,89,true,21,13,26,29,random
3590,97614,1244,128,128,true,38,26,32,32,random
3591,97615,428,32,69,true,18,19,17,15,random
3592,97616,1260,128,135,true,33,27,39,36,random
3593,97617,2796,256,229,true,56,56,55,62,random
3594,97618,824,64,106,true,27,29,22,28,random
3595,97619,544,64,75,true,14,17,25,19,random
3596,97620,1096,128,115,true,31,20,31,33,random
3597,97621,612,64,83,true,23,22,25,13,random
3598,97622,1128,128,120,true,29,30,30,31,random
3599,97623,1016,128,108,true,29,24,24,31,random
3600,97624,736,64,92,true,22,23,27,20,random
3601,97625,2360,256,207,true,42,62,50,53,random
3602,97626,776,64,97,true,26,16,30,25,random
3603,97627,632,64,82,true,12,20,24,26,random
3604,97628,1000,64,122,true,34,35,28,25,random
3605,97629,1508,128,152,true,34,42,36,40,random
3606,97630,1996,256,167,true,44,38,45,40,random
3607,97631,820,64,100,true,22,25,32,21,random
3608,97632,1016,128,109,true,32,28,26,23,random
3609,97633,176,16,41,true,10,11,10,10,random
3610,97634,1336,128,136,true,33,38,40,25,random
3611,97635,1476,128,154,true,38,33,44,39,random
3612,97636,2068,256,174,true,41,38,48,47,random
3613,97637,1600,128,161,true,41,52,36,32,random
3614,97638,2868,256,226,true,55,55,49,67,random
3615,97639,1324,128,138,true,37,40,27,34,random
3616,97640,1116,128,118,true,29,35,25,29,random
3617,97641,1428,128,148,true,38,44,34,32,random
3618,97642,1072,128,115,true,23,29,29,34,random
3619,97643,2080,256,170,true,40,43,43,44,random
3620,97644,764,64,98,true,25,23,26,24,random
3621,97645,1312,128,132,true,35,28,36,33,random
3622,97646,1344,128,138,true,35,32,35,36,random
3623,97647,1432,128,147,true,36,37,33,41,random
3624,97648,176,16,41,true,10,12,10,9,random
3625,97649,236,32,46,true,12,11,9,14,random
3626,97650,1512,128,155,true,37,41,42,35,random
3627,97651,1344,128,134,true,33,36,34,31,random
3628,97652,712,64,96,true,21,27,21,27,random
3629,97653,588,64,82,true,24,18,21,19,random
3630,97654,1024,64,122,true,22,33,34,33,random
3631,97655,1644,128,163,true,35,37,45,46,random
3632,97656,320,32,59,true,12,16,17,14,random
3633,97657,1536,128,161,true,40,43,44,34,random
3634,97658,1212,128,129,true,33,35,31,30,random
3635,97659,300,32,54,true,16,13,12,13,random
3636,97660,1332,128,138,true,29,31,36,42,random
3637,97661,608,64,82,true,16,26,21,19,random
3638,97662,4904,512,340,true,87,88,86,79,random
3639,97663,648,64,85,true,20,20,23,22,random
3640,97664,2368,256,200,true,57,45,48,50,random
3641,97665,1460,128,151,true,36,37,40,38,random
3642,97666,1364,128,137,true,43,32,27,35,random
3643,97667,508,64,74,true,15,18,19,22,random
3644,97668,1080,128,116,true,30,25,29,32,random
3645,97669,612,64,83,true,22,21,22,18,random
3646,97670,2232,256,188,true,53,35,51,49,random
3647,97671,580,64,81,true,15,25,16,25,random
3648,97672,1504,128,154,true,34,34,52,34,random
3649,97673,2400,256,204,true,42,56,54,52,random
3650,97674,712,64,95,true,31,17,21,26,random
3651,97675,1212,128,126,true,34,26,35,31,random
3652,97676,484,64,71,true,14,13,21,23,random
3653,97677,704,64,93,true,20,24,26,23,random
3654,97678,1064,128,115,true,22,29,31,33,random
3655,97679,744,64,99,true,22,27,22,28,random
3656,97680,996,128,105,true,25,22,27,31,random
3657,97681,376,32,62,true,13,21,14,14,random
3658,97682,1316,128,132,true,33,36,30,33,random
3659,97683,1084,128,114,true,32,27,24,31,random
3660,97684,2332,256,197,true,52,48,44,53,random
3661,97685,952,128,98,true,26,19,28,25,random
3662,97686,1500,128,153,true,35,44,38,36,random
3663,97687,1600,128,159,true,37,48,33,41,random
3664,97688,832,64,109,true,31,30,23,25,random
3665,97689,1312,128,135,true,23,37,35,40,random
3666,97690,1732,128,177,true,45,46,37,49,random
3667,97691,704,64,94,true,19,27,24,24,random
3668,97692,852,64,109,true,25,31,20,33,random
3669,97693,2356,256,198,true,59,49,43,47,random
3670,97694,1336,128,136,true,34,39,31,32,random
3671,97695,600,64,81,true,25,21,16,19,random
3672,97696,1456,128,143,true,38,39,39,27,random
3673,97697,3080,256,251,true,59,63,59,70,random
3674,97698,400,32,67,true,16,14,20,17,random
3675,97699,828,64,98,true,18,30,21,29,random
3676,97700,2344,256,199,true,56,43,43,57,random
3677,97701,1688,128,160,true,31,38,51,40,random
3678,97702,1452,128,152,true,41,40,35,36,random
3679,97703,1032,128,112,true,33,22,27,30,random
3680,97704,2120,256,177,true,42,38,44,53,random
3681,97705,3040,256,247,true,61,57,70,59,random
3682,97706,928,64,114,true,34,24,33,23,random
3683,97707,1144,128,120,true,29,31,35,25,random
3684,97708,576,64,79,true,22,21,18,18,random
3685,97709,1008,128,108,true,35,28,23,22,random
3686,97710,976,128,103,true,25,23,31,24,random
3687,97711,304,32,56,true,15,13,12,16,random
3688,97712,1164,128,126,true,26,36,32,32,random
3689,97713,1460,128,154,true,50,33,30,41,random
3690,97714,1404,128,150,true,38,42,35,35,random
3691,97715,316,32,58,true,17,13,15,13,random
3692,97716,2268,256,185,true,44,49,49,43,random
3693,97717,1308,128,136,true,28,38,26,44,random
3694,97718,1236,128,127,true,30,33,29,35,random
3695,97719,648,64,85,true,18,22,25,20,random
3696,97720,684,64,89,true,25,16,29,19,random
3697,97721,288,32,55,true,16,17,9,13,random
3698,97722,696,64,92,true,21,25,22,24,random
3699,97723,1136,128,123,true,38,29,34,22,random
3700,97724,984,64,121,true,25,37,37,22,random
3701,97725,700,64,93,true,24,24,19,26,random
3702,97726,1444,128,151,true,34,46,33,38,random
3703,97727,556,64,75,true,15,16,23,21,random
3704,97728,672,64,89,true,20,22,25,22,random
3705,97729,2056,256,166,true,43,40,39,44,random
3706,97730,792,64,100,true,25,29,20,26,random
3707,97731,1100,128,114,true,33,30,25,26,random
3708,97732,1436,128,149,true,42,30,37,40,random
3709,97733,808,64,104,true,24,25,23,32,random
3710,97734,1184,128,123,true,28,30,29,36,random
3711,97735,1408,128,142,true,40,30,36,36,random
3712,97736,1448,128,151,true,49,37,32,33,random
3713,97737,968,64,122,true,27,35,21,39,random
3714,97738,1460,128,153,true,36,37,43,37,random
3715,97739,1380,128,146,true,36,40,34,36,random
3716,97740,656,64,92,true,23,23,18,28,random
3717,97741,1116,128,123,true,28,33,37,25,random
3718,97742,1300,128,142,true,34,36,39,33,random
3719,97743,1216,128,132,true,29,28,40,35,random
3720,97744,1008,128,111,true,27,31,23,30,random
3721,97745,660,64,91,true,30,18,25,18,random
3722,97746,912,128,97,true,24,20,26,27,random
3723,97747,2032,256,172,true,44,42,47,39,random
3724,97748,1080,128,115,true,33,29,31,22,random
3725,97749,668,64,87,true,20,17,23,27,random
3726,97750,620,64,85,true,21,27,17,20,random
3727,97751,636,64,85,true,25,22,17,21,random
3728,97752,996,128,103,true,22,23,32,26,random
3729,97753,1108,128,118,true,26,31,30,31,random
3730,97754,596,64,83,true,24,21,20,18,random
3731,97755,728,64,96,true,23,23,25,25,random
3732,97756,264,32,50,true,13,9,13,15,random
3733,97757,640,64,89,true,18,17,26,28,random
3734,97758,660,64,88,true,26,24,20,18,random
3735,97759,1468,128,153,true,33,38,45,37,random
3736,97760,2156,256,181,true,47,44,43,47,random
3737,97761,2164,256,183,true,44,47,49,43,random
3738,97762,804,64,102,true,21,27,25,29,random
3739,97763,964,64,115,true,38,26,25,26,random
3740,97764,1076,128,112,true,25,32,24,31,random
3741,97765,520,32,79,true,25,21,16,17,random
3742,97766,1364,128,141,true,33,38,34,36,random
3743,97767,704,64,94,true,22,26,20,26,random
3744,97768,756,64,101,true,22,26,24,29,random
3745,97769,1324,128,137,true,40,30,35,32,random
3746,97770,1372,128,137,true,34,32,33,38,random
3747,97771,724,64,94,true,26,22,20,26,random
3748,97772,1360,128,140,true,34,25,45,36,random
3749,97773,2556,256,210,true,60,50,54,46,random
3750,97774,1092,128,123,true,33,28,26,36,random
3751,97775,1028,128,106,true,24,28,29,25,random
3752,97776,1508,128,151,true,31,28,40,52,random
3753,97777,276,32,53,true,13,10,16,14,random
3754,97778,1304,128,144,true,38,37,35,34,random
3755,97779,2652,256,209,true,47,52,54,56,random
3756,97780,1336,128,140,true,36,38,31,35,random
3757,97781,1464,128,152,true,44,34,28,46,random
3758,97782,1308,128,136,true,27,42,35,32,random
3759,97783,1024,128,107,true,23,29,31,24,random
3760,97784,1144,128,124,true,35,26,35,28,random
3761,97785,604,64,82,true,19,20,22,21,random
3762,97786,2288,256,190,true,59,53,35,43,random
3763,97787,1388,128,144,true,38,36,36,34,random
3764,97788,680,64,89,true,31,18,20,20,random
3765,97789,432,64,61,true,15,16,16,14,random
3766,97790,1356,128,141,true,40,30,29,42,random
3767,97791,1072,128,117,true,19,39,38,21,random
3768,97792,1432,128,150,true,40,39,36,35,random
3769,97793,828,64,105,true,35,26,25,19,random
3770,97794,588,64,79,true,22,22,14,21,random
3771,97795,1552,128,154,true,40,34,36,44,random
3772,97796,2728,256,221,true,52,59,52,58,random
3773,97797,956,64,120,true,23,28,35,34,random
3774,97798,1140,128,123,true,30,29,34,30,random
3775,97799,532,64,75,true,17,18,19,21,random
3776,97800,1344,128,140,true,48,34,25,33,random
3777,97801,940,128,101,true,33,25,17,26,random
3778,97802,1340,128,141,true,34,37,32,38,random
3779,97803,288,32,55,true,17,12,19,7,random
3780,97804,612,64,84,true,21,20,23,20,random
3781,97805,544,64,74,true,15,17,20,22,random
3782,97806,1312,128,137,true,25,44,39,29,random
3783,97807,692,64,92,true,24,22,29,17,random
3784,97808,900,64,115,true,23,33,29,30,random
3785,97809,1500,128,158,true,46,38,37,37,random
3786,97810,832,64,102,true,22,22,31,27,random
3787,97811,600,64,84,true,22,23,21,18,random
3788,97812,1492,128,150,true,42,31,30,47,random
3789,97813,616,64,84,true,20,21,17,26,random
3790,97814,596,64,83,true,18,25,25,15,random
3791,97815,804,64,103,true,32,22,22,27,random
3792,97816,324,32,55,true,11,12,18,14,random
3793,97817,1340,128,141,true,39,42,31,29,random
3794,97818,1180,128,121,true,31,37,25,28,random
3795,97819,512,64,75,true,21,20,15,19,random
3796,97820,948,64,113,true,28,28,29,28,random
3797,97821,1164,128,125,true,27,28,37,33,random
3798,97822,648,64,91,true,22,19,26,24,random
3799,97823,1180,128,129,true,35,32,23,39,random
3800,97824,948,64,117,true,30,35,26,26,random
3801,97825,952,128,105,true,23,26,25,31,random
3802,97826,2576,256,221,true,52,47,58,64,random
3803,97827,1304,128,133,true,27,31,42,33,random
3804,97828,312,32,56,true,17,18,12,9,random
3805,97829,584,64,79,true,17,27,15,20,random
3806,97830,700,64,94,true,28,24,20,22,random
3807,97831,1208,128,123,true,27,33,31,32,random
3808,97832,232,32,46,true,11,9,12,14,random
3809,97833,876,64,105,true,28,27,23,27,random
3810,97834,1424,128,149,true,39,33,36,41,random
3811,97835,612,64,84,true,21,24,19,20,random
3812,97836,2424,256,208,true,51,58,62,37,random
3813,97837,772,64,100,true,24,28,25,23,random
3814,97838,2172,256,177,true,38,44,45,50,random
3815,97839,1344,128,135,true,40,30,30,35,random
3816,97840,700,64,93,true,21,20,32,20,random
3817,97841,824,64,108,true,28,25,33,22,random
3818,97842,1304,128,135,true,34,34,37,30,random
3819,97843,1380,128,142,true,30,34,43,35,random
3820,97844,2468,256,211,true,53,53,52,53,random
3821,97845,388,32,64,true,15,18,17,14,random
3822,97846,1004,64,121,true,27,29,30,35,random
3823,97847,1984,128,189,true,44,48,45,52,random
3824,97848,884,64,107,true,28,24,21,34,random
3825,97849,752,64,98,true,31,29,20,18,random
3826,97850,920,64,111,true,26,30,28,27,random
3827,97851,600,64,83,true,16,22,21,24,random
3828,97852,1096,128,119,true,31,28,33,27,random
3829,97853,1396,128,144,true,29,41,30,44,random
3830,97854,544,32,81,true,25,23,17,16,random
3831,97855,704,64,95,true,30,20,21,24,random
3832,97856,1336,128,140,true,33,31,46,30,random
3833,97857,1308,128,134,true,38,35,30,31,random
3834,97858,576,64,79,true,19,20,25,15,random
3835,97859,1540,128,154,true,48,30,32,44,random
3836,97860,728,64,97,true,29,21,25,22,random
3837,97861,1124,128,123,true,32,32,31,28,random
3838,97862,652,64,85,true,17,25,21,22,random
3839,97863,784,64,94,true,24,25,23,22,random
3840,97864,816,64,103,true,27,25,25,26,random
3841,97865,1084,128,116,true,29,28,25,34,random
3842,97866,600,32,87,true,24,23,16,24,random
3843,97867,452,64,65,true,16,19,13,17,random
3844,97868,920,64,112,true,26,26,29,31,random
3845,97869,1384,128,143,true,26,42,37,38,random
3846,97870,1148,128,122,true,33,29,33,27,random
3847,97871,636,64,83,true,19,20,21,23,random
3848,97872,1016,128,109,true,29,33,25,22,random
3849,97873,1552,128,161,true,38,41,41,41,random
3850,97874,764,64,104,true,34,18,27,25,random
3851,97875,376,32,62,true,16,12,17,17,random
3852,97876,1352,128,143,true,38,33,40,32,random
3853,97877,700,64,93,true,22,15,26,30,random
3854,97878,888,128,94,true,27,27,14,26,random
3855,97879,608,64,82,true,19,17,20,26,random
3856,97880,1352,128,140,true,36,38,31,35,random
3857,97881,1072,128,117,true,33,22,31,31,random
3858,97882,688,64,92,true,26,15,25,26,random
3859,97883,676,64,91,true,27,20,27,17,random
3860,97884,1548,128,163,true,41,39,48,35,random
3861,97885,2380,256,198,true,50,51,46,51,random
3862,97886,1268,128,134,true,34,34,31,35,random
3863,97887,1632,128,162,true,42,35,40,45,random
3864,97888,748,64,97,true,25,25,20,27,random
3865,97889,632,64,83,true,22,17,23,21,random
3866,97890,1260,128,133,true,38,31,28,36,random
3867,97891,716,64,96,true,18,29,28,21,random
3868,97892,672,64,91,true,29,20,16,26,random
3869,97893,752,64,101,true,26,24,25,26,random
3870,97894,1028,128,111,true,26,25,31,29,random
3871,97895,1232,128,126,true,31,35,29,31,random
3872,97896,1344,128,141,true,42,35,31,33,random
3873,97897,1324,128,141,true,46,34,31,30,random
3874,97898,1388,128,148,true,35,32,37,44,random
3875,97899,1356,128,141,true,28,43,37,33,random
3876,97900,560,64,79,true,18,18,20,23,random
3877,97901,2536,256,206,true,69,44,54,39,random
3878,97902,1008,128,107,true,29,25,26,27,random
3879,97903,380,32,62,true,16,16,12,18,random
3880,97904,816,64,106,true,27,30,26,23,random
3881,97905,1336,128,139,true,42,32,31,34,random
3882,97906,972,128,100,true,20,24,29,27,random
3883,97907,1284,128,131,true,30,35,37,29,random
3884,97908,500,64,70,true,16,21,18,15,random
3885,97909,1264,128,127,true,27,32,36,32,random
3886,97910,1028,128,108,true,29,25,29,25,random
3887,97911,1388,128,145,true,29,37,46,33,random
3888,97912,580,64,80,true,19,15,21,25,random
3889,97913,1164,128,124,true,33,17,34,40,random
3890,97914,808,64,103,true,25,30,23,25,random
3891,97915,2396,256,201,true,51,57,40,53,random
3892,97916,1792,128,170,true,41,44,45,40,random
3893,97917,1280,128,131,true,36,42,22,31,random
3894,97918,1248,128,131,true,35,35,31,30,random
3895,97919,1448,128,151,true,38,41,38,34,random
3896,97920,736,64,98,true,19,22,27,30,random
3897,97921,1060,128,115,true,30,25,34,26,random
3898,97922,488,64,64,true,16,11,15,22,random
3899,97923,1116,128,117,true,32,30,30,25,random
3900,97924,624,64,86,true,21,24,18,23,random
3901,97925,840,64,101,true,26,27,25,23,random
3902,97926,1100,128,114,true,29,39,23,23,random
3903,97927,576,64,78,true,21,18,24,15,random
3904,97928,736,64,98,true,24,19,22,33,random
3905,97929,2772,256,227,true,69,53,53,52,random
3906,97930,1076,128,118,true,27,28,30,33,random
3907,97931,1624,128,163,true,40,37,45,41,random
3908,97932,1336,128,140,true,29,41,37,33,random
3909,97933,736,64,98,true,16,27,24,31,random
3910,97934,544,64,72,true,22,28,13,9,random
3911,97935,1332,128,139,true,27,40,32,40,random
3912,97936,1696,128,172,true,49,40,45,38,random
3913,97937,1208,128,125,true,27,31,33,34,random
3914,97938,516,64,75,true,29,19,17,10,random
3915,97939,1572,128,162,true,50,42,40,30,random
3916,97940,2528,256,214,true,56,62,50,46,random
3917,97941,1312,128,136,true,38,35,30,33,random
3918,97942,1268,128,129,true,29,32,32,36,random
3919,97943,1028,128,111,true,32,21,29,29,random
3920,97944,724,64,98,true,18,32,22,26,random
3921,97945,692,64,91,true,26,21,22,22,random
3922,97946,1524,128,148,true,33,42,40,33,random
3923,97947,672,64,93,true,25,24,25,19,random
3924,97948,596,64,80,true,23,15,24,18,random
3925,97949,752,64,101,true,22,28,26,25,random
3926,97950,272,32,51,true,8,14,18,11,random
3927,97951,1324,128,137,true,31,31,37,38,random
3928,97952,1392,128,142,true,45,31,32,34,random
3929,97953,1312,128,135,true,27,43,35,30,random
3930,97954,1096,128,119,true,30,26,36,27,random
3931,97955,1640,128,165,true,42,43,33,47,random
3932,97956,1088,128,112,true,26,32,24,30,random
3933,97957,1080,128,114,true,26,31,34,23,random
3934,97958,2204,256,175,true,43,48,39,45,random
3935,97959,1324,128,136,true,30,27,34,45,random
3936,97960,612,64,84,true,23,22,18,21,random
3937,97961,1144,128,122,true,29,30,29,34,random
3938,97962,1260,128,139,true,36,23,37,43,random
3939,97963,1092,128,119,true,31,30,28,30,random
3940,97964,600,64,84,true,26,21,17,20,random
3941,97965,1324,128,136,true,30,36,34,36,random
3942,97966,1196,128,122,true,29,27,29,37,random
3943,97967,364,32,61,true,16,20,10,15,random
3944,97968,608,64,85,true,23,19,29,14,random
3945,97969,1392,128,142,true,35,38,41,28,random
3946,97970,908,64,112,true,21,38,26,27,random
3947,97971,728,64,97,true,29,24,22,22,random
3948,97972,1220,128,124,true,31,27,28,38,random
3949,97973,880,64,106,true,20,30,26,30,random
3950,97974,1376,128,142,true,33,34,39,36,random
3951,97975,616,64,85,true,25,23,15,22,random
3952,97976,1032,64,117,true,23,29,34,31,random
3953,97977,1076,64,126,true,29,31,38,28,random
3954,97978,336,32,59,true,10,17,15,17,random
3955,97979,1012,128,108,true,27,31,27,23,random
3956,97980,1160,128,118,true,26,28,36,28,random
3957,97981,216,32,43,true,12,11,9,11,random
3958,97982,1848,128,174,true,50,50,35,39,random
3959,97983,1348,128,142,true,38,40,38,26,random
3960,97984,1400,128,144,true,36,29,41,38,random
3961,97985,764,64,103,true,30,20,22,31,random
3962,97986,1284,128,129,true,30,30,29,40,random
3963,97987,1264,128,127,true,28,31,36,32,random
3964,97988,1708,128,159,true,42,42,35,40,random
3965,97989,500,64,72,true,15,23,19,15,random
3966,97990,1156,128,116,true,33,35,23,25,random
3967,97991,1032,128,113,true,29,24,26,34,random
3968,97992,1428,128,147,true,38,38,41,30,random
3969,97993,1180,128,128,true,37,28,34,29,random
3970,97994,344,32,56,true,16,18,9,13,random
3971,97995,1356,128,140,true,32,42,30,36,random
3972,97996,228,32,46,true,13,15,7,11,random
3973,97997,528,64,78,true,23,23,26,6,random
3974,97998,2084,128,197,true,51,45,51,50,random
3975,97999,1124,128,122,true,32,33,31,26,random
3976,98000,1060,128,115,true,32,27,25,31,random
3977,98001,1364,128,142,true,37,37,34,34,random
3978,98002,588,64,81,true,19,23,21,18,random
3979,98003,1292,128,130,true,32,36,32,30,random
3980,98004,696,64,92,true,24,25,20,23,random
3981,98005,672,64,87,true,24,19,17,27,random
3982,98006,836,64,106,true,25,32,27,22,random
3983,98007,2592,256,218,true,58,45,61,54,random
3984,98008,868,64,104,true,30,21,30,23,random
3985,98009,624,64,87,true,20,23,24,20,random
3986,98010,784,64,98,true,30,20,32,16,random
3987,98011,604,64,82,true,17,24,24,17,random
3988,98012,796,64,102,true,25,31,22,24,random
3989,98013,1564,128,153,true,36,42,36,39,random
3990,98014,1420,128,144,true,40,31,34,39,random
3991,98015,1440,128,146,true,45,35,31,35,random
3992,98016,1384,128,146,true,46,32,39,29,random
3993,98017,1312,128,138,true,31,33,40,34,random
3994,98018,1348,128,143,true,37,34,35,37,random
3995,98019,904,64,111,true,27,25,32,27,random
3996,98020,1340,128,141,true,41,27,39,34,random
3997,98021,672,64,93,true,20,29,20,24,random
3998,98022,1320,128,137,true,37,38,32,30,random
3999,98023,1148,128,125,true,25,36,32,32,random
4000,98024,448,64,64,true,17,19,16,12,random
4001,98025,1820,128,170,true,42,51,35,42,random
4002,98026,888,64,107,true,27,31,22,27,random
4003,98027,1332,128,139,true,37,33,35,34,random
4004,98028,1280,128,131,true,43,30,34,24,random
4005,98029,1060,128,116,true,32,27,31,26,random
4006,98030,592,64,81,true,17,23,22,19,random
4007,98031,912,64,113,true,23,29,27,34,random
4008,98032,1128,128,126,true,29,37,34,26,random
4009,98033,788,64,106,true,29,27,28,22,random
4010,98034,1100,128,120,true,31,27,28,34,random
4011,98035,2196,256,187,true,37,56,45,49,random
4012,98036,976,64,115,true,26,28,31,30,random
4013,98037,2272,256,196,true,61,41,49,45,random
4014,98038,1456,128,153,true,31,39,45,38,random
4015,98039,1436,128,148,true,34,38,40,36,random
4016,98040,632,64,87,true,14,26,17,30,random
4017,98041,1552,128,164,true,51,35,41,37,random
4018,98042,1148,128,121,true,21,32,34,34,random
4019,98043,1092,128,116,true,20,27,37,32,random
4020,98044,784,64,104,true,25,26,23,30,random
4021,98045,308,32,57,true,15,15,11,16,random
4022,98046,1200,128,124,true,35,29,33,27,random
4023,98047,2052,128,190,true,33,47,57,53,random
4024,98048,604,64,80,true,21,16,18,25,random
4025,98049,672,64,87,true,21,26,21,19,random
4026,98050,1580,128,157,true,36,47,38,36,random
4027,98051,620,64,83,true,18,21,21,23,random
4028,98052,564,64,76,true,19,23,20,14,random
4029,98053,1592,128,160,true,48,40,36,36,random
4030,98054,764,64,97,true,23,22,27,25,random
4031,98055,832,64,105,true,23,31,25,26,random
4032,98056,1796,128,174,true,45,43,48,38,random
4033,98057,1028,128,111,true,32,24,27,28,random
4034,98058,732,64,96,true,25,22,28,21,random
4035,98059,1364,128,143,true,33,32,39,39,random
4036,98060,1264,128,130,true,33,28,34,35,random
4037,98061,664,64,89,true,27,23,24,15,random
4038,98062,2224,256,183,true,37,53,47,46,random
4039,98063,2356,256,196,true,53,43,47,53,random
4040,98064,1540,128,154,true,44,35,42,33,random
4041,98065,1156,128,115,true,33,28,25,29,random
4042,98066,452,64,66,true,17,15,15,19,random
4043,98067,1252,128,129,true,29,35,30,35,random
4044,98068,1404,128,151,true,40,45,33,33,random
4045,98069,2188,256,188,true,65,39,39,45,random
4046,98070,1280,128,134,true,36,33,36,29,random
4047,98071,1692,128,162,true,37,43,40,42,random
4048,98072,712,64,96,true,17,25,30,24,random
4049,98073,656,64,87,true,20,21,20,26,random
4050,98074,592,64,79,true,25,17,16,21,random
4051,98075,1048,128,111,true,33,27,22,29,random
4052,98076,260,32,50,true,12,10,12,16,random
4053,98077,3112,256,258,true,62,58,70,68,random
4054,98078,792,64,107,true,21,21,33,32,random
4055,98079,720,64,97,true,26,21,27,23,random
4056,98080,1076,128,114,true,32,30,20,32,random
4057,98081,596,64,81,true,13,18,28,22,random
4058,98082,1040,128,111,true,21,28,28,34,random
4059,98083,1128,128,121,true,32,27,32,30,random
4060,98084,1672,128,156,true,43,42,35,36,random
4061,98085,1324,128,136,true,38,42,27,29,random
4062,98086,1076,128,113,true,20,29,31,33,random
4063,98087,1216,128,124,true,33,27,31,33,random
4064,98088,576,64,79,true,19,20,17,23,random
4065,98089,676,64,88,true,30,18,24,16,random
4066,98090,812,64,99,true,20,23,22,34,random
4067,98091,828,64,101,true,23,21,34,23,random
4068,98092,636,64,89,true,19,28,25,17,random
4069,98093,600,64,81,true,12,21,19,29,random
4070,98094,344,32,58,true,16,14,16,12,random
4071,98095,1360,128,137,true,30,28,41,38,random
4072,98096,1196,128,132,true,30,35,32,35,random
4073,98097,1404,128,145,true,32,38,35,40,random
4074,98098,704,64,94,true,21,17,23,33,random
4075,98099,620,64,85,true,25,24,19,17,random
4076,98100,752,64,101,true,27,25,27,22,random
4077,98101,1172,128,120,true,26,28,33,33,random
4078,98102,740,64,99,true,28,23,26,22,random
4079,98103,1224,128,128,true,33,32,30,33,random
4080,98104,972,64,115,true,31,24,31,29,random
4081,98105,752,64,91,true,20,19,24,28,random
4082,98106,368,32,65,true,12,20,18,15,random
4083,98107,648,64,89,true,20,24,27,18,random
4084,98108,1028,64,124,true,28,34,31,31,random
4085,98109,1232,128,125,true,42,24,35,24,random
4086,98110,1348,128,140,true,37,36,33,34,random
4087,98111,1380,128,139,true,36,47,32,24,random
4088,98112,2008,256,165,true,37,39,49,40,random
4089,98113,1124,128,119,true,36,36,28,19,random
4090,98114,548,64,76,true,15,27,16,18,random
4091,98115,1372,128,145,true,38,39,28,40,random
4092,98116,1072,128,112,true,30,26,23,33,random
4093,98117,1320,128,136,true,38,34,30,34,random
4094,98118,768,64,94,true,23,26,22,23,random
4095,98119,2148,256,183,true,49,47,40,47,random
4096,98120,596,64,83,true,19,24,21,19,random
4097,98121,2432,256,206,true,44,60,54,48,random
4098,98122,1168,128,119,true,31,36,25,27,random
4099,98123,2328,256,196,true,45,54,54,43,random
4100,98124,1524,128,158,true,29,46,41,42,random
4101,98125,1424,128,146,true,39,34,32,41,random
4102,98126,1324,128,137,true,37,31,39,30,random
4103,98127,972,64,120,true,24,32,32,32,random
4104,98128,564,64,77,true,24,18,16,19,random
4105,98129,652,64,86,true,19,22,19,26,random
4106,98130,1296,128,131,true,27,32,34,38,random
4107,98131,876,128,92,true,26,26,19,21,random
4108,98132,744,64,98,true,26,23,22,27,random
4109,98133,464,32,71,true,18,16,22,15,random
4110,98134,1376,128,144,true,33,40,33,38,random
4111,98135,616,64,84,true,32,18,18,16,random
4112,98136,544,64,75,true,20,19,18,18,random
4113,98137,1260,128,129,true,39,32,30,28,random
4114,98138,1112,64,134,true,39,36,25,34,random
4115,98139,1052,128,116,true,29,28,30,29,random
4116,98140,372,32,63,true,17,11,19,16,random
4117,98141,696,64,91,true,22,19,24,26,random
4118,98142,1692,128,169,true,41,41,46,41,random
4119,98143,1396,128,143,true,35,39,33,36,random
4120,98144,1340,128,140,true,35,26,42,37,random
4121,98145,1040,128,112,true,31,26,32,23,random
4122,98146,1640,128,167,true,37,35,53,42,random
4123,98147,2100,256,172,true,47,44,35,46,random
4124,98148,1284,128,135,true,38,29,36,32,random
4125,98149,668,64,89,true,27,25,22,15,random
4126,98150,1468,128,155,true,34,38,39,44,random
4127,98151,1384,128,144,true,37,31,40,36,random
4128,98152,340,32,57,true,18,13,12,14,random
4129,98153,676,64,91,true,25,25,16,25,random
4130,98154,1204,128,128,true,28,34,28,38,random
4131,98155,716,64,96,true,26,24,23,23,random
4132,98156,1024,128,110,true,32,23,26,29,random
4133,98157,1592,128,163,true,42,39,47,35,random
4134,98158,332,32,55,true,10,9,19,17,random
4135,98159,1156,128,127,true,27,27,37,36,random
4136,98160,664,64,86,true,20,18,30,18,random
4137,98161,288,32,55,true,13,13,15,14,random
4138,98162,1904,256,154,true,39,41,43,31,random
4139,98163,1524,128,157,true,35,43,37,42,random
4140,98164,740,64,98,true,23,25,25,25,random
4141,98165,424,64,61,true,10,15,21,15,random
4142,98166,1260,128,133,true,29,35,32,37,random
4143,98167,684,64,90,true,20,26,23,21,random
4144,98168,676,64,94,true,25,20,23,26,random
4145,98169,1228,128,133,true,31,30,35,37,random
4146,98170,1348,128,139,true,32,35,37,35,random
4147,98171,2652,256,209,true,51,58,50,50,random
4148,98172,704,64,90,true,23,25,20,22,random
4149,98173,1012,128,109,true,26,24,29,30,random
4150,98174,968,128,101,true,24,25,25,27,random
4151,98175,1544,128,156,true,48,29,42,37,random
4152,98176,3076,256,253,true,63,71,57,62,random
4153,98177,2712,256,232,true,57,59,65,51,random
4154,98178,1168,128,126,true,37,32,27,30,random
4155,98179,1780,128,171,true,39,44,44,44,random
4156,98180,1308,128,133,true,27,29,44,33,random
4157,98181,1208,128,134,true,36,30,34,34,random
4158,98182,2308,256,191,true,35,53,51,52,random
4159,98183,1048,128,112,true,29,28,34,21,random
4160,98184,2616,256,221,true,54,50,60,57,random
4161,98185,1104,128,119,true,28,33,33,25,random
4162,98186,624,64,85,true,16,19,25,25,random
4163,98187,724,64,95,true,23,19,26,27,random
4164,98188,620,64,85,true,25,19,21,20,random
4165,98189,1172,128,127,true,36,37,26,28,random
4166,98190,776,64,103,true,22,28,26,27,random
4167,98191,676,64,89,true,26,17,21,25,random
4168,98192,996,64,119,true,37,25,31,26,random
4169,98193,1144,128,123,true,32,24,28,39,random
4170,98194,688,64,91,true,24,21,16,30,random
4171,98195,2928,256,243,true,54,60,66,63,random
4172,98196,992,128,107,true,30,23,25,29,random
4173,98197,832,64,108,true,23,33,29,23,random
4174,98198,1132,128,121,true,23,38,36,24,random
4175,98199,500,64,71,true,22,19,19,11,random
4176,98200,696,64,92,true,24,19,22,27,random
4177,98201,1340,128,137,true,36,37,31,33,random
4178,98202,1148,128,122,true,32,26,31,33,random
4179,98203,636,64,89,true,25,25,24,15,random
4180,98204,668,64,86,true,23,23,17,23,random
4181,98205,596,64,83,true,20,23,17,23,random
4182,98206,1176,128,127,true,26,34,33,34,random
4183,98207,556,64,78,true,16,21,15,26,random
4184,98208,792,64,97,true,17,34,28,18,random
4185,98209,768,64,100,true,26,22,27,25,random
4186,98210,1360,128,142,true,42,40,31,29,random
4187,98211,1200,128,120,true,32,37,28,23,random
4188,98212,612,64,87,true,23,25,26,13,random
4189,98213,580,64,80,true,21,18,18,23,random
4190,98214,1280,128,130,true,32,42,28,28,random
4191,98215,1352,128,142,true,31,29,38,44,random
4192,98216,580,64,81,true,19,21,18,23,random
4193,98217,1484,128,152,true,37,35,36,44,random
4194,98218,1272,128,130,true,33,25,33,39,random
4195,98219,1088,128,118,true,30,29,34,25,random
4196,98220,1184,128,118,true,21,37,28,32,random
4197,98221,412,32,67,true,12,19,15,21,random
4198,98222,876,64,105,true,23,26,26,30,random
4199,98223,1080,128,118,true,30,32,26,30,random
4200,98224,1432,128,147,true,28,41,38,40,random
4201,98225,1424,128,149,true,40,32,43,34,random
4202,98226,604,64,85,true,15,25,21,24,random
4203,98227,1456,128,153,true,38,41,33,41,random
4204,98228,716,64,93,true,22,19,23,29,random
4205,98229,1384,128,143,true,42,41,25,35,random
4206,98230,1356,128,145,true,35,34,33,43,random
4207,98231,608,64,83,true,24,16,20,23,random
4208,98232,504,64,67,true,16,15,19,17,random
4209,98233,928,128,96,true,23,23,24,26,random
4210,98234,1072,64,132,true,32,33,38,29,random
4211,98235,788,64,99,true,28,25,21,25,random
4212,98236,712,64,93,true,16,19,27,31,random
4213,98237,1428,128,146,true,36,38,40,32,random
4214,98238,1036,128,113,true,26,35,23,29,random
4215,98239,1268,128,128,true,32,36,29,31,random
4216,98240,1096,128,116,true,30,25,25,36,random
4217,98241,772,64,103,true,33,28,19,23,random
4218,98242,1104,128,118,true,36,30,27,25,random
4219,98243,1456,128,154,true,43,35,33,43,random
4220,98244,1460,128,153,true,40,39,32,42,random
4221,98245,704,64,93,true,19,21,27,26,random
4222,98246,444,32,73,true,22,17,17,17,random
4223,98247,1116,128,118,true,29,27,30,32,random
4224,98248,832,64,105,true,23,26,30,26,random
4225,98249,1256,128,135,true,36,30,39,30,random
4226,98250,1288,128,135,true,30,34,40,31,random
4227,98251,468,32,72,true,17,19,17,19,random
4228,98252,316,32,58,true,12,14,16,16,random
4229,98253,2388,256,199,true,52,43,57,47,random
4230,98254,564,64,75,true,16,16,23,20,random
4231,98255,1196,128,123,true,34,28,32,29,random
4232,98256,616,64,84,true,22,25,21,16,random
4233,98257,1008,128,107,true,29,27,27,24,random
4234,98258,872,64,105,true,21,34,29,21,random
4235,98259,1496,128,149,true,39,37,40,33,random
4236,98260,1468,128,153,true,34,43,37,39,random
4237,98261,928,128,99,true,32,23,20,24,random
4238,98262,2448,256,199,true,44,53,51,51,random
4239,98263,1236,128,127,true,35,27,25,40,random
4240,98264,1004,128,110,true,29,27,32,22,random
4241,98265,704,64,93,true,19,24,24,26,random
4242,98266,592,64,82,true,17,15,28,22,random
4243,98267,1392,128,145,true,33,37,41,34,random
4244,98268,596,64,82,true,20,18,17,27,random
4245,98269,1372,128,139,true,34,31,38,36,random
4246,98270,1280,128,131,true,37,31,34,29,random
4247,98271,1356,128,140,true,33,40,36,31,random
4248,98272,1364,128,142,true,43,29,32,38,random
4249,98273,1340,128,135,true,29,34,39,33,random
4250,98274,1380,128,146,true,36,41,30,39,random
4251,98275,1308,128,133,true,38,31,32,32,random
4252,98276,1436,128,142,true,38,36,35,33,random
4253,98277,428,32,70,true,20,12,21,17,random
4254,98278,996,128,105,true,31,26,26,22,random
4255,98279,1452,128,152,true,28,38,48,38,random
4256,98280,2364,256,202,true,55,45,53,49,random
4257,98281,1428,128,147,true,30,39,37,41,random
4258,98282,1324,128,137,true,38,35,31,33,random
4259,98283,576,64,79,true,17,25,21,16,random
4260,98284,2260,256,195,true,51,42,65,37,random
4261,98285,1316,128,135,true,31,39,36,29,random
4262,98286,600,64,81,true,23,24,18,16,random
4263,98287,804,64,105,true,27,29,25,24,random
4264,98288,2280,256,190,true,52,41,51,46,random
4265,98289,1088,128,118,true,32,32,29,25,random
4266,98290,1052,128,112,true,31,29,24,28,random
4267,98291,1508,128,150,true,40,40,24,46,random
4268,98292,904,64,108,true,28,24,33,23,random
4269,98293,1128,128,120,true,26,29,35,30,random
4270,98294,624,64,86,true,23,22,19,22,random
4271,98295,2884,256,234,true,60,60,55,59,random
4272,98296,764,64,98,true,25,22,31,20,random
4273,98297,772,64,98,true,24,23,18,33,random
4274,98298,1080,128,113,true,21,32,28,32,random
4275,98299,596,64,78,true,23,20,20,15,random
4276,98300,1244,128,122,true,32,29,26,35,random
4277,98301,696,64,91,true,17,24,27,23,random
4278,98302,1076,128,116,true,18,34,38,26,random
4279,98303,620,64,85,true,21,21,25,18,random
4280,98304,1396,128,142,true,37,35,32,38,random
4281,98305,460,32,74,true,12,18,28,16,random
4282,98306,1132,128,122,true,35,28,28,31,random
4283,98307,1064,64,124,true,35,35,30,24,random
4284,98308,668,64,89,true,19,17,27,26,random
4285,98309,1260,128,127,true,31,30,30,36,random
4286,98310,488,64,69,true,21,18,17,13,random
4287,98311,1596,128,161,true,41,49,33,38,random
4288,98312,1112,128,117,true,32,21,42,22,random
4289,98313,1028,128,112,true,27,22,28,35,random
4290,98314,612,64,84,true,23,21,19,21,random
4291,98315,1740,128,161,true,40,42,42,37,random
4292,98316,644,64,84,true,24,20,19,21,random
4293,98317,1356,128,141,true,35,35,31,40,random
4294,98318,456,32,73,true,15,18,20,20,random
4295,98319,752,64,102,true,26,28,21,27,random
4296,98320,2396,256,202,true,51,57,45,49,random
4297,98321,1008,128,107,true,30,23,27,27,random
4298,98322,664,64,87,true,24,19,24,20,random
4299,98323,1152,128,124,true,30,39,26,29,random
4300,98324,620,64,84,true,23,23,20,18,random
4301,98325,664,64,88,true,25,26,15,22,random
4302,98326,1308,128,134,true,30,34,40,30,random
4303,98327,1276,128,139,true,45,33,40,21,random
4304,98328,636,64,83,true,20,24,17,22,random
4305,98329,1388,128,148,true,42,31,30,45,random
4306,98330,1336,128,139,true,36,33,41,29,random
4307,98331,1384,128,144,true,34,34,41,35,random
4308,98332,1264,128,131,true,29,36,34,32,random
4309,98333,416,32,68,true,17,14,17,20,random
4310,98334,968,128,102,true,25,25,30,22,random
4311,98335,992,128,106,true,30,24,23,29,random
4312,98336,1348,128,140,true,34,41,31,34,random
4313,98337,1060,128,116,true,23,30,25,38,random
4314,98338,336,32,62,true,20,16,10,16,random
4315,98339,1612,128,162,true,41,39,37,45,random
4316,98340,1552,128,160,true,38,42,40,40,random
4317,98341,496,64,71,true,14,24,13,20,random
4318,98342,1624,128,164,true,35,39,44,46,random
4319,98343,1368,128,142,true,28,45,30,39,random
4320,98344,676,64,90,true,19,27,22,22,random
4321,98345,552,64,77,true,29,14,17,17,random
4322,98346,1180,128,121,true,25,25,36,35,random
4323,98347,668,64,86,true,23,16,23,24,random
4324,98348,1344,128,138,true,37,31,37,33,random
4325,98349,592,64,81,true,15,21,27,18,random
4326,98350,1220,128,127,true,37,23,33,34,random
4327,98351,1144,128,124,true,31,31,31,31,random
4328,98352,684,64,90,true,20,23,24,23,random
4329,98353,792,64,100,true,26,31,23,20,random
4330,98354,2344,256,201,true,47,42,50,62,random
4331,98355,656,64,87,true,27,23,19,18,random
4332,98356,844,64,102,true,25,23,24,30,random
4333,98357,964,128,101,true,22,23,22,34,random
4334,98358,1276,128,129,true,26,38,31,34,random
4335,98359,1360,128,141,true,39,30,32,40,random
4336,98360,532,64,72,true,19,20,16,17,random
4337,98361,664,64,93,true,31,19,16,27,random
4338,98362,1016,128,108,true,33,21,24,30,random
4339,98363,616,64,84,true,19,21,20,24,random
4340,98364,2312,256,192,true,55,51,49,37,random
4341,98365,2260,256,190,true,49,39,54,48,random
4342,98366,1448,128,150,true,28,42,43,37,random
4343,98367,1600,128,163,true,42,43,46,32,random
4344,98368,1500,128,154,true,31,47,33,43,random
4345,98369,372,32,60,true,14,15,17,14,random
4346,98370,3048,256,249,true,55,57,61,76,random
4347,98371,1396,128,142,true,39,35,40,28,random
4348,98372,1392,128,146,true,36,31,46,33,random
4349,98373,1536,128,154,true,42,37,38,37,random
4350,98374,1740,128,165,true,41,38,41,45,random
4351,98375,1300,128,135,true,32,34,29,40,random
4352,98376,620,64,85,true,28,23,15,19,random
4353,98377,1352,128,141,true,30,36,42,33,random
4354,98378,756,64,102,true,28,23,22,29,random
4355,98379,1024,128,111,true,31,26,33,21,random
4356,98380,1096,128,119,true,29,29,31,30,random
4357,98381,616,64,84,true,25,18,21,20,random
4358,98382,1392,128,148,true,34,42,37,35,random
4359,98383,876,64,105,true,27,24,27,27,random
4360,98384,2408,256,201,true,51,53,61,36,random
4361,98385,1344,128,137,true,23,39,41,34,random
4362,98386,1324,128,140,true,40,33,26,41,random
4363,98387,1300,128,136,true,38,18,35,45,random
4364,98388,1504,128,154,true,33,40,38,43,random
4365,98389,908,128,99,true,27,26,27,19,random
4366,98390,772,64,102,true,29,22,25,26,random
4367,98391,2188,256,189,true,50,42,45,52,random
4368,98392,856,64,111,true,26,29,23,33,random
4369,98393,1492,128,152,true,38,44,35,35,random
4370,98394,1360,128,138,true,32,41,25,40,random
4371,98395,1472,128,153,true,39,40,42,32,random
4372,98396,1668,128,173,true,42,36,52,43,random
4373,98397,644,64,84,true,19,19,25,21,random
4374,98398,1004,64,120,true,22,27,33,38,random
4375,98399,944,64,111,true,35,24,26,26,random
4376,98400,596,64,83,true,25,12,27,19,random
4377,98401,672,64,90,true,19,16,32,23,random
4378,98402,1260,128,134,true,34,36,31,33,random
4379,98403,292,32,56,true,14,16,15,11,random
4380,98404,508,32,77,true,19,23,17,18,random
4381,98405,1376,128,145,true,41,37,37,30,random
4382,98406,1264,128,130,true,30,44,26,30,random
4383,98407,812,64,95,true,22,28,18,27,random
4384,98408,592,64,84,true,17,20,23,24,random
4385,98409,576,64,79,true,24,21,18,16,random
4386,98410,1608,128,163,true,46,35,41,41,random
4387,98411,608,64,85,true,20,21,24,20,random
4388,98412,1276,128,130,true,36,33,30,31,random
4389,98413,696,64,92,true,24,19,29,20,random
4390,98414,2504,256,218,true,51,64,54,49,random
4391,98415,1296,128,132,true,25,30,44,33,random
4392,98416,1176,128,122,true,32,25,32,33,random
4393,98417,992,128,107,true,24,26,25,32,random
4394,98418,1360,128,139,true,34,38,34,33,random
4395,98419,960,64,121,true,42,25,27,27,random
4396,98420,1576,128,156,true,36,38,43,39,random
4397,98421,1376,128,139,true,36,28,41,34,random
4398,98422,1576,128,163,true,41,40,38,44,random
4399,98423,1280,128,131,true,30,27,37,37,random
4400,98424,1212,128,125,true,24,34,28,39,random
4401,98425,432,32,71,true,20,20,16,15,random
4402,98426,1416,128,149,true,37,38,34,40,random
4403,98427,2436,256,206,true,52,57,48,49,random
4404,98428,2288,256,190,true,44,42,57,47,random
4405,98429,1344,128,141,true,37,36,29,39,random
4406,98430,1264,128,130,true,31,37,23,39,random
4407,98431,1184,128,123,true,35,25,30,33,random
4408,98432,460,64,66,true,21,10,17,18,random
4409,98433,1320,128,138,true,36,35,40,27,random
4410,98434,652,64,86,true,19,15,23,29,random
4411,98435,824,64,99,true,24,21,27,27,random
4412,98436,684,64,92,true,19,22,28,23,random
4413,98437,644,64,84,true,23,19,17,25,random
4414,98438,804,64,99,true,22,22,30,25,random
4415,98439,2420,256,203,true,50,48,49,56,random
4416,98440,1548,128,154,true,43,31,40,40,random
4417,98441,1364,128,143,true,33,37,31,42,random
4418,98442,584,64,81,true,20,20,21,20,random
4419,98443,944,64,113,true,34,30,29,20,random
4420,98444,2580,256,211,true,52,54,62,43,random
4421,98445,1540,128,159,true,39,45,38,37,random
4422,98446,2968,256,240,true,61,66,54,59,random
4423,98447,996,64,120,true,27,37,23,33,random
4424,98448,736,64,92,true,18,25,24,25,random
4425,98449,400,32,67,true,22,13,15,17,random
4426,98450,652,64,86,true,20,19,24,23,random
4427,98451,1416,128,144,true,35,33,33,43,random
4428,98452,1308,128,134,true,31,32,32,39,random
4429,98453,748,64,97,true,19,27,30,21,random
4430,98454,1352,128,143,true,32,32,39,40,random
4431,98455,1012,128,109,true,30,26,23,30,random
4432,98456,1360,128,142,true,30,36,39,37,random
4433,98457,1108,128,117,true,29,31,27,30,random
4434,98458,1028,128,111,true,24,26,36,25,random
4435,98459,1252,128,127,true,33,28,33,33,random
4436,98460,508,64,73,true,18,19,17,19,random
4437,98461,1364,128,141,true,36,34,39,32,random
4438,98462,872,64,105,true,28,23,21,33,random
4439,98463,1300,128,136,true,28,36,31,41,random
4440,98464,2768,256,238,true,67,57,60,54,random
4441,98465,944,128,97,true,21,31,25,20,random
4442,98466,1296,128,134,true,29,31,35,39,random
4443,98467,1228,128,129,true,25,32,37,35,random
4444,98468,1356,128,141,true,36,40,35,30,random
4445,98469,1648,128,164,true,35,43,43,43,random
4446,98470,716,64,94,true,20,26,30,18,random
4447,98471,912,64,107,true,26,23,33,25,random
4448,98472,1444,128,150,true,37,35,36,42,random
4449,98473,1324,128,134,true,31,35,34,34,random
4450,98474,2584,256,216,true,53,53,64,46,random
4451,98475,656,64,87,true,18,23,18,28,random
4452,98476,572,64,78,true,22,15,23,18,random
4453,98477,584,64,77,true,10,22,22,23,random
4454,98478,1124,128,124,true,29,32,31,32,random
4455,98479,1956,128,181,true,48,45,48,40,random
4456,98480,1084,128,114,true,31,34,30,19,random
4457,98481,1100,128,121,true,26,31,28,36,random
4458,98482,1360,128,142,true,32,41,31,38,random
4459,98483,1072,128,112,true,27,31,27,27,random
4460,98484,1804,128,187,true,44,41,48,54,random
4461,98485,1196,128,121,true,32,30,32,27,random
4462,98486,620,64,86,true,29,17,20,20,random
4463,98487,1080,128,119,true,32,30,27,30,random
4464,98488,540,64,74,true,19,14,21,20,random
4465,98489,1448,128,150,true,34,38,39,39,random
4466,98490,716,64,94,true,21,19,31,23,random
4467,98491,676,64,91,true,33,21,20,17,random
4468,98492,1384,128,146,true,41,34,40,31,random
4469,98493,588,64,78,true,15,19,18,26,random
4470,98494,984,64,115,true,37,23,26,29,random
4471,98495,680,64,89,true,31,17,25,16,random
4472,98496,1300,128,136,true,35,36,32,33,random
4473,98497,624,64,80,true,24,19,19,18,random
4474,98498,656,64,88,true,17,24,21,26,random
4475,98499,1136,128,121,true,32,29,33,27,random
4476,98500,1112,128,122,true,33,26,31,32,random
4477,98501,1452,128,149,true,30,42,38,39,random
4478,98502,608,64,86,true,18,18,27,23,random
4479,98503,1052,64,121,true,28,31,35,27,random
4480,98504,1248,128,136,true,32,40,38,26,random
4481,98505,1668,128,169,true,30,47,44,48,random
4482,98506,1288,128,132,true,31,34,33,34,random
4483,98507,1632,128,165,true,47,38,35,45,random
4484,98508,1024,128,110,true,21,37,31,21,random
4485,98509,2316,256,194,true,55,43,42,54,random
4486,98510,1344,128,141,true,32,38,36,35,random
4487,98511,1052,128,113,true,24,28,30,31,random
4488,98512,628,64,86,true,24,21,22,19,random
4489,98513,980,64,119,true,31,28,25,35,random
4490,98514,1408,128,148,true,29,33,49,37,random
4491,98515,1572,128,166,true,47,33,40,46,random
4492,98516,2420,256,204,true,59,51,49,45,random
4493,98517,276,32,53,true,12,15,11,15,random
4494,98518,1408,128,146,true,44,42,29,31,random
4495,98519,1204,128,128,true,35,31,33,29,random
4496,98520,628,64,86,true,19,24,20,23,random
4497,98521,1040,64,116,true,21,33,23,39,random
4498,98522,784,64,104,true,35,27,20,22,random
4499,98523,696,64,91,true,21,27,29,14,random
4500,98524,1116,128,117,true,24,34,32,27,random
4501,98525,536,64,79,true,19,21,20,19,random
4502,98526,1352,128,140,true,37,29,28,46,random
4503,98527,1708,128,172,true,40,52,34,46,random
4504,98528,1356,128,138,true,37,28,34,39,random
4505,98529,1496,128,151,true,44,33,34,40,random
4506,98530,684,64,89,true,24,16,27,22,random
4507,98531,2124,256,172,true,41,37,50,44,random
4508,98532,664,64,89,true,24,21,20,24,random
4509,98533,1548,128,160,true,43,41,31,45,random
4510,98534,1240,128,127,true,36,32,33,26,random
4511,98535,580,64,79,true,20,20,21,18,random
4512,98536,972,128,102,true,25,26,20,31,random
4513,98537,660,64,88,true,22,17,29,20,random
4514,98538,1068,128,111,true,20,27,29,35,random
4515,98539,1132,128,121,true,35,30,27,29,random
4516,98540,1280,128,137,true,28,29,47,33,random
4517,98541,1180,128,128,true,33,34,32,29,random
4518,98542,1408,128,148,true,35,40,38,35,random
4519,98543,904,64,108,true,20,31,28,29,random
4520,98544,1776,128,170,true,46,41,41,42,random
4521,98545,1388,128,148,true,44,30,34,40,random
4522,98546,276,32,53,true,18,11,15,9,random
4523,98547,988,128,106,true,27,27,27,25,random
4524,98548,1144,128,121,true,37,24,28,32,random
4525,98549,692,64,92,true,25,29,19,19,random
4526,98550,704,64,93,true,26,18,24,25,random
4527,98551,1980,256,169,true,44,45,34,46,random
4528,98552,804,64,100,true,22,24,26,28,random
4529,98553,468,32,78,true,20,22,20,16,random
4530,98554,616,64,87,true,21,21,27,18,random
4531,98555,748,64,96,true,25,25,23,23,random
4532,98556,572,64,77,true,20,16,19,22,random
4533,98557,804,64,99,true,27,18,35,19,random
4534,98558,1112,128,117,true,26,30,33,28,random
4535,98559,1276,128,129,true,30,34,36,29,random
4536,98560,624,64,86,true,19,19,26,22,random
4537,98561,2368,256,197,true,51,47,52,47,random
4538,98562,564,64,79,true,24,18,19,18,random
4539,98563,1588,128,158,true,40,38,44,36,random
4540,98564,1652,128,165,true,37,40,40,48,random
4541,98565,1340,128,137,true,30,48,32,27,random
4542,98566,1340,128,140,true,32,38,35,35,random
4543,98567,680,64,88,true,24,21,18,25,random
4544,98568,1260,128,136,true,37,32,34,33,random
4545,98569,964,64,115,true,36,26,28,25,random
4546,98570,896,64,109,true,29,26,26,28,random
4547,98571,696,64,95,true,27,24,19,25,random
4548,98572,812,64,108,true,26,27,27,28,random
4549,98573,1448,128,151,true,38,40,34,39,random
4550,98574,696,64,93,true,27,26,16,24,random
4551,98575,1676,128,171,true,37,52,37,45,random
4552,98576,3156,256,262,true,58,65,64,75,random
4553,98577,2392,256,202,true,39,51,54,58,random
4554,98578,644,64,90,true,27,22,19,22,random
4555,98579,712,64,96,true,22,19,26,29,random
4556,98580,1120,128,124,true,25,34,30,35,random
4557,98581,1264,128,128,true,40,28,29,31,random
4558,98582,1156,128,114,true,28,25,30,31,random
4559,98583,1496,128,158,true,32,41,44,41,random
4560,98584,692,64,92,true,23,27,21,21,random
4561,98585,1096,128,118,true,32,32,30,24,random
4562,98586,1476,128,154,true,34,33,43,44,random
4563,98587,788,64,96,true,21,23,17,35,random
4564,98588,1440,128,153,true,38,37,45,33,random
4565,98589,1100,128,117,true,36,26,27,28,random
4566,98590,904,64,112,true,25,30,29,28,random
4567,98591,1344,128,140,true,40,34,29,37,random
4568,98592,748,64,97,true,25,24,22,26,random
4569,98593,1064,64,124,true,32,29,33,30,random
4570,98594,1068,128,117,true,26,25,38,28,random
4571,98595,304,32,58,true,15,12,12,19,random
4572,98596,516,64,73,true,16,20,15,22,random
4573,98597,624,64,86,true,27,22,21,16,random
4574,98598,1152,128,126,true,21,35,30,40,random
4575,98599,536,64,71,true,18,20,16,17,random
4576,98600,3008,256,241,true,63,55,70,53,random
4577,98601,1184,128,121,true,30,29,36,26,random
4578,98602,188,16,43,true,10,10,12,11,random
4579,98603,584,64,75,true,22,17,19,17,random
4580,98604,1272,128,129,true,36,24,34,35,random
4581,98605,796,64,98,true,23,20,30,25,random
4582,98606,1228,128,129,true,37,26,37,29,random
4583,98607,888,128,94,true,22,21,25,26,random
4584,98608,608,64,83,true,25,16,20,22,random
4585,98609,560,64,78,true,23,14,19,22,random
4586,98610,900,64,109,true,31,31,21,26,random
4587,98611,1628,128,164,true,44,40,37,43,random
4588,98612,1512,128,156,true,39,48,28,41,random
4589,98613,1024,128,110,true,22,31,29,28,random
4590,98614,572,64,79,true,14,16,26,23,random
4591,98615,876,64,105,true,22,21,32,30,random
4592,98616,584,64,80,true,14,27,20,19,random
4593,98617,1096,128,117,true,26,28,32,31,random
4594,98618,432,32,70,true,20,17,14,19,random
4595,98619,1232,128,126,true,29,30,36,31,random
4596,98620,1800,128,172,true,38,44,42,48,random
4597,98621,248,32,49,true,14,9,10,16,random
4598,98622,2192,256,181,true,34,51,47,49,random
4599,98623,1576,128,141,true,40,31,34,36,random
4600,98624,1112,128,119,true,31,27,34,27,random
4601,98625,1336,128,139,true,37,33,27,42,random
4602,98626,848,64,111,true,34,29,26,22,random
4603,98627,1112,128,124,true,26,33,37,28,random
4604,98628,1252,128,131,true,19,36,38,38,random
4605,98629,1392,128,145,true,37,35,39,34,random
4606,98630,548,64,76,true,22,18,17,19,random
4607,98631,1344,128,139,true,24,39,38,38,random
4608,98632,692,64,92,true,25,30,14,23,random
4609,98633,576,64,80,true,18,18,23,21,random
4610,98634,1660,128,167,true,37,51,37,42,random
4611,98635,384,32,63,true,13,16,15,19,random
4612,98636,1192,128,131,true,33,32,32,34,random
4613,98637,1140,128,124,true,33,35,30,26,random
4614,98638,1332,128,139,true,31,35,39,34,random
4615,98639,1072,128,112,true,25,33,31,23,random
4616,98640,1276,128,137,true,34,34,31,38,random
4617,98641,1716,128,161,true,38,46,41,36,random
4618,98642,1300,128,132,true,32,29,36,35,random
4619,98643,1200,128,126,true,31,30,33,32,random
4620,98644,624,64,83,true,18,20,21,24,random
4621,98645,1352,128,137,true,32,32,45,28,random
4622,98646,1312,128,135,true,30,39,26,40,random
4623,98647,1020,128,106,true,23,21,37,25,random
4624,98648,660,64,88,true,21,19,20,28,random
4625,98649,952,64,113,true,23,26,29,35,random
4626,98650,684,64,89,true,26,20,25,18,random
4627,98651,620,64,88,true,21,22,17,28,random
4628,98652,1136,128,122,true,30,24,36,32,random
4629,98653,800,64,101,true,27,23,29,22,random
4630,98654,592,64,80,true,22,21,11,26,random
4631,98655,940,64,120,true,35,24,29,32,random
4632,98656,1016,128,108,true,28,35,22,23,random
4633,98657,636,64,89,true,24,17,28,20,random
4634,98658,1332,128,136,true,38,36,34,28,random
4635,98659,740,64,98,true,23,29,23,23,random
4636,98660,300,32,57,true,8,15,16,18,random
4637,98661,612,64,81,true,17,21,23,20,random
4638,98662,2152,256,180,true,47,46,44,43,random
4639,98663,1560,128,160,true,38,41,41,40,random
4640,98664,1576,128,157,true,47,33,40,37,random
4641,98665,636,64,88,true,20,19,26,23,random
4642,98666,1008,128,109,true,19,36,28,26,random
4643,98667,788,64,99,true,22,28,25,24,random
4644,98668,1060,128,115,true,26,36,26,27,random
4645,98669,816,64,106,true,27,25,27,27,random
4646,98670,2292,256,190,true,53,45,43,49,random
4647,98671,868,64,103,true,26,30,25,22,random
4648,98672,712,64,93,true,19,29,22,23,random
4649,98673,452,32,72,true,15,21,25,11,random
4650,98674,536,64,76,true,15,20,17,24,random
4651,98675,804,64,103,true,24,20,26,33,random
4652,98676,524,64,70,true,14,13,20,23,random
4653,98677,672,64,93,true,25,24,18,26,random
4654,98678,2104,256,179,true,50,46,44,39,random
4655,98679,1316,128,136,true,29,34,34,39,random
4656,98680,704,64,94,true,23,23,24,24,random
4657,98681,364,32,64,true,14,13,21,16,random
4658,98682,252,32,50,true,8,13,16,13,random
4659,98683,1324,128,137,true,36,35,32,34,random
4660,98684,1148,128,124,true,34,27,31,32,random
4661,98685,1784,128,174,true,49,41,43,41,random
4662,98686,636,64,89,true,23,19,25,22,random
4663,98687,1120,128,118,true,27,32,32,27,random
4664,98688,804,64,99,true,23,29,23,24,random
4665,98689,748,64,96,true,25,21,24,26,random
4666,98690,600,64,83,true,20,19,20,24,random
4667,98691,2316,256,194,true,47,44,55,48,random
4668,98692,1448,128,141,true,36,31,43,31,random
4669,98693,1536,128,163,true,40,39,41,43,random
4670,98694,924,64,112,true,26,26,31,29,random
4671,98695,1516,128,159,true,38,38,40,43,random
4672,98696,1100,128,118,true,24,30,31,33,random
4673,98697,320,32,58,true,12,16,16,14,random
4674,98698,1544,128,158,true,42,42,36,38,random
4675,98699,1148,128,125,true,26,30,32,37,random
4676,98700,712,64,92,true,22,16,27,27,random
4677,98701,572,64,77,true,18,20,22,17,random
4678,98702,2496,256,209,true,55,59,45,50,random
4679,98703,892,64,108,true,25,21,27,35,random
4680,98704,1180,64,131,true,40,35,30,26,random
4681,98705,1036,128,113,true,32,34,26,21,random
4682,98706,740,64,92,true,15,24,27,26,random
4683,98707,656,64,87,true,16,29,24,18,random
4684,98708,648,64,85,true,27,18,19,21,random
4685,98709,576,64,79,true,21,14,21,23,random
4686,98710,808,64,99,true,27,25,25,22,random
4687,98711,1364,128,139,true,29,37,42,31,random
4688,98712,1284,128,128,true,32,33,30,33,random
4689,98713,1276,128,135,true,44,28,28,35,random
4690,98714,592,64,82,true,26,21,18,17,random
4691,98715,584,64,80,true,10,21,24,25,random
4692,98716,1060,128,113,true,27,25,25,36,random
4693,98717,1324,128,136,true,36,32,37,31,random
4694,98718,2168,128,203,true,50,51,46,56,random
4695,98719,1632,128,161,true,48,41,39,33,random
4696,98720,1324,128,138,true,39,29,32,38,random
4697,98721,1716,128,157,true,47,34,39,37,random
4698,98722,724,64,95,true,23,24,26,22,random
4699,98723,1148,64,135,true,35,30,30,40,random
4700,98724,472,32,72,true,17,17,17,21,random
4701,98725,1756,128,164,true,32,41,48,43,random
4702,98726,1464,128,152,true,42,45,34,31,random
4703,98727,1436,128,148,true,32,37,40,39,random
4704,98728,820,64,103,true,32,24,24,23,random
4705,98729,668,64,92,true,25,23,21,23,random
4706,98730,976,128,104,true,19,31,24,30,random
4707,98731,1364,128,142,true,37,38,26,41,random
4708,98732,624,64,86,true,22,26,24,14,random
4709,98733,1448,128,150,true,28,43,39,40,random
4710,98734,664,64,89,true,20,26,20,23,random
4711,98735,780,64,98,true,31,21,21,25,random
4712,98736,1328,128,138,true,41,31,39,27,random
4713,98737,1656,128,170,true,34,44,45,47,random
4714,98738,580,64,80,true,19,21,18,22,random
4715,98739,1020,64,124,true,29,34,27,34,random
4716,98740,648,64,88,true,21,20,25,22,random
4717,98741,672,64,88,true,17,26,23,22,random
4718,98742,2800,256,229,true,54,62,50,63,random
4719,98743,1320,128,135,true,35,32,32,36,random
4720,98744,476,64,69,true,14,16,16,23,random
4721,98745,1432,128,148,true,44,36,40,28,random
4722,98746,104,16,31,true,7,9,8,7,random
4723,98747,448,32,73,true,16,24,15,18,random
4724,98748,1444,128,150,true,38,36,33,43,random
4725,98749,1124,128,119,true,33,26,27,33,random
4726,98750,584,64,81,true,23,19,19,20,random
4727,98751,1056,128,112,true,31,20,30,31,random
4728,98752,1784,128,166,true,45,34,43,44,random
4729,98753,1484,128,149,true,34,35,41,39,random
4730,98754,1724,128,161,true,38,37,47,39,random
4731,98755,452,32,68,true,19,11,21,17,random
4732,98756,452,64,65,true,11,20,19,15,random
4733,98757,560,64,78,true,19,18,15,26,random
4734,98758,1388,128,148,true,36,37,34,41,random
4735,98759,696,64,92,true,24,19,29,20,random
4736,98760,1424,128,152,true,39,39,34,40,random
4737,98761,1004,128,106,true,32,30,21,23,random
4738,98762,1476,128,154,true,35,39,43,37,random
4739,98763,540,64,74,true,24,18,17,15,random
4740,98764,1172,128,127,true,34,33,34,26,random
4741,98765,1204,128,134,true,35,33,39,27,random
4742,98766,780,64,97,true,24,25,18,30,random
4743,98767,1008,128,106,true,29,19,24,34,random
4744,98768,2636,256,217,true,49,50,50,68,random
4745,98769,712,64,96,true,18,27,19,32,random
4746,98770,372,32,65,true,12,24,20,9,random
4747,98771,368,32,66,true,15,17,21,13,random
4748,98772,616,64,84,true,21,17,17,29,random
4749,98773,1052,128,114,true,27,29,26,32,random
4750,98774,1492,128,150,true,42,37,34,37,random
4751,98775,1304,128,133,true,35,40,31,27,random
4752,98776,688,64,97,true,26,22,26,23,random
4753,98777,404,32,68,true,15,15,22,16,random
4754,98778,2244,256,181,true,47,44,42,48,random
4755,98779,980,128,107,true,23,30,27,27,random
4756,98780,428,32,70,true,19,11,15,25,random
4757,98781,1028,128,112,true,31,32,25,24,random
4758,98782,1468,128,146,true,39,34,35,38,random
4759,98783,1348,128,139,true,36,32,35,36,random
4760,98784,692,64,92,true,24,29,19,20,random
4761,98785,808,64,98,true,27,24,25,22,random
4762,98786,348,32,61,true,15,17,16,13,random
4763,98787,1336,128,140,true,32,32,42,34,random
4764,98788,704,64,93,true,33,26,18,16,random
4765,98789,1008,128,110,true,25,30,31,24,random
4766,98790,1352,128,140,true,33,35,41,31,random
4767,98791,2768,256,228,true,57,60,47,64,random
4768,98792,1084,128,113,true,21,29,34,29,random
4769,98793,1288,128,132,true,31,37,38,26,random
4770,98794,640,64,87,true,19,22,28,18,random
4771,98795,2340,256,198,true,48,49,59,42,random
4772,98796,968,128,102,true,22,20,30,30,random
4773,98797,944,64,117,true,33,28,30,26,random
4774,98798,684,64,91,true,26,29,21,15,random
4775,98799,952,128,98,true,32,26,21,19,random
4776,98800,480,64,67,true,21,22,9,15,random
4777,98801,928,64,113,true,29,29,32,23,random
4778,98802,1128,128,120,true,36,27,25,32,random
4779,98803,1172,128,126,true,30,36,28,32,random
4780,98804,1456,128,150,true,33,40,40,37,random
4781,98805,852,64,101,true,28,25,19,29,random
4782,98806,1400,128,145,true,26,44,37,38,random
4783,98807,680,64,90,true,26,27,24,13,random
4784,98808,1136,128,122,true,27,28,30,37,random
4785,98809,888,64,107,true,33,25,25,24,random
4786,98810,572,64,78,true,20,19,16,23,random
4787,98811,332,32,62,true,17,20,9,16,random
4788,98812,1640,128,166,true,42,48,33,43,random
4789,98813,2480,256,213,true,51,54,55,53,random
4790,98814,1456,128,150,true,40,37,32,41,random
4791,98815,1408,128,151,true,32,33,50,36,random
4792,98816,1140,128,123,true,28,32,29,34,random
4793,98817,1048,128,114,true,32,24,27,31,random
4794,98818,312,32,56,true,11,19,8,18,random
4795,98819,556,64,81,true,16,25,24,16,random
4796,98820,788,64,95,true,25,24,23,23,random
4797,98821,1384,128,144,true,35,41,40,28,random
4798,98822,1284,128,134,true,35,33,32,34,random
4799,98823,2076,256,176,true,48,48,33,47,random
4800,98824,3032,256,248,true,51,62,59,76,random
4801,98825,1776,128,164,true,42,36,34,52,random
4802,98826,748,64,100,true,26,23,25,26,random
4803,98827,480,64,70,true,22,13,20,15,random
4804,98828,696,64,92,true,21,20,28,23,random
4805,98829,484,32,78,true,18,17,20,23,random
4806,98830,452,64,68,true,13,17,18,20,random
4807,98831,644,64,85,true,20,18,20,27,random
4808,98832,1304,128,133,true,28,37,31,37,random
4809,98833,544,64,78,true,26,20,13,19,random
4810,98834,652,64,86,true,19,21,23,23,random
4811,98835,1500,128,156,true,38,44,35,39,random
4812,98836,1168,128,116,true,26,32,27,31,random
4813,98837,556,64,77,true,14,21,22,20,random
4814,98838,1472,128,153,true,43,37,40,33,random
4815,98839,1396,128,143,true,27,32,48,36,random
4816,98840,2312,256,192,true,49,50,48,45,random
4817,98841,692,64,91,true,24,23,21,23,random
4818,98842,904,64,113,true,28,34,26,25,random
4819,98843,932,128,99,true,25,23,28,23,random
4820,98844,2032,256,171,true,45,43,41,42,random
4821,98845,1576,128,159,true,37,37,43,42,random
4822,98846,1248,128,134,true,35,33,34,32,random
4823,98847,900,64,110,true,31,24,29,26,random
4824,98848,444,32,67,true,22,15,16,14,random
4825,98849,856,64,104,true,25,25,33,21,random
4826,98850,1304,128,132,true,34,36,31,31,random
4827,98851,704,64,94,true,27,26,23,18,random
4828,98852,1168,128,125,true,26,30,39,30,random
4829,98853,264,32,50,true,8,15,13,14,random
4830,98854,2360,256,199,true,38,47,57,57,random
4831,98855,1548,128,153,true,35,38,32,48,random
4832,98856,900,64,112,true,30,32,23,27,random
4833,98857,1400,128,145,true,29,33,44,39,random
4834,98858,276,32,53,true,9,13,16,15,random
4835,98859,776,64,101,true,28,25,19,29,random
4836,98860,856,64,101,true,29,22,28,22,random
4837,98861,968,128,102,true,24,27,22,29,random
4838,98862,668,64,90,true,22,19,29,20,random
4839,98863,1368,128,145,true,43,34,32,36,random
4840,98864,1416,128,151,true,39,41,35,36,random
4841,98865,2648,256,212,true,64,50,50,48,random
4842,98866,1288,128,130,true,28,31,38,33,random
4843,98867,1492,128,155,true,42,42,38,33,random
4844,98868,444,32,70,true,15,14,22,19,random
4845,98869,644,64,85,true,18,24,20,23,random
4846,98870,268,32,53,true,14,11,18,10,random
4847,98871,1392,128,145,true,33,33,41,38,random
4848,98872,832,64,108,true,26,24,27,31,random
4849,98873,1164,128,118,true,27,38,21,32,random
4850,98874,756,64,96,true,20,30,27,19,random
4851,98875,1456,128,152,true,34,41,37,40,random
4852,98876,668,64,89,true,21,31,19,18,random
4853,98877,1384,128,146,true,35,41,32,38,random
4854,98878,1296,128,135,true,36,38,32,29,random
4855,98879,1308,128,137,true,38,31,36,32,random
4856,98880,736,64,98,true,26,26,25,21,random
4857,98881,452,32,69,true,15,19,19,16,random
4858,98882,1012,128,108,true,26,34,29,19,random
4859,98883,1388,128,151,true,24,33,40,54,random
4860,98884,620,64,88,true,17,24,19,28,random
4861,98885,1096,128,116,true,33,28,32,23,random
4862,98886,1200,128,126,true,27,27,36,36,random
4863,98887,2276,256,191,true,47,45,54,45,random
4864,98888,440,64,66,true,16,18,14,18,random
4865,98889,2036,256,167,true,42,39,40,46,random
4866,98890,1972,256,156,true,49,32,43,32,random
4867,98891,628,64,84,true,29,17,22,16,random
4868,98892,780,64,98,true,29,23,22,24,random
4869,98893,1016,128,108,true,29,27,24,28,random
4870,98894,1384,128,147,true,36,41,37,33,random
4871,98895,1020,128,109,true,30,14,28,37,random
4872,98896,500,32,76,true,25,24,12,15,random
4873,98897,1200,128,133,true,30,31,35,37,random
4874,98898,2024,128,188,true,32,55,44,57,random
4875,98899,3020,256,242,true,49,67,66,60,random
4876,98900,1284,128,130,true,39,30,32,29,random
4877,98901,1528,128,162,true,46,39,39,38,random
4878,98902,1356,128,141,true,40,32,38,31,random
4879,98903,1244,128,130,true,22,41,39,28,random
4880,98904,1032,128,112,true,29,34,25,24,random
4881,98905,1044,64,127,true,34,30,30,33,random
4882,98906,1136,128,123,true,34,31,27,31,random
4883,98907,1548,128,157,true,49,39,32,37,random
4884,98908,572,64,77,true,24,19,16,18,random
4885,98909,2204,256,190,true,49,47,51,43,random
4886,98910,684,64,90,true,22,20,25,23,random
4887,98911,564,64,79,true,19,14,22,24,random
4888,98912,796,64,107,true,30,29,23,25,random
4889,98913,692,64,91,true,23,32,17,19,random
4890,98914,1360,128,141,true,28,43,37,33,random
4891,98915,676,64,92,true,22,25,23,22,random
4892,98916,572,64,78,true,22,19,18,19,random
4893,98917,1180,128,122,true,34,33,26,29,random
4894,98918,1348,128,139,true,31,42,37,29,random
4895,98919,1416,128,144,true,42,34,30,38,random
4896,98920,1612,128,162,true,34,45,39,44,random
4897,98921,1036,128,113,true,26,25,31,31,random
4898,98922,512,64,74,true,20,13,19,22,random
4899,98923,620,64,85,true,25,20,21,19,random
4900,98924,1608,128,163,true,43,33,39,48,random
4901,98925,1772,128,168,true,43,47,41,37,random
4902,98926,1492,128,147,true,39,33,39,36,random
4903,98927,2172,256,179,true,47,38,46,48,random
4904,98928,1056,128,117,true,38,21,27,31,random
4905,98929,568,64,78,true,19,17,19,23,random
4906,98930,904,64,108,true,29,27,26,26,random
4907,98931,340,32,59,true,20,14,12,13,random
4908,98932,1320,128,136,true,31,28,44,33,random
4909,98933,700,64,93,true,25,25,20,23,random
4910,98934,1376,128,144,true,34,44,40,26,random
4911,98935,844,64,103,true,24,18,29,32,random
4912,98936,1056,128,114,true,31,31,25,27,random
4913,98937,1364,128,142,true,42,33,38,29,random
4914,98938,1220,128,127,true,41,26,27,33,random
4915,98939,448,32,74,true,17,20,26,11,random
4916,98940,580,64,79,true,31,13,19,16,random
4917,98941,1172,128,127,true,28,30,30,39,random
4918,98942,1000,128,106,true,23,29,32,22,random
4919,98943,700,64,94,true,29,20,24,21,random
4920,98944,840,64,102,true,27,25,20,30,random
4921,98945,540,32,81,true,30,15,17,19,random
4922,98946,1428,128,146,true,37,28,46,35,random
4923,98947,536,64,72,true,16,18,26,12,random
4924,98948,1336,128,140,true,38,34,27,41,random
4925,98949,532,64,76,true,14,20,18,24,random
4926,98950,1528,128,156,true,31,43,38,44,random
4927,98951,1548,128,160,true,33,36,50,41,random
4928,98952,304,32,56,true,17,11,13,15,random
4929,98953,2164,256,186,true,45,46,48,47,random
4930,98954,1056,128,117,true,21,30,32,34,random
4931,98955,688,64,97,true,26,24,26,21,random
4932,98956,1388,128,146,true,34,36,36,40,random
4933,98957,720,64,94,true,22,29,22,21,random
4934,98958,1036,128,112,true,29,29,26,28,random
4935,98959,2736,256,233,true,54,52,69,58,random
4936,98960,1160,128,127,true,37,26,40,24,random
4937,98961,1000,128,110,true,28,30,22,30,random
4938,98962,872,128,91,true,22,28,20,21,random
4939,98963,564,64,76,true,14,15,24,23,random
4940,98964,564,64,77,true,21,19,12,25,random
4941,98965,2116,256,176,true,38,45,52,41,random
4942,98966,1004,64,121,true,29,23,30,39,random
4943,98967,984,128,104,true,28,26,27,23,random
4944,98968,1384,128,147,true,40,33,38,36,random
4945,98969,1368,128,144,true,29,37,34,44,random
4946,98970,664,64,90,true,25,22,22,21,random
4947,98971,1136,128,122,true,30,21,35,36,random
4948,98972,1388,128,144,true,44,31,41,28,random
4949,98973,688,64,91,true,27,22,24,18,random
4950,98974,524,64,76,true,19,17,18,22,random
4951,98975,192,16,47,true,16,13,9,9,random
4952,98976,692,64,92,true,28,16,22,26,random
4953,98977,1176,128,129,true,32,26,40,31,random
4954,98978,972,64,113,true,28,23,35,27,random
4955,98979,1184,128,123,true,32,37,24,30,random
4956,98980,264,32,50,true,14,13,13,10,random
4957,98981,1072,128,112,true,30,34,25,23,random
4958,98982,504,64,73,true,22,24,11,16,random
4959,98983,1392,128,149,true,36,29,52,32,random
4960,98984,1404,128,146,true,45,33,35,33,random
4961,98985,1144,128,113,true,23,25,33,32,random
4962,98986,1124,128,120,true,22,38,30,30,random
4963,98987,708,64,95,true,25,27,26,17,random
4964,98988,1032,128,112,true,30,28,29,25,random
4965,98989,1400,128,144,true,37,38,36,33,random
4966,98990,1332,128,139,true,37,32,32,38,random
4967,98991,608,64,86,true,20,23,20,23,random
4968,98992,660,64,88,true,20,31,22,15,random
4969,98993,612,64,83,true,16,24,20,23,random
4970,98994,1156,128,116,true,27,33,29,27,random
4971,98995,2476,256,209,true,46,60,50,53,random
4972,98996,1276,128,129,true,34,33,33,29,random
4973,98997,1036,128,113,true,26,30,24,33,random
4974,98998,1456,128,154,true,35,43,43,33,random
4975,98999,1432,128,147,true,38,33,40,36,random
4976,99000,448,64,64,true,14,19,15,16,random
4977,99001,700,64,93,true,25,18,24,26,random
4978,99002,724,64,98,true,22,32,20,24,random
4979,99003,572,64,81,true,19,30,16,16,random
4980,99004,1868,128,177,true,46,45,49,37,random
4981,99005,640,64,83,true,20,21,18,24,random
4982,99006,1012,128,108,true,24,27,23,34,random
4983,99007,640,64,89,true,26,27,15,21,random
4984,99008,888,64,108,true,25,30,32,21,random
4985,99009,620,64,85,true,15,23,29,18,random
4986,99010,1132,128,121,true,35,27,32,27,random
4987,99011,1152,128,122,true,26,28,37,31,random
4988,99012,576,64,80,true,15,23,19,23,random
4989,99013,1404,128,144,true,35,37,36,36,random
4990,99014,1372,128,143,true,36,36,32,39,random
4991,99015,1164,128,125,true,27,35,31,32,random
4992,99016,700,64,92,true,19,18,24,31,random
4993,99017,656,64,88,true,25,15,25,23,random
4994,99018,868,64,104,true,22,31,24,27,random
4995,99019,696,64,91,true,24,21,22,24,random
4996,99020,2416,256,207,true,48,62,51,46,random
4997,99021,700,64,93,true,21,27,20,25,random
4998,99022,912,64,110,true,31,28,23,28,random
4999,99023,572,64,78,true,22,16,20,20,random
5000,99024,1496,128,151,true,47,38,31,35,random
5001,99025,656,64,87,true,23,17,21,26,random
5002,99026,1028,128,109,true,24,25,25,35,random
5003,99027,728,64,96,true,25,21,28,22,random
5004,99028,1604,128,163,true,44,37,41,41,random
5005,99029,940,64,110,true,22,31,34,23,random
5006,99030,2312,256,192,true,43,47,52,50,random
5007,99031,1532,128,150,true,39,42,34,35,random
5008,99032,684,64,90,true,21,19,28,22,random
5009,99033,616,64,85,true,21,13,22,29,random
5010,99034,664,64,88,true,15,24,23,26,random
5011,99035,1432,128,147,true,30,37,44,36,random
5012,99036,1592,128,155,true,42,38,36,39,random
5013,99037,988,64,118,true,34,23,27,34,random
5014,99038,528,64,77,true,22,21,15,19,random
5015,99039,724,64,94,true,21,25,23,25,random
5016,99040,708,64,94,true,26,22,21,25,random
5017,99041,256,32,49,true,8,10,17,14,random
5018,99042,1172,128,127,true,33,30,28,36,random
5019,99043,1496,128,158,true,44,36,34,44,random
5020,99044,1328,128,137,true,29,33,37,38,random
5021,99045,1580,128,158,true,38,43,39,38,random
5022,99046,568,64,77,true,17,17,21,22,random
5023,99047,1712,128,173,true,42,42,40,49,random
5024,99048,556,64,75,true,17,21,19,18,random
5025,99049,1016,128,109,true,33,22,24,30,random
5026,99050,1252,128,131,true,26,33,45,27,random
5027,99051,628,64,81,true,18,21,24,18,random
5028,99052,292,32,53,true,9,12,17,15,random
5029,99053,268,32,51,true,10,14,13,14,random
5030,99054,1268,128,129,true,31,32,35,31,random
5031,99055,316,32,58,true,13,17,21,7,random
5032,99056,1352,128,139,true,30,30,36,43,random
5033,99057,620,64,85,true,22,19,18,26,random
5034,99058,952,64,112,true,29,26,30,27,random
5035,99059,704,64,94,true,19,23,32,20,random
5036,99060,840,64,101,true,27,19,31,24,random
5037,99061,1300,128,132,true,27,36,36,33,random
5038,99062,1180,128,119,true,31,27,35,26,random
5039,99063,1108,64,123,true,25,29,36,33,random
5040,99064,1432,128,148,true,38,44,31,35,random
5041,99065,552,64,77,true,23,16,20,18,random
5042,99066,280,32,54,true,22,14,8,10,random
5043,99067,580,64,82,true,21,21,17,23,random
5044,99068,1076,128,119,true,29,33,28,29,random
5045,99069,648,64,86,true,16,25,21,24,random
5046,99070,748,64,99,true,29,25,18,27,random
5047,99071,1504,128,149,true,32,28,55,34,random
5048,99072,1056,128,108,true,27,29,25,27,random
5049,99073,568,64,77,true,16,20,16,25,random
5050,99074,1264,128,127,true,27,33,38,29,random
5051,99075,908,64,109,true,31,22,33,23,random
5052,99076,544,64,74,true,15,21,18,20,random
5053,99077,1344,128,139,true,27,35,33,44,random
5054,99078,1196,128,131,true,31,37,35,28,random
5055,99079,544,64,79,true,15,12,29,23,random
5056,99080,404,32,67,true,17,22,16,12,random
5057,99081,1084,128,117,true,26,27,34,30,random
5058,99082,1148,128,124,true,32,25,28,39,random
5059,99083,588,64,81,true,22,24,20,15,random
5060,99084,1280,128,131,true,27,38,35,31,random
5061,99085,324,32,59,true,14,14,12,19,random
5062,99086,524,64,72,true,23,15,16,18,random
5063,99087,728,64,93,true,21,23,25,24,random
5064,99088,2248,256,188,true,42,53,49,44,random
5065,99089,1280,128,131,true,28,43,30,30,random
5066,99090,1600,128,167,true,47,44,40,36,random
5067,99091,732,64,93,true,21,25,25,22,random
5068,99092,768,64,98,true,29,27,26,16,random
5069,99093,1056,128,114,true,27,31,33,23,random
5070,99094,668,64,90,true,31,18,19,22,random
5071,99095,1200,128,123,true,27,38,25,33,random
5072,99096,1512,128,152,true,36,35,37,44,random
5073,99097,2520,256,212,true,48,54,55,55,random
5074,99098,1256,128,132,true,33,39,33,27,random
5075,99099,1936,128,179,true,43,40,54,42,random
5076,99100,1236,128,134,true,35,40,28,31,random
5077,99101,1776,128,169,true,52,41,37,39,random
5078,99102,1356,128,138,true,34,35,35,34,random
5079,99103,1040,128,110,true,23,24,31,32,random
5080,99104,956,64,114,true,26,31,29,28,random
5081,99105,1500,128,150,true,41,37,34,38,random
5082,99106,916,64,111,true,23,31,33,24,random
5083,99107,1296,128,130,true,30,31,36,33,random
5084,99108,896,64,110,true,27,26,27,30,random
5085,99109,1192,128,128,true,34,30,34,30,random
5086,99110,1044,128,111,true,29,31,31,20,random
5087,99111,816,64,105,true,27,27,27,24,random
5088,99112,892,64,110,true,27,24,29,30,random
5089,99113,636,64,84,true,21,17,22,24,random
5090,99114,1388,128,141,true,30,34,29,48,random
5091,99115,620,64,85,true,20,24,19,22,random
5092,99116,708,64,89,true,28,17,24,20,random
5093,99117,608,64,83,true,16,23,18,26,random
5094,99118,984,128,105,true,27,26,24,28,random
5095,99119,784,64,93,true,13,27,30,23,random
5096,99120,2436,256,206,true,44,52,57,53,random
5097,99121,552,64,77,true,18,22,20,17,random
5098,99122,620,64,82,true,24,20,17,21,random
5099,99123,1332,128,138,true,32,37,36,33,random
5100,99124,1324,128,137,true,31,35,31,40,random
5101,99125,1368,128,142,true,36,40,36,30,random
5102,99126,1272,128,129,true,39,33,26,31,random
5103,99127,808,64,104,true,22,32,22,28,random
5104,99128,592,64,83,true,17,17,28,21,random
5105,99129,1336,128,136,true,32,37,39,28,random
5106,99130,2316,256,194,true,39,51,54,50,random
5107,99131,1300,128,135,true,30,35,35,35,random
5108,99132,660,64,88,true,20,24,17,27,random
5109,99133,1284,128,132,true,41,33,28,30,random
5110,99134,1080,128,117,true,28,30,34,25,random
5111,99135,1248,128,127,true,31,35,27,34,random
5112,99136,704,64,94,true,20,21,27,26,random
5113,99137,936,64,109,true,35,23,23,28,random
5114,99138,2284,256,187,true,49,44,46,48,random
5115,99139,1268,128,134,true,27,34,33,40,random
5116,99140,1104,128,121,true,31,30,32,28,random
5117,99141,1320,128,136,true,32,33,39,32,random
5118,99142,1168,128,130,true,27,35,36,32,random
5119,99143,676,64,88,true,19,21,32,16,random
5120,99144,1184,128,119,true,25,28,31,35,random
5121,99145,1680,128,170,true,34,43,46,47,random
5122,99146,716,64,97,true,29,23,22,23,random
5123,99147,1052,64,127,true,43,28,32,24,random
5124,99148,736,64,94,true,23,20,23,28,random
5125,99149,724,64,94,true,24,17,26,27,random
5126,99150,1284,128,132,true,43,24,32,33,random
5127,99151,1392,128,144,true,40,33,39,32,random
5128,99152,828,64,108,true,24,23,28,33,random
5129,99153,2256,256,183,true,45,39,54,45,random
5130,99154,892,64,109,true,27,30,25,27,random
5131,99155,1276,128,127,true,31,29,32,35,random
5132,99156,288,32,52,true,13,15,13,11,random
5133,99157,1288,128,129,true,32,28,38,31,random
5134,99158,1328,128,134,true,32,43,24,35,random
5135,99159,1456,128,152,true,37,37,36,42,random
5136,99160,472,32,76,true,22,19,16,19,random
5137,99161,1480,128,145,true,26,32,44,43,random
5138,99162,1908,128,172,true,40,46,43,43,random
5139,99163,1324,128,136,true,39,27,36,34,random
5140,99164,344,32,57,true,16,12,14,15,random
5141,99165,608,64,83,true,22,12,28,21,random
5142,99166,1124,128,126,true,31,27,29,39,random
5143,99167,652,64,92,true,22,28,26,16,random
5144,99168,1332,128,140,true,49,31,28,32,random
5145,99169,892,64,103,true,25,32,20,26,random
5146,99170,744,64,99,true,29,24,26,20,random
5147,99171,288,32,54,true,16,12,15,11,random
5148,99172,1252,128,125,true,33,31,28,33,random
5149,99173,1200,128,129,true,34,31,32,32,random
5150,99174,636,64,86,true,18,29,15,24,random
5151,99175,2208,256,183,true,46,50,47,40,random
5152,99176,1284,128,143,true,33,30,39,41,random
5153,99177,584,64,81,true,17,24,18,22,random
5154,99178,1268,128,129,true,28,38,33,30,random
5155,99179,1348,128,142,true,39,25,38,40,random
5156,99180,1256,128,131,true,37,27,32,35,random
5157,99181,500,64,72,true,21,17,18,16,random
5158,99182,960,64,118,true,34,28,30,26,random
5159,99183,1404,128,142,true,34,35,37,36,random
5160,99184,2132,256,180,true,44,32,48,56,random
5161,99185,680,64,91,true,28,17,22,24,random
5162,99186,1144,128,124,true,34,29,28,33,random
5163,99187,1292,128,133,true,36,33,29,35,random
5164,99188,624,64,88,true,23,19,25,21,random
5165,99189,844,64,108,true,22,26,26,34,random
5166,99190,500,32,76,true,16,23,19,18,random
5167,99191,1136,128,117,true,31,35,24,27,random
5168,99192,976,128,103,true,30,26,25,22,random
5169,99193,1164,128,125,true,26,32,34,33,random
5170,99194,1268,128,128,true,35,27,33,33,random
5171,99195,1420,128,146,true,38,36,44,28,random
5172,99196,712,64,87,true,28,12,25,22,random
5173,99197,632,64,89,true,25,23,27,14,random
5174,99198,268,32,50,true,14,13,9,14,random
5175,99199,1312,128,134,true,25,39,42,28,random
5176,99200,1112,128,117,true,36,24,32,25,random
5177,99201,2608,256,222,true,59,51,56,56,random
5178,99202,1484,128,155,true,41,43,33,38,random
5179,99203,1320,128,135,true,39,27,35,34,random
5180,99204,2428,256,204,true,64,42,47,51,random
5181,99205,2592,256,225,true,62,46,52,65,random
5182,99206,1536,128,157,true,30,43,50,34,random
5183,99207,644,64,88,true,26,14,25,23,random
5184,99208,1668,128,170,true,43,43,37,47,random
5185,99209,640,64,86,true,25,15,25,21,random
5186,99210,684,64,89,true,21,22,23,23,random
5187,99211,480,64,70,true,13,17,21,19,random
5188,99212,1344,128,138,true,35,35,28,40,random
5189,99213,700,64,90,true,13,24,29,24,random
5190,99214,540,64,74,true,17,23,16,18,random
5191,99215,1080,128,119,true,29,31,26,33,random
5192,99216,280,32,53,true,15,14,14,10,random
5193,99217,688,64,90,true,19,21,24,26,random
5194,99218,772,64,100,true,22,18,34,26,random
5195,99219,612,64,78,true,24,18,20,16,random
5196,99220,700,64,94,true,28,24,24,18,random
5197,99221,1648,128,154,true,39,37,40,38,random
5198,99222,980,64,115,true,24,38,26,27,random
5199,99223,868,64,104,true,26,30,19,29,random
5200,99224,1308,128,135,true,29,33,38,35,random
5201,99225,656,64,87,true,21,25,21,20,random
5202,99226,500,64,71,true,10,22,25,14,random
5203,99227,396,32,66,true,18,18,12,18,random
5204,99228,1360,128,142,true,28,39,46,29,random
5205,99229,1208,128,126,true,34,29,33,30,random
5206,99230,1212,128,129,true,38,36,28,27,random
5207,99231,928,64,114,true,28,31,29,26,random
5208,99232,852,64,109,true,19,30,30,30,random
5209,99233,360,32,62,true,14,15,17,16,random
5210,99234,444,32,73,true,22,15,16,20,random
5211,99235,1048,128,113,true,22,28,35,28,random
5212,99236,1288,128,134,true,33,33,30,38,random
5213,99237,2160,256,182,true,44,55,32,51,random
5214,99238,1448,128,152,true,45,36,40,31,random
5215,99239,1344,128,139,true,34,34,35,36,random
5216,99240,1376,128,145,true,44,30,39,32,random
5217,99241,1344,128,139,true,36,28,39,36,random
5218,99242,308,32,59,true,12,19,15,13,random
5219,99243,2848,256,229,true,52,56,62,59,random
5220,99244,748,64,95,true,24,27,19,25,random
5221,99245,2452,256,212,true,67,43,46,56,random
5222,99246,1424,128,145,true,41,30,36,38,random
5223,99247,1172,128,121,true,31,38,29,23,random
5224,99248,544,64,75,true,23,21,14,17,random
5225,99249,712,64,94,true,26,20,24,24,random
5226,99250,756,64,100,true,26,26,23,25,random
5227,99251,748,64,101,true,28,27,21,25,random
5228,99252,1096,128,117,true,27,32,27,31,random
5229,99253,1036,128,112,true,26,41,29,16,random
5230,99254,1320,128,137,true,40,33,33,31,random
5231,99255,2316,256,194,true,53,43,52,46,random
5232,99256,996,128,105,true,33,23,24,25,random
5233,99257,400,32,67,true,16,12,24,15,random
5234,99258,328,32,59,true,17,17,13,12,random
5235,99259,1456,128,147,true,39,28,36,44,random
5236,99260,1336,128,139,true,32,36,34,37,random
5237,99261,1316,128,136,true,38,36,30,32,random
5238,99262,812,64,104,true,22,30,28,24,random
5239,99263,1320,128,135,true,35,31,37,32,random
5240,99264,660,64,88,true,29,17,19,23,random
5241,99265,1124,128,119,true,25,29,35,30,random
5242,99266,1224,128,125,true,38,28,29,30,random
5243,99267,1248,128,139,true,34,34,35,36,random
5244,99268,1148,128,124,true,34,41,26,23,random
5245,99269,1328,128,137,true,35,37,32,33,random
5246,99270,676,64,88,true,25,22,22,19,random
5247,99271,1052,64,128,true,37,34,32,25,random
5248,99272,1184,128,123,true,30,40,27,26,random
5249,99273,992,64,117,true,27,34,32,24,random
5250,99274,712,64,95,true,24,18,27,26,random
5251,99275,1556,128,151,true,38,39,33,41,random
5252,99276,2548,256,216,true,51,56,50,59,random
5253,99277,488,64,73,true,11,19,23,20,random
5254,99278,1280,128,130,true,32,33,31,34,random
5255,99279,768,64,94,true,28,20,25,21,random
5256,99280,1032,128,109,true,25,24,22,38,random
5257,99281,1312,128,135,true,39,32,35,29,random
5258,99282,876,64,105,true,26,29,28,22,random
5259,99283,1060,128,110,true,30,30,25,25,random
5260,99284,656,64,90,true,26,22,28,14,random
5261,99285,1704,128,171,true,35,42,43,51,random
5262,99286,1080,128,119,true,26,26,39,28,random
5263,99287,1836,128,170,true,40,49,42,39,random
5264,99288,1428,128,149,true,43,34,35,37,random
5265,99289,620,64,83,true,18,19,21,25,random
5266,99290,768,64,98,true,23,26,28,21,random
5267,99291,1120,128,116,true,27,35,31,23,random
5268,99292,1352,128,142,true,24,34,43,41,random
5269,99293,332,32,58,true,16,10,10,22,random
5270,99294,1320,128,136,true,38,31,35,32,random
5271,99295,504,32,78,true,22,20,18,18,random
5272,99296,1288,128,132,true,27,42,31,32,random
5273,99297,2472,256,211,true,50,47,64,50,random
5274,99298,596,64,84,true,25,23,14,22,random
5275,99299,1092,128,115,true,28,30,26,31,random
5276,99300,1360,128,141,true,39,35,35,32,random
5277,99301,896,64,112,true,32,28,22,30,random
5278,99302,1412,128,149,true,39,43,42,25,random
5279,99303,584,64,80,true,28,20,18,14,random
5280,99304,604,64,85,true,15,32,17,21,random
5281,99305,1112,128,118,true,24,29,30,35,random
5282,99306,1344,128,141,true,25,41,40,35,random
5283,99307,2264,256,191,true,52,57,41,41,random
5284,99308,284,32,54,true,16,9,15,14,random
5285,99309,356,32,64,true,16,17,15,16,random
5286,99310,648,64,82,true,15,22,28,17,random
5287,99311,580,64,79,true,15,26,19,19,random
5288,99312,1120,128,126,true,39,29,28,30,random
5289,99313,868,64,107,true,29,29,22,27,random
5290,99314,964,128,101,true,23,29,25,24,random
5291,99315,712,64,96,true,24,24,22,26,random
5292,99316,1288,128,142,true,34,33,37,38,random
5293,99317,1364,128,142,true,41,40,36,25,random
5294,99318,1464,128,152,true,38,37,39,38,random
5295,99319,1004,128,107,true,28,26,29,24,random
5296,99320,1332,128,136,true,38,32,30,36,random
5297,99321,2300,256,190,true,51,45,49,45,random
5298,99322,1240,128,127,true,28,39,25,35,random
5299,99323,1508,128,155,true,42,31,33,49,random
5300,99324,2888,256,235,true,45,65,62,63,random
5301,99325,608,64,83,true,27,20,20,16,random
5302,99326,1336,128,136,true,29,38,36,33,random
5303,99327,676,64,87,true,27,18,22,20,random
5304,99328,1068,64,128,true,31,32,35,30,random
5305,99329,576,64,79,true,20,17,22,20,random
5306,99330,824,64,104,true,23,29,28,24,random
5307,99331,1012,64,122,true,33,27,24,38,random
5308,99332,1456,128,152,true,36,39,37,40,random
5309,99333,884,64,107,true,22,36,25,24,random
5310,99334,420,32,68,true,14,12,19,23,random
5311,99335,1648,128,169,true,49,40,41,39,random
5312,99336,696,64,92,true,24,21,22,25,random
5313,99337,1412,128,147,true,36,39,32,40,random
5314,99338,600,64,82,true,18,20,18,26,random
5315,99339,1288,128,132,true,36,29,30,37,random
5316,99340,1188,128,122,true,38,31,28,25,random
5317,99341,860,64,105,true,31,26,23,25,random
5318,99342,600,64,84,true,24,24,19,17,random
5319,99343,812,64,101,true,23,25,25,28,random
5320,99344,536,64,77,true,21,18,19,19,random
5321,99345,1052,128,113,true,26,29,32,26,random
5322,99346,1076,128,115,true,34,35,26,20,random
5323,99347,760,64,100,true,34,21,27,18,random
5324,99348,228,32,46,true,8,11,15,12,random
5325,99349,916,64,114,true,26,31,30,27,random
5326,99350,380,32,62,true,16,16,14,16,random
5327,99351,864,64,106,true,27,24,21,34,random
5328,99352,676,64,92,true,19,34,22,17,random
5329,99353,2120,128,199,true,55,47,59,38,random
5330,99354,1400,128,150,true,41,32,39,38,random
5331,99355,852,64,103,true,29,32,23,19,random
5332,99356,1036,64,117,true,30,25,25,37,random
5333,99357,1444,128,149,true,43,43,34,29,random
5334,99358,1060,128,115,true,28,36,29,22,random
5335,99359,2936,256,233,true,61,58,57,57,random
5336,99360,1156,128,122,true,36,27,28,31,random
5337,99361,596,64,84,true,24,23,14,23,random
5338,99362,1228,128,124,true,27,38,36,23,random
5339,99363,1392,128,143,true,36,33,37,37,random
5340,99364,1248,128,134,true,33,39,35,27,random
5341,99365,1420,128,145,true,45,37,39,24,random
5342,99366,1044,128,114,true,35,17,27,35,random
5343,99367,1228,128,130,true,32,29,37,32,random
5344,99368,1104,128,116,true,37,25,24,30,random
5345,99369,636,64,84,true,15,23,26,20,random
5346,99370,1332,128,135,true,37,27,35,36,random
5347,99371,2976,256,241,true,60,65,62,54,random
5348,99372,1452,128,152,true,39,34,35,44,random
5349,99373,1796,128,170,true,42,42,46,40,random
5350,99374,656,64,87,true,18,27,16,26,random
5351,99375,1736,128,164,true,39,44,42,39,random
5352,99376,2364,256,198,true,52,57,50,39,random
5353,99377,628,64,87,true,28,27,19,13,random
5354,99378,800,64,95,true,23,38,18,16,random
5355,99379,552,64,76,true,21,19,17,19,random
5356,99380,660,64,89,true,19,30,23,17,random
5357,99381,1532,128,160,true,44,40,42,34,random
5358,99382,628,64,87,true,22,24,22,19,random
5359,99383,724,64,96,true,26,27,21,22,random
5360,99384,596,64,80,true,19,22,21,18,random
5361,99385,860,64,105,true,25,26,26,28,random
5362,99386,1352,128,138,true,37,43,29,29,random
5363,99387,1496,128,154,true,50,28,42,34,random
5364,99388,1316,128,136,true,36,35,31,34,random
5365,99389,648,64,85,true,20,20,28,17,random
5366,99390,2332,256,197,true,46,52,49,50,random
5367,99391,796,64,101,true,29,23,25,24,random
5368,99392,664,64,91,true,24,19,21,27,random
5369,99393,560,64,76,true,27,13,21,15,random
5370,99394,732,64,97,true,24,31,26,16,random
5371,99395,1796,128,171,true,47,46,43,35,random
5372,99396,608,64,81,true,11,23,25,22,random
5373,99397,636,64,88,true,25,21,17,25,random
5374,99398,1116,128,121,true,34,34,22,31,random
5375,99399,1248,128,130,true,32,35,34,29,random
5376,99400,696,64,92,true,26,24,22,20,random
5377,99401,1008,64,121,true,34,26,32,29,random
5378,99402,2348,256,196,true,44,52,46,54,random
5379,99403,1084,128,111,true,24,28,25,34,random
5380,99404,1012,64,119,true,26,32,29,32,random
5381,99405,456,32,72,true,20,16,18,18,random
5382,99406,776,64,103,true,28,25,20,30,random
5383,99407,328,32,60,true,13,23,11,13,random
5384,99408,1428,128,150,true,41,36,42,31,random
5385,99409,548,64,73,true,15,18,21,19,random
5386,99410,636,64,89,true,21,20,20,28,random
5387,99411,412,32,68,true,19,21,16,12,random
5388,99412,2204,256,181,true,47,44,51,39,random
5389,99413,1192,128,120,true,31,26,27,36,random
5390,99414,1184,128,119,true,31,34,28,26,random
5391,99415,1028,128,109,true,25,29,29,26,random
5392,99416,1316,128,135,true,38,37,26,34,random
5393,99417,988,128,101,true,29,23,21,28,random
5394,99418,1400,128,148,true,46,36,37,29,random
5395,99419,2048,256,171,true,38,39,45,49,random
5396,99420,716,64,96,true,25,21,24,26,random
5397,99421,876,64,106,true,30,19,31,26,random
5398,99422,792,64,93,true,20,29,22,22,random
5399,99423,1492,128,148,true,34,43,35,36,random
5400,99424,556,64,74,true,25,15,13,21,random
5401,99425,1548,128,160,true,37,36,44,43,random
5402,99426,1096,128,117,true,23,29,32,33,random
5403,99427,1552,128,154,true,41,40,43,30,random
5404,99428,3652,256,295,true,76,69,74,76,random
5405,99429,1316,128,135,true,42,28,38,27,random
5406,99430,1252,128,130,true,33,29,38,30,random
5407,99431,532,64,73,true,17,23,21,12,random
5408,99432,688,64,89,true,18,26,22,23,random
5409,99433,1228,128,132,true,33,26,39,34,random
5410,99434,1292,128,130,true,37,32,31,30,random
5411,99435,1472,128,143,true,34,39,30,40,random
5412,99436,1332,128,135,true,35,39,27,34,random
5413,99437,740,64,99,true,23,28,22,26,random
5414,99438,560,64,76,true,22,16,16,22,random
5415,99439,608,64,83,true,23,12,22,26,random
5416,99440,728,64,94,true,22,27,22,23,random
5417,99441,768,64,98,true,29,16,24,29,random
5418,99442,1436,128,152,true,40,32,41,39,random
5419,99443,740,64,91,true,30,21,18,22,random
5420,99444,512,32,78,true,17,26,17,18,random
5421,99445,1336,128,140,true,39,32,30,39,random
5422,99446,692,64,92,true,24,17,28,23,random
5423,99447,604,64,83,true,20,23,24,16,random
5424,99448,800,64,99,true,24,29,22,24,random
5425,99449,780,64,104,true,28,25,21,30,random
5426,99450,1164,128,115,true,25,28,36,26,random
5427,99451,1440,128,150,true,45,37,35,33,random
5428,99452,536,64,80,true,23,21,23,13,random
5429,99453,1312,128,130,true,37,31,29,33,random
5430,99454,1012,128,111,true,31,25,23,32,random
5431,99455,1400,128,145,true,36,35,43,31,random
5432,99456,708,64,92,true,26,24,18,24,random
5433,99457,1564,128,154,true,41,31,45,37,random
5434,99458,356,32,63,true,16,13,15,19,random
5435,99459,1448,128,151,true,42,36,40,33,random
5436,99460,576,64,79,true,21,21,21,16,random
5437,99461,1360,128,142,true,35,28,35,44,random
5438,99462,1276,128,129,true,24,27,47,31,random
5439,99463,308,32,56,true,18,12,13,13,random
5440,99464,2416,256,205,true,57,54,55,39,random
5441,99465,1096,128,116,true,22,34,29,31,random
5442,99466,900,64,111,true,20,30,35,26,random
5443,99467,792,64,102,true,24,30,22,26,random
5444,99468,668,64,92,true,22,24,18,28,random
5445,99469,704,64,94,true,25,18,27,24,random
5446,99470,548,64,72,true,16,24,14,18,random
5447,99471,712,64,93,true,20,24,25,24,random
5448,99472,1320,128,135,true,41,34,35,25,random
5449,99473,964,128,107,true,36,29,28,14,random
5450,99474,1488,128,146,true,23,34,42,47,random
5451,99475,1324,128,137,true,44,27,40,26,random
5452,99476,1020,128,109,true,33,25,27,24,random
5453,99477,572,64,78,true,21,23,18,16,random
5454,99478,1140,128,124,true,37,35,23,29,random
5455,99479,1176,128,128,true,36,39,27,26,random
5456,99480,560,64,78,true,17,22,14,25,random
5457,99481,612,64,84,true,23,21,24,16,random
5458,99482,372,32,61,true,7,18,14,22,random
5459,99483,664,64,88,true,26,18,23,21,random
5460,99484,440,64,65,true,15,16,14,20,random
5461,99485,688,64,95,true,24,20,25,26,random
5462,99486,816,64,102,true,31,17,29,25,random
5463,99487,1116,128,123,true,28,29,34,32,random
5464,99488,1044,128,111,true,28,30,26,27,random
5465,99489,1336,128,140,true,36,46,32,26,random
5466,99490,860,64,104,true,27,29,27,21,random
5467,99491,1008,128,107,true,30,23,27,27,random
5468,99492,1320,128,136,true,32,31,30,43,random
5469,99493,640,64,88,true,24,24,17,23,random
5470,99494,1464,128,154,true,37,37,36,44,random
5471,99495,1452,128,152,true,43,35,44,30,random
5472,99496,684,64,93,true,20,29,18,26,random
5473,99497,628,64,81,true,22,19,22,18,random
5474,99498,1056,128,114,true,31,29,25,29,random
5475,99499,1116,128,121,true,32,31,32,26,random
5476,99500,1004,64,121,true,36,23,27,35,random
5477,99501,944,128,102,true,27,18,28,29,random
5478,99502,1544,128,153,true,34,40,37,42,random
5479,99503,820,64,106,true,24,33,30,19,random
5480,99504,1224,128,124,true,25,32,31,36,random
5481,99505,580,64,80,true,20,21,23,16,random
5482,99506,512,32,78,true,20,17,25,16,random
5483,99507,616,64,84,true,16,16,29,23,random
5484,99508,716,64,95,true,31,27,25,12,random
5485,99509,752,64,98,true,24,27,30,17,random
5486,99510,248,32,50,true,12,10,12,16,random
5487,99511,2468,256,204,true,52,52,52,48,random
5488,99512,572,64,78,true,20,21,18,19,random
5489,99513,1220,128,126,true,27,41,30,28,random
5490,99514,724,64,95,true,31,22,20,22,random
5491,99515,1468,128,153,true,32,41,33,47,random
5492,99516,604,64,85,true,21,25,16,23,random
5493,99517,1032,128,112,true,29,32,19,32,random
5494,99518,504,64,73,true,20,15,20,18,random
5495,99519,1320,128,136,true,42,29,33,32,random
5496,99520,436,32,69,true,16,13,22,18,random
5497,99521,624,64,86,true,19,24,21,22,random
5498,99522,644,64,85,true,16,22,22,25,random
5499,99523,848,64,103,true,27,25,34,17,random
5500,99524,380,32,63,true,22,8,16,17,random
5501,99525,800,64,99,true,27,21,23,28,random
5502,99526,1084,128,115,true,24,30,34,27,random
5503,99527,1012,128,108,true,22,22,27,37,random
5504,99528,912,64,112,true,23,28,31,30,random
5505,99529,824,64,104,true,30,25,23,26,random
5506,99530,444,32,73,true,15,16,19,23,random
5507,99531,1128,128,120,true,30,32,27,31,random
5508,99532,1332,128,140,true,36,34,34,36,random
5509,99533,1612,128,161,true,43,36,35,47,random
5510,99534,1420,128,148,true,30,37,35,46,random
5511,99535,608,64,85,true,13,27,21,24,random
5512,99536,2844,256,232,true,52,55,58,67,random
5513,99537,856,64,105,true,30,25,26,24,random
5514,99538,968,64,116,true,27,35,27,27,random
5515,99539,784,64,102,true,25,25,24,28,random
5516,99540,764,64,94,true,20,22,24,28,random
5517,99541,660,64,85,true,14,19,27,25,random
5518,99542,712,64,93,true,20,27,27,19,random
5519,99543,1292,128,134,true,32,33,34,35,random
5520,99544,600,64,84,true,16,20,23,25,random
5521,99545,2704,256,222,true,59,55,54,54,random
5522,99546,744,64,90,true,24,24,20,22,random
5523,99547,400,32,67,true,15,11,27,14,random
5524,99548,372,32,61,true,13,13,24,11,random
5525,99549,592,64,83,true,22,23,21,17,random
5526,99550,1296,128,135,true,32,37,36,30,random
5527,99551,704,64,94,true,24,26,21,23,random
5528,99552,1416,128,144,true,33,37,39,35,random
5529,99553,696,64,91,true,24,19,23,25,random
5530,99554,1208,128,127,true,31,34,26,36,random
5531,99555,1488,128,149,true,31,41,41,36,random
5532,99556,688,64,91,true,25,24,19,23,random
5533,99557,1264,128,127,true,35,33,33,26,random
5534,99558,424,32,70,true,19,19,17,15,random
5535,99559,580,64,79,true,20,22,21,16,random
5536,99560,928,64,111,true,29,30,28,24,random
5537,99561,1204,128,131,true,39,29,30,33,random
5538,99562,1056,128,114,true,27,31,30,26,random
5539,99563,1512,128,155,true,33,50,38,34,random
5540,99564,1272,128,131,true,30,34,31,36,random
5541,99565,720,64,88,true,28,20,17,23,random
5542,99566,1780,128,180,true,47,53,40,40,random
5543,99567,860,64,114,true,33,28,29,24,random
5544,99568,1240,128,132,true,28,26,44,34,random
5545,99569,1036,128,110,true,33,30,20,27,random
5546,99570,572,64,77,true,17,23,16,21,random
5547,99571,388,32,64,true,19,16,13,16,random
5548,99572,696,64,93,true,23,21,27,22,random
5549,99573,1240,128,132,true,39,22,41,30,random
5550,99574,2120,256,183,true,46,51,41,45,random
5551,99575,704,64,93,true,18,23,18,34,random
5552,99576,1488,128,151,true,41,31,46,33,random
5553,99577,1092,64,129,true,26,31,40,32,random
5554,99578,864,64,103,true,31,25,20,27,random
5555,99579,868,64,107,true,33,26,28,20,random
5556,99580,1108,64,134,true,36,33,27,38,random
5557,99581,644,64,86,true,26,19,16,25,random
5558,99582,1576,128,155,true,32,34,45,44,random
5559,99583,488,32,79,true,19,26,19,15,random
5560,99584,1424,128,145,true,40,42,30,33,random
5561,99585,632,64,85,true,24,21,24,16,random
5562,99586,1028,128,112,true,34,22,27,29,random
5563,99587,2060,256,173,true,46,47,36,44,random
5564,99588,2376,256,202,true,51,44,44,63,random
5565,99589,692,64,91,true,21,30,20,20,random
5566,99590,2764,256,225,true,46,60,65,54,random
5567,99591,640,64,83,true,16,20,24,23,random
5568,99592,1392,128,142,true,34,40,31,37,random
5569,99593,428,32,66,true,9,14,23,20,random
5570,99594,796,64,102,true,27,26,20,29,random
5571,99595,572,64,79,true,15,23,14,27,random
5572,99596,436,32,71,true,16,14,23,18,random
5573,99597,480,64,70,true,17,18,20,15,random
5574,99598,980,64,115,true,35,24,29,27,random
5575,99599,1060,128,113,true,23,26,27,37,random
5576,99600,572,64,77,true,24,16,18,19,random
5577,99601,488,64,65,true,18,12,17,18,random
5578,99602,1860,128,175,true,41,49,45,40,random
5579,99603,1404,128,146,true,35,28,40,43,random
5580,99604,1308,128,133,true,33,35,37,28,random
5581,99605,1268,128,127,true,27,29,35,36,random
5582,99606,776,64,103,true,29,23,25,26,random
5583,99607,580,64,80,true,16,22,20,22,random
5584,99608,540,64,72,true,13,13,26,20,random
5585,99609,1432,128,151,true,41,37,34,39,random
5586,99610,888,64,108,true,22,30,29,27,random
5587,99611,656,64,87,true,25,19,22,21,random
5588,99612,600,64,84,true,24,23,17,20,random
5589,99613,740,64,89,true,15,26,21,27,random
5590,99614,528,64,76,true,22,18,17,19,random
5591,99615,892,64,110,true,23,30,29,28,random
5592,99616,2444,256,207,true,54,52,50,51,random
5593,99617,1588,128,158,true,37,40,36,45,random
5594,99618,832,64,108,true,33,34,19,22,random
5595,99619,1212,128,121,true,30,30,30,31,random
5596,99620,760,64,103,true,24,25,31,23,random
5597,99621,1324,128,137,true,32,31,33,41,random
5598,99622,736,64,97,true,20,23,27,27,random
5599,99623,480,64,69,true,16,17,22,14,random
5600,99624,1492,128,148,true,39,32,32,45,random
5601,99625,3116,256,253,true,67,62,62,62,random
5602,99626,1452,128,153,true,36,42,37,38,random
5603,99627,1680,128,166,true,39,44,36,47,random
5604,99628,1084,128,113,true,25,24,32,32,random
5605,99629,1052,128,113,true,25,34,28,26,random
5606,99630,1180,128,119,true,36,25,30,28,random
5607,99631,736,64,97,true,27,25,15,30,random
5608,99632,1092,128,119,true,26,30,31,32,random
5609,99633,804,64,105,true,23,30,30,22,random
5610,99634,604,64,83,true,17,26,24,16,random
5611,99635,584,64,81,true,22,21,18,20,random
5612,99636,2668,256,230,true,61,58,57,54,random
5613,99637,700,64,93,true,22,23,25,23,random
5614,99638,352,32,59,true,18,15,7,19,random
5615,99639,964,64,121,true,32,34,24,31,random
5616,99640,1096,128,117,true,29,29,26,33,random
5617,99641,872,64,105,true,29,29,26,21,random
5618,99642,1120,128,122,true,33,30,29,30,random
5619,99643,592,64,82,true,15,16,26,25,random
5620,99644,1376,128,139,true,35,34,38,32,random
5621,99645,588,64,82,true,19,16,21,26,random
5622,99646,1056,128,111,true,28,32,25,26,random
5623,99647,1696,128,171,true,41,37,44,49,random
5624,99648,1968,256,166,true,39,51,30,46,random
5625,99649,1124,128,123,true,36,24,31,32,random
5626,99650,396,32,66,true,19,20,14,13,random
5627,99651,316,32,57,true,17,13,14,13,random
5628,99652,684,64,96,true,23,21,25,27,random
5629,99653,1472,128,153,true,42,39,37,35,random
5630,99654,684,64,89,true,26,24,19,20,random
5631,99655,680,64,91,true,24,20,28,19,random
5632,99656,944,64,111,true,26,23,30,32,random
5633,99657,1620,128,152,true,44,37,31,40,random
5634,99658,752,64,101,true,25,29,21,26,random
5635,99659,1148,128,121,true,40,26,30,25,random
5636,99660,628,64,83,true,15,25,19,24,random
5637,99661,688,64,90,true,22,21,18,29,random
5638,99662,676,64,89,true,25,20,23,21,random
5639,99663,552,64,78,true,16,23,20,19,random
5640,99664,2816,256,230,true,51,71,50,58,random
5641,99665,1380,128,143,true,34,32,41,36,random
5642,99666,1200,128,133,true,35,38,30,30,random
5643,99667,1128,128,121,true,25,35,25,36,random
5644,99668,1020,128,109,true,29,29,28,23,random
5645,99669,1108,128,116,true,27,35,25,29,random
5646,99670,1224,128,124,true,25,29,33,37,random
5647,99671,1248,128,126,true,30,40,30,26,random
5648,99672,1448,128,152,true,41,42,34,35,random
5649,99673,628,64,87,true,14,19,28,26,random
5650,99674,668,64,89,true,21,26,19,23,random
5651,99675,2064,128,190,true,39,44,48,59,random
5652,99676,724,64,97,true,18,25,32,22,random
5653,99677,1348,128,138,true,35,39,33,31,random
5654,99678,588,64,80,true,22,19,21,18,random
5655,99679,1348,128,139,true,36,34,41,28,random
5656,99680,424,32,68,true,12,20,18,18,random
5657,99681,916,64,110,true,28,20,25,37,random
5658,99682,860,64,105,true,26,23,30,26,random
5659,99683,752,64,92,true,25,29,18,20,random
5660,99684,1096,128,116,true,31,30,27,28,random
5661,99685,2076,256,171,true,49,40,41,41,random
5662,99686,1400,128,147,true,41,33,37,36,random
5663,99687,1496,128,159,true,48,38,34,39,random
5664,99688,1012,128,107,true,25,30,19,33,random
5665,99689,1308,128,133,true,37,34,31,31,random
5666,99690,1384,128,142,true,26,38,35,43,random
5667,99691,728,64,96,true,29,27,20,20,random
5668,99692,576,64,76,true,20,24,15,17,random
5669,99693,604,64,82,true,17,31,19,15,random
5670,99694,972,128,101,true,23,23,29,26,random
5671,99695,292,32,56,true,14,13,16,13,random
5672,99696,592,64,79,true,17,19,20,23,random
5673,99697,1232,128,134,true,40,35,27,32,random
5674,99698,1088,128,121,true,29,38,30,24,random
5675,99699,864,64,106,true,24,27,25,30,random
5676,99700,516,64,75,true,13,14,23,25,random
5677,99701,1152,128,124,true,36,24,32,32,random
5678,99702,1200,128,120,true,33,33,30,24,random
5679,99703,672,64,87,true,23,22,22,20,random
5680,99704,1248,128,130,true,33,26,33,38,random
5681,99705,1416,128,146,true,33,50,35,28,random
5682,99706,1800,128,178,true,47,37,48,46,random
5683,99707,1328,128,137,true,35,31,34,37,random
5684,99708,832,64,99,true,16,23,28,32,random
5685,99709,1664,128,169,true,46,50,39,34,random
5686,99710,696,64,92,true,21,21,32,18,random
5687,99711,532,64,73,true,16,17,18,22,random
5688,99712,1264,128,132,true,37,34,36,25,random
5689,99713,2448,256,199,true,39,44,56,60,random
5690,99714,1296,128,130,true,35,34,37,24,random
5691,99715,1280,128,131,true,26,27,46,32,random
5692,99716,772,64,96,true,23,17,27,29,random
5693,99717,804,64,97,true,24,25,25,23,random
5694,99718,560,64,76,true,24,18,17,17,random
5695,99719,552,64,75,true,17,21,20,17,random
5696,99720,968,64,115,true,34,27,31,23,random
5697,99721,764,64,100,true,19,22,27,32,random
5698,99722,560,64,76,true,13,18,23,22,random
5699,99723,1436,128,148,true,42,36,31,39,random
5700,99724,1532,128,153,true,31,48,33,41,random
5701,99725,780,64,101,true,25,26,26,24,random
5702,99726,1420,128,145,true,38,35,36,36,random
5703,99727,1356,128,141,true,37,32,34,38,random
5704,99728,2080,256,174,true,51,42,41,40,random
5705,99729,836,64,100,true,28,22,27,23,random
5706,99730,1052,128,113,true,27,27,30,29,random
5707,99731,460,64,67,true,18,10,19,20,random
5708,99732,1204,128,124,true,31,32,25,36,random
5709,99733,1160,128,124,true,35,28,33,28,random
5710,99734,756,64,99,true,24,24,27,24,random
5711,99735,1124,128,120,true,26,36,24,34,random
5712,99736,2964,256,239,true,50,60,73,56,random
5713,99737,1424,128,147,true,38,35,40,34,random
5714,99738,1260,128,126,true,27,33,38,28,random
5715,99739,1172,128,127,true,29,34,37,27,random
5716,99740,580,64,80,true,13,26,16,25,random
5717,99741,1512,128,153,true,34,38,40,41,random
5718,99742,1412,128,147,true,41,34,37,35,random
5719,99743,888,64,111,true,29,31,27,24,random
5720,99744,1044,128,118,true,34,28,35,21,random
5721,99745,796,64,101,true,28,23,23,27,random
5722,99746,576,64,80,true,22,14,25,19,random
5723,99747,284,32,54,true,12,15,12,15,random
5724,99748,768,64,93,true,28,21,27,17,random
5725,99749,1128,128,120,true,27,32,27,34,random
5726,99750,1128,128,120,true,35,21,28,36,random
5727,99751,1652,128,169,true,42,43,38,46,random
5728,99752,316,32,59,true,13,15,14,17,random
5729,99753,340,32,63,true,18,16,13,16,random
5730,99754,1360,128,145,true,25,42,40,38,random
5731,99755,1132,128,128,true,43,35,27,23,random
5732,99756,636,64,89,true,18,24,25,22,random
5733,99757,960,128,99,true,30,21,26,22,random
5734,99758,2360,256,203,true,44,46,58,55,random
5735,99759,1068,128,114,true,29,26,29,30,random
5736,99760,920,64,111,true,33,25,30,23,random
5737,99761,1428,128,146,true,38,35,42,31,random
5738,99762,860,64,103,true,28,26,23,26,random
5739,99763,1260,128,127,true,32,39,27,29,random
5740,99764,1060,128,117,true,36,28,27,26,random
5741,99765,1088,128,114,true,22,28,33,31,random
5742,99766,1356,128,144,true,43,32,35,34,random
5743,99767,1712,128,168,true,44,46,42,36,random
5744,99768,888,128,93,true,26,19,21,27,random
5745,99769,344,32,61,true,13,19,21,8,random
5746,99770,860,64,103,true,29,24,24,26,random
5747,99771,1608,128,160,true,43,36,43,38,random
5748,99772,1272,128,132,true,34,30,36,32,random
5749,99773,1392,128,148,true,35,42,37,34,random
5750,99774,1000,64,120,true,23,33,34,30,random
5751,99775,1044,128,114,true,26,25,32,31,random
5752,99776,784,64,98,true,28,23,22,25,random
5753,99777,2196,256,185,true,48,48,39,50,random
5754,99778,1368,128,137,true,36,33,30,38,random
5755,99779,1412,128,146,true,28,30,39,49,random
5756,99780,1000,128,109,true,23,31,29,26,random
5757,99781,728,64,100,true,30,22,26,22,random
5758,99782,248,32,49,true,13,12,13,11,random
5759,99783,964,64,121,true,31,33,22,35,random
5760,99784,448,32,73,true,21,22,10,20,random
5761,99785,1348,128,143,true,38,34,35,36,random
5762,99786,1016,64,119,true,26,32,30,31,random
5763,99787,664,64,89,true,25,26,16,22,random
5764,99788,1364,128,142,true,40,39,31,32,random
5765,99789,844,64,108,true,23,28,22,35,random
5766,99790,656,64,87,true,21,19,22,25,random
5767,99791,2196,256,184,true,42,38,45,59,random
5768,99792,652,64,87,true,20,24,22,21,random
5769,99793,612,64,84,true,22,30,18,14,random
5770,99794,1272,128,129,true,29,33,32,35,random
5771,99795,948,64,117,true,26,29,33,29,random
5772,99796,836,64,100,true,27,30,26,17,random
5773,99797,1368,128,143,true,39,36,30,38,random
5774,99798,548,64,76,true,22,19,22,13,random
5775,99799,2336,256,198,true,45,48,50,55,random
5776,99800,1260,128,130,true,35,36,29,30,random
5777,99801,1344,128,142,true,35,30,32,45,random
5778,99802,932,128,100,true,29,18,23,30,random
5779,99803,1268,128,131,true,43,34,19,35,random
5780,99804,436,32,71,true,20,18,20,13,random
5781,99805,1476,128,145,true,39,35,36,35,random
5782,99806,1320,128,143,true,39,33,32,39,random
5783,99807,616,64,84,true,20,21,20,23,random
5784,99808,300,32,55,true,16,14,15,10,random
5785,99809,1176,128,127,true,30,29,30,38,random
5786,99810,772,64,96,true,29,21,22,24,random
5787,99811,604,64,84,true,24,21,20,19,random
5788,99812,1404,128,144,true,36,37,40,31,random
5789,99813,636,64,88,true,20,25,11,32,random
5790,99814,2444,256,208,true,47,51,63,47,random
5791,99815,480,64,70,true,18,16,17,19,random
5792,99816,1012,64,123,true,33,35,28,27,random
5793,99817,656,64,85,true,20,26,18,21,random
5794,99818,1400,128,143,true,42,37,31,33,random
5795,99819,1100,128,118,true,28,30,30,30,random
5796,99820,1464,128,145,true,34,35,39,37,random
5797,99821,1096,128,119,true,22,36,35,26,random
5798,99822,1348,128,138,true,40,31,34,33,random
5799,99823,1028,128,109,true,28,30,31,20,random
5800,99824,2892,256,239,true,64,63,58,54,random
5801,99825,452,64,65,true,12,17,20,16,random
5802,99826,408,32,68,true,19,14,16,19,random
5803,99827,1320,128,136,true,42,32,30,32,random
5804,99828,252,32,50,true,12,17,12,9,random
5805,99829,1448,128,155,true,34,46,33,42,random
5806,99830,928,64,110,true,23,28,25,34,random
5807,99831,888,64,107,true,27,26,26,28,random
5808,99832,1012,64,122,true,22,28,35,37,random
5809,99833,2764,256,225,true,59,55,57,54,random
5810,99834,2300,256,193,true,49,40,51,53,random
5811,99835,1300,128,134,true,28,42,34,30,random
5812,99836,1296,128,134,true,32,33,37,32,random
5813,99837,1220,128,122,true,31,32,26,33,random
5814,99838,624,64,86,true,24,13,26,23,random
5815,99839,1004,64,120,true,35,25,30,30,random
5816,99840,380,32,63,true,9,17,21,16,random
5817,99841,596,64,81,true,19,28,19,15,random
5818,99842,1468,128,150,true,36,37,33,44,random
5819,99843,392,32,65,true,16,18,19,12,random
5820,99844,1328,128,137,true,34,29,32,42,random
5821,99845,1304,128,133,true,41,26,38,28,random
5822,99846,480,64,70,true,13,20,17,20,random
5823,99847,1224,128,126,true,29,33,30,34,random
5824,99848,1372,128,140,true,32,35,35,38,random
5825,99849,2892,256,241,true,67,61,60,53,random
5826,99850,1076,128,119,true,28,30,27,34,random
5827,99851,1108,128,121,true,36,24,29,32,random
5828,99852,604,64,82,true,25,19,17,21,random
5829,99853,1272,128,129,true,35,27,31,36,random
5830,99854,1456,128,152,true,38,44,26,44,random
5831,99855,836,64,102,true,25,24,25,28,random
5832,99856,788,64,105,true,24,27,28,26,random
5833,99857,780,64,98,true,20,28,23,27,random
5834,99858,936,128,101,true,26,30,22,23,random
5835,99859,548,64,73,true,21,19,21,12,random
5836,99860,1084,64,125,true,37,26,36,26,random
5837,99861,1116,128,118,true,26,29,35,28,random
5838,99862,676,64,91,true,29,18,22,22,random
5839,99863,552,64,78,true,18,22,19,19,random
5840,99864,348,32,59,true,11,12,15,21,random
5841,99865,660,64,85,true,26,23,21,15,random
5842,99866,548,64,73,true,18,14,17,24,random
5843,99867,592,64,82,true,19,19,26,18,random
5844,99868,536,64,77,true,19,19,19,20,random
5845,99869,2736,256,222,true,50,53,55,64,random
5846,99870,2732,256,217,true,49,57,49,62,random
5847,99871,1248,128,130,true,36,33,27,34,random
5848,99872,572,64,78,true,19,20,21,18,random
5849,99873,356,32,64,true,15,17,21,11,random
5850,99874,1552,128,154,true,35,43,44,32,random
5851,99875,320,32,59,true,15,16,18,10,random
5852,99876,1532,128,161,true,47,40,34,40,random
5853,99877,1040,128,114,true,23,30,23,38,random
5854,99878,932,64,115,true,26,29,30,30,random
5855,99879,960,64,116,true,30,26,28,32,random
5856,99880,704,64,90,true,24,22,22,22,random
5857,99881,460,64,67,true,19,26,15,7,random
5858,99882,972,128,105,true,24,30,29,22,random
5859,99883,928,64,107,true,28,24,26,29,random
5860,99884,992,128,105,true,21,31,29,24,random
5861,99885,756,64,96,true,28,24,26,18,random
5862,99886,296,32,52,true,16,12,13,11,random
5863,99887,1264,128,130,true,32,27,36,35,random
5864,99888,520,32,79,true,15,21,16,27,random
5865,99889,1736,128,168,true,48,40,36,44,random
5866,99890,1596,128,158,true,38,40,39,41,random
5867,99891,1232,128,129,true,31,34,31,33,random
5868,99892,1160,128,117,true,34,24,25,34,random
5869,99893,708,64,94,true,22,20,24,28,random
5870,99894,964,64,118,true,22,35,30,31,random
5871,99895,1452,128,152,true,33,30,45,44,random
5872,99896,708,64,96,true,23,26,24,23,random
5873,99897,1184,128,130,true,38,33,33,26,random
5874,99898,1096,128,119,true,32,32,27,28,random
5875,99899,532,32,82,true,18,20,22,22,random
5876,99900,1472,128,152,true,28,38,47,39,random
5877,99901,1512,128,151,true,37,36,38,40,random
5878,99902,304,32,55,true,15,11,16,13,random
5879,99903,700,64,93,true,12,23,29,29,random
5880,99904,1300,128,138,true,37,32,37,32,random
5881,99905,2784,256,223,true,50,51,62,60,random
5882,99906,952,64,113,true,27,32,26,28,random
5883,99907,588,64,78,true,15,21,24,18,random
5884,99908,2740,256,231,true,61,63,55,52,random
5885,99909,848,64,102,true,26,22,23,31,random
5886,99910,2052,256,175,true,34,40,37,64,random
5887,99911,968,128,106,true,21,29,28,28,random
5888,99912,1304,128,133,true,33,31,31,38,random
5889,99913,1480,128,155,true,39,42,36,38,random
5890,99914,728,64,96,true,23,28,24,21,random
5891,99915,220,32,44,true,11,16,9,8,random
5892,99916,612,64,84,true,26,20,20,18,random
5893,99917,1560,128,156,true,42,38,46,30,random
5894,99918,232,32,47,true,12,12,13,10,random
5895,99919,1424,128,146,true,42,33,40,31,random
5896,99920,1368,128,142,true,37,39,32,34,random
5897,99921,1000,64,113,true,27,30,26,30,random
5898,99922,1224,128,132,true,43,28,29,32,random
5899,99923,1400,128,143,true,32,36,38,37,random
5900,99924,636,64,89,true,19,29,24,17,random
5901,99925,620,64,81,true,12,22,18,29,random
5902,99926,1008,128,108,true,22,33,27,26,random
5903,99927,644,64,91,true,24,28,21,18,random
5904,99928,976,64,119,true,21,29,33,36,random
5905,99929,1376,128,142,true,34,34,32,42,random
5906,99930,1128,128,120,true,22,28,38,32,random
5907,99931,664,64,91,true,23,23,26,19,random
5908,99932,1488,128,152,true,39,35,30,48,random
5909,99933,1564,128,161,true,40,38,43,40,random
5910,99934,1760,128,167,true,38,45,46,38,random
5911,99935,1248,128,127,true,31,35,32,29,random
5912,99936,1316,128,135,true,32,35,33,35,random
5913,99937,2400,256,201,true,44,61,48,48,random
5914,99938,1268,128,128,true,32,35,32,29,random
5915,99939,1096,128,117,true,37,25,30,25,random
5916,99940,800,64,104,true,22,27,28,27,random
5917,99941,1840,128,177,true,34,48,48,47,random
5918,99942,360,32,61,true,15,15,14,17,random
5919,99943,864,64,113,true,28,28,26,31,random
5920,99944,1244,128,129,true,30,36,32,31,random
5921,99945,1348,128,139,true,34,35,34,36,random
5922,99946,1172,128,126,true,32,27,33,34,random
5923,99947,1400,128,143,true,40,36,35,32,random
5924,99948,612,64,86,true,14,19,22,31,random
5925,99949,696,64,92,true,28,19,23,22,random
5926,99950,1256,128,132,true,36,34,34,28,random
5927,99951,872,64,105,true,23,24,24,34,random
5928,99952,1144,128,121,true,33,23,32,33,random
5929,99953,2296,256,193,true,42,49,58,44,random
5930,99954,516,64,75,true,15,19,20,21,random
5931,99955,1028,128,108,true,27,24,30,27,random
5932,99956,1364,128,143,true,29,44,38,32,random
5933,99957,680,64,89,true,26,22,20,21,random
5934,99958,668,64,86,true,18,24,20,24,random
5935,99959,320,32,59,true,16,12,17,14,random
5936,99960,1364,128,143,true,32,40,29,42,random
5937,99961,1348,128,138,true,37,33,30,38,random
5938,99962,292,32,55,true,15,13,16,11,random
5939,99963,1360,128,141,true,40,28,39,34,random
5940,99964,912,64,110,true,30,27,24,29,random
5941,99965,720,64,97,true,22,26,25,24,random
5942,99966,2148,128,201,true,56,53,46,46,random
5943,99967,696,64,93,true,31,23,21,18,random
5944,99968,2276,256,188,true,53,45,40,50,random
5945,99969,1380,128,139,true,40,44,24,31,random
5946,99970,1108,128,119,true,25,33,34,27,random
5947,99971,956,64,113,true,34,25,28,26,random
5948,99972,2164,256,185,true,47,51,39,48,random
5949,99973,1160,128,125,true,31,37,32,25,random
5950,99974,564,64,80,true,23,26,19,12,random
5951,99975,1012,128,107,true,26,19,36,26,random
5952,99976,912,64,110,true,29,27,30,24,random
5953,99977,1208,128,127,true,33,41,25,28,random
5954,99978,1100,128,118,true,23,37,31,27,random
5955,99979,2048,256,169,true,50,44,38,37,random
5956,99980,2316,256,194,true,47,47,52,48,random
5957,99981,1340,128,140,true,33,39,27,41,random
5958,99982,2068,256,171,true,40,56,34,41,random
5959,99983,176,16,41,true,12,11,9,9,random
5960,99984,1092,128,117,true,34,23,25,35,random
5961,99985,1296,128,131,true,34,34,28,35,random
5962,99986,372,32,61,true,13,14,14,20,random
5963,99987,1168,128,125,true,30,25,35,35,random
5964,99988,1172,128,127,true,27,34,37,29,random
5965,99989,476,64,70,true,14,19,18,19,random
5966,99990,2344,256,197,true,47,56,45,49,random
5967,99991,600,64,81,true,20,24,22,15,random
5968,99992,1880,128,183,true,49,54,45,35,random
5969,99993,984,64,116,true,34,25,29,28,random
5970,99994,1416,128,144,true,33,33,47,31,random
5971,99995,424,32,72,true,24,22,14,12,random
5972,99996,2448,256,208,true,49,49,48,62,random
5973,99997,2280,256,184,true,45,44,46,49,random
5974,99998,688,64,89,true,20,16,26,27,random
5975,99999,724,64,98,true,20,29,18,31,random
5976,100000,856,64,104,true,35,24,23,22,random
5977,100001,1660,128,164,true,39,50,36,39,random
5978,100002,1048,64,123,true,28,25,40,30,random
5979,100003,452,64,64,true,10,14,20,20,random
5980,100004,712,64,93,true,22,25,23,23,random
5981,100005,616,64,85,true,23,19,20,23,random
5982,100006,1364,128,139,true,24,40,40,35,random
5983,100007,1304,128,132,true,35,29,34,34,random
5984,100008,636,64,83,true,18,21,26,18,random
5985,100009,324,32,59,true,16,15,13,15,random
5986,100010,1376,128,142,true,37,29,37,39,random
5987,100011,672,64,92,true,24,19,27,22,random
5988,100012,1680,128,152,true,45,36,34,37,random
5989,100013,1084,64,128,true,35,29,28,36,random
5990,100014,704,64,94,true,23,19,23,29,random
5991,100015,2236,256,182,true,49,47,42,44,random
5992,100016,3012,256,250,true,70,43,70,67,random
5993,100017,2036,256,171,true,49,41,40,41,random
5994,100018,660,64,91,true,23,29,20,19,random
5995,100019,1068,128,115,true,29,22,28,36,random
5996,100020,908,64,109,true,26,28,29,26,random
5997,100021,1016,128,109,true,35,24,30,20,random
5998,100022,1316,128,135,true,35,26,36,38,random
5999,100023,456,64,64,true,12,18,17,17,random
6000,100024,1516,128,163,true,53,31,43,36,random
6001,100025,1380,128,140,true,40,34,31,35,random
6002,100026,1444,128,150,true,47,29,36,38,random
6003,100027,832,64,99,true,23,26,23,27,random
6004,100028,2256,256,193,true,59,47,43,44,random
6005,100029,704,64,94,true,22,19,25,28,random
6006,100030,448,32,71,true,16,20,17,18,random
6007,100031,664,64,91,true,19,21,25,26,random
6008,100032,1364,128,143,true,38,33,40,32,random
6009,100033,616,64,83,true,23,20,21,19,random
6010,100034,560,64,76,true,25,16,16,19,random
6011,100035,548,64,77,true,21,17,23,16,random
6012,100036,1244,128,130,true,28,32,34,36,random
6013,100037,1088,128,115,true,32,27,24,32,random
6014,100038,720,64,94,true,31,25,19,19,random
6015,100039,880,64,106,true,28,25,25,28,random
6016,100040,1000,128,105,true,21,27,23,34,random
6017,100041,456,64,65,true,16,19,17,13,random
6018,100042,2384,256,205,true,50,53,61,41,random
6019,100043,1420,128,147,true,30,30,49,38,random
6020,100044,680,64,89,true,16,24,23,26,random
6021,100045,2372,256,202,true,37,61,45,59,random
6022,100046,1408,128,145,true,32,28,49,36,random
6023,100047,1376,128,145,true,35,33,45,32,random
6024,100048,564,64,76,true,17,17,24,18,random
6025,100049,844,64,104,true,23,29,25,27,random
6026,100050,1124,128,123,true,30,25,36,32,random
6027,100051,1132,128,122,true,34,26,29,33,random
6028,100052,1236,128,124,true,35,28,31,30,random
6029,100053,244,32,49,true,11,12,13,13,random
6030,100054,1408,128,145,true,36,38,38,33,random
6031,100055,328,32,60,true,20,12,13,15,random
6032,100056,1344,128,141,true,37,26,42,36,random
6033,100057,1188,128,130,true,35,33,27,35,random
6034,100058,1332,128,138,true,28,35,33,42,random
6035,100059,1016,64,120,true,29,30,31,30,random
6036,100060,696,64,92,true,27,20,22,23,random
6037,100061,1076,128,119,true,22,32,31,34,random
6038,100062,1704,128,171,true,37,37,56,41,random
6039,100063,1024,128,111,true,31,21,35,24,random
6040,100064,2852,256,231,true,57,56,54,64,random
6041,100065,1456,128,143,true,34,38,39,32,random
6042,100066,844,64,100,true,27,29,24,20,random
6043,100067,680,64,89,true,27,23,18,21,random
6044,100068,844,64,105,true,25,25,23,32,random
6045,100069,1040,128,111,true,36,21,26,28,random
6046,100070,732,64,91,true,24,18,24,25,random
6047,100071,1584,128,158,true,38,38,44,38,random
6048,100072,580,64,79,true,19,22,15,23,random
6049,100073,468,64,67,true,14,14,16,23,random
6050,100074,268,32,51,true,10,13,13,15,random
6051,100075,1240,128,135,true,37,41,28,29,random
6052,100076,592,64,82,true,22,23,19,18,random
6053,100077,1472,128,153,true,44,34,33,42,random
6054,100078,740,64,89,true,18,21,22,28,random
6055,100079,1392,128,142,true,33,32,42,35,random
6056,100080,916,64,112,true,25,30,21,36,random
6057,100081,908,64,110,true,23,21,34,32,random
6058,100082,1044,128,115,true,36,29,31,19,random
6059,100083,408,32,68,true,20,20,17,11,random
6060,100084,444,32,73,true,14,21,18,20,random
6061,100085,2324,256,188,true,49,47,40,52,random
6062,100086,1324,128,136,true,32,31,40,33,random
6063,100087,1568,128,154,true,38,48,36,32,random
6064,100088,608,64,83,true,19,20,22,22,random
6065,100089,1332,128,137,true,38,37,28,34,random
6066,100090,744,64,93,true,22,25,25,21,random
6067,100091,964,64,118,true,31,29,31,27,random
6068,100092,652,64,86,true,22,23,17,24,random
6069,100093,604,64,81,true,15,22,21,23,random
6070,100094,1444,128,148,true,42,31,38,37,random
6071,100095,1352,128,141,true,27,36,41,37,random
6072,100096,648,64,88,true,20,24,26,18,random
6073,100097,1636,128,163,true,47,40,38,38,random
6074,100098,580,64,79,true,20,23,19,17,random
6075,100099,464,64,68,true,20,15,17,16,random
6076,100100,1288,128,131,true,27,41,30,33,random
6077,100101,1692,128,175,true,49,46,32,48,random
6078,100102,2136,256,180,true,54,38,39,49,random
6079,100103,1124,128,118,true,30,29,23,36,random
6080,100104,1408,128,146,true,40,27,39,40,random
6081,100105,752,64,95,true,31,30,19,15,random
6082,100106,1232,128,133,true,32,35,35,31,random
6083,100107,708,64,96,true,29,24,22,21,random
6084,100108,1196,128,131,true,38,31,33,29,random
6085,100109,1112,128,116,true,30,30,32,24,random
6086,100110,680,64,89,true,23,21,23,22,random
6087,100111,636,64,88,true,26,21,16,25,random
6088,100112,2200,256,183,true,44,48,42,49,random
6089,100113,1356,128,137,true,39,35,29,34,random
6090,100114,756,64,96,true,24,20,24,28,random
6091,100115,1160,128,125,true,33,26,30,36,random
6092,100116,708,64,95,true,25,17,28,25,random
6093,100117,312,32,57,true,16,11,12,18,random
6094,100118,1504,128,157,true,39,38,40,40,random
6095,100119,648,64,85,true,21,18,21,25,random
6096,100120,2216,256,189,true,45,50,37,57,random
6097,100121,1412,128,146,true,45,35,28,38,random
6098,100122,1076,128,113,true,22,27,32,32,random
6099,100123,1004,128,107,true,23,24,30,30,random
6100,100124,764,64,94,true,19,26,26,23,random
6101,100125,1548,128,160,true,34,47,40,39,random
6102,100126,1332,128,139,true,27,34,43,35,random
6103,100127,1276,128,129,true,31,33,28,37,random
6104,100128,688,64,90,true,24,19,26,21,random
6105,100129,2208,256,186,true,52,44,53,37,random
6106,100130,1116,128,118,true,25,32,29,32,random
6107,100131,712,64,87,true,17,26,25,19,random
6108,100132,1132,128,121,true,39,27,29,26,random
6109,100133,1456,128,152,true,40,32,39,41,random
6110,100134,2252,256,183,true,61,40,35,47,random
6111,100135,916,64,111,true,30,19,27,35,random
6112,100136,780,64,95,true,25,26,26,18,random
6113,100137,1332,128,139,true,39,40,30,30,random
6114,100138,1544,128,164,true,41,42,40,41,random
6115,100139,1260,128,136,true,40,32,29,35,random
6116,100140,924,64,110,true,25,29,27,29,random
6117,100141,588,64,81,true,19,26,21,15,random
6118,100142,596,64,83,true,23,21,16,23,random
6119,100143,2472,256,214,true,60,44,50,60,random
6120,100144,2036,256,172,true,46,39,50,37,random
6121,100145,608,64,86,true,20,21,22,23,random
6122,100146,1604,128,162,true,39,37,39,47,random
6123,100147,1280,128,140,true,32,31,38,39,random
6124,100148,2332,256,196,true,55,47,52,42,random
6125,100149,1420,128,148,true,38,35,42,33,random
6126,100150,1340,128,137,true,36,31,37,33,random
6127,100151,1144,128,124,true,29,41,26,28,random
6128,100152,1736,128,164,true,46,32,44,42,random
6129,100153,620,64,80,true,25,17,16,22,random
6130,100154,2260,256,186,true,55,40,49,42,random
6131,100155,1136,128,123,true,37,28,21,37,random
6132,100156,2528,256,214,true,56,50,53,55,random
6133,100157,1316,128,136,true,27,39,30,40,random
6134,100158,2208,256,189,true,41,56,47,45,random
6135,100159,1312,128,134,true,28,27,41,38,random
6136,100160,1000,128,106,true,28,33,24,21,random
6137,100161,1052,128,116,true,31,31,28,26,random
6138,100162,1604,128,162,true,41,48,33,40,random
6139,100163,1080,128,114,true,24,25,38,27,random
6140,100164,1384,128,146,true,45,35,35,31,random
6141,100165,548,64,74,true,16,18,15,25,random
6142,100166,1224,128,128,true,25,30,39,34,random
6143,100167,784,64,98,true,27,21,29,21,random
6144,100168,676,64,88,true,21,26,19,22,random
6145,100169,1844,128,175,true,44,45,39,47,random
6146,100170,588,64,82,true,17,24,23,18,random
6147,100171,668,64,93,true,20,28,26,19,random
6148,100172,688,64,91,true,20,16,27,28,random
6149,100173,1220,128,118,true,18,34,36,30,random
6150,100174,1360,128,142,true,32,35,35,40,random
6151,100175,856,64,105,true,24,24,24,33,random
6152,100176,1304,128,134,true,37,41,23,33,random
6153,100177,412,32,69,true,14,17,19,19,random
6154,100178,1124,128,120,true,24,30,32,34,random
6155,100179,1496,128,148,true,35,33,39,41,random
6156,100180,1140,128,113,true,33,27,23,30,random
6157,100181,328,32,58,true,13,11,16,18,random
6158,100182,940,64,114,true,25,31,34,24,random
6159,100183,1144,128,124,true,31,24,38,31,random
6160,100184,1280,128,132,true,36,33,36,27,random
6161,100185,348,32,62,true,17,9,18,18,random
6162,100186,988,128,104,true,24,28,27,25,random
6163,100187,1396,128,144,true,39,35,45,25,random
6164,100188,1084,128,115,true,24,27,30,34,random
6165,100189,2696,256,234,true,59,61,61,53,random
6166,100190,632,64,88,true,21,19,23,25,random
6167,100191,572,64,78,true,19,18,24,17,random
6168,100192,1004,64,123,true,39,35,21,28,random
6169,100193,1412,128,147,true,46,31,38,32,random
6170,100194,820,64,106,true,32,32,18,24,random
6171,100195,836,64,107,true,26,33,26,22,random
6172,100196,652,64,86,true,20,25,18,23,random
6173,100197,580,64,76,true,17,20,18,21,random
6174,100198,568,64,81,true,18,22,18,23,random
6175,100199,1380,128,140,true,39,33,39,29,random
6176,100200,1564,128,160,true,36,43,39,42,random
6177,100201,592,64,83,true,22,14,25,22,random
6178,100202,2168,256,187,true,37,51,54,45,random
6179,100203,1204,128,124,true,33,32,29,30,random
6180,100204,1408,128,145,true,40,38,27,40,random
6181,100205,1648,128,170,true,48,45,39,38,random
6182,100206,612,64,83,true,21,19,24,19,random
6183,100207,1336,128,140,true,27,34,33,46,random
6184,100208,1048,128,112,true,27,30,30,25,random
6185,100209,904,128,96,true,31,29,20,16,random
6186,100210,2284,256,190,true,40,50,53,47,random
6187,100211,668,64,89,true,26,18,20,25,random
6188,100212,2480,256,205,true,51,44,56,54,random
6189,100213,1184,128,123,true,31,30,33,29,random
6190,100214,988,64,117,true,27,36,24,30,random
6191,100215,1048,128,110,true,29,23,28,30,random
6192,100216,1432,128,148,true,37,33,41,37,random
6193,100217,492,64,68,true,11,15,22,20,random
6194,100218,1212,128,126,true,36,31,29,30,random
6195,100219,1000,128,106,true,21,35,26,24,random
6196,100220,1108,128,123,true,38,36,23,26,random
6197,100221,540,64,74,true,14,21,22,17,random
6198,100222,1572,128,152,true,38,39,35,40,random
6199,100223,1112,128,117,true,26,31,30,30,random
6200,100224,880,64,109,true,29,27,27,26,random
6201,100225,936,128,101,true,29,25,24,23,random
6202,100226,768,64,94,true,22,22,23,27,random
6203,100227,1276,128,136,true,32,34,35,35,random
6204,100228,1220,128,133,true,29,42,26,36,random
6205,100229,376,32,62,true,14,12,17,19,random
6206,100230,1168,128,125,true,29,30,33,33,random
6207,100231,340,32,56,true,14,11,16,15,random
6208,100232,1260,128,127,true,41,22,33,31,random
6209,100233,856,64,102,true,28,22,32,20,random
6210,100234,604,64,82,true,20,24,21,17,random
6211,100235,764,64,93,true,23,26,24,20,random
6212,100236,1332,128,139,true,35,35,39,30,random
6213,100237,680,64,89,true,18,28,21,22,random
6214,100238,724,64,96,true,28,19,22,27,random
6215,100239,592,64,82,true,21,16,23,22,random
6216,100240,376,32,62,true,14,17,21,10,random
6217,100241,544,64,75,true,22,23,14,16,random
6218,100242,352,32,59,true,14,16,14,15,random
6219,100243,1464,128,148,true,35,39,33,41,random
6220,100244,412,32,67,true,22,17,14,14,random
6221,100245,560,64,76,true,12,16,21,27,random
6222,100246,1200,128,122,true,31,25,31,35,random
6223,100247,596,64,81,true,16,25,17,23,random
6224,100248,1332,128,138,true,30,31,40,37,random
6225,100249,768,64,100,true,20,24,23,33,random
6226,100250,2596,256,225,true,60,49,62,54,random
6227,100251,924,64,111,true,22,34,26,29,random
6228,100252,604,64,85,true,18,19,24,24,random
6229,100253,1544,128,156,true,37,33,41,45,random
6230,100254,744,64,99,true,28,24,22,25,random
6231,100255,1368,128,144,true,34,37,35,38,random
6232,100256,624,64,86,true,19,24,25,18,random
6233,100257,1496,128,153,true,37,45,37,34,random
6234,100258,2412,256,204,true,49,50,47,58,random
6235,100259,2424,256,202,true,50,47,58,47,random
6236,100260,1224,128,135,true,37,32,33,33,random
6237,100261,1324,128,136,true,29,39,36,32,random
6238,100262,572,64,79,true,19,16,29,15,random
6239,100263,340,32,60,true,12,15,15,18,random
6240,100264,1172,128,128,true,34,33,32,29,random
6241,100265,2280,256,189,true,49,54,47,39,random
6242,100266,952,64,112,true,24,29,32,27,random
6243,100267,2188,256,189,true,50,43,51,45,random
6244,100268,1256,128,132,true,38,31,30,33,random
6245,100269,1736,128,160,true,41,35,48,36,random
6246,100270,1028,128,106,true,29,27,25,25,random
6247,100271,348,32,59,true,14,14,14,17,random
6248,100272,2036,256,170,true,51,45,36,38,random
6249,100273,1252,128,126,true,31,35,30,30,random
6250,100274,896,64,109,true,29,30,28,22,random
6251,100275,924,64,115,true,20,37,25,33,random
6252,100276,1064,128,109,true,21,28,32,28,random
6253,100277,1368,128,143,true,36,33,38,36,random
6254,100278,624,64,85,true,17,26,25,17,random
6255,100279,1544,128,160,true,39,44,38,39,random
6256,100280,584,64,78,true,26,21,10,21,random
6257,100281,340,32,57,true,10,14,14,19,random
6258,100282,2304,256,189,true,53,45,45,46,random
6259,100283,1204,128,124,true,29,30,33,32,random
6260,100284,696,64,92,true,25,24,15,28,random
6261,100285,568,64,78,true,20,18,21,19,random
6262,100286,1112,128,120,true,31,27,32,30,random
6263,100287,1408,128,142,true,36,48,30,28,random
6264,100288,1152,64,129,true,32,38,26,33,random
6265,100289,1360,128,141,true,37,39,34,31,random
6266,100290,780,64,103,true,28,26,26,23,random
6267,100291,1436,128,147,true,42,37,33,35,random
6268,100292,696,64,92,true,20,21,22,29,random
6269,100293,1172,128,126,true,35,23,32,36,random
6270,100294,708,64,94,true,26,26,21,21,random
6271,100295,688,64,94,true,25,27,19,23,random
6272,100296,1316,128,134,true,34,39,27,34,random
6273,100297,1372,128,141,true,37,33,33,38,random
6274,100298,752,64,100,true,23,26,30,21,random
6275,100299,524,64,70,true,15,21,20,14,random
6276,100300,628,64,84,true,26,15,24,19,random
6277,100301,688,64,96,true,26,23,22,25,random
6278,100302,1636,128,166,true,30,40,44,52,random
6279,100303,2044,256,170,true,41,43,46,40,random
6280,100304,280,32,53,true,11,17,8,17,random
6281,100305,1336,128,136,true,42,25,27,42,random
6282,100306,644,64,90,true,23,27,12,28,random
6283,100307,1348,128,141,true,31,43,25,42,random
6284,100308,1292,128,134,true,38,25,37,34,random
6285,100309,708,64,86,true,20,24,17,25,random
6286,100310,872,64,104,true,27,21,30,26,random
6287,100311,2340,256,199,true,46,52,47,54,random
6288,100312,704,64,91,true,20,27,24,20,random
6289,100313,2128,256,179,true,43,53,47,36,random
6290,100314,2468,256,213,true,65,45,49,54,random
6291,100315,1280,128,132,true,34,33,31,34,random
6292,100316,672,64,89,true,23,23,20,23,random
6293,100317,704,64,94,true,26,23,17,28,random
6294,100318,1264,128,126,true,30,38,26,32,random
6295,100319,2092,256,174,true,42,49,49,34,random
6296,100320,1372,128,144,true,33,40,36,35,random
6297,100321,2392,256,201,true,54,51,53,43,random
6298,100322,792,64,97,true,22,22,30,23,random
6299,100323,676,64,88,true,21,18,19,30,random
6300,100324,280,32,53,true,14,11,13,15,random
6301,100325,908,128,98,true,20,15,30,33,random
6302,100326,1484,128,153,true,30,48,43,32,random
6303,100327,1100,128,121,true,33,20,35,33,random
6304,100328,1276,128,135,true,40,34,24,37,random
6305,100329,844,64,102,true,27,27,24,24,random
6306,100330,1504,128,154,true,44,33,34,43,random
6307,100331,640,64,89,true,22,23,22,22,random
6308,100332,440,64,62,true,17,17,14,14,random
6309,100333,948,128,103,true,32,26,20,25,random
6310,100334,1188,128,130,true,24,36,37,33,random
6311,100335,2168,256,184,true,53,44,39,48,random
6312,100336,1216,128,131,true,32,37,32,30,random
6313,100337,1388,128,147,true,43,34,30,40,random
6314,100338,1352,128,141,true,25,42,41,33,random
6315,100339,1304,128,134,true,38,30,33,33,random
6316,100340,716,64,92,true,24,26,23,19,random
6317,100341,164,32,35,true,10,9,6,10,random
6318,100342,628,64,87,true,25,30,20,12,random
6319,100343,1036,128,113,true,21,40,26,26,random
6320,100344,968,64,119,true,33,28,29,29,random
6321,100345,1332,128,138,true,45,28,35,30,random
6322,100346,1156,128,125,true,31,32,33,29,random
6323,100347,1340,128,139,true,33,37,30,39,random
6324,100348,1052,128,113,true,29,31,29,24,random
6325,100349,780,64,98,true,26,25,22,25,random
6326,100350,672,64,90,true,19,22,23,26,random
6327,100351,900,128,96,true,29,26,18,23,random
6328,100352,576,64,80,true,18,21,18,23,random
6329,100353,1072,128,118,true,31,34,38,15,random
6330,100354,628,64,87,true,15,27,24,21,random
6331,100355,2132,256,179,true,44,48,38,49,random
6332,100356,1496,128,158,true,31,44,36,47,random
6333,100357,976,64,118,true,25,36,27,30,random
6334,100358,1148,128,123,true,32,28,31,32,random
6335,100359,640,64,90,true,20,28,18,24,random
6336,100360,840,64,101,true,29,22,27,23,random
6337,100361,664,64,88,true,28,13,24,23,random
6338,100362,1764,128,167,true,39,41,38,49,random
6339,100363,608,64,86,true,17,26,21,22,random
6340,100364,772,64,103,true,30,29,18,26,random
6341,100365,620,64,82,true,16,25,20,21,random
6342,100366,564,64,77,true,18,15,25,19,random
6343,100367,580,64,80,true,21,12,28,19,random
6344,100368,424,64,63,true,15,18,13,17,random
6345,100369,412,32,68,true,17,13,15,23,random
6346,100370,2380,256,197,true,51,51,46,49,random
6347,100371,552,64,77,true,18,20,21,18,random
6348,100372,476,64,70,true,20,15,21,14,random
6349,100373,240,32,47,true,12,6,15,14,random
6350,100374,624,64,86,true,26,21,22,17,random
6351,100375,1140,128,122,true,31,28,41,22,random
6352,100376,972,128,102,true,25,35,17,25,random
6353,100377,2224,256,183,true,44,47,47,45,random
6354,100378,824,64,103,true,24,24,24,31,random
6355,100379,1780,128,170,true,35,39,51,45,random
6356,100380,280,32,53,true,15,12,11,15,random
6357,100381,1464,128,151,true,43,38,43,27,random
6358,100382,1468,128,156,true,40,37,41,38,random
6359,100383,1308,128,137,true,43,24,32,38,random
6360,100384,1320,128,136,true,32,31,48,25,random
6361,100385,1112,128,120,true,30,27,30,33,random
6362,100386,1256,128,131,true,31,32,39,29,random
6363,100387,936,128,94,true,22,27,23,22,random
6364,100388,1452,128,152,true,36,37,32,47,random
6365,100389,576,64,78,true,18,18,20,22,random
6366,100390,1236,128,131,true,41,28,40,22,random
6367,100391,1336,128,139,true,30,50,31,28,random
6368,100392,1084,128,117,true,29,35,31,22,random
6369,100393,1420,128,145,true,31,34,37,43,random
6370,100394,880,128,92,true,22,31,22,17,random
6371,100395,1344,128,138,true,35,39,35,29,random
6372,100396,1252,128,124,true,28,34,27,35,random
6373,100397,1116,128,120,true,32,29,33,26,random
6374,100398,1460,128,150,true,42,35,41,32,random
6375,100399,1280,128,132,true,40,31,25,36,random
6376,100400,1440,128,151,true,39,46,26,40,random
6377,100401,1292,128,133,true,30,33,38,32,random
6378,100402,1488,128,154,true,41,41,37,35,random
6379,100403,580,32,84,true,15,22,28,19,random
6380,100404,652,64,86,true,20,21,25,20,random
6381,100405,1324,128,144,true,33,29,41,41,random
6382,100406,156,16,40,true,13,6,11,10,random
6383,100407,1228,128,129,true,34,39,24,32,random
6384,100408,540,32,81,true,26,13,26,16,random
6385,100409,624,64,85,true,18,22,18,27,random
6386,100410,1488,128,147,true,39,33,41,34,random
6387,100411,2420,256,209,true,51,48,58,52,random
6388,100412,668,64,93,true,14,23,28,28,random
6389,100413,1512,128,149,true,35,39,38,37,random
6390,100414,316,32,57,true,15,10,14,18,random
6391,100415,684,64,91,true,26,20,25,20,random
6392,100416,1508,128,151,true,48,35,40,28,random
6393,100417,1048,128,110,true,24,31,22,33,random
6394,100418,996,64,121,true,31,28,36,26,random
6395,100419,852,64,101,true,23,29,26,23,random
6396,100420,424,32,71,true,17,24,15,15,random
6397,100421,476,64,70,true,19,19,19,13,random
6398,100422,1092,64,130,true,38,37,30,25,random
6399,100423,2008,256,165,true,38,48,36,43,random
6400,100424,908,64,112,true,29,26,34,23,random
6401,100425,1032,128,111,true,28,22,37,24,random
6402,100426,704,64,93,true,19,21,24,29,random
6403,100427,976,128,103,true,23,26,19,35,random
6404,100428,608,64,83,true,25,16,19,23,random
6405,100429,516,64,70,true,16,20,15,19,random
6406,100430,1888,128,185,true,46,54,39,46,random
6407,100431,292,32,56,true,19,8,14,15,random
6408,100432,2132,256,179,true,50,43,45,41,random
6409,100433,1056,128,118,true,30,26,34,28,random
6410,100434,988,64,120,true,31,28,37,24,random
6411,100435,2236,256,179,true,40,44,50,45,random
6412,100436,2368,256,202,true,63,48,46,45,random
6413,100437,1344,128,136,true,37,27,32,40,random
6414,100438,1212,128,126,true,34,27,35,30,random
6415,100439,772,64,105,true,24,30,21,30,random
6416,100440,1328,128,137,true,41,37,32,27,random
6417,100441,728,64,89,true,20,28,23,18,random
6418,100442,1268,128,132,true,32,26,34,40,random
6419,100443,1040,64,125,true,31,30,35,29,random
6420,100444,1324,128,137,true,28,33,34,42,random
6421,100445,1324,128,138,true,36,35,31,36,random
6422,100446,656,64,87,true,28,20,13,26,random
6423,100447,868,64,107,true,29,26,24,28,random
6424,100448,1116,128,123,true,32,29,30,32,random
6425,100449,1736,128,164,true,46,37,43,38,random
6426,100450,1392,128,144,true,35,43,35,31,random
6427,100451,2620,256,221,true,64,56,48,53,random
6428,100452,792,64,100,true,24,22,25,29,random
6429,100453,424,64,61,true,17,18,14,12,random
6430,100454,1468,128,156,true,49,37,38,32,random
6431,100455,1328,128,138,true,30,35,44,29,random
6432,100456,580,64,79,true,18,23,24,14,random
6433,100457,1156,128,124,true,25,36,32,31,random
6434,100458,1248,128,130,true,35,31,31,33,random
6435,100459,472,64,69,true,16,20,13,20,random
6436,100460,1132,128,121,true,27,36,28,30,random
6437,100461,1452,128,141,true,40,38,38,25,random
6438,100462,788,64,94,true,23,18,25,28,random
6439,100463,972,128,109,true,27,18,39,25,random
6440,100464,1292,128,133,true,34,36,29,34,random
6441,100465,1204,128,128,true,32,32,32,32,random
6442,100466,1712,128,170,true,43,44,36,47,random
6443,100467,1160,128,127,true,33,31,34,29,random
6444,100468,1288,128,132,true,34,35,33,30,random
6445,100469,2120,256,177,true,52,33,46,46,random
6446,100470,772,64,103,true,31,28,25,19,random
6447,100471,672,64,90,true,25,23,22,20,random
6448,100472,784,64,97,true,29,25,23,20,random
6449,100473,1264,128,127,true,35,30,34,28,random
6450,100474,1432,128,148,true,31,49,36,32,random
6451,100475,1340,128,138,true,36,31,34,37,random
6452,100476,1740,128,161,true,44,35,35,47,random
6453,100477,2748,256,221,true,54,58,57,52,random
6454,100478,1056,128,114,true,31,29,29,25,random
6455,100479,1328,128,139,true,33,34,44,28,random
6456,100480,1276,128,130,true,33,30,35,32,random
6457,100481,684,64,91,true,26,21,21,23,random
6458,100482,612,64,87,true,25,21,24,17,random
6459,100483,1308,128,134,true,45,29,35,25,random
6460,100484,388,32,64,true,19,18,16,11,random
6461,100485,568,64,78,true,21,13,22,22,random
6462,100486,612,64,83,true,22,17,27,17,random
6463,100487,1500,128,149,true,33,37,43,36,random
6464,100488,724,64,97,true,24,24,25,24,random
6465,100489,2216,256,189,true,50,39,43,57,random
6466,100490,336,32,56,true,18,17,9,12,random
6467,100491,1420,128,144,true,38,33,40,33,random
6468,100492,816,64,105,true,24,28,27,26,random
6469,100493,676,64,94,true,19,27,25,23,random
6470,100494,708,64,95,true,23,23,27,22,random
6471,100495,1224,128,127,true,33,32,29,33,random
6472,100496,632,64,85,true,27,18,23,17,random
6473,100497,976,128,107,true,31,27,24,25,random
6474,100498,1980,256,162,true,43,35,42,42,random
6475,100499,1336,128,140,true,32,32,43,33,random
6476,100500,452,64,66,true,21,13,14,18,random
6477,100501,1328,128,139,true,29,40,33,37,random
6478,100502,580,64,80,true,12,22,21,25,random
6479,100503,432,64,62,true,19,12,16,15,random
6480,100504,608,64,80,true,22,21,22,15,random
6481,100505,1300,128,131,true,36,31,34,30,random
6482,100506,588,64,82,true,17,19,21,25,random
6483,100507,960,64,113,true,31,28,27,27,random
6484,100508,1304,128,135,true,37,31,34,33,random
6485,100509,1268,128,128,true,29,37,32,30,random
6486,100510,836,64,100,true,25,24,28,23,random
6487,100511,2312,256,192,true,42,49,53,48,random
6488,100512,1284,128,133,true,39,34,24,36,random
6489,100513,1612,128,162,true,38,42,42,40,random
6490,100514,1496,128,154,true,40,29,39,46,random
6491,100515,628,64,87,true,23,24,21,19,random
6492,100516,1268,128,127,true,34,31,26,36,random
6493,100517,532,32,79,true,19,15,26,19,random
6494,100518,1216,128,133,true,33,37,35,28,random
6495,100519,2440,256,203,true,61,47,52,43,random
6496,100520,1220,128,128,true,33,41,22,32,random
6497,100521,1064,128,113,true,27,27,27,32,random
6498,100522,760,64,93,true,23,20,24,26,random
6499,100523,496,32,80,true,17,18,19,26,random
6500,100524,1160,64,128,true,30,30,39,29,random
6501,100525,860,64,105,true,26,27,34,18,random
6502,100526,620,64,85,true,22,25,16,22,random
6503,100527,488,32,74,true,21,17,12,24,random
6504,100528,468,64,67,true,15,20,16,16,random
6505,100529,692,64,94,true,24,27,21,22,random
6506,100530,1188,128,125,true,33,25,31,36,random
6507,100531,636,64,82,true,19,26,22,15,random
6508,100532,904,128,96,true,23,29,25,19,random
6509,100533,2496,256,217,true,47,61,54,55,random
6510,100534,1336,128,139,true,32,40,34,33,random
6511,100535,740,64,98,true,24,26,27,21,random
6512,100536,1280,128,131,true,32,31,33,35,random
6513,100537,1016,64,123,true,27,33,34,29,random
6514,100538,1076,128,118,true,31,32,29,26,random
6515,100539,624,64,84,true,19,20,27,18,random
6516,100540,1140,128,123,true,32,34,29,28,random
6517,100541,2056,256,171,true,55,32,41,43,random
6518,100542,1300,128,135,true,33,30,33,39,random
6519,100543,1056,64,125,true,32,30,30,33,random
6520,100544,1252,128,131,true,33,37,33,28,random
6521,100545,356,32,62,true,13,12,21,16,random
6522,100546,1304,128,136,true,33,33,33,37,random
6523,100547,476,64,70,true,17,22,19,12,random
6524,100548,2152,256,178,true,43,38,44,53,random
6525,100549,724,64,89,true,21,19,22,27,random
6526,100550,444,32,73,true,21,16,18,18,random
6527,100551,2296,256,192,true,44,54,41,53,random
6528,100552,1108,128,118,true,25,34,31,28,random
6529,100553,1316,128,135,true,35,33,30,37,random
6530,100554,620,64,80,true,20,26,17,17,random
6531,100555,432,64,60,true,14,19,14,13,random
6532,100556,1276,128,130,true,32,30,36,32,random
6533,100557,560,64,77,true,19,16,18,24,random
6534,100558,1152,128,122,true,26,33,37,26,random
6535,100559,620,64,85,true,21,25,17,22,random
6536,100560,660,64,84,true,23,18,18,25,random
6537,100561,1088,64,128,true,33,29,34,32,random
6538,100562,444,32,70,true,18,22,15,15,random
6539,100563,1192,128,121,true,40,34,25,22,random
6540,100564,532,32,82,true,26,18,17,21,random
6541,100565,644,64,87,true,28,16,21,22,random
6542,100566,1596,128,161,true,43,35,44,39,random
6543,100567,980,128,105,true,23,26,29,27,random
6544,100568,1300,128,138,true,39,35,32,32,random
6545,100569,868,64,104,true,20,22,31,31,random
6546,100570,1396,128,144,true,34,42,34,34,random
6547,100571,1276,128,129,true,31,26,40,32,random
6548,100572,1288,128,133,true,32,29,36,36,random
6549,100573,1368,128,144,true,38,37,30,39,random
6550,100574,1544,128,159,true,30,48,42,39,random
6551,100575,1268,128,131,true,33,30,35,33,random
6552,100576,900,64,110,true,25,24,28,33,random
6553,100577,1340,128,138,true,34,37,32,35,random
6554,100578,736,64,98,true,20,25,31,22,random
6555,100579,1340,128,139,true,36,28,36,39,random
6556,100580,1428,128,150,true,40,37,33,40,random
6557,100581,1412,128,146,true,36,42,38,30,random
6558,100582,1056,128,117,true,30,28,32,27,random
6559,100583,1640,128,167,true,51,35,44,37,random
6560,100584,1380,128,143,true,33,33,35,42,random
6561,100585,844,64,102,true,20,32,26,24,random
6562,100586,1092,64,123,true,33,34,28,28,random
6563,100587,632,64,87,true,18,25,22,22,random
6564,100588,1400,128,147,true,40,38,38,31,random
6565,100589,1468,128,149,true,46,35,36,32,random
6566,100590,700,64,89,true,23,18,25,23,random
6567,100591,1656,128,157,true,42,36,40,39,random
6568,100592,1392,128,143,true,36,34,33,40,random
6569,100593,1436,128,149,true,42,35,32,40,random
6570,100594,1080,128,113,true,31,27,30,25,random
6571,100595,696,64,91,true,25,14,23,29,random
6572,100596,2052,256,171,true,53,43,43,32,random
6573,100597,1244,128,132,true,31,32,35,34,random
6574,100598,2072,256,176,true,44,49,36,47,random
6575,100599,612,64,83,true,22,17,20,24,random
6576,100600,1356,128,141,true,27,37,40,37,random
6577,100601,1348,128,142,true,37,34,37,34,random
6578,100602,1312,128,135,true,37,35,39,24,random
6579,100603,1260,128,132,true,34,29,38,31,random
6580,100604,1360,128,142,true,28,36,48,30,random
6581,100605,352,32,63,true,12,13,20,18,random
6582,100606,1356,128,143,true,38,41,33,31,random
6583,100607,232,32,45,true,14,9,10,12,random
6584,100608,1292,128,130,true,29,39,32,30,random
6585,100609,1320,128,135,true,38,27,34,36,random
6586,100610,1332,128,139,true,30,39,35,35,random
6587,100611,1088,128,115,true,28,31,26,30,random
6588,100612,1596,128,161,true,40,44,37,40,random
6589,100613,1612,128,161,true,44,39,39,39,random
6590,100614,804,64,99,true,23,27,27,22,random
6591,100615,564,64,77,true,20,23,15,19,random
6592,100616,1332,128,138,true,35,33,36,34,random
6593,100617,796,64,101,true,22,35,17,27,random
6594,100618,1084,128,120,true,28,29,29,34,random
6595,100619,2060,128,192,true,51,50,45,46,random
6596,100620,1376,128,145,true,35,39,31,40,random
6597,100621,1048,128,113,true,27,22,34,30,random
6598,100622,1432,128,147,true,40,39,38,30,random
6599,100623,672,64,88,true,24,25,17,22,random
6600,100624,2392,256,201,true,48,43,50,60,random
6601,100625,756,64,99,true,29,23,23,24,random
6602,100626,644,64,84,true,26,17,22,19,random
6603,100627,412,32,68,true,11,23,19,15,random
6604,100628,1296,128,132,true,36,31,37,28,random
6605,100629,1184,128,121,true,32,32,27,30,random
6606,100630,760,64,96,true,24,21,24,27,random
6607,100631,732,64,100,true,17,26,26,31,random
6608,100632,1480,128,153,true,41,35,46,31,random
6609,100633,2024,256,168,true,45,38,41,44,random
6610,100634,1612,128,170,true,33,51,39,47,random
6611,100635,1212,128,125,true,29,37,31,28,random
6612,100636,972,64,114,true,31,28,28,27,random
6613,100637,1172,128,126,true,31,30,30,35,random
6614,100638,1124,128,120,true,27,32,34,27,random
6615,100639,660,64,88,true,21,20,27,20,random
6616,100640,1204,128,126,true,26,30,36,34,random
6617,100641,2380,256,201,true,52,52,42,55,random
6618,100642,2468,256,210,true,56,42,59,53,random
6619,100643,772,64,95,true,28,18,25,24,random
6620,100644,1384,128,140,true,33,35,34,38,random
6621,100645,1124,128,119,true,30,36,27,26,random
6622,100646,928,128,100,true,27,25,20,28,random
6623,100647,1128,128,121,true,29,36,32,24,random
6624,100648,872,64,104,true,23,30,27,24,random
6625,100649,1416,128,147,true,36,32,45,34,random
6626,100650,1020,128,110,true,31,21,28,30,random
6627,100651,1208,128,125,true,36,36,28,25,random
6628,100652,672,64,93,true,22,22,27,22,random
6629,100653,1140,128,119,true,24,29,31,35,random
6630,100654,540,64,75,true,20,19,16,20,random
6631,100655,280,32,53,true,20,10,8,15,random
6632,100656,196,32,40,true,6,12,10,12,random
6633,100657,812,64,105,true,20,25,31,29,random
6634,100658,1164,128,125,true,42,27,30,26,random
6635,100659,1192,128,131,true,27,31,46,27,random
6636,100660,1076,128,115,true,23,27,33,32,random
6637,100661,1300,128,132,true,32,32,39,29,random
6638,100662,2548,256,218,true,54,50,60,54,random
6639,100663,616,64,86,true,27,22,15,22,random
6640,100664,976,64,114,true,23,34,30,27,random
6641,100665,1220,128,127,true,33,37,27,30,random
6642,100666,700,64,94,true,18,26,21,29,random
6643,100667,628,64,81,true,21,22,19,19,random
6644,100668,576,64,80,true,17,22,23,18,random
6645,100669,496,32,76,true,14,22,23,17,random
6646,100670,1332,128,138,true,33,35,30,40,random
6647,100671,596,64,79,true,23,21,19,16,random
6648,100672,1336,128,137,true,34,38,35,30,random
6649,100673,1428,128,147,true,37,38,35,37,random
6650,100674,1340,128,139,true,32,36,37,34,random
6651,100675,1232,128,126,true,32,36,31,27,random
6652,100676,664,64,86,true,20,24,17,25,random
6653,100677,580,64,80,true,19,25,17,19,random
6654,100678,724,64,93,true,24,21,22,26,random
6655,100679,964,128,101,true,25,25,28,23,random
6656,100680,556,64,78,true,22,17,21,18,random
6657,100681,740,64,98,true,25,26,22,25,random
6658,100682,740,64,98,true,27,22,22,27,random
6659,100683,1372,128,144,true,27,38,43,36,random
6660,100684,588,64,81,true,22,13,21,25,random
6661,100685,1796,128,171,true,52,42,35,42,random
6662,100686,668,64,87,true,22,16,22,27,random
6663,100687,1144,128,123,true,28,28,29,38,random
6664,100688,1052,128,114,true,33,28,29,24,random
6665,100689,288,32,53,true,12,15,10,16,random
6666,100690,480,64,71,true,23,18,13,17,random
6667,100691,1016,64,123,true,28,29,37,29,random
6668,100692,832,64,99,true,24,28,21,26,random
6669,100693,1472,128,152,true,34,32,39,47,random
6670,100694,700,64,94,true,24,28,20,22,random
6671,100695,1372,128,143,true,31,39,32,41,random
6672,100696,840,64,102,true,35,16,24,27,random
6673,100697,1104,128,118,true,35,32,21,30,random
6674,100698,760,64,93,true,24,31,19,19,random
6675,100699,408,32,68,true,18,17,17,16,random
6676,100700,620,64,80,true,17,20,23,20,random
6677,100701,1660,128,168,true,37,38,47,46,random
6678,100702,2384,256,199,true,41,56,51,51,random
6679,100703,2476,256,212,true,57,43,63,49,random
6680,100704,1568,128,155,true,46,34,37,38,random
6681,100705,1108,128,116,true,25,38,20,33,random
6682,100706,2032,256,166,true,34,48,39,45,random
6683,100707,628,64,87,true,16,27,21,23,random
6684,100708,640,64,83,true,25,19,25,14,random
6685,100709,1368,128,143,true,38,39,30,36,random
6686,100710,1400,128,147,true,34,41,35,37,random
6687,100711,648,64,85,true,26,21,18,20,random
6688,100712,1412,128,148,true,35,41,42,30,random
6689,100713,784,64,104,true,23,22,28,31,random
6690,100714,1052,128,112,true,30,25,30,27,random
6691,100715,944,64,113,true,34,30,29,20,random
6692,100716,1276,128,137,true,31,39,36,31,random
6693,100717,1032,128,110,true,24,26,30,30,random
6694,100718,676,64,87,true,28,21,20,18,random
6695,100719,2360,256,201,true,53,62,40,46,random
6696,100720,1592,128,157,true,34,41,38,44,random
6697,100721,364,32,62,true,13,17,13,19,random
6698,100722,1332,128,139,true,33,32,33,41,random
6699,100723,1228,128,130,true,36,31,33,30,random
6700,100724,960,64,117,true,31,29,29,28,random
6701,100725,668,64,87,true,16,22,25,24,random
6702,100726,1004,128,105,true,23,30,25,27,random
6703,100727,712,64,95,true,25,22,21,27,random
6704,100728,612,64,81,true,20,23,16,22,random
6705,100729,680,64,89,true,19,29,24,17,random
6706,100730,1212,128,122,true,38,27,28,29,random
6707,100731,880,64,106,true,27,26,27,26,random
6708,100732,1380,128,139,true,32,32,40,35,random
6709,100733,592,64,82,true,17,23,19,23,random
6710,100734,1064,128,116,true,36,28,30,22,random
6711,100735,480,64,71,true,20,20,15,16,random
6712,100736,1432,128,147,true,38,44,32,33,random
6713,100737,1308,128,134,true,31,33,34,36,random
6714,100738,1344,128,141,true,35,31,38,37,random
6715,100739,424,32,68,true,13,17,23,15,random
6716,100740,1092,128,116,true,23,27,36,30,random
6717,100741,1160,128,124,true,30,35,25,34,random
6718,100742,2056,256,167,true,35,51,43,38,random
6719,100743,1556,128,162,true,45,45,38,34,random
6720,100744,1048,128,116,true,21,30,27,38,random
6721,100745,676,64,91,true,16,22,28,25,random
6722,100746,1016,128,108,true,22,35,28,23,random
6723,100747,1208,128,124,true,28,27,39,30,random
6724,100748,1488,128,155,true,40,32,35,48,random
6725,100749,752,64,101,true,23,27,28,23,random
6726,100750,964,64,111,true,25,28,26,32,random
6727,100751,2224,256,178,true,46,48,43,41,random
6728,100752,636,64,89,true,12,22,29,26,random
6729,100753,1508,128,161,true,36,48,35,42,random
6730,100754,1472,128,156,true,45,44,35,32,random
6731,100755,820,64,106,true,24,28,28,26,random
6732,100756,1340,128,136,true,32,39,32,33,random
6733,100757,688,64,89,true,15,23,26,25,random
6734,100758,2032,256,170,true,43,38,54,35,random
6735,100759,608,64,83,true,20,18,24,21,random
6736,100760,456,64,65,true,17,14,20,14,random
6737,100761,960,64,114,true,28,25,32,29,random
6738,100762,568,64,76,true,20,13,19,24,random
6739,100763,712,64,96,true,22,26,23,25,random
6740,100764,592,64,83,true,26,22,19,16,random
6741,100765,876,64,108,true,20,29,31,28,random
6742,100766,672,64,91,true,22,25,16,28,random
6743,100767,1200,128,126,true,35,34,30,27,random
6744,100768,1040,128,113,true,24,33,27,29,random
6745,100769,784,64,95,true,22,26,23,24,random
6746,100770,1388,128,144,true,39,37,37,31,random
6747,100771,308,32,57,true,17,12,13,15,random
6748,100772,2788,256,226,true,49,52,61,64,random
6749,100773,1044,128,113,true,29,38,17,29,random
6750,100774,436,32,69,true,14,19,22,14,random
6751,100775,2036,256,170,true,36,47,44,43,random
6752,100776,1640,128,164,true,43,50,36,35,random
6753,100777,1048,128,109,true,25,31,28,25,random
6754,100778,928,64,117,true,34,27,33,23,random
6755,100779,628,64,86,true,25,22,19,20,random
6756,100780,484,64,67,true,14,19,15,19,random
6757,100781,760,64,97,true,27,27,23,20,random
6758,100782,1012,128,108,true,28,16,37,27,random
6759,100783,900,64,107,true,30,21,31,25,random
6760,100784,1568,128,155,true,38,50,41,26,random
6761,100785,1300,128,133,true,35,32,29,37,random
6762,100786,2404,256,205,true,50,42,60,53,random
6763,100787,656,64,86,true,22,21,17,26,random
6764,100788,1388,128,141,true,42,36,26,37,random
6765,100789,1476,128,154,true,40,39,32,43,random
6766,100790,1144,128,124,true,33,31,29,31,random
6767,100791,1220,128,131,true,32,32,31,36,random
6768,100792,1256,128,131,true,36,32,25,38,random
6769,100793,1800,128,172,true,30,48,43,51,random
6770,100794,1220,128,128,true,31,33,34,30,random
6771,100795,576,64,79,true,17,17,28,17,random
6772,100796,776,64,91,true,27,25,18,21,random
6773,100797,1116,128,119,true,30,24,33,32,random
6774,100798,304,32,56,true,13,17,12,14,random
6775,100799,1232,128,123,true,28,35,27,33,random
6776,100800,1296,128,131,true,35,31,30,35,random
6777,100801,1008,128,107,true,28,30,27,22,random
6778,100802,1216,128,130,true,36,39,26,29,random
6779,100803,464,64,67,true,23,12,19,13,random
6780,100804,1272,128,135,true,39,32,37,27,random
6781,100805,1456,128,156,true,51,25,45,35,random
6782,100806,680,64,89,true,26,18,29,16,random
6783,100807,1416,128,151,true,32,41,47,31,random
6784,100808,880,64,106,true,29,29,28,20,random
6785,100809,1332,128,138,true,38,29,35,36,random
6786,100810,584,64,80,true,18,22,17,23,random
6787,100811,600,64,84,true,19,18,26,21,random
6788,100812,648,64,85,true,15,29,23,18,random
6789,100813,1096,128,119,true,31,36,23,29,random
6790,100814,1284,128,131,true,23,34,38,36,random
6791,100815,620,64,85,true,17,17,31,20,random
6792,100816,1064,128,119,true,34,41,20,24,random
6793,100817,2300,256,189,true,44,50,40,55,random
6794,100818,652,64,87,true,22,19,22,24,random
6795,100819,1000,64,119,true,39,26,32,22,random
6796,100820,1352,128,142,true,37,44,28,33,random
6797,100821,2156,256,184,true,40,49,53,42,random
6798,100822,692,64,92,true,19,23,29,21,random
6799,100823,748,64,90,true,21,30,19,20,random
6800,100824,604,64,82,true,22,15,21,24,random
6801,100825,1384,128,141,true,26,37,44,34,random
6802,100826,1064,128,111,true,24,23,29,35,random
6803,100827,164,16,39,true,8,9,9,13,random
6804,100828,1352,128,139,true,38,33,45,23,random
6805,100829,1412,128,145,true,32,42,36,35,random
6806,100830,1020,128,109,true,29,21,32,27,random
6807,100831,1264,128,133,true,29,36,33,35,random
6808,100832,640,64,89,true,21,24,24,20,random
6809,100833,2984,256,247,true,55,59,69,64,random
6810,100834,2316,256,196,true,57,43,47,49,random
6811,100835,1460,128,154,true,36,39,42,37,random
6812,100836,1420,128,145,true,33,41,32,39,random
6813,100837,1084,128,121,true,23,30,30,38,random
6814,100838,560,64,76,true,19,16,24,17,random
6815,100839,760,64,100,true,23,26,28,23,random
6816,100840,1008,128,114,true,32,32,26,24,random
6817,100841,608,64,86,true,27,18,21,20,random
6818,100842,1440,128,149,true,37,45,36,31,random
6819,100843,1192,128,130,true,31,37,33,29,random
6820,100844,1368,128,144,true,37,40,31,36,random
6821,100845,772,64,101,true,29,31,21,20,random
6822,100846,748,64,91,true,21,20,27,23,random
6823,100847,1284,128,132,true,30,30,39,33,random
6824,100848,636,64,83,true,24,13,23,23,random
6825,100849,1368,128,140,true,34,28,40,38,random
6826,100850,824,64,103,true,28,22,22,31,random
6827,100851,1084,128,115,true,25,30,28,32,random
6828,100852,1284,128,131,true,28,31,44,28,random
6829,100853,2420,256,207,true,52,60,53,42,random
6830,100854,1316,128,134,true,37,28,28,41,random
6831,100855,1096,128,120,true,34,27,32,27,random
6832,100856,1244,128,135,true,45,31,32,27,random
6833,100857,1380,128,143,true,38,33,36,36,random
6834,100858,1472,128,146,true,43,38,41,24,random
6835,100859,1304,128,132,true,39,36,22,35,random
6836,100860,1032,128,110,true,27,29,25,29,random
6837,100861,560,64,76,true,17,18,19,22,random
6838,100862,880,64,106,true,23,21,32,30,random
6839,100863,1436,128,149,true,32,39,41,37,random
6840,100864,880,64,109,true,26,25,35,23,random
6841,100865,1996,256,166,true,39,37,42,48,random
6842,100866,712,64,95,true,21,27,30,17,random
6843,100867,928,64,113,true,27,21,31,34,random
6844,100868,768,64,95,true,20,19,26,30,random
6845,100869,1220,128,128,true,37,34,23,34,random
6846,100870,1328,128,138,true,30,37,37,34,random
6847,100871,976,64,115,true,27,37,25,26,random
6848,100872,568,64,78,true,18,18,19,23,random
6849,100873,512,64,75,true,13,27,11,24,random
6850,100874,1336,128,136,true,40,42,25,29,random
6851,100875,1128,128,120,true,26,30,31,33,random
6852,100876,2304,256,191,true,44,48,48,51,random
6853,100877,700,64,93,true,22,23,23,25,random
6854,100878,352,32,63,true,11,17,17,18,random
6855,100879,820,64,105,true,21,32,30,22,random
6856,100880,1288,128,131,true,35,31,26,39,random
6857,100881,1224,128,124,true,32,30,38,24,random
6858,100882,1328,128,138,true,34,34,37,33,random
6859,100883,532,64,76,true,19,21,19,17,random
6860,100884,1336,128,140,true,28,39,36,37,random
6861,100885,1112,128,116,true,24,29,32,31,random
6862,100886,800,64,106,true,24,28,30,24,random
6863,100887,1140,128,123,true,28,28,34,33,random
6864,100888,1292,128,134,true,34,34,29,37,random
6865,100889,1616,128,149,true,38,35,31,45,random
6866,100890,1428,128,146,true,29,35,38,44,random
6867,100891,772,64,99,true,24,27,25,23,random
6868,100892,2492,256,204,true,43,61,54,46,random
6869,100893,1156,128,123,true,30,28,31,34,random
6870,100894,1608,128,159,true,43,35,44,37,random
6871,100895,1324,128,138,true,31,43,32,32,random
6872,100896,596,32,90,true,18,22,24,26,random
6873,100897,492,32,74,true,17,18,22,17,random
6874,100898,600,64,81,true,24,24,15,18,random
6875,100899,1056,128,114,true,32,27,31,24,random
6876,100900,644,64,90,true,19,28,19,24,random
6877,100901,1376,128,145,true,34,35,37,39,random
6878,100902,1412,128,148,true,26,44,31,47,random
6879,100903,1816,128,172,true,44,40,44,44,random
6880,100904,328,32,55,true,21,10,15,9,random
6881,100905,536,64,76,true,22,21,16,17,random
6882,100906,896,64,109,true,23,27,27,32,random
6883,100907,568,64,77,true,18,19,19,21,random
6884,100908,1412,128,146,true,37,33,37,39,random
6885,100909,1324,128,138,true,29,39,38,32,random
6886,100910,1236,128,128,true,34,28,34,32,random
6887,100911,732,64,99,true,24,16,30,29,random
6888,100912,712,64,89,true,14,28,29,18,random
6889,100913,1172,128,119,true,30,34,27,28,random
6890,100914,1068,128,116,true,29,22,30,35,random
6891,100915,760,64,102,true,25,23,24,30,random
6892,100916,704,64,95,true,19,27,27,22,random
6893,100917,412,64,60,true,15,12,20,13,random
6894,100918,680,64,92,true,16,22,20,34,random
6895,100919,2616,256,222,true,69,54,51,48,random
6896,100920,624,64,85,true,18,26,24,17,random
6897,100921,1184,128,119,true,28,33,29,29,random
6898,100922,1500,128,154,true,44,30,40,40,random
6899,100923,1012,64,123,true,36,30,33,24,random
6900,100924,1448,128,149,true,27,41,43,38,random
6901,100925,988,64,116,true,32,28,27,29,random
6902,100926,1444,128,149,true,36,38,43,32,random
6903,100927,508,64,73,true,22,14,19,18,random
6904,100928,860,64,101,true,22,25,26,28,random
6905,100929,948,128,103,true,18,28,29,28,random
6906,100930,696,64,93,true,25,30,25,13,random
6907,100931,1076,128,115,true,28,26,28,33,random
6908,100932,440,64,65,true,17,17,16,15,random
6909,100933,444,64,63,true,21,12,15,15,random
6910,100934,668,64,89,true,25,23,23,18,random
6911,100935,1008,64,121,true,27,37,25,32,random
6912,100936,1304,128,132,true,36,28,42,26,random
6913,100937,680,64,89,true,16,29,24,20,random
6914,100938,704,64,95,true,20,18,31,26,random
6915,100939,1340,128,137,true,33,34,38,32,random
6916,100940,1464,128,153,true,43,45,36,29,random
6917,100941,1188,128,120,true,25,23,31,41,random
6918,100942,420,32,67,true,16,17,18,16,random
6919,100943,1004,128,105,true,25,25,26,29,random
6920,100944,1236,128,130,true,31,34,30,35,random
6921,100945,580,64,80,true,19,12,25,24,random
6922,100946,1828,128,170,true,34,45,46,45,random
6923,100947,1884,128,180,true,44,51,46,39,random
6924,100948,596,64,83,true,24,23,13,23,random
6925,100949,1476,128,158,true,39,40,31,48,random
6926,100950,752,64,99,true,29,24,24,22,random
6927,100951,2192,256,183,true,53,41,43,46,random
6928,100952,668,64,89,true,20,20,30,19,random
6929,100953,1296,128,130,true,35,35,33,27,random
6930,100954,1792,128,169,true,39,36,43,51,random
6931,100955,736,64,97,true,28,30,17,22,random
6932,100956,624,64,85,true,23,19,24,19,random
6933,100957,1284,128,131,true,34,38,28,31,random
6934,100958,1376,128,144,true,37,41,39,27,random
6935,100959,896,128,95,true,25,32,20,18,random
6936,100960,408,32,69,true,11,9,21,28,random
6937,100961,804,64,102,true,24,25,25,28,random
6938,100962,304,32,56,true,13,18,13,12,random
6939,100963,632,64,84,true,22,22,19,21,random
6940,100964,764,64,97,true,35,22,23,17,random
6941,100965,2500,256,209,true,45,58,51,55,random
6942,100966,1012,64,120,true,31,27,26,36,random
6943,100967,1564,128,154,true,36,36,38,44,random
6944,100968,880,64,105,true,27,30,22,26,random
6945,100969,844,64,106,true,24,27,17,38,random
6946,100970,1348,128,140,true,28,40,35,37,random
6947,100971,552,64,81,true,20,24,17,20,random
6948,100972,2796,256,229,true,68,58,46,57,random
6949,100973,488,32,73,true,18,19,18,18,random
6950,100974,1596,128,161,true,49,35,30,47,random
6951,100975,400,32,67,true,10,15,19,23,random
6952,100976,1036,128,112,true,33,25,26,28,random
6953,100977,1328,128,134,true,42,32,25,35,random
6954,100978,1176,128,127,true,38,35,29,25,random
6955,100979,1100,128,117,true,31,29,23,34,random
6956,100980,1308,128,131,true,37,37,30,27,random
6957,100981,1108,128,121,true,30,34,25,32,random
6958,100982,1612,128,162,true,50,40,35,37,random
6959,100983,1080,128,120,true,31,27,23,39,random
6960,100984,1212,128,125,true,32,25,35,33,random
6961,100985,1340,128,141,true,41,34,30,36,random
6962,100986,1072,128,119,true,27,30,32,30,random
6963,100987,276,32,53,true,17,12,15,9,random
6964,100988,700,64,93,true,23,17,25,28,random
6965,100989,776,64,97,true,24,28,22,23,random
6966,100990,1456,128,154,true,46,50,29,29,random
6967,100991,1352,128,137,true,30,40,35,32,random
6968,100992,788,64,103,true,31,27,22,23,random
6969,100993,956,128,99,true,35,18,28,18,random
6970,100994,700,64,92,true,18,27,24,23,random
6971,100995,604,64,84,true,23,18,19,24,random
6972,100996,804,64,109,true,22,28,26,33,random
6973,100997,1352,128,139,true,32,39,38,30,random
6974,100998,580,64,80,true,21,18,20,21,random
6975,100999,1200,128,121,true,31,34,30,26,random
6976,101000,844,64,102,true,27,28,27,20,random
6977,101001,676,64,89,true,19,26,18,26,random
6978,101002,356,32,60,true,11,13,17,19,random
6979,101003,964,128,104,true,27,24,32,21,random
6980,101004,1192,128,123,true,22,42,35,24,random
6981,101005,656,64,87,true,21,23,21,22,random
6982,101006,1004,128,106,true,33,29,20,24,random
6983,101007,960,128,104,true,28,26,22,28,random
6984,101008,580,64,80,true,21,23,20,16,random
6985,101009,1032,128,111,true,24,30,25,32,random
6986,101010,968,128,102,true,28,25,21,28,random
6987,101011,664,64,88,true,15,23,23,27,random
6988,101012,1152,128,122,true,27,28,38,29,random
6989,101013,624,64,83,true,24,23,18,18,random
6990,101014,564,64,76,true,23,18,22,13,random
6991,101015,648,64,89,true,26,20,17,26,random
6992,101016,648,64,88,true,19,23,25,21,random
6993,101017,864,64,106,true,28,24,31,23,random
6994,101018,960,64,117,true,22,31,27,37,random
6995,101019,584,64,78,true,17,19,21,21,random
6996,101020,716,64,97,true,27,27,21,22,random
6997,101021,1012,128,108,true,26,30,25,27,random
6998,101022,292,32,53,true,15,17,12,9,random
6999,101023,700,64,93,true,22,26,27,18,random
7000,101024,1304,128,135,true,30,32,40,33,random
7001,101025,896,64,110,true,25,33,24,28,random
7002,101026,1356,128,142,true,39,27,36,40,random
7003,101027,1420,128,144,true,31,30,42,41,random
7004,101028,1900,256,151,true,36,31,43,41,random
7005,101029,1580,128,158,true,43,32,42,41,random
7006,101030,1320,128,136,true,35,34,34,33,random
7007,101031,648,64,90,true,21,28,19,22,random
7008,101032,608,64,82,true,21,22,16,23,random
7009,101033,1324,128,137,true,26,37,35,39,random
7010,101034,668,64,92,true,24,21,19,28,random
7011,101035,1344,128,138,true,41,39,31,27,random
7012,101036,1436,128,148,true,20,39,45,44,random
7013,101037,2716,256,216,true,58,44,56,58,random
7014,101038,556,64,75,true,22,20,15,18,random
7015,101039,596,64,78,true,21,23,18,16,random
7016,101040,1560,128,162,true,48,34,35,45,random
7017,101041,872,64,105,true,33,26,19,27,random
7018,101042,1016,128,109,true,31,32,23,23,random
7019,101043,860,64,101,true,23,24,31,23,random
7020,101044,1468,128,156,true,39,39,35,43,random
7021,101045,1148,128,125,true,21,35,31,38,random
7022,101046,1312,128,134,true,34,32,37,31,random
7023,101047,236,32,48,true,14,14,9,11,random
7024,101048,1356,128,141,true,38,37,32,34,random
7025,101049,3084,256,249,true,61,57,63,68,random
7026,101050,1404,128,145,true,36,31,38,40,random
7027,101051,620,64,84,true,17,23,23,21,random
7028,101052,548,64,74,true,18,18,19,19,random
7029,101053,508,64,74,true,15,20,19,20,random
7030,101054,2012,256,166,true,40,33,45,48,random
7031,101055,1024,128,110,true,21,29,30,30,random
7032,101056,568,64,78,true,22,19,18,19,random
7033,101057,768,64,95,true,20,26,25,24,random
7034,101058,1760,128,186,true,39,49,41,57,random
7035,101059,1116,128,121,true,36,23,34,28,random
7036,101060,1336,128,139,true,23,36,40,40,random
7037,101061,1236,128,126,true,35,25,33,33,random
7038,101062,692,64,88,true,24,20,20,24,random
7039,101063,480,64,70,true,17,18,16,19,random
7040,101064,2388,256,205,true,50,58,45,52,random
7041,101065,1464,128,156,true,34,40,42,40,random
7042,101066,992,64,118,true,39,31,22,26,random
7043,101067,1492,128,158,true,41,39,44,34,random
7044,101068,1388,128,142,true,34,41,38,29,random
7045,101069,600,64,85,true,17,22,22,24,random
7046,101070,1080,64,127,true,28,26,43,30,random
7047,101071,1088,128,118,true,34,31,24,29,random
7048,101072,308,32,57,true,21,7,14,15,random
7049,101073,1628,128,164,true,47,51,31,35,random
7050,101074,1372,128,138,true,34,39,34,31,random
7051,101075,1364,128,143,true,37,41,34,31,random
7052,101076,920,64,112,true,28,35,27,22,random
7053,101077,1072,128,117,true,28,28,31,30,random
7054,101078,724,64,98,true,26,24,27,21,random
7055,101079,624,64,84,true,21,20,22,21,random
7056,101080,780,64,103,true,25,27,30,21,random
7057,101081,468,64,68,true,18,14,15,21,random
7058,101082,1068,128,120,true,32,27,28,33,random
7059,101083,1620,128,149,true,35,38,41,35,random
7060,101084,1240,128,126,true,30,28,29,39,random
7061,101085,1192,128,121,true,38,31,22,30,random
7062,101086,1040,128,111,true,30,29,30,22,random
7063,101087,940,128,102,true,25,23,26,28,random
7064,101088,1376,128,145,true,32,35,30,48,random
7065,101089,2172,256,178,true,50,42,46,40,random
7066,101090,676,64,93,true,23,30,18,22,random
7067,101091,780,64,101,true,16,26,24,35,random
7068,101092,1320,128,136,true,33,37,29,37,random
7069,101093,992,128,104,true,32,28,22,22,random
7070,101094,1120,128,123,true,30,30,31,32,random
7071,101095,804,64,108,true,30,28,27,23,random
7072,101096,680,64,92,true,28,19,22,23,random
7073,101097,856,64,104,true,28,26,25,25,random
7074,101098,984,128,101,true,24,21,22,34,random
7075,101099,636,64,86,true,26,22,17,21,random
7076,101100,532,64,72,true,14,13,26,19,random
7077,101101,1124,128,119,true,29,33,28,29,random
7078,101102,864,64,106,true,28,27,25,26,random
7079,101103,1736,128,160,true,32,41,44,43,random
7080,101104,1740,128,161,true,36,43,31,51,random
7081,101105,1300,128,132,true,35,29,26,42,random
7082,101106,672,64,94,true,22,25,24,23,random
7083,101107,1112,128,124,true,31,34,31,28,random
7084,101108,740,64,99,true,28,22,31,18,random
7085,101109,1320,128,137,true,35,32,32,38,random
7086,101110,1604,128,145,true,35,33,33,44,random
7087,101111,664,64,87,true,18,23,20,26,random
7088,101112,240,32,48,true,6,13,13,16,random
7089,101113,400,32,65,true,15,20,17,13,random
7090,101114,860,64,105,true,27,18,28,32,random
7091,101115,712,64,92,true,21,23,24,24,random
7092,101116,1620,128,149,true,37,37,40,35,random
7093,101117,1532,128,162,true,45,44,38,35,random
7094,101118,624,64,87,true,17,25,25,20,random
7095,101119,2468,256,210,true,58,44,59,49,random
7096,101120,616,64,84,true,18,22,26,18,random
7097,101121,552,64,76,true,21,19,22,14,random
7098,101122,684,64,90,true,24,26,22,18,random
7099,101123,1176,128,118,true,23,31,35,29,random
7100,101124,756,64,92,true,23,26,20,23,random
7101,101125,2012,256,167,true,46,43,43,35,random
7102,101126,932,128,103,true,18,22,29,34,random
7103,101127,1040,128,111,true,29,28,29,25,random
7104,101128,1456,128,152,true,34,39,42,37,random
7105,101129,1268,128,136,true,38,36,29,33,random
7106,101130,1432,128,148,true,33,44,34,37,random
7107,101131,620,64,85,true,19,27,21,18,random
7108,101132,508,64,74,true,19,20,17,18,random
7109,101133,576,64,79,true,19,23,22,15,random
7110,101134,616,64,85,true,23,16,26,20,random
7111,101135,896,64,109,true,21,34,27,27,random
7112,101136,672,64,90,true,18,24,25,23,random
7113,101137,848,64,101,true,29,24,30,18,random
7114,101138,528,64,71,true,15,16,21,19,random
7115,101139,1356,128,138,true,41,25,31,41,random
7116,101140,1328,128,139,true,30,38,39,32,random
7117,101141,824,64,107,true,23,28,25,31,random
7118,101142,1436,128,152,true,41,42,36,33,random
7119,101143,1152,128,116,true,27,29,34,26,random
7120,101144,716,64,97,true,21,35,19,22,random
7121,101145,704,64,84,true,16,22,24,22,random
7122,101146,2784,256,229,true,58,50,68,53,random
7123,101147,1416,128,151,true,44,29,40,38,random
7124,101148,1156,128,122,true,32,29,26,35,random
7125,101149,1304,128,137,true,39,29,31,38,random
7126,101150,968,64,116,true,30,32,28,26,random
7127,101151,516,64,69,true,14,14,20,21,random
7128,101152,1156,128,121,true,39,27,25,30,random
7129,101153,644,64,84,true,20,23,21,20,random
7130,101154,1400,128,145,true,37,33,37,38,random
7131,101155,1452,128,148,true,43,31,39,35,random
7132,101156,1348,128,138,true,31,41,32,34,random
7133,101157,1352,128,140,true,25,46,33,36,random
7134,101158,660,64,88,true,20,23,25,20,random
7135,101159,904,128,97,true,28,19,25,25,random
7136,101160,304,32,56,true,13,19,9,15,random
7137,101161,1652,128,153,true,37,36,34,46,random
7138,101162,1528,128,162,true,32,37,48,45,random
7139,101163,2036,128,190,true,50,55,37,48,random
7140,101164,1120,128,118,true,32,28,28,30,random
7141,101165,796,64,102,true,29,26,24,23,random
7142,101166,1320,128,137,true,35,33,35,34,random
7143,101167,2024,256,169,true,31,48,46,44,random
7144,101168,1376,128,144,true,38,35,36,35,random
7145,101169,736,64,97,true,25,20,22,30,random
7146,101170,1708,128,162,true,40,41,38,43,random
7147,101171,1124,128,120,true,30,38,27,25,random
7148,101172,772,64,99,true,21,29,23,26,random
7149,101173,1176,128,128,true,29,26,35,38,random
7150,101174,908,64,113,true,32,25,22,34,random
7151,101175,1256,128,126,true,35,29,36,26,random
7152,101176,676,64,88,true,24,21,22,21,random
7153,101177,1068,128,117,true,28,31,38,20,random
7154,101178,596,64,83,true,23,18,24,18,random
7155,101179,472,64,69,true,17,18,19,15,random
7156,101180,1320,128,136,true,33,37,36,30,random
7157,101181,756,64,92,true,25,22,22,23,random
7158,101182,768,64,101,true,29,24,20,28,random
7159,101183,1088,128,115,true,20,36,24,35,random
7160,101184,944,64,114,true,25,29,30,30,random
7161,101185,1204,128,127,true,39,28,31,29,random
7162,101186,1352,128,144,true,40,34,43,27,random
7163,101187,328,32,58,true,16,15,9,18,random
7164,101188,1412,128,147,true,37,38,37,35,random
7165,101189,644,64,86,true,23,20,21,22,random
7166,101190,1560,128,160,true,35,43,41,41,random
7167,101191,644,64,84,true,19,22,18,25,random
7168,101192,344,32,59,true,9,15,16,19,random
7169,101193,536,64,73,true,19,19,17,18,random
7170,101194,1244,128,129,true,31,37,29,32,random
7171,101195,1360,128,142,true,33,34,35,40,random
7172,101196,1568,128,158,true,45,47,38,28,random
7173,101197,1208,128,128,true,39,28,25,36,random
7174,101198,1124,128,120,true,43,27,22,28,random
7175,101199,404,32,65,true,17,11,19,18,random
7176,101200,732,64,97,true,19,25,28,25,random
7177,101201,1264,128,132,true,33,31,39,29,random
7178,101202,1324,128,140,true,36,34,34,36,random
7179,101203,1320,128,136,true,30,42,37,27,random
7180,101204,644,64,83,true,20,24,18,21,random
7181,101205,616,64,87,true,15,26,24,22,random
7182,101206,2348,256,198,true,50,48,51,49,random
7183,101207,1236,128,127,true,34,26,36,31,random
7184,101208,724,64,95,true,31,19,27,18,random
7185,101209,1516,128,153,true,41,39,41,32,random
7186,101210,1320,128,137,true,24,38,41,34,random
7187,101211,312,32,56,true,16,11,16,13,random
7188,101212,1492,128,157,true,42,38,34,43,random
7189,101213,1024,128,111,true,31,23,36,21,random
7190,101214,1292,128,130,true,44,27,30,29,random
7191,101215,332,32,58,true,14,19,15,10,random
7192,101216,1012,128,111,true,34,29,21,27,random
7193,101217,1308,128,137,true,34,34,33,36,random
7194,101218,1080,128,114,true,29,32,30,23,random
7195,101219,656,64,87,true,24,23,22,18,random
7196,101220,1180,128,119,true,23,28,37,31,random
7197,101221,696,64,92,true,21,24,23,24,random
7198,101222,1312,128,134,true,36,30,31,37,random
7199,101223,664,64,89,true,30,21,23,15,random
7200,101224,916,64,109,true,27,31,20,31,random
7201,101225,720,64,97,true,22,24,35,16,random
7202,101226,688,64,90,true,21,24,27,18,random
7203,101227,1288,128,132,true,31,33,33,35,random
7204,101228,1324,128,137,true,38,34,35,30,random
7205,101229,1184,128,118,true,29,32,31,26,random
7206,101230,516,64,70,true,21,19,17,13,random
7207,101231,1264,128,131,true,36,30,28,37,random
7208,101232,1412,128,143,true,42,29,34,38,random
7209,101233,1928,128,186,true,44,40,52,50,random
7210,101234,1312,128,134,true,35,33,34,32,random
7211,101235,2352,256,194,true,44,54,55,41,random
7212,101236,1340,128,141,true,30,32,40,39,random
7213,101237,1332,128,135,true,35,33,37,30,random
7214,101238,1136,128,126,true,20,34,37,35,random
7215,101239,464,64,68,true,14,17,23,14,random
7216,101240,1004,128,107,true,30,22,26,29,random
7217,101241,1568,128,158,true,53,38,35,32,random
7218,101242,1248,128,130,true,25,36,41,28,random
7219,101243,1384,128,141,true,40,31,36,34,random
7220,101244,524,64,72,true,21,15,15,21,random
7221,101245,964,64,115,true,30,28,29,28,random
7222,101246,312,32,57,true,13,17,14,13,random
7223,101247,2180,256,177,true,50,45,36,46,random
7224,101248,1188,128,128,true,27,31,41,29,random
7225,101249,776,64,100,true,29,20,25,26,random
7226,101250,804,64,102,true,26,28,21,27,random
7227,101251,1324,128,137,true,33,30,38,36,random
7228,101252,596,64,83,true,19,20,21,23,random
7229,101253,624,64,85,true,13,19,33,20,random
7230,101254,2308,256,191,true,42,54,43,52,random
7231,101255,968,128,102,true,26,24,28,24,random
7232,101256,644,64,86,true,25,23,19,19,random
7233,101257,688,64,90,true,23,29,19,19,random
7234,101258,1236,64,142,true,30,41,38,33,random
7235,101259,392,32,64,true,17,16,12,19,random
7236,101260,940,128,102,true,27,33,24,18,random
7237,101261,768,64,94,true,27,22,17,28,random
7238,101262,720,64,98,true,16,24,27,31,random
7239,101263,1092,128,118,true,26,31,35,26,random
7240,101264,480,32,74,true,24,16,12,22,random
7241,101265,880,64,105,true,24,30,27,24,random
7242,101266,604,64,82,true,24,22,15,21,random
7243,101267,624,64,80,true,19,24,17,20,random
7244,101268,2912,256,231,true,61,56,56,58,random
7245,101269,2884,256,238,true,57,67,55,59,random
7246,101270,600,64,83,true,19,24,19,21,random
7247,101271,724,64,97,true,27,25,17,28,random
7248,101272,984,64,120,true,36,29,28,27,random
7249,101273,256,32,48,true,10,15,12,11,random
7250,101274,1200,128,124,true,31,40,27,26,random
7251,101275,1380,128,140,true,40,26,40,34,random
7252,101276,984,128,104,true,24,24,29,27,random
7253,101277,1384,128,147,true,28,41,35,43,random
7254,101278,3900,256,290,true,73,64,76,77,random
7255,101279,1036,128,110,true,31,24,29,26,random
7256,101280,708,64,94,true,21,22,17,34,random
7257,101281,748,64,100,true,26,32,26,16,random
7258,101282,1576,128,163,true,40,46,35,42,random
7259,101283,2232,256,193,true,58,55,45,35,random
7260,101284,896,64,104,true,25,35,21,23,random
7261,101285,736,64,97,true,14,29,28,26,random
7262,101286,1120,128,119,true,28,32,30,29,random
7263,101287,904,64,108,true,32,25,26,25,random
7264,101288,772,64,97,true,20,27,22,28,random
7265,101289,1364,128,142,true,29,36,41,36,random
7266,101290,1540,128,148,true,44,25,35,44,random
7267,101291,756,64,97,true,22,30,24,21,random
7268,101292,1440,128,149,true,34,31,40,44,random
7269,101293,332,32,61,true,7,19,18,17,random
7270,101294,672,64,91,true,19,18,24,30,random
7271,101295,404,32,65,true,17,16,16,16,random
7272,101296,1372,128,145,true,42,37,41,25,random
7273,101297,684,64,91,true,26,25,22,18,random
7274,101298,684,64,89,true,25,25,23,16,random
7275,101299,1212,128,125,true,33,36,29,27,random
7276,101300,2328,256,192,true,55,51,42,44,random
7277,101301,1360,128,143,true,32,39,31,41,random
7278,101302,1208,128,124,true,36,34,25,29,random
7279,101303,552,64,80,true,20,22,23,15,random
7280,101304,1460,128,144,true,40,35,36,33,random
7281,101305,868,64,104,true,24,31,20,29,random
7282,101306,1036,128,113,true,28,23,38,24,random
7283,101307,2448,256,206,true,47,44,57,58,random
7284,101308,1124,128,119,true,29,28,27,35,random
7285,101309,720,64,97,true,24,24,26,23,random
7286,101310,1360,128,140,true,35,38,29,38,random
7287,101311,568,64,77,true,21,15,22,19,random
7288,101312,2424,256,208,true,52,58,44,54,random
7289,101313,404,64,59,true,14,18,15,12,random
7290,101314,780,64,101,true,26,29,22,24,random
7291,101315,1552,128,158,true,44,43,36,35,random
7292,101316,2024,128,188,true,48,46,49,45,random
7293,101317,1124,128,118,true,26,30,31,31,random
7294,101318,620,64,85,true,26,18,19,22,random
7295,101319,464,64,66,true,12,14,18,22,random
7296,101320,760,64,92,true,22,27,23,20,random
7297,101321,1276,128,129,true,29,35,35,30,random
7298,101322,792,64,100,true,24,23,21,32,random
7299,101323,572,64,78,true,17,18,22,21,random
7300,101324,716,64,90,true,21,14,27,28,random
7301,101325,400,32,67,true,11,19,19,18,random
7302,101326,1028,128,112,true,32,36,24,20,random
7303,101327,584,64,81,true,18,19,18,26,random
7304,101328,1140,128,124,true,28,32,25,39,random
7305,101329,1140,128,113,true,28,31,29,25,random
7306,101330,1272,128,129,true,33,31,34,31,random
7307,101331,1188,128,130,true,38,30,34,28,random
7308,101332,2684,256,212,true,48,57,41,66,random
7309,101333,400,32,67,true,21,15,14,17,random
7310,101334,1504,128,154,true,48,39,40,27,random
7311,101335,584,64,81,true,19,27,16,19,random
7312,101336,1108,128,119,true,38,23,25,33,random
7313,101337,828,64,105,true,29,28,25,23,random
7314,101338,484,32,75,true,18,18,20,19,random
7315,101339,692,64,92,true,20,23,22,27,random
7316,101340,400,32,67,true,15,16,16,20,random
7317,101341,1252,128,125,true,29,32,25,39,random
7318,101342,1276,128,130,true,29,37,30,34,random
7319,101343,1204,128,125,true,35,31,29,30,random
7320,101344,1568,128,164,true,38,38,47,41,random
7321,101345,260,32,50,true,13,12,14,11,random
7322,101346,1232,128,130,true,37,28,32,33,random
7323,101347,672,64,90,true,21,25,20,24,random
7324,101348,584,64,82,true,23,19,23,17,random
7325,101349,1580,128,164,true,39,44,39,42,random
7326,101350,2168,256,178,true,52,40,44,42,random
7327,101351,720,64,98,true,20,33,23,22,random
7328,101352,1336,128,140,true,42,35,34,29,random
7329,101353,1640,128,167,true,36,40,49,42,random
7330,101354,1436,128,148,true,31,42,41,34,random
7331,101355,1380,128,139,true,38,33,35,33,random
7332,101356,256,32,49,true,9,10,15,15,random
7333,101357,652,64,86,true,21,23,21,21,random
7334,101358,668,64,90,true,20,20,25,25,random
7335,101359,632,64,87,true,25,21,18,23,random
7336,101360,932,64,115,true,34,29,25,27,random
7337,101361,2812,256,244,true,59,64,59,62,random
7338,101362,292,32,54,true,17,11,13,13,random
7339,101363,1208,128,125,true,32,32,33,28,random
7340,101364,724,64,95,true,23,22,22,28,random
7341,101365,632,64,82,true,21,17,17,27,random
7342,101366,1400,128,147,true,46,42,29,30,random
7343,101367,1408,128,149,true,46,35,39,29,random
7344,101368,936,128,101,true,25,27,24,25,random
7345,101369,716,64,94,true,27,24,17,26,random
7346,101370,708,64,95,true,16,25,27,27,random
7347,101371,1132,128,121,true,32,26,27,36,random
7348,101372,300,32,55,true,17,13,11,14,random
7349,101373,1032,128,110,true,21,32,29,28,random
7350,101374,1072,128,117,true,33,27,33,24,random
7351,101375,1108,64,130,true,33,32,33,32,random
7352,101376,688,64,97,true,23,26,23,25,random
7353,101377,1256,128,125,true,28,28,28,41,random
7354,101378,548,64,77,true,20,16,20,21,random
7355,101379,692,64,92,true,27,24,27,14,random
7356,101380,1108,128,118,true,29,28,32,29,random
7357,101381,1404,128,144,true,27,32,43,42,random
7358,101382,1396,128,146,true,29,39,39,39,random
7359,101383,1108,128,124,true,36,30,32,26,random
7360,101384,1020,128,106,true,25,25,32,24,random
7361,101385,2432,256,208,true,49,59,53,47,random
7362,101386,980,64,116,true,34,30,22,30,random
7363,101387,1176,128,128,true,36,30,33,29,random
7364,101388,660,64,87,true,21,22,22,22,random
7365,101389,572,64,79,true,19,19,21,20,random
7366,101390,1212,128,125,true,30,35,32,28,random
7367,101391,2200,256,191,true,40,46,52,53,random
7368,101392,1320,128,135,true,34,30,35,36,random
7369,101393,680,64,88,true,22,25,18,23,random
7370,101394,532,64,73,true,18,23,15,17,random
7371,101395,1216,128,127,true,29,35,28,35,random
7372,101396,792,64,98,true,24,24,26,24,random
7373,101397,1368,128,143,true,40,35,33,35,random
7374,101398,1204,128,125,true,25,29,37,34,random
7375,101399,1424,128,147,true,45,30,33,39,random
7376,101400,1448,128,148,true,32,40,43,33,random
7377,101401,828,64,98,true,15,35,22,26,random
7378,101402,952,128,103,true,25,18,32,28,random
7379,101403,1132,128,121,true,28,33,29,31,random
7380,101404,944,64,116,true,21,28,35,32,random
7381,101405,948,64,112,true,29,20,31,32,random
7382,101406,868,64,103,true,28,24,27,24,random
7383,101407,3116,256,259,true,66,70,65,58,random
7384,101408,804,64,106,true,23,36,23,24,random
7385,101409,612,64,84,true,22,20,18,24,random
7386,101410,1160,128,124,true,31,31,26,36,random
7387,101411,1356,128,141,true,35,33,39,34,random
7388,101412,772,64,95,true,33,22,21,19,random
7389,101413,1752,128,165,true,48,37,43,37,random
7390,101414,1112,128,119,true,29,27,29,34,random
7391,101415,524,32,80,true,17,18,19,26,random
7392,101416,576,64,79,true,13,19,24,23,random
7393,101417,1152,128,122,true,34,25,31,32,random
7394,101418,1320,128,137,true,32,37,39,29,random
7395,101419,456,64,66,true,12,17,18,19,random
7396,101420,1648,128,165,true,49,37,45,34,random
7397,101421,1616,128,162,true,45,37,42,38,random
7398,101422,556,64,78,true,20,19,21,18,random
7399,101423,1196,128,132,true,34,35,32,31,random
7400,101424,576,64,80,true,20,22,14,24,random
7401,101425,1288,128,131,true,35,34,35,27,random
7402,101426,1244,128,130,true,29,34,36,31,random
7403,101427,1320,128,136,true,34,33,32,37,random
7404,101428,576,64,79,true,15,22,17,25,random
7405,101429,960,64,115,true,27,26,38,24,random
7406,101430,1032,128,109,true,29,22,27,31,random
7407,101431,528,64,72,true,18,16,21,17,random
7408,101432,2232,256,189,true,42,58,52,37,random
7409,101433,1184,128,126,true,29,35,29,33,random
7410,101434,1136,128,127,true,35,30,33,29,random
7411,101435,1072,128,118,true,28,29,22,39,random
7412,101436,620,64,85,true,23,22,23,17,random
7413,101437,1496,128,153,true,37,33,46,37,random
7414,101438,1296,128,137,true,32,37,30,38,random
7415,101439,312,32,57,true,16,15,13,13,random
7416,101440,716,64,96,true,24,23,24,25,random
7417,101441,1144,128,124,true,29,33,30,32,random
7418,101442,1244,128,133,true,34,36,34,29,random
7419,101443,2156,256,181,true,47,49,46,39,random
7420,101444,1344,128,139,true,30,45,38,26,random
7421,101445,2080,256,170,true,39,35,47,49,random
7422,101446,1344,128,139,true,31,26,45,37,random
7423,101447,616,64,81,true,18,15,20,28,random
7424,101448,268,32,53,true,16,11,16,10,random
7425,101449,1344,128,138,true,34,29,35,40,random
7426,101450,964,64,115,true,32,30,23,30,random
7427,101451,2352,256,197,true,49,45,50,53,random
7428,101452,680,64,89,true,21,15,30,23,random
7429,101453,1092,128,116,true,34,31,27,24,random
7430,101454,2296,256,193,true,37,46,54,56,random
7431,101455,496,32,80,true,24,22,21,13,random
7432,101456,1288,128,133,true,29,35,34,35,random
7433,101457,764,64,103,true,23,24,28,28,random
7434,101458,596,64,84,true,23,19,23,19,random
7435,101459,1028,128,111,true,27,24,33,27,random
7436,101460,756,64,92,true,25,22,20,25,random
7437,101461,832,64,99,true,25,21,28,25,random
7438,101462,1116,128,123,true,32,34,30,27,random
7439,101463,340,32,56,true,14,16,12,14,random
7440,101464,1264,128,131,true,32,34,37,28,random
7441,101465,1184,128,123,true,32,25,32,34,random
7442,101466,532,64,72,true,24,17,14,17,random
7443,101467,716,64,91,true,28,20,20,23,random
7444,101468,1320,128,135,true,31,45,30,29,random
7445,101469,1568,128,142,true,32,35,38,37,random
7446,101470,616,64,82,true,22,17,21,22,random
7447,101471,1096,128,115,true,26,22,25,42,random
7448,101472,1348,128,141,true,42,32,33,34,random
7449,101473,1512,128,161,true,40,33,46,42,random
7450,101474,868,128,93,true,24,26,22,21,random
7451,101475,1192,128,120,true,39,24,25,32,random
7452,101476,820,64,103,true,19,29,27,28,random
7453,101477,1092,128,116,true,28,27,29,32,random
7454,101478,704,64,94,true,36,18,13,27,random
7455,101479,1056,128,114,true,25,33,30,26,random
7456,101480,1128,128,121,true,29,32,35,25,random
7457,101481,804,64,106,true,29,27,28,22,random
7458,101482,356,32,61,true,16,10,21,14,random
7459,101483,1988,256,164,true,40,31,50,43,random
7460,101484,1032,128,108,true,24,26,31,27,random
7461,101485,780,64,103,true,27,23,30,23,random
7462,101486,292,32,56,true,10,16,17,13,random
7463,101487,728,64,96,true,21,24,28,23,random
7464,101488,1432,128,148,true,37,32,38,41,random
7465,101489,632,64,87,true,20,22,18,27,random
7466,101490,900,64,107,true,33,28,25,21,random
7467,101491,592,64,82,true,22,25,14,21,random
7468,101492,1352,128,139,true,31,37,34,37,random
7469,101493,792,64,96,true,21,30,21,24,random
7470,101494,1988,128,190,true,46,42,53,49,random
7471,101495,1396,128,146,true,45,34,27,40,random
7472,101496,588,64,81,true,18,24,22,17,random
7473,101497,1100,128,119,true,32,30,31,26,random
7474,101498,1680,128,166,true,35,40,54,37,random
7475,101499,828,64,108,true,34,37,18,19,random
7476,101500,672,64,90,true,19,24,21,26,random
7477,101501,608,64,86,true,15,23,23,25,random
7478,101502,1116,128,117,true,26,28,29,34,random
7479,101503,432,32,69,true,17,16,17,19,random
7480,101504,1300,128,135,true,25,38,32,40,random
7481,101505,1616,128,165,true,46,44,34,41,random
7482,101506,2044,256,170,true,41,44,43,42,random
7483,101507,1444,128,156,true,38,35,40,43,random
7484,101508,400,32,67,true,14,18,18,17,random
7485,101509,1116,128,117,true,39,25,31,22,random
7486,101510,1388,128,141,true,31,36,34,40,random
7487,101511,872,64,105,true,30,28,18,29,random
7488,101512,1348,128,139,true,38,34,32,35,random
7489,101513,472,64,66,true,19,20,12,15,random
7490,101514,1048,128,114,true,30,28,27,29,random
7491,101515,2296,256,188,true,51,51,46,40,random
7492,101516,648,64,82,true,19,18,21,24,random
7493,101517,1408,128,146,true,37,31,35,43,random
7494,101518,612,64,86,true,20,22,19,25,random
7495,101519,680,64,89,true,22,23,27,17,random
7496,101520,352,32,60,true,19,18,13,10,random
7497,101521,1392,128,142,true,43,31,37,31,random
7498,101522,640,64,83,true,21,22,24,16,random
7499,101523,304,32,56,true,13,18,11,14,random
7500,101524,1336,128,141,true,35,34,35,37,random
7501,101525,604,64,81,true,22,21,19,19,random
7502,101526,600,64,84,true,24,19,20,21,random
7503,101527,544,64,75,true,12,18,15,30,random
7504,101528,1036,128,110,true,28,32,27,23,random
7505,101529,620,64,85,true,27,18,20,20,random
7506,101530,620,64,85,true,21,24,16,24,random
7507,101531,448,32,73,true,20,16,21,16,random
7508,101532,984,128,105,true,20,29,28,28,random
7509,101533,760,64,103,true,20,26,25,32,random
7510,101534,2424,256,204,true,47,54,56,47,random
7511,101535,1440,128,150,true,38,41,39,32,random
7512,101536,244,32,46,true,13,15,8,10,random
7513,101537,1200,128,124,true,30,33,32,29,random
7514,101538,1632,128,166,true,47,37,45,37,random
7515,101539,2428,256,206,true,48,55,58,45,random
7516,101540,572,64,78,true,17,20,18,23,random
7517,101541,1180,128,127,true,37,27,31,32,random
7518,101542,1748,128,157,true,37,36,43,41,random
7519,101543,348,32,62,true,18,12,17,15,random
7520,101544,1448,128,152,true,42,38,40,32,random
7521,101545,1456,128,150,true,34,36,36,44,random
7522,101546,1264,128,133,true,37,37,27,32,random
7523,101547,1052,128,114,true,37,28,26,23,random
7524,101548,2124,256,178,true,54,37,43,44,random
7525,101549,552,32,83,true,24,21,16,22,random
7526,101550,1152,128,125,true,31,28,32,34,random
7527,101551,1060,128,114,true,35,29,23,27,random
7528,101552,316,32,55,true,11,18,14,12,random
7529,101553,1120,128,122,true,30,20,29,43,random
7530,101554,1188,128,130,true,39,36,29,26,random
7531,101555,740,64,97,true,33,19,25,20,random
7532,101556,1148,128,125,true,32,35,30,28,random
7533,101557,764,64,93,true,26,24,22,21,random
7534,101558,1440,128,146,true,41,24,40,41,random
7535,101559,3016,256,246,true,55,58,62,71,random
7536,101560,2056,256,176,true,46,46,38,46,random
7537,101561,516,64,76,true,20,14,22,20,random
7538,101562,560,64,76,true,19,25,16,16,random
7539,101563,680,64,88,true,19,24,19,26,random
7540,101564,488,64,69,true,17,17,19,16,random
7541,101565,1404,128,145,true,35,32,39,39,random
7542,101566,1464,128,155,true,45,41,40,29,random
7543,101567,1136,128,125,true,32,32,35,26,random
7544,101568,1348,128,135,true,39,36,30,30,random
7545,101569,1300,128,137,true,30,39,32,36,random
7546,101570,452,32,75,true,17,15,18,25,random
7547,101571,2004,256,164,true,45,40,40,39,random
7548,101572,928,128,99,true,23,29,21,26,random
7549,101573,1412,128,147,true,35,38,39,35,random
7550,101574,384,32,66,true,21,17,10,18,random
7551,101575,616,64,85,true,16,19,28,22,random
7552,101576,752,64,101,true,28,27,21,25,random
7553,101577,1408,128,147,true,40,39,27,41,random
7554,101578,1420,128,151,true,44,45,23,39,random
7555,101579,1164,128,128,true,34,28,28,38,random
7556,101580,1148,128,124,true,25,35,36,28,random
7557,101581,1164,128,117,true,30,36,24,27,random
7558,101582,1344,128,139,true,37,26,39,37,random
7559,101583,620,64,86,true,25,17,21,23,random
7560,101584,580,64,80,true,20,18,17,25,random
7561,101585,1148,128,127,true,29,31,36,31,random
7562,101586,1644,128,167,true,36,51,36,44,random
7563,101587,616,64,81,true,25,20,19,17,random
7564,101588,1276,128,136,true,38,25,41,32,random
7565,101589,1308,128,137,true,19,38,44,36,random
7566,101590,1484,128,156,true,33,50,35,38,random
7567,101591,1456,128,152,true,39,33,43,37,random
7568,101592,728,64,98,true,25,21,26,26,random
7569,101593,1404,128,145,true,35,38,37,35,random
7570,101594,628,64,87,true,21,18,25,23,random
7571,101595,1436,128,149,true,41,38,28,42,random
7572,101596,1252,128,130,true,31,36,26,37,random
7573,101597,584,64,82,true,15,27,19,21,random
7574,101598,1236,128,127,true,25,40,31,31,random
7575,101599,1332,128,135,true,37,37,32,29,random
7576,101600,928,128,99,true,20,31,22,26,random
7577,101601,1132,128,120,true,27,25,37,31,random
7578,101602,764,64,100,true,22,27,26,25,random
7579,101603,964,64,115,true,30,31,22,32,random
7580,101604,1096,128,121,true,26,30,34,31,random
7581,101605,1168,128,121,true,31,22,32,36,random
7582,101606,1464,128,148,true,37,36,42,33,random
7583,101607,604,64,83,true,24,16,25,18,random
7584,101608,1420,128,142,true,26,37,34,45,random
7585,101609,1148,128,124,true,26,26,31,41,random
7586,101610,560,64,78,true,19,19,24,16,random
7587,101611,1280,128,133,true,41,32,31,29,random
7588,101612,1464,128,151,true,34,34,40,43,random
7589,101613,1048,128,113,true,24,28,34,27,random
7590,101614,640,64,83,true,18,20,24,21,random
7591,101615,628,64,80,true,23,17,22,18,random
7592,101616,1308,128,133,true,32,41,26,34,random
7593,101617,1256,128,132,true,35,29,35,33,random
7594,101618,608,64,81,true,23,21,20,17,random
7595,101619,2012,128,195,true,46,45,53,51,random
7596,101620,1336,128,140,true,29,34,36,41,random
7597,101621,616,64,85,true,22,25,20,18,random
7598,101622,604,64,82,true,18,18,19,27,random
7599,101623,1152,128,122,true,30,26,30,36,random
7600,101624,556,64,75,true,17,25,17,16,random
7601,101625,316,32,58,true,15,16,13,14,random
7602,101626,468,32,75,true,19,21,13,22,random
7603,101627,392,32,65,true,10,18,20,17,random
7604,101628,336,32,62,true,21,14,15,12,random
7605,101629,2288,256,190,true,50,48,41,51,random
7606,101630,2568,256,222,true,44,57,66,55,random
7607,101631,1280,128,131,true,32,24,27,48,random
7608,101632,1456,128,152,true,37,42,43,30,random
7609,101633,1304,128,132,true,32,31,30,39,random
7610,101634,1024,64,124,true,32,34,34,24,random
7611,101635,1336,128,139,true,38,34,30,37,random
7612,101636,1368,128,141,true,27,47,34,33,random
7613,101637,1192,128,121,true,29,28,37,27,random
7614,101638,968,128,102,true,28,33,21,20,random
7615,101639,1672,128,165,true,38,40,48,39,random
7616,101640,988,128,104,true,24,27,24,29,random
7617,101641,1092,128,116,true,30,39,26,21,random
7618,101642,1088,128,115,true,32,33,27,23,random
7619,101643,1556,128,153,true,41,35,38,39,random
7620,101644,1808,128,173,true,37,48,41,47,random
7621,101645,1196,128,119,true,31,32,23,33,random
7622,101646,1468,128,149,true,42,32,31,44,random
7623,101647,1468,128,146,true,34,36,33,43,random
7624,101648,1308,128,134,true,27,39,33,35,random
7625,101649,1176,128,121,true,30,33,31,27,random
7626,101650,2116,128,201,true,50,52,43,56,random
7627,101651,1088,128,121,true,34,31,24,32,random
7628,101652,1464,128,152,true,42,37,33,40,random
7629,101653,632,64,86,true,20,23,23,20,random
7630,101654,1360,128,135,true,37,29,38,31,random
7631,101655,860,64,105,true,27,28,28,22,random
7632,101656,1492,128,157,true,38,36,47,36,random
7633,101657,920,64,111,true,29,22,32,28,random
7634,101658,976,128,103,true,31,19,31,22,random
7635,101659,1052,128,113,true,29,26,33,25,random
7636,101660,664,64,92,true,20,25,23,24,random
7637,101661,540,64,74,true,21,19,18,16,random
7638,101662,1076,128,119,true,32,21,33,33,random
7639,101663,868,64,104,true,23,31,25,25,random
7640,101664,400,32,66,true,14,17,19,16,random
7641,101665,2484,256,214,true,42,52,58,62,random
7642,101666,1036,128,113,true,32,33,26,22,random
7643,101667,712,64,91,true,18,24,25,24,random
7644,101668,1696,128,168,true,48,41,38,41,random
7645,101669,392,32,65,true,22,11,15,17,random
7646,101670,308,32,59,true,19,12,18,10,random
7647,101671,604,64,81,true,20,20,22,19,random
7648,101672,452,64,65,true,21,16,14,14,random
7649,101673,724,64,97,true,25,23,21,28,random
7650,101674,1344,128,141,true,43,26,34,38,random
7651,101675,1432,128,148,true,37,39,36,36,random
7652,101676,1380,128,143,true,32,34,37,40,random
7653,101677,756,64,98,true,19,22,24,33,random
7654,101678,1084,128,114,true,23,25,38,28,random
7655,101679,300,32,54,true,13,17,12,12,random
7656,101680,1180,128,129,true,30,30,33,36,random
7657,101681,1120,128,118,true,28,28,33,29,random
7658,101682,2184,256,176,true,40,40,55,41,random
7659,101683,1088,128,115,true,31,24,29,31,random
7660,101684,1412,128,144,true,34,40,36,34,random
7661,101685,732,64,96,true,23,25,20,28,random
7662,101686,1308,128,134,true,37,31,32,34,random
7663,101687,696,64,86,true,15,25,23,23,random
7664,101688,2296,256,192,true,46,47,47,52,random
7665,101689,1148,128,124,true,25,32,36,31,random
7666,101690,1556,128,156,true,49,38,39,30,random
7667,101691,360,32,65,true,15,17,20,13,random
7668,101692,544,64,75,true,14,18,23,20,random
7669,101693,1348,128,139,true,37,37,27,38,random
7670,101694,1164,128,125,true,28,33,27,37,random
7671,101695,1344,128,135,true,37,31,32,35,random
7672,101696,1404,128,148,true,37,34,48,29,random
7673,101697,1056,128,114,true,35,26,24,29,random
7674,101698,376,32,64,true,13,14,12,25,random
7675,101699,1284,128,131,true,33,29,32,37,random
7676,101700,1316,128,131,true,38,30,36,27,random
7677,101701,1352,128,139,true,34,36,37,32,random
7678,101702,1288,128,142,true,42,46,30,24,random
7679,101703,540,64,75,true,22,14,16,23,random
7680,101704,824,64,98,true,24,24,29,21,random
7681,101705,720,64,97,true,21,22,29,25,random
7682,101706,768,64,94,true,30,19,20,25,random
7683,101707,1036,128,111,true,25,29,30,27,random
7684,101708,1356,128,142,true,38,30,39,35,random
7685,101709,340,32,60,true,10,13,15,22,random
7686,101710,1328,128,139,true,35,41,30,33,random
7687,101711,1192,128,124,true,31,32,29,32,random
7688,101712,1388,128,147,true,35,38,42,32,random
7689,101713,2612,256,218,true,57,53,62,46,random
7690,101714,376,32,62,true,16,13,20,13,random
7691,101715,1296,128,134,true,28,34,40,32,random
7692,101716,604,64,81,true,15,16,24,26,random
7693,101717,1008,128,107,true,29,23,29,26,random
7694,101718,716,64,90,true,25,25,24,16,random
7695,101719,592,64,82,true,20,22,14,26,random
7696,101720,1252,128,134,true,28,35,30,41,random
7697,101721,1128,128,122,true,38,29,26,29,random
7698,101722,1220,128,123,true,25,32,33,33,random
7699,101723,508,32,76,true,17,21,21,17,random
7700,101724,1124,128,120,true,39,25,30,26,random
7701,101725,2176,256,185,true,50,46,43,46,random
7702,101726,580,64,80,true,16,25,21,18,random
7703,101727,744,64,94,true,20,31,24,19,random
7704,101728,1368,128,136,true,32,29,37,38,random
7705,101729,420,32,68,true,14,21,16,17,random
7706,101730,572,64,79,true,14,21,23,21,random
7707,101731,1440,128,149,true,42,30,39,38,random
7708,101732,1016,128,109,true,33,19,31,26,random
7709,101733,1728,128,177,true,47,48,46,36,random
7710,101734,1376,128,146,true,35,43,29,39,random
7711,101735,612,64,84,true,20,21,18,25,random
7712,101736,480,32,75,true,19,23,14,19,random
7713,101737,1764,128,168,true,47,37,50,34,random
7714,101738,680,64,89,true,20,22,26,21,random
7715,101739,1240,128,128,true,24,41,29,34,random
7716,101740,1368,128,140,true,34,36,38,32,random
7717,101741,1028,128,111,true,28,27,29,27,random
7718,101742,592,64,81,true,26,25,14,16,random
7719,101743,2040,256,171,true,44,35,44,48,random
7720,101744,380,32,63,true,20,16,11,16,random
7721,101745,836,64,101,true,18,24,33,26,random
7722,101746,1252,128,128,true,23,36,32,37,random
7723,101747,708,64,95,true,26,22,24,23,random
7724,101748,2016,128,187,true,49,44,54,40,random
7725,101749,2776,256,226,true,59,54,58,55,random
7726,101750,1292,128,130,true,29,39,32,30,random
7727,101751,348,32,64,true,15,19,16,14,random
7728,101752,584,64,80,true,19,25,19,17,random
7729,101753,1196,128,120,true,32,28,35,25,random
7730,101754,692,64,92,true,20,24,23,25,random
7731,101755,644,64,90,true,24,23,16,27,random
7732,101756,1116,128,117,true,30,27,34,26,random
7733,101757,1132,128,121,true,33,25,39,24,random
7734,101758,2244,256,181,true,36,47,51,47,random
7735,101759,752,64,101,true,25,23,26,27,random
7736,101760,1072,128,119,true,30,38,29,22,random
7737,101761,620,64,85,true,20,22,19,24,random
7738,101762,672,64,88,true,18,25,24,21,random
7739,101763,1684,128,173,true,43,48,39,43,random
7740,101764,1328,128,138,true,32,38,38,30,random
7741,101765,908,64,105,true,24,29,26,26,random
7742,101766,860,64,112,true,24,24,32,32,random
7743,101767,748,64,90,true,22,22,29,17,random
7744,101768,824,64,107,true,25,29,30,23,random
7745,101769,1332,128,132,true,35,31,37,29,random
7746,101770,324,32,58,true,10,16,18,14,random
7747,101771,1600,128,168,true,36,41,43,48,random
7748,101772,792,64,97,true,26,25,19,27,random
7749,101773,1112,128,117,true,27,31,24,35,random
7750,101774,660,64,90,true,17,25,19,29,random
7751,101775,2856,256,235,true,63,60,58,54,random
7752,101776,1000,128,105,true,25,30,21,29,random
7753,101777,1852,128,187,true,49,40,51,47,random
7754,101778,2548,256,214,true,60,50,63,41,random
7755,101779,580,64,80,true,17,21,21,21,random
7756,101780,980,64,118,true,27,27,36,28,random
7757,101781,1772,128,168,true,48,41,41,38,random
7758,101782,1600,128,159,true,48,38,37,36,random
7759,101783,540,64,74,true,16,19,22,17,random
7760,101784,1076,128,115,true,24,33,28,30,random
7761,101785,1304,128,133,true,29,30,36,38,random
7762,101786,1092,128,119,true,25,28,37,29,random
7763,101787,1044,128,113,true,35,22,32,24,random
7764,101788,496,64,69,true,14,14,22,19,random
7765,101789,1140,128,122,true,38,29,24,31,random
7766,101790,420,32,70,true,24,14,19,13,random
7767,101791,1324,128,137,true,35,34,34,34,random
7768,101792,712,64,95,true,28,27,16,24,random
7769,101793,2356,256,196,true,54,44,44,54,random
7770,101794,1368,128,142,true,41,32,33,36,random
7771,101795,1112,128,117,true,32,27,30,28,random
7772,101796,1312,128,138,true,39,29,36,34,random
7773,101797,1060,128,115,true,42,22,21,30,random
7774,101798,1144,128,124,true,29,35,29,31,random
7775,101799,1284,128,129,true,35,35,26,33,random
7776,101800,700,64,89,true,24,16,30,19,random
7777,101801,992,128,107,true,27,22,30,28,random
7778,101802,1552,128,164,true,45,38,37,44,random
7779,101803,1160,128,127,true,32,24,34,37,random
7780,101804,1316,128,135,true,35,29,39,32,random
7781,101805,2120,256,177,true,40,53,43,41,random
7782,101806,728,64,98,true,28,22,24,24,random
7783,101807,1380,128,143,true,37,24,41,41,random
7784,101808,488,64,68,true,17,13,17,21,random
7785,101809,1452,128,154,true,37,35,40,42,random
7786,101810,1108,128,120,true,35,28,22,35,random
7787,101811,1092,128,117,true,32,40,25,20,random
7788,101812,472,64,68,true,13,17,23,15,random
7789,101813,1276,128,140,true,40,26,40,34,random
7790,101814,1348,128,139,true,28,42,37,32,random
7791,101815,664,64,91,true,30,21,19,21,random
7792,101816,960,128,99,true,23,19,30,27,random
7793,101817,780,64,99,true,32,20,25,22,random
7794,101818,2520,256,209,true,58,58,45,48,random
7795,101819,1328,128,138,true,34,33,39,32,random
7796,101820,1444,128,140,true,35,36,31,38,random
7797,101821,264,32,53,true,14,19,9,11,random
7798,101822,1244,128,125,true,36,37,23,29,random
7799,101823,716,64,97,true,25,28,19,25,random
7800,101824,644,64,90,true,16,21,26,27,random
7801,101825,1192,128,130,true,36,31,32,31,random
7802,101826,1548,128,160,true,43,49,29,39,random
7803,101827,1128,128,109,true,30,24,25,30,random
7804,101828,936,128,101,true,29,23,21,28,random
7805,101829,1880,256,150,true,44,28,35,43,random
7806,101830,968,64,118,true,26,34,25,33,random
7807,101831,1152,128,121,true,26,33,32,30,random
7808,101832,1388,128,148,true,35,37,36,40,random
7809,101833,320,32,59,true,13,10,18,18,random
7810,101834,564,64,77,true,10,25,22,20,random
7811,101835,684,64,92,true,21,27,24,20,random
7812,101836,2144,256,188,true,50,48,45,45,random
7813,101837,1196,128,125,true,34,26,32,33,random
7814,101838,780,64,94,true,17,25,29,23,random
7815,101839,2524,256,215,true,49,58,50,58,random
7816,101840,896,64,109,true,28,28,30,23,random
7817,101841,668,64,89,true,23,24,20,22,random
7818,101842,1064,128,117,true,36,30,22,29,random
7819,101843,1480,128,145,true,37,34,38,36,random
7820,101844,560,64,76,true,22,17,18,19,random
7821,101845,1104,128,110,true,34,29,24,23,random
7822,101846,532,64,75,true,21,16,23,15,random
7823,101847,808,64,103,true,26,24,25,28,random
7824,101848,268,32,52,true,13,16,10,13,random
7825,101849,748,64,97,true,18,25,34,20,random
7826,101850,772,64,102,true,29,25,23,25,random
7827,101851,1136,128,119,true,30,23,39,27,random
7828,101852,1276,128,131,true,30,25,34,42,random
7829,101853,1180,128,119,true,39,25,23,32,random
7830,101854,1008,64,121,true,34,35,28,24,random
7831,101855,712,64,93,true,25,19,27,22,random
7832,101856,452,64,66,true,18,13,19,16,random
7833,101857,1344,128,139,true,31,32,40,36,random
7834,101858,960,128,101,true,28,26,24,23,random
7835,101859,1284,128,132,true,30,36,28,38,random
7836,101860,2812,256,231,true,55,70,55,51,random
7837,101861,1392,128,142,true,42,41,30,29,random
7838,101862,1288,128,129,true,32,37,34,26,random
7839,101863,984,128,102,true,29,30,22,21,random
7840,101864,1444,128,150,true,35,39,41,35,random
7841,101865,2124,256,180,true,49,49,34,48,random
7842,101866,352,32,60,true,14,14,17,15,random
7843,101867,544,64,75,true,24,15,17,19,random
7844,101868,900,64,113,true,32,27,33,21,random
7845,101869,984,64,116,true,30,22,37,27,random
7846,101870,1368,128,142,true,35,30,43,34,random
7847,101871,660,64,90,true,21,21,24,24,random
7848,101872,568,64,78,true,21,26,16,15,random
7849,101873,1228,128,123,true,24,32,30,37,random
7850,101874,1324,128,136,true,33,39,25,39,random
7851,101875,660,64,93,true,25,25,23,20,random
7852,101876,1312,128,134,true,29,28,37,40,random
7853,101877,756,64,100,true,18,23,29,30,random
7854,101878,252,32,48,true,10,11,8,19,random
7855,101879,572,64,81,true,25,16,20,20,random
7856,101880,1188,128,131,true,35,29,28,39,random
7857,101881,1288,128,134,true,31,34,29,40,random
7858,101882,560,64,79,true,13,17,24,25,random
7859,101883,252,32,48,true,13,13,13,9,random
7860,101884,848,64,99,true,30,28,24,17,random
7861,101885,704,64,93,true,25,22,26,20,random
7862,101886,2476,256,212,true,59,41,57,55,random
7863,101887,868,64,104,true,30,21,30,23,random
7864,101888,540,64,75,true,23,18,17,17,random
7865,101889,1328,128,137,true,39,36,33,29,random
7866,101890,1572,128,165,true,46,46,34,39,random
7867,101891,720,64,94,true,19,20,23,32,random
7868,101892,708,64,94,true,23,24,19,28,random
7869,101893,1648,128,164,true,43,39,43,39,random
7870,101894,1140,128,123,true,25,30,30,38,random
7871,101895,1464,128,153,true,45,44,29,35,random
7872,101896,1448,128,149,true,31,34,39,45,random
7873,101897,1100,128,117,true,30,25,25,37,random
7874,101898,1456,128,149,true,33,43,33,40,random
7875,101899,1228,128,125,true,30,37,33,25,random
7876,101900,556,64,78,true,21,23,12,22,random
7877,101901,512,64,71,true,16,16,22,17,random
7878,101902,556,64,80,true,15,23,24,18,random
7879,101903,676,64,87,true,28,16,24,19,random
7880,101904,620,64,85,true,20,23,21,21,random
7881,101905,240,32,48,true,12,12,13,11,random
7882,101906,1740,128,165,true,41,48,38,38,random
7883,101907,1132,128,121,true,26,28,30,37,random
7884,101908,1344,128,140,true,41,27,33,39,random
7885,101909,1340,128,136,true,31,28,34,43,random
7886,101910,1372,128,144,true,42,29,37,36,random
7887,101911,1360,128,141,true,40,37,34,30,random
7888,101912,1108,128,116,true,30,24,29,33,random
7889,101913,720,64,92,true,24,28,21,19,random
7890,101914,1488,128,149,true,38,34,41,36,random
7891,101915,1176,128,127,true,37,36,34,20,random
7892,101916,1064,128,116,true,28,34,32,22,random
7893,101917,1328,128,138,true,42,31,35,30,random
7894,101918,1672,128,168,true,46,39,39,44,random
7895,101919,916,64,112,true,28,23,29,32,random
7896,101920,1068,128,116,true,24,33,25,34,random
7897,101921,1404,128,145,true,35,38,36,36,random
7898,101922,536,64,73,true,17,20,24,12,random
7899,101923,1436,128,148,true,42,42,27,37,random
7900,101924,1364,128,142,true,34,35,28,45,random
7901,101925,540,64,80,true,23,20,18,19,random
7902,101926,932,128,97,true,23,21,23,30,random
7903,101927,588,64,80,true,12,25,23,20,random
7904,101928,1516,128,160,true,39,34,41,46,random
7905,101929,188,16,44,true,8,12,10,14,random
7906,101930,1532,128,156,true,44,42,38,32,random
7907,101931,840,64,101,true,29,26,23,23,random
7908,101932,1400,128,147,true,35,35,42,35,random
7909,101933,2004,256,165,true,41,40,37,47,random
7910,101934,1372,128,137,true,31,35,36,35,random
7911,101935,1144,128,123,true,29,33,38,23,random
7912,101936,728,64,98,true,29,22,20,27,random
7913,101937,616,64,86,true,22,25,19,20,random
7914,101938,1604,128,161,true,39,42,38,42,random
7915,101939,1704,128,165,true,29,46,45,45,random
7916,101940,720,64,92,true,27,20,21,24,random
7917,101941,1088,128,104,true,25,21,27,31,random
7918,101942,604,64,84,true,22,25,15,22,random
7919,101943,716,64,96,true,30,15,26,25,random
7920,101944,772,64,100,true,23,27,19,31,random
7921,101945,1060,128,115,true,29,32,24,30,random
7922,101946,1008,128,108,true,20,31,32,25,random
7923,101947,544,64,72,true,20,15,18,19,random
7924,101948,556,64,74,true,15,20,17,22,random
7925,101949,800,64,105,true,30,21,23,31,random
7926,101950,1108,128,120,true,29,33,31,27,random
7927,101951,816,64,99,true,23,28,26,22,random
7928,101952,316,32,57,true,14,17,14,12,random
7929,101953,568,64,77,true,21,22,17,17,random
7930,101954,632,64,88,true,20,23,25,20,random
7931,101955,1424,128,146,true,43,35,33,35,random
7932,101956,632,64,89,true,22,19,24,24,random
7933,101957,708,64,96,true,24,28,23,21,random
7934,101958,1324,128,138,true,37,36,34,31,random
7935,101959,1408,128,145,true,38,37,37,33,random
7936,101960,2448,256,209,true,51,48,64,46,random
7937,101961,1188,128,124,true,30,29,28,37,random
7938,101962,1236,128,127,true,28,31,32,36,random
7939,101963,564,64,79,true,19,21,20,19,random
7940,101964,564,64,76,true,21,19,17,19,random
7941,101965,2076,256,177,true,47,45,40,45,random
7942,101966,1116,128,119,true,29,25,29,36,random
7943,101967,928,128,100,true,29,24,25,22,random
7944,101968,1008,64,121,true,32,31,33,25,random
7945,101969,2336,256,194,true,46,52,49,47,random
7946,101970,320,32,60,true,17,13,12,18,random
7947,101971,772,64,100,true,22,27,24,27,random
7948,101972,2280,256,189,true,51,35,48,55,random
7949,101973,596,64,79,true,15,19,24,21,random
7950,101974,164,16,41,true,9,10,8,14,random
7951,101975,2356,256,198,true,64,51,44,39,random
7952,101976,652,64,92,true,17,26,20,29,random
7953,101977,1412,128,150,true,37,30,40,43,random
7954,101978,1372,128,138,true,32,33,35,38,random
7955,101979,1160,128,126,true,31,29,31,35,random
7956,101980,1228,128,130,true,34,33,27,36,random
7957,101981,1496,128,149,true,42,38,43,26,random
7958,101982,1124,128,122,true,32,32,31,27,random
7959,101983,1068,128,116,true,38,25,29,24,random
7960,101984,1552,128,162,true,37,34,47,44,random
7961,101985,372,32,66,true,6,16,18,26,random
7962,101986,1428,128,150,true,36,39,41,34,random
7963,101987,336,32,58,true,15,15,11,17,random
7964,101988,592,64,81,true,20,18,24,19,random
7965,101989,1328,128,138,true,31,36,34,37,random
7966,101990,1452,128,152,true,42,43,37,30,random
7967,101991,1128,128,123,true,29,29,32,33,random
7968,101992,672,64,90,true,25,21,19,25,random
7969,101993,512,64,74,true,13,17,25,19,random
7970,101994,1320,128,136,true,23,37,33,43,random
7971,101995,1248,128,134,true,34,34,37,29,random
7972,101996,612,64,83,true,18,21,20,24,random
7973,101997,672,64,90,true,17,23,27,23,random
7974,101998,1208,128,124,true,26,27,36,35,random
7975,101999,352,32,62,true,12,16,14,20,random
7976,102000,744,64,91,true,28,20,22,21,random
7977,102001,1320,128,137,true,30,41,31,35,random
7978,102002,624,64,87,true,17,23,23,24,random
7979,102003,612,64,83,true,29,16,17,21,random
7980,102004,1256,128,126,true,29,30,36,31,random
7981,102005,708,64,94,true,27,11,37,19,random
7982,102006,696,64,92,true,20,31,17,24,random
7983,102007,720,64,94,true,22,22,26,24,random
7984,102008,1320,128,135,true,40,32,34,29,random
7985,102009,1940,128,178,true,35,47,54,42,random
7986,102010,1180,128,129,true,29,35,32,33,random
7987,102011,1028,128,109,true,25,30,29,25,random
7988,102012,692,64,92,true,22,16,31,23,random
7989,102013,1388,128,142,true,31,43,35,33,random
7990,102014,1176,128,128,true,34,33,28,33,random
7991,102015,824,64,109,true,28,24,26,31,random
7992,102016,1448,128,147,true,33,44,34,36,random
7993,102017,1016,128,109,true,33,24,21,31,random
7994,102018,1268,128,128,true,30,36,24,38,random
7995,102019,932,64,111,true,26,29,23,33,random
7996,102020,2200,256,182,true,56,40,41,45,random
7997,102021,692,64,91,true,24,29,15,23,random
7998,102022,1092,128,115,true,24,33,31,27,random
7999,102023,692,64,91,true,21,22,27,21,random
8000,102024,504,32,76,true,18,19,18,21,random
8001,102025,528,64,72,true,15,17,20,20,random
8002,102026,568,64,78,true,24,11,19,24,random
8003,102027,1244,128,133,true,30,36,36,31,random
8004,102028,1388,128,141,true,31,34,38,38,random
8005,102029,336,32,59,true,13,23,12,11,random
8006,102030,244,32,46,true,13,12,13,8,random
8007,102031,688,64,91,true,24,18,24,25,random
8008,102032,1116,128,121,true,27,35,28,31,random
8009,102033,1420,128,148,true,34,37,36,41,random
8010,102034,2148,256,188,true,36,46,47,59,random
8011,102035,1132,128,121,true,31,31,24,35,random
8012,102036,2020,128,187,true,52,58,40,37,random
8013,102037,1632,128,154,true,42,34,42,36,random
8014,102038,748,64,95,true,22,21,27,25,random
8015,102039,676,64,91,true,22,28,27,14,random
8016,102040,860,64,102,true,30,28,25,19,random
8017,102041,416,32,67,true,16,14,12,25,random
8018,102042,1484,128,156,true,37,41,40,38,random
8019,102043,920,64,109,true,34,35,15,25,random
8020,102044,1192,128,131,true,27,39,29,36,random
8021,102045,488,64,69,true,22,22,14,11,random
8022,102046,656,64,89,true,20,17,28,24,random
8023,102047,720,64,98,true,23,21,28,26,random
8024,102048,1164,128,128,true,27,31,37,33,random
8025,102049,704,64,94,true,24,22,23,25,random
8026,102050,796,64,101,true,24,29,18,30,random
8027,102051,304,32,58,true,17,11,16,14,random
8028,102052,1104,128,119,true,25,34,30,30,random
8029,102053,1024,128,111,true,36,23,28,24,random
8030,102054,684,64,89,true,24,22,20,23,random
8031,102055,660,64,87,true,20,25,23,19,random
8032,102056,1588,128,159,true,46,37,37,39,random
8033,102057,776,64,101,true,22,31,25,23,random
8034,102058,1308,128,134,true,42,34,26,32,random
8035,102059,1420,128,147,true,39,35,41,32,random
8036,102060,1324,128,137,true,32,29,34,42,random
8037,102061,1092,64,129,true,39,28,32,30,random
8038,102062,1632,128,165,true,44,41,37,43,random
8039,102063,600,64,80,true,23,17,20,20,random
8040,102064,2360,256,197,true,48,56,43,50,random
8041,102065,2292,256,189,true,48,50,44,47,random
8042,102066,2488,256,210,true,53,63,52,42,random
8043,102067,720,64,97,true,29,28,21,19,random
8044,102068,1404,128,141,true,34,35,38,34,random
8045,102069,340,32,62,true,14,17,15,16,random
8046,102070,1312,128,133,true,30,31,38,34,random
8047,102071,972,128,102,true,28,29,21,24,random
8048,102072,2460,256,208,true,54,58,49,47,random
8049,102073,1052,128,113,true,20,23,41,29,random
8050,102074,628,64,87,true,26,22,18,21,random
8051,102075,1452,128,152,true,41,39,42,30,random
8052,102076,1084,128,116,true,30,31,32,23,random
8053,102077,2488,256,218,true,57,60,45,56,random
8054,102078,1256,128,125,true,34,37,27,27,random
8055,102079,996,128,109,true,21,26,36,26,random
8056,102080,2080,256,177,true,46,40,49,42,random
8057,102081,656,64,87,true,23,20,26,18,random
8058,102082,2996,256,238,true,59,55,58,66,random
8059,102083,1324,128,137,true,32,39,34,32,random
8060,102084,548,64,77,true,15,20,21,21,random
8061,102085,1196,128,132,true,30,24,40,38,random
8062,102086,1520,128,158,true,34,45,35,44,random
8063,102087,1608,128,162,true,40,40,39,43,random
8064,102088,748,64,95,true,21,22,27,25,random
8065,102089,664,64,91,true,23,19,29,20,random
8066,102090,1196,128,128,true,31,37,29,31,random
8067,102091,820,64,107,true,24,21,32,30,random
8068,102092,1084,128,121,true,38,22,31,30,random
8069,102093,1028,128,108,true,28,25,28,27,random
8070,102094,1392,128,145,true,35,27,39,44,random
8071,102095,880,64,106,true,24,27,22,33,random
8072,102096,3268,256,270,true,61,65,74,70,random
8073,102097,1972,128,176,true,40,42,49,45,random
8074,102098,244,32,45,true,9,10,11,15,random
8075,102099,1596,128,160,true,41,40,40,39,random
8076,102100,1048,128,112,true,28,27,33,24,random
8077,102101,1124,128,125,true,32,28,30,35,random
8078,102102,1168,128,126,true,33,32,33,28,random
8079,102103,320,32,59,true,13,17,14,15,random
8080,102104,896,64,109,true,26,25,32,26,random
8081,102105,692,64,92,true,20,25,26,21,random
8082,102106,680,64,89,true,19,22,22,26,random
8083,102107,968,64,115,true,20,28,33,34,random
8084,102108,436,64,64,true,19,14,11,20,random
8085,102109,1112,128,118,true,32,35,23,28,random
8086,102110,1384,128,142,true,30,36,35,41,random
8087,102111,156,16,40,true,9,13,5,13,random
8088,102112,1360,128,142,true,30,35,37,40,random
8089,102113,1504,128,155,true,37,38,39,41,random
8090,102114,1032,128,106,true,32,25,28,21,random
8091,102115,284,32,54,true,12,17,14,11,random
8092,102116,1304,128,134,true,36,35,30,33,random
8093,102117,712,64,92,true,15,22,29,26,random
8094,102118,1272,128,132,true,35,27,34,36,random
8095,102119,1392,128,144,true,32,35,35,42,random
8096,102120,1024,128,108,true,33,26,25,24,random
8097,102121,1384,128,141,true,33,34,37,37,random
8098,102122,276,32,52,true,18,9,12,13,random
8099,102123,1332,128,134,true,39,32,28,35,random
8100,102124,792,64,100,true,34,22,21,23,random
8101,102125,1056,128,115,true,29,27,30,29,random
8102,102126,292,32,52,true,9,15,12,16,random
8103,102127,1120,128,120,true,28,28,35,29,random
8104,102128,1264,128,133,true,33,36,27,37,random
8105,102129,548,64,76,true,29,15,14,18,random
8106,102130,1100,128,121,true,28,34,31,28,random
8107,102131,960,64,114,true,34,17,27,36,random
8108,102132,1020,128,110,true,27,29,24,30,random
8109,102133,744,64,90,true,18,29,21,22,random
8110,102134,1216,128,127,true,26,34,31,36,random
8111,102135,976,128,107,true,30,29,27,21,random
8112,102136,1156,128,117,true,34,24,29,30,random
8113,102137,472,32,72,true,23,18,16,15,random
8114,102138,1028,128,111,true,27,27,30,27,random
8115,102139,876,64,105,true,26,30,22,27,random
8116,102140,1116,128,124,true,27,26,36,35,random
8117,102141,576,64,79,true,16,26,18,19,random
8118,102142,1532,128,158,true,43,40,39,36,random
8119,102143,1052,128,114,true,32,21,36,25,random
8120,102144,456,32,75,true,14,27,17,17,random
8121,102145,2228,256,187,true,50,47,43,47,random
8122,102146,756,64,92,true,25,17,24,26,random
8123,102147,732,64,100,true,28,28,24,20,random
8124,102148,2132,256,180,true,42,50,46,42,random
8125,102149,340,32,63,true,14,15,20,14,random
8126,102150,2136,256,176,true,47,45,46,38,random
8127,102151,1340,128,137,true,46,33,32,26,random
8128,102152,600,64,84,true,22,15,28,19,random
8129,102153,1300,128,131,true,30,40,33,28,random
8130,102154,1340,128,139,true,37,32,39,31,random
8131,102155,700,64,93,true,17,24,24,28,random
8132,102156,464,64,67,true,23,14,17,13,random
8133,102157,944,64,114,true,33,24,27,30,random
8134,102158,504,64,70,true,17,16,19,18,random
8135,102159,1056,128,112,true,24,34,29,25,random
8136,102160,672,64,91,true,24,24,20,23,random
8137,102161,1044,128,115,true,34,23,29,29,random
8138,102162,676,64,89,true,33,17,24,15,random
8139,102163,1300,128,133,true,34,34,32,33,random
8140,102164,1380,128,143,true,36,35,34,38,random
8141,102165,1328,128,138,true,34,27,41,36,random
8142,102166,568,64,78,true,26,16,17,19,random
8143,102167,632,64,81,true,20,16,23,22,random
8144,102168,880,64,106,true,27,28,23,28,random
8145,102169,1108,128,120,true,31,36,27,26,random
8146,102170,1392,128,141,true,45,27,39,30,random
8147,102171,1492,128,158,true,34,42,42,40,random
8148,102172,660,64,93,true,28,18,31,16,random
8149,102173,732,64,90,true,25,27,22,16,random
8150,102174,2356,256,199,true,55,45,48,51,random
8151,102175,1096,128,119,true,40,22,32,25,random
8152,102176,1288,128,133,true,35,37,30,31,random
8153,102177,1040,128,110,true,25,33,25,27,random
8154,102178,500,64,73,true,21,13,22,17,random
8155,102179,1324,128,136,true,31,42,31,32,random
8156,102180,1288,128,132,true,33,29,36,34,random
8157,102181,2200,256,181,true,45,37,48,51,random
8158,102182,1112,128,120,true,28,27,29,36,random
8159,102183,308,32,56,true,14,15,12,15,random
8160,102184,664,64,85,true,18,18,22,27,random
8161,102185,764,64,98,true,20,26,26,26,random
8162,102186,844,64,105,true,31,23,19,32,random
8163,102187,540,64,75,true,18,18,19,20,random
8164,102188,1388,128,143,true,37,42,27,37,random
8165,102189,1020,128,110,true,32,25,26,27,random
8166,102190,848,64,105,true,30,27,23,25,random
8167,102191,912,64,111,true,22,27,30,32,random
8168,102192,612,64,86,true,18,21,20,27,random
8169,102193,1332,128,138,true,32,35,40,31,random
8170,102194,928,64,108,true,30,25,22,31,random
8171,102195,704,64,94,true,15,27,24,28,random
8172,102196,552,64,77,true,22,19,19,17,random
8173,102197,1316,128,136,true,33,33,30,40,random
8174,102198,1148,128,124,true,34,29,32,29,random
8175,102199,1432,128,147,true,36,35,40,36,random
8176,102200,1532,128,157,true,41,34,40,42,random
8177,102201,1608,128,161,true,33,47,36,45,random
8178,102202,596,64,82,true,16,32,17,17,random
8179,102203,440,64,63,true,18,13,15,17,random
8180,102204,1220,128,128,true,32,30,34,32,random
8181,102205,660,64,88,true,25,18,20,25,random
8182,102206,472,32,72,true,19,16,18,19,random
8183,102207,1336,128,139,true,37,32,37,33,random
8184,102208,392,32,66,true,14,16,20,16,random
8185,102209,1448,128,151,true,38,31,43,39,random
8186,102210,708,64,96,true,26,28,19,23,random
8187,102211,688,64,94,true,22,14,32,26,random
8188,102212,428,64,63,true,19,14,17,13,random
8189,102213,648,64,86,true,23,24,21,18,random
8190,102214,2392,256,201,true,48,46,49,58,random
8191,102215,1660,128,172,true,45,38,43,46,random
8192,102216,584,64,81,true,23,18,18,22,random
8193,102217,1000,128,106,true,29,26,25,26,random
8194,102218,640,64,83,true,18,22,19,24,random
8195,102219,1216,128,125,true,36,26,29,34,random
8196,102220,696,64,92,true,21,20,28,23,random
8197,102221,648,64,84,true,19,19,19,27,random
8198,102222,1296,128,131,true,36,28,36,31,random
8199,102223,1504,128,157,true,50,33,37,37,random
8200,102224,1620,128,162,true,38,44,38,42,random
8201,102225,364,32,62,true,14,16,15,17,random
8202,102226,1676,128,172,true,48,40,47,37,random
8203,102227,384,32,63,true,16,17,16,14,random
8204,102228,1408,128,145,true,33,40,29,43,random
8205,102229,1172,128,127,true,31,38,26,32,random
8206,102230,1324,128,138,true,32,26,40,40,random
8207,102231,1444,128,150,true,35,41,42,32,random
8208,102232,580,64,79,true,18,23,15,23,random
8209,102233,1332,128,139,true,34,29,35,41,random
8210,102234,536,64,76,true,26,17,17,16,random
8211,102235,1500,128,150,true,40,34,39,37,random
8212,102236,480,64,70,true,16,13,22,19,random
8213,102237,1056,128,115,true,25,30,31,29,random
8214,102238,620,64,85,true,21,25,17,22,random
8215,102239,1000,128,105,true,26,29,24,26,random
8216,102240,932,64,112,true,34,26,24,28,random
8217,102241,2132,256,183,true,52,41,46,44,random
8218,102242,876,64,108,true,28,30,25,25,random
8219,102243,496,32,80,true,26,17,21,16,random
8220,102244,1044,128,111,true,26,31,27,27,random
8221,102245,1352,128,140,true,35,39,30,36,random
8222,102246,488,64,72,true,20,14,18,20,random
8223,102247,1312,128,131,true,30,34,33,34,random
8224,102248,948,64,112,true,31,22,33,26,random
8225,102249,1164,128,129,true,31,31,32,35,random
8226,102250,292,32,56,true,21,13,11,11,random
8227,102251,888,64,108,true,26,35,22,25,random
8228,102252,1480,128,153,true,38,40,36,39,random
8229,102253,988,64,117,true,28,33,28,28,random
8230,102254,1484,128,155,true,43,44,36,32,random
8231,102255,2644,256,211,true,45,57,58,51,random
8232,102256,920,64,112,true,29,30,28,25,random
8233,102257,708,64,95,true,25,20,24,26,random
8234,102258,648,64,91,true,21,21,21,28,random
8235,102259,628,64,83,true,22,14,20,27,random
8236,102260,692,64,91,true,16,22,25,28,random
8237,102261,580,64,80,true,21,18,19,22,random
8238,102262,960,64,114,true,43,18,27,26,random
8239,102263,1056,128,116,true,26,27,35,28,random
8240,102264,360,32,61,true,12,15,18,16,random
8241,102265,1664,128,158,true,34,38,47,39,random
8242,102266,1296,128,135,true,28,28,43,36,random
8243,102267,508,64,73,true,16,19,18,20,random
8244,102268,756,64,101,true,25,28,23,25,random
8245,102269,728,64,95,true,20,29,25,21,random
8246,102270,668,64,86,true,22,24,23,17,random
8247,102271,1596,128,160,true,34,43,35,48,random
8248,102272,944,64,114,true,33,32,27,22,random
8249,102273,1312,128,134,true,44,28,32,30,random
8250,102274,2020,256,167,true,41,42,44,40,random
8251,102275,1352,128,140,true,43,30,26,41,random
8252,102276,1648,128,165,true,44,37,46,38,random
8253,102277,720,64,96,true,19,27,27,23,random
8254,102278,1324,128,138,true,37,32,38,31,random
8255,102279,1164,128,125,true,29,29,37,30,random
8256,102280,1176,128,118,true,31,27,41,19,random
8257,102281,1152,128,124,true,31,30,40,23,random
8258,102282,1380,128,146,true,34,33,39,40,random
8259,102283,456,64,63,true,18,15,17,13,random
8260,102284,704,64,94,true,21,29,23,21,random
8261,102285,696,64,93,true,19,27,27,20,random
8262,102286,700,64,92,true,30,25,21,16,random
8263,102287,1176,128,130,true,25,26,41,38,random
8264,102288,1276,128,127,true,39,31,32,25,random
8265,102289,1472,128,147,true,41,39,30,37,random
8266,102290,1240,128,132,true,40,35,27,30,random
8267,102291,708,64,92,true,22,22,28,20,random
8268,102292,1148,128,124,true,31,32,33,28,random
8269,102293,1000,64,119,true,30,29,25,35,random
8270,102294,2496,256,216,true,56,54,46,60,random
8271,102295,1328,128,138,true,32,30,41,35,random
8272,102296,720,64,97,true,21,30,20,26,random
8273,102297,1116,128,123,true,43,23,25,32,random
8274,102298,1908,128,174,true,45,38,43,48,random
8275,102299,1084,128,117,true,34,31,24,28,random
8276,102300,628,64,83,true,19,21,22,21,random
8277,102301,1152,128,115,true,25,23,29,38,random
8278,102302,248,32,50,true,11,13,11,15,random
8279,102303,1656,128,167,true,48,42,46,31,random
8280,102304,612,64,84,true,25,17,20,22,random
8281,102305,1456,128,152,true,43,34,37,38,random
8282,102306,1392,128,145,true,41,28,36,40,random
8283,102307,1032,128,113,true,30,29,29,25,random
8284,102308,728,64,96,true,24,28,20,24,random
8285,102309,1292,128,133,true,31,34,38,30,random
8286,102310,1304,128,132,true,34,30,36,32,random
8287,102311,2768,256,226,true,62,57,59,48,random
8288,102312,828,64,95,true,25,32,16,22,random
8289,102313,1260,128,127,true,35,33,33,26,random
8290,102314,124,16,33,true,8,11,7,7,random
8291,102315,1140,128,123,true,22,39,29,33,random
8292,102316,280,32,54,true,13,15,15,11,random
8293,102317,1364,128,138,true,32,37,31,38,random
8294,102318,1384,128,145,true,37,32,37,39,random
8295,102319,436,32,73,true,19,21,16,17,random
8296,102320,1328,128,139,true,34,36,38,31,random
8297,102321,1112,128,116,true,29,29,31,27,random
8298,102322,504,32,78,true,19,28,11,20,random
8299,102323,708,64,94,true,20,29,26,19,random
8300,102324,668,64,86,true,20,25,24,17,random
8301,102325,1160,128,128,true,28,34,35,31,random
8302,102326,1296,128,134,true,40,24,32,38,random
8303,102327,1764,128,167,true,39,40,45,43,random
8304,102328,440,32,71,true,12,20,17,22,random
8305,102329,1336,128,139,true,31,37,38,33,random
8306,102330,1192,128,124,true,24,28,33,39,random
8307,102331,1372,128,144,true,35,36,35,38,random
8308,102332,1332,128,135,true,39,33,34,29,random
8309,102333,384,32,62,true,13,19,18,12,random
8310,102334,2384,256,197,true,52,47,37,61,random
8311,102335,1748,128,167,true,48,39,45,35,random
8312,102336,1620,128,162,true,43,38,40,41,random
8313,102337,528,64,75,true,18,22,14,21,random
8314,102338,1328,128,137,true,35,34,32,36,random
8315,102339,2416,256,209,true,53,59,47,50,random
8316,102340,924,128,100,true,24,26,20,30,random
8317,102341,584,64,81,true,21,19,22,19,random
8318,102342,460,32,73,true,13,16,20,24,random
8319,102343,1264,128,138,true,32,33,37,36,random
8320,102344,1392,128,143,true,34,36,32,41,random
8321,102345,1048,128,117,true,31,31,25,30,random
8322,102346,796,64,101,true,31,27,17,26,random
8323,102347,1348,128,139,true,34,40,32,33,random
8324,102348,1208,128,125,true,23,30,37,35,random
8325,102349,660,64,87,true,22,23,22,20,random
8326,102350,728,64,96,true,25,19,28,24,random
8327,102351,2100,256,174,true,43,51,38,42,random
8328,102352,1748,128,178,true,46,42,51,39,random
8329,102353,500,64,71,true,14,18,19,20,random
8330,102354,580,64,80,true,20,26,21,13,random
8331,102355,556,64,75,true,18,21,21,15,random
8332,102356,1116,128,121,true,35,33,27,26,random
8333,102357,1148,128,124,true,30,33,37,24,random
8334,102358,1108,128,121,true,23,34,32,32,random
8335,102359,1244,128,128,true,34,32,32,30,random
8336,102360,960,128,102,true,27,24,24,27,random
8337,102361,1216,128,120,true,29,28,32,31,random
8338,102362,1444,128,151,true,32,44,31,44,random
8339,102363,612,64,84,true,19,23,17,25,random
8340,102364,1148,128,124,true,29,28,36,31,random
8341,102365,696,64,89,true,23,23,18,25,random
8342,102366,484,64,69,true,17,17,18,17,random
8343,102367,572,64,81,true,17,27,17,20,random
8344,102368,1316,128,133,true,38,38,34,23,random
8345,102369,1152,128,114,true,33,24,33,24,random
8346,102370,584,64,80,true,17,24,18,21,random
8347,102371,2068,256,176,true,41,44,50,41,random
8348,102372,976,64,118,true,25,28,33,32,random
8349,102373,268,32,51,true,10,11,16,14,random
8350,102374,704,64,94,true,20,21,29,24,random
8351,102375,372,32,64,true,10,19,18,17,random
8352,102376,696,64,92,true,24,22,25,21,random
8353,102377,416,64,60,true,13,13,19,15,random
8354,102378,984,128,101,true,19,28,25,29,random
8355,102379,1088,128,112,true,35,25,24,28,random
8356,102380,740,64,90,true,20,20,28,22,random
8357,102381,944,128,103,true,28,24,23,28,random
8358,102382,1168,128,127,true,31,36,31,29,random
8359,102383,1348,128,139,true,42,35,29,33,random
8360,102384,1540,128,159,true,38,39,41,41,random
8361,102385,1380,128,143,true,43,31,33,36,random
8362,102386,1152,128,115,true,29,28,31,27,random
8363,102387,1060,128,115,true,28,27,38,22,random
8364,102388,844,64,102,true,22,25,23,32,random
8365,102389,1144,128,120,true,27,32,35,26,random
8366,102390,316,32,55,true,12,13,12,18,random
8367,102391,1512,128,154,true,39,37,48,30,random
8368,102392,512,64,75,true,17,26,18,14,random
8369,102393,472,64,68,true,14,19,15,20,random
8370,102394,1128,128,121,true,27,30,34,30,random
8371,102395,964,128,105,true,22,22,31,30,random
8372,102396,816,64,105,true,26,22,26,31,random
8373,102397,800,64,95,true,25,19,30,21,random
8374,102398,844,128,87,true,18,26,22,21,random
8375,102399,1352,128,139,true,36,31,32,40,random
8376,102400,1216,128,127,true,37,25,30,35,random
8377,102401,1088,128,116,true,29,29,30,28,random
8378,102402,1416,128,144,true,35,32,43,34,random
8379,102403,720,64,87,true,23,26,16,22,random
8380,102404,900,64,110,true,35,23,29,23,random
8381,102405,732,64,96,true,24,27,22,23,random
8382,102406,864,64,102,true,24,33,22,23,random
8383,102407,384,64,54,true,13,11,15,15,random
8384,102408,540,64,75,true,16,17,21,21,random
8385,102409,472,32,75,true,17,18,21,19,random
8386,102410,652,64,85,true,23,20,25,17,random
8387,102411,1404,128,144,true,47,29,34,34,random
8388,102412,904,64,110,true,24,25,27,34,random
8389,102413,1096,128,116,true,31,33,28,24,random
8390,102414,768,64,104,true,31,23,26,24,random
8391,102415,1028,128,110,true,21,29,29,31,random
8392,102416,728,64,99,true,22,24,22,31,random
8393,102417,1708,128,168,true,43,49,37,39,random
8394,102418,700,64,93,true,27,22,23,21,random
8395,102419,1520,128,152,true,35,34,45,38,random
8396,102420,1516,128,156,true,37,41,40,38,random
8397,102421,1308,128,134,true,35,32,30,37,random
8398,102422,528,64,71,true,14,26,15,16,random
8399,102423,944,128,100,true,16,28,28,28,random
8400,102424,896,64,105,true,23,26,25,31,random
8401,102425,1420,128,145,true,33,39,36,37,random
8402,102426,1196,128,132,true,30,33,32,37,random
8403,102427,816,64,100,true,23,24,33,20,random
8404,102428,1216,128,123,true,23,31,31,38,random
8405,102429,516,64,75,true,20,15,15,25,random
8406,102430,1300,128,132,true,27,35,33,37,random
8407,102431,872,64,106,true,30,32,26,18,random
8408,102432,1444,128,150,true,41,45,34,30,random
8409,102433,2220,256,191,true,48,34,59,50,random
8410,102434,1124,128,121,true,22,30,35,34,random
8411,102435,1168,128,116,true,29,27,29,31,random
8412,102436,792,64,101,true,20,28,28,25,random
8413,102437,580,32,83,true,20,23,20,20,random
8414,102438,464,64,68,true,16,14,24,14,random
8415,102439,1616,128,162,true,48,35,44,35,random
8416,102440,652,64,89,true,23,26,20,20,random
8417,102441,1468,128,151,true,45,34,33,39,random
8418,102442,540,64,74,true,18,15,20,21,random
8419,102443,1640,128,166,true,41,46,39,40,random
8420,102444,1008,128,106,true,22,24,32,28,random
8421,102445,748,64,100,true,27,18,26,29,random
8422,102446,848,128,86,true,23,23,18,22,random
8423,102447,1408,128,146,true,43,32,35,36,random
8424,102448,1904,128,173,true,43,42,42,46,random
8425,102449,596,64,83,true,26,22,14,21,random
8426,102450,684,64,93,true,33,20,19,21,random
8427,102451,280,32,53,true,10,13,15,15,random
8428,102452,380,32,63,true,15,12,22,14,random
8429,102453,1428,128,147,true,38,33,41,35,random
8430,102454,296,32,56,true,18,14,12,12,random
8431,102455,1412,128,145,true,40,29,38,38,random
8432,102456,1796,128,170,true,36,46,40,48,random
8433,102457,1128,128,117,true,33,32,26,26,random
8434,102458,648,64,91,true,25,21,19,26,random
8435,102459,1580,128,158,true,35,43,37,43,random
8436,102460,752,64,100,true,21,16,27,36,random
8437,102461,2016,256,167,true,40,37,39,51,random
8438,102462,3116,256,253,true,64,71,62,56,random
8439,102463,608,64,83,true,23,16,22,22,random
8440,102464,600,64,86,true,20,21,28,17,random
8441,102465,1336,128,133,true,34,32,36,31,random
8442,102466,1824,128,172,true,45,40,47,40,random
8443,102467,788,64,101,true,24,32,24,21,random
8444,102468,1440,128,143,true,33,39,37,34,random
8445,102469,660,64,91,true,25,28,22,16,random
8446,102470,444,32,70,true,14,22,15,19,random
8447,102471,624,64,86,true,20,19,21,26,random
8448,102472,1380,128,141,true,38,40,30,33,random
8449,102473,396,32,66,true,19,20,10,17,random
8450,102474,684,64,92,true,26,22,27,17,random
8451,102475,1332,128,139,true,25,37,32,45,random
8452,102476,696,64,93,true,28,22,22,21,random
8453,102477,1212,128,128,true,24,32,47,25,random
8454,102478,1072,128,118,true,30,24,34,30,random
8455,102479,1292,128,133,true,33,26,40,34,random
8456,102480,1672,128,173,true,45,41,50,37,random
8457,102481,632,64,81,true,15,21,24,21,random
8458,102482,572,64,78,true,17,18,18,25,random
8459,102483,1516,128,152,true,34,42,29,47,random
8460,102484,1024,128,111,true,37,25,24,25,random
8461,102485,776,64,97,true,17,23,26,31,random
8462,102486,1032,128,112,true,29,26,30,27,random
8463,102487,400,32,64,true,14,13,19,18,random
8464,102488,828,64,98,true,27,22,23,26,random
8465,102489,712,64,89,true,21,22,26,20,random
8466,102490,356,32,60,true,13,11,19,17,random
8467,102491,728,64,96,true,19,27,26,24,random
8468,102492,604,64,84,true,21,22,22,19,random
8469,102493,764,64,97,true,20,27,29,21,random
8470,102494,792,64,97,true,28,29,18,22,random
8471,102495,504,64,69,true,13,20,15,21,random
8472,102496,1020,128,109,true,26,35,19,29,random
8473,102497,864,64,102,true,24,24,34,20,random
8474,102498,972,128,99,true,29,25,19,26,random
8475,102499,920,64,111,true,28,26,28,29,random
8476,102500,692,64,91,true,24,26,26,15,random
8477,102501,916,64,111,true,27,21,29,34,random
8478,102502,696,64,95,true,20,21,33,21,random
8479,102503,1452,128,151,true,37,36,36,42,random
8480,102504,972,64,118,true,32,23,31,32,random
8481,102505,620,64,86,true,23,26,19,18,random
8482,102506,916,64,110,true,21,33,23,33,random
8483,102507,688,64,91,true,28,16,21,26,random
8484,102508,1044,128,112,true,23,36,32,21,random
8485,102509,1404,128,145,true,41,33,37,34,random
8486,102510,924,64,108,true,24,34,26,24,random
8487,102511,520,64,71,true,18,22,19,12,random
8488,102512,244,32,47,true,13,11,13,10,random
8489,102513,1076,128,117,true,29,30,30,28,random
8490,102514,572,64,82,true,19,21,20,22,random
8491,102515,1548,128,161,true,41,37,40,43,random
8492,102516,1072,128,118,true,23,33,29,33,random
8493,102517,580,64,81,true,16,23,23,19,random
8494,102518,708,64,96,true,21,22,28,25,random
8495,102519,1004,128,107,true,27,23,28,29,random
8496,102520,1220,128,122,true,43,24,26,29,random
8497,102521,1684,128,159,true,35,38,47,39,random
8498,102522,756,64,92,true,20,26,26,20,random
8499,102523,836,64,109,true,22,31,26,30,random
8500,102524,572,64,79,true,15,17,25,22,random
8501,102525,536,64,73,true,13,17,25,18,random
8502,102526,792,64,101,true,18,28,25,30,random
8503,102527,900,128,97,true,26,26,20,25,random
8504,102528,1920,128,174,true,43,51,39,41,random
8505,102529,812,64,98,true,21,29,24,24,random
8506,102530,696,64,93,true,20,29,21,23,random
8507,102531,484,64,71,true,13,14,20,24,random
8508,102532,1228,128,129,true,29,34,35,31,random
8509,102533,680,64,89,true,20,24,19,26,random
8510,102534,1368,128,138,true,32,28,34,44,random
8511,102535,1160,128,124,true,36,31,32,25,random
8512,102536,744,64,93,true,19,25,20,29,random
8513,102537,656,64,87,true,20,23,19,25,random
8514,102538,1548,128,157,true,47,33,36,41,random
8515,102539,1308,128,137,true,35,30,36,36,random
8516,102540,1612,128,150,true,50,31,29,40,random
8517,102541,1000,128,105,true,31,27,25,22,random
8518,102542,620,64,85,true,19,25,18,23,random
8519,102543,1424,128,149,true,35,32,40,42,random
8520,102544,1084,128,116,true,35,31,26,24,random
8521,102545,1132,128,121,true,28,33,27,33,random
8522,102546,1512,128,155,true,38,45,34,38,random
8523,102547,1488,128,156,true,44,45,35,32,random
8524,102548,1616,128,162,true,47,39,42,34,random
8525,102549,808,64,97,true,25,26,21,25,random
8526,102550,2408,256,203,true,63,46,41,53,random
8527,102551,1356,128,141,true,39,38,34,30,random
8528,102552,744,64,99,true,26,23,20,30,random
8529,102553,1448,128,151,true,41,39,39,32,random
8530,102554,1064,128,116,true,31,36,32,17,random
8531,102555,620,64,85,true,24,25,14,22,random
8532,102556,2264,256,195,true,51,45,45,54,random
8533,102557,812,64,101,true,21,21,32,27,random
8534,102558,848,64,100,true,25,30,18,27,random
8535,102559,1160,128,118,true,32,27,30,29,random
8536,102560,1212,128,120,true,35,27,26,32,random
8537,102561,576,64,79,true,20,23,15,21,random
8538,102562,1016,128,108,true,34,26,21,27,random
8539,102563,1088,128,120,true,33,32,29,26,random
8540,102564,1264,128,129,true,30,32,36,31,random
8541,102565,484,64,69,true,15,16,23,15,random
8542,102566,1736,128,164,true,38,48,43,35,random
8543,102567,912,128,100,true,31,21,21,27,random
8544,102568,1640,128,164,true,43,36,43,42,random
8545,102569,1168,128,126,true,24,41,30,31,random
8546,102570,812,64,104,true,30,22,34,18,random
8547,102571,1048,128,113,true,29,28,26,30,random
8548,102572,1412,128,147,true,39,39,35,34,random
8549,102573,1376,128,144,true,41,33,32,38,random
8550,102574,380,32,63,true,14,17,15,17,random
8551,102575,756,64,91,true,33,21,20,17,random
8552,102576,612,64,87,true,28,17,26,16,random
8553,102577,1408,128,146,true,35,36,32,43,random
8554,102578,1256,128,132,true,39,24,35,34,random
8555,102579,768,64,100,true,32,25,27,16,random
8556,102580,1368,128,143,true,36,31,35,41,random
8557,102581,412,32,67,true,17,18,16,16,random
8558,102582,1620,128,162,true,43,31,49,39,random
8559,102583,872,64,105,true,22,28,25,30,random
8560,102584,1296,128,131,true,33,37,25,36,random
8561,102585,696,64,93,true,21,23,27,22,random
8562,102586,1096,128,118,true,24,33,31,30,random
8563,102587,1380,128,142,true,37,31,34,40,random
8564,102588,1088,128,115,true,26,34,27,28,random
8565,102589,720,64,95,true,24,25,18,28,random
8566,102590,1096,128,117,true,46,19,28,24,random
8567,102591,432,64,62,true,15,16,15,16,random
8568,102592,1140,128,123,true,30,29,26,38,random
8569,102593,1492,128,147,true,41,37,35,34,random
8570,102594,1096,64,131,true,33,33,38,27,random
8571,102595,444,32,75,true,14,15,18,28,random
8572,102596,2404,256,203,true,52,44,64,43,random
8573,102597,1068,128,116,true,22,29,33,32,random
8574,102598,196,32,42,true,12,8,13,9,random
8575,102599,1260,128,134,true,33,29,38,34,random
8576,102600,752,64,101,true,25,27,27,22,random
8577,102601,732,64,97,true,21,31,16,29,random
8578,102602,1108,128,120,true,33,32,30,25,random
8579,102603,768,64,101,true,24,29,29,19,random
8580,102604,692,64,91,true,24,20,21,26,random
8581,102605,436,32,71,true,19,17,19,16,random
8582,102606,1200,128,127,true,34,28,34,31,random
8583,102607,1044,128,112,true,28,26,26,32,random
8584,102608,1020,128,109,true,28,25,26,30,random
8585,102609,484,64,69,true,18,18,19,14,random
8586,102610,1436,128,148,true,38,33,41,36,random
8587,102611,608,64,80,true,19,21,21,19,random
8588,102612,2232,256,185,true,47,52,43,43,random
8589,102613,1136,128,122,true,30,34,30,28,random
8590,102614,424,32,68,true,17,17,16,18,random
8591,102615,2364,256,200,true,49,52,46,53,random
8592,102616,1036,128,113,true,28,30,30,25,random
8593,102617,560,64,76,true,23,22,19,12,random
8594,102618,1492,128,149,true,35,32,43,39,random
8595,102619,756,64,95,true,19,23,21,32,random
8596,102620,820,64,101,true,23,27,27,24,random
8597,102621,1132,128,122,true,29,32,32,29,random
8598,102622,640,64,88,true,22,29,17,20,random
8599,102623,1388,128,145,true,37,32,31,45,random
8600,102624,736,64,92,true,21,21,21,29,random
8601,102625,1380,128,142,true,31,33,39,39,random
8602,102626,1080,128,115,true,29,29,24,33,random
8603,102627,676,64,88,true,21,22,20,25,random
8604,102628,1092,128,114,true,29,26,27,32,random
8605,102629,996,128,107,true,28,24,26,29,random
8606,102630,648,64,85,true,20,24,14,27,random
8607,102631,1568,128,165,true,41,38,41,45,random
8608,102632,580,64,80,true,20,26,20,14,random
8609,102633,604,64,85,true,24,23,15,23,random
8610,102634,664,64,85,true,20,21,18,26,random
8611,102635,1252,128,129,true,32,28,38,31,random
8612,102636,1224,128,125,true,33,30,27,35,random
8613,102637,520,64,73,true,16,21,17,19,random
8614,102638,1576,128,160,true,43,36,42,39,random
8615,102639,624,64,80,true,23,18,19,20,random
8616,102640,428,32,69,true,19,19,17,14,random
8617,102641,676,64,91,true,25,26,21,19,random
8618,102642,740,64,100,true,21,21,26,32,random
8619,102643,428,64,63,true,15,16,17,15,random
8620,102644,1336,128,140,true,38,37,38,27,random
8621,102645,1604,128,160,true,50,39,37,34,random
8622,102646,684,64,95,true,24,26,18,27,random
8623,102647,1128,128,121,true,24,29,33,35,random
8624,102648,1124,128,119,true,36,24,29,30,random
8625,102649,1344,128,139,true,38,26,38,37,random
8626,102650,576,64,80,true,20,17,22,21,random
8627,102651,640,64,86,true,23,19,27,17,random
8628,102652,1444,128,146,true,43,33,34,36,random
8629,102653,1160,128,125,true,24,32,35,34,random
8630,102654,1368,128,137,true,37,33,31,36,random
8631,102655,1424,128,146,true,42,37,37,30,random
8632,102656,240,16,52,true,14,15,10,13,random
8633,102657,572,64,78,true,23,16,21,18,random
8634,102658,1100,128,113,true,30,31,24,28,random
8635,102659,1388,128,140,true,40,35,34,31,random
8636,102660,1016,64,118,true,31,32,21,34,random
8637,102661,372,32,63,true,22,18,12,11,random
8638,102662,632,64,87,true,21,16,23,27,random
8639,102663,424,64,60,true,18,13,15,14,random
8640,102664,592,64,83,true,18,23,22,20,random
8641,102665,1052,128,113,true,27,24,32,30,random
8642,102666,1336,128,139,true,37,36,36,30,random
8643,102667,1476,128,157,true,41,40,38,38,random
8644,102668,632,64,88,true,22,22,20,24,random
8645,102669,516,64,70,true,14,17,21,18,random
8646,102670,1240,128,129,true,39,33,27,30,random
8647,102671,1348,128,142,true,39,30,42,31,random
8648,102672,1492,128,158,true,45,37,47,29,random
8649,102673,568,64,78,true,24,17,21,16,random
8650,102674,1064,128,116,true,23,30,31,32,random
8651,102675,1212,128,123,true,33,29,31,30,random
8652,102676,640,64,89,true,21,23,26,19,random
8653,102677,1348,128,142,true,36,36,36,34,random
8654,102678,1548,128,157,true,51,33,42,31,random
8655,102679,1388,128,145,true,39,30,42,34,random
8656,102680,776,64,97,true,26,25,24,22,random
8657,102681,1348,128,136,true,35,30,33,38,random
8658,102682,1472,128,157,true,39,39,37,42,random
8659,102683,1004,128,106,true,34,21,27,24,random
8660,102684,1308,128,134,true,32,36,34,32,random
8661,102685,512,64,72,true,22,14,16,20,random
8662,102686,1032,128,111,true,25,29,28,29,random
8663,102687,336,32,56,true,18,9,15,14,random
8664,102688,1220,128,137,true,31,39,30,37,random
8665,102689,532,64,73,true,13,16,23,21,random
8666,102690,1008,128,108,true,24,30,25,29,random
8667,102691,380,32,63,true,14,12,17,20,random
8668,102692,1376,128,146,true,35,35,42,34,random
8669,102693,2072,256,170,true,48,44,39,39,random
8670,102694,1280,128,131,true,32,34,33,32,random
8671,102695,1164,64,130,true,35,31,37,27,random
8672,102696,1000,128,106,true,32,25,26,23,random
8673,102697,1124,128,120,true,32,25,35,28,random
8674,102698,316,32,55,true,20,13,10,12,random
8675,102699,1284,128,141,true,36,31,40,34,random
8676,102700,644,64,80,true,13,17,24,26,random
8677,102701,796,64,92,true,29,25,17,21,random
8678,102702,576,64,80,true,17,14,29,20,random
8679,102703,680,64,90,true,23,15,25,27,random
8680,102704,1572,128,155,true,38,42,34,41,random
8681,102705,436,64,62,true,17,15,14,16,random
8682,102706,1212,128,130,true,30,33,33,34,random
8683,102707,248,32,46,true,16,9,8,13,random
8684,102708,420,32,71,true,19,10,24,18,random
8685,102709,1428,128,149,true,43,36,36,34,random
8686,102710,1256,128,131,true,39,35,29,28,random
8687,102711,1356,128,140,true,39,38,29,34,random
8688,102712,624,64,86,true,29,17,25,15,random
8689,102713,640,64,86,true,20,19,26,21,random
8690,102714,1656,128,171,true,48,47,43,33,random
8691,102715,428,32,73,true,17,19,16,21,random
8692,102716,1176,128,124,true,34,27,38,25,random
8693,102717,1340,128,140,true,32,38,40,30,random
8694,102718,2136,256,180,true,51,46,38,45,random
8695,102719,348,32,61,true,14,19,14,14,random
8696,102720,996,128,105,true,28,29,23,25,random
8697,102721,912,64,114,true,22,23,33,36,random
8698,102722,608,64,84,true,18,26,20,20,random
8699,102723,1412,128,151,true,34,39,39,39,random
8700,102724,1372,128,143,true,40,30,36,37,random
8701,102725,2424,256,207,true,52,46,55,54,random
8702,102726,680,64,89,true,21,25,26,17,random
8703,102727,444,32,70,true,16,18,19,17,random
8704,102728,1144,128,123,true,30,35,26,32,random
8705,102729,1052,128,113,true,21,32,25,35,random
8706,102730,412,32,67,true,18,18,15,16,random
8707,102731,1352,128,139,true,31,36,29,43,random
8708,102732,1472,128,147,true,28,37,42,40,random
8709,102733,512,64,74,true,21,19,15,19,random
8710,102734,1296,128,140,true,36,35,39,30,random
8711,102735,1396,128,142,true,37,40,30,35,random
8712,102736,1184,128,129,true,32,28,33,36,random
8713,102737,240,32,47,true,13,13,9,12,random
8714,102738,888,64,109,true,30,27,24,28,random
8715,102739,1296,128,130,true,33,31,30,36,random
8716,102740,1076,128,118,true,28,25,34,31,random
8717,102741,1276,128,136,true,37,33,31,35,random
8718,102742,600,64,82,true,20,20,16,26,random
8719,102743,1324,128,137,true,32,31,39,35,random
8720,102744,1108,128,117,true,37,23,29,28,random
8721,102745,2800,256,229,true,57,63,54,55,random
8722,102746,1272,128,128,true,29,29,37,33,random
8723,102747,1048,128,112,true,30,24,27,31,random
8724,102748,996,128,105,true,32,26,23,24,random
8725,102749,516,64,76,true,16,21,17,22,random
8726,102750,608,64,81,true,18,23,20,20,random
8727,102751,1480,128,154,true,35,37,45,37,random
8728,102752,648,64,92,true,21,23,23,25,random
8729,102753,456,32,72,true,23,20,16,13,random
8730,102754,1468,128,155,true,32,39,47,37,random
8731,102755,1444,128,149,true,30,29,46,44,random
8732,102756,524,64,73,true,21,15,18,19,random
8733,102757,1268,128,134,true,43,39,30,22,random
8734,102758,1120,128,125,true,32,26,41,26,random
8735,102759,384,32,64,true,17,17,16,14,random
8736,102760,2652,256,228,true,49,61,62,56,random
8737,102761,552,64,77,true,21,22,17,17,random
8738,102762,556,64,75,true,17,21,20,17,random
8739,102763,1288,128,136,true,33,31,36,36,random
8740,102764,484,64,69,true,15,18,20,16,random
8741,102765,1360,128,140,true,34,35,35,36,random
8742,102766,1204,128,124,true,36,30,30,28,random
8743,102767,728,64,96,true,26,20,22,28,random
8744,102768,1492,128,152,true,33,39,34,46,random
8745,102769,1140,128,124,true,34,26,29,35,random
8746,102770,1496,128,147,true,35,39,37,36,random
8747,102771,748,64,101,true,28,22,28,23,random
8748,102772,2392,256,201,true,57,46,42,56,random
8749,102773,1288,128,132,true,37,35,30,30,random
8750,102774,1440,128,146,true,30,39,40,37,random
8751,102775,1236,128,134,true,30,33,33,38,random
8752,102776,2380,256,201,true,52,43,48,58,random
8753,102777,440,32,68,true,22,14,19,13,random
8754,102778,1344,128,134,true,30,27,43,34,random
8755,102779,816,64,102,true,27,24,25,26,random
8756,102780,1344,128,141,true,37,28,44,32,random
8757,102781,2164,256,183,true,47,43,54,39,random
8758,102782,848,64,103,true,23,26,23,31,random
8759,102783,1084,128,113,true,28,26,33,26,random
8760,102784,2920,256,236,true,49,66,65,56,random
8761,102785,600,64,79,true,18,16,18,27,random
8762,102786,656,64,87,true,31,16,26,14,random
8763,102787,692,64,92,true,25,18,25,24,random
8764,102788,524,32,80,true,16,22,17,25,random
8765,102789,588,64,82,true,17,16,22,27,random
8766,102790,880,128,96,true,19,25,21,31,random
8767,102791,396,32,64,true,20,15,12,17,random
8768,102792,1288,128,132,true,34,33,32,33,random
8769,102793,652,64,90,true,23,17,26,24,random
8770,102794,1320,128,147,true,36,37,36,38,random
8771,102795,696,64,93,true,18,22,27,26,random
8772,102796,1588,128,160,true,42,41,43,34,random
8773,102797,1416,128,144,true,39,29,44,32,random
8774,102798,2220,256,182,true,42,46,46,48,random
8775,102799,1268,128,128,true,39,33,25,31,random
8776,102800,652,64,85,true,20,19,25,21,random
8777,102801,1148,128,118,true,25,29,29,35,random
8778,102802,488,32,73,true,23,14,18,18,random
8779,102803,752,64,94,true,23,20,26,25,random
8780,102804,2328,256,196,true,38,54,58,46,random
8781,102805,1024,128,111,true,30,31,29,21,random
8782,102806,752,64,92,true,25,20,22,25,random
8783,102807,1304,128,133,true,32,35,43,23,random
8784,102808,592,64,82,true,27,15,20,20,random
8785,102809,1404,128,145,true,40,37,40,28,random
8786,102810,1624,128,164,true,46,38,36,44,random
8787,102811,3328,256,259,true,66,66,67,60,random
8788,102812,1324,128,136,true,30,40,36,30,random
8789,102813,892,64,110,true,29,25,29,27,random
8790,102814,1440,128,150,true,42,30,34,44,random
8791,102815,1384,128,144,true,30,46,39,29,random
8792,102816,1076,128,115,true,33,21,35,26,random
8793,102817,1216,128,126,true,36,23,37,30,random
8794,102818,604,64,82,true,19,23,17,23,random
8795,102819,1436,128,148,true,40,38,39,31,random
8796,102820,1320,128,137,true,36,27,33,41,random
8797,102821,1068,128,116,true,34,31,26,25,random
8798,102822,796,64,104,true,24,27,22,31,random
8799,102823,580,64,80,true,22,19,20,19,random
8800,102824,1168,128,125,true,32,32,27,34,random
8801,102825,1768,128,168,true,44,40,42,42,random
8802,102826,1996,256,162,true,34,47,47,34,random
8803,102827,1672,128,164,true,39,37,43,45,random
8804,102828,612,64,81,true,21,17,23,20,random
8805,102829,784,64,98,true,23,23,29,23,random
8806,102830,2528,256,214,true,54,48,58,54,random
8807,102831,1032,128,112,true,27,27,36,22,random
8808,102832,1276,128,130,true,29,36,29,36,random
8809,102833,1320,128,135,true,37,35,30,33,random
8810,102834,1452,128,155,true,37,42,36,40,random
8811,102835,1404,128,145,true,41,42,32,30,random
8812,102836,1152,128,126,true,20,37,38,31,random
8813,102837,1408,128,148,true,32,37,41,38,random
8814,102838,748,64,100,true,28,28,24,20,random
8815,102839,428,64,59,true,12,19,14,14,random
8816,102840,912,128,96,true,20,20,20,36,random
8817,102841,1360,128,142,true,39,34,31,38,random
8818,102842,836,64,107,true,26,28,25,28,random
8819,102843,644,64,84,true,25,20,17,22,random
8820,102844,2324,256,194,true,51,53,47,43,random
8821,102845,776,64,100,true,26,22,26,26,random
8822,102846,860,64,111,true,32,31,30,18,random
8823,102847,436,32,72,true,12,20,19,21,random
8824,102848,1492,128,158,true,36,43,35,44,random
8825,102849,1380,128,144,true,35,27,45,37,random
8826,102850,1880,128,182,true,52,46,39,45,random
8827,102851,1392,128,143,true,41,29,29,44,random
8828,102852,688,64,91,true,18,27,21,25,random
8829,102853,1144,64,129,true,31,35,26,37,random
8830,102854,728,64,96,true,28,25,19,24,random
8831,102855,1388,128,141,true,34,36,41,30,random
8832,102856,1148,128,121,true,29,23,33,36,random
8833,102857,1048,128,114,true,27,27,29,31,random
8834,102858,1020,128,110,true,26,30,33,21,random
8835,102859,1312,128,136,true,32,37,35,32,random
8836,102860,1392,128,143,true,37,42,36,28,random
8837,102861,1264,128,127,true,34,31,30,32,random
8838,102862,1252,128,132,true,33,32,40,27,random
8839,102863,1388,128,141,true,35,39,29,38,random
8840,102864,1492,128,149,true,32,40,29,48,random
8841,102865,2292,256,188,true,48,53,40,47,random
8842,102866,1540,128,154,true,44,34,34,42,random
8843,102867,1356,128,141,true,30,36,38,37,random
8844,102868,1332,128,139,true,33,33,34,39,random
8845,102869,1592,128,166,true,44,35,47,40,random
8846,102870,592,64,83,true,25,15,21,22,random
8847,102871,1300,128,135,true,32,38,32,33,random
8848,102872,372,32,63,true,12,19,13,19,random
8849,102873,652,64,88,true,24,17,21,26,random
8850,102874,632,64,81,true,17,18,28,18,random
8851,102875,1140,128,127,true,28,38,27,34,random
8852,102876,944,64,116,true,24,31,32,29,random
8853,102877,2476,256,209,true,55,47,53,54,random
8854,102878,1004,128,107,true,27,24,24,32,random
8855,102879,796,64,106,true,23,30,21,32,random
8856,102880,652,64,92,true,19,23,28,22,random
8857,102881,812,64,107,true,20,30,24,33,random
8858,102882,1176,128,128,true,30,32,33,33,random
8859,102883,604,64,82,true,18,18,23,23,random
8860,102884,1244,128,131,true,29,36,34,32,random
8861,102885,1084,128,115,true,25,28,35,27,random
8862,102886,628,64,85,true,22,22,18,23,random
8863,102887,580,64,80,true,15,20,25,20,random
8864,102888,1424,128,146,true,49,30,29,38,random
8865,102889,1360,128,142,true,33,39,34,36,random
8866,102890,2016,128,193,true,49,54,39,51,random
8867,102891,1512,128,155,true,33,37,44,41,random
8868,102892,1352,128,139,true,33,34,29,43,random
8869,102893,3168,256,264,true,62,60,69,73,random
8870,102894,772,64,99,true,22,29,28,20,random
8871,102895,660,64,90,true,23,19,27,21,random
8872,102896,600,64,81,true,21,20,16,24,random
8873,102897,1664,128,158,true,35,38,42,43,random
8874,102898,568,64,77,true,15,21,20,21,random
8875,102899,1992,256,162,true,29,45,46,42,random
8876,102900,1480,128,157,true,37,40,49,31,random
8877,102901,820,64,106,true,22,24,31,29,random
8878,102902,664,64,91,true,22,29,22,18,random
8879,102903,1348,128,142,true,37,31,33,41,random
8880,102904,2616,256,224,true,55,47,58,64,random
8881,102905,1768,128,183,true,50,39,50,44,random
8882,102906,1144,128,124,true,31,28,33,32,random
8883,102907,1184,128,123,true,28,34,27,34,random
8884,102908,784,64,102,true,24,24,29,25,random
8885,102909,1368,128,141,true,37,27,47,30,random
8886,102910,580,64,80,true,18,24,23,15,random
8887,102911,1348,128,140,true,32,33,43,32,random
8888,102912,828,64,98,true,31,24,24,19,random
8889,102913,1016,128,106,true,34,24,18,30,random
8890,102914,564,64,77,true,17,21,23,16,random
8891,102915,1400,128,147,true,30,37,48,32,random
8892,102916,608,64,83,true,21,19,22,21,random
8893,102917,996,64,118,true,27,27,30,34,random
8894,102918,296,32,54,true,18,13,11,12,random
8895,102919,776,64,96,true,22,24,24,26,random
8896,102920,804,64,99,true,24,23,27,25,random
8897,102921,620,64,85,true,20,31,18,16,random
8898,102922,616,64,85,true,20,23,21,21,random
8899,102923,716,64,90,true,20,23,25,22,random
8900,102924,964,64,115,true,33,31,27,24,random
8901,102925,1444,128,151,true,43,30,36,42,random
8902,102926,1212,128,128,true,26,29,38,35,random
8903,102927,1492,128,156,true,40,45,41,30,random
8904,102928,672,64,90,true,20,24,25,21,random
8905,102929,720,64,97,true,29,28,23,17,random
8906,102930,1176,128,128,true,34,28,30,36,random
8907,102931,1428,128,147,true,41,38,37,31,random
8908,102932,1016,128,109,true,28,27,28,26,random
8909,102933,136,16,36,true,9,8,9,10,random
8910,102934,2228,256,187,true,46,45,43,53,random
8911,102935,1160,128,123,true,33,24,36,30,random
8912,102936,636,64,87,true,22,22,21,22,random
8913,102937,1332,128,138,true,34,30,39,35,random
8914,102938,576,64,79,true,25,21,17,16,random
8915,102939,524,64,71,true,19,16,17,19,random
8916,102940,728,64,99,true,27,19,29,24,random
8917,102941,548,64,76,true,18,19,19,20,random
8918,102942,1028,128,111,true,23,27,32,29,random
8919,102943,1004,128,106,true,22,23,32,29,random
8920,102944,1104,128,115,true,28,26,33,28,random
8921,102945,540,64,74,true,17,16,21,20,random
8922,102946,252,32,48,true,12,14,10,12,random
8923,102947,644,64,89,true,23,22,25,19,random
8924,102948,876,64,105,true,20,24,28,33,random
8925,102949,2244,256,188,true,49,46,43,50,random
8926,102950,1268,128,134,true,28,39,40,27,random
8927,102951,588,64,84,true,24,20,22,18,random
8928,102952,648,64,85,true,25,21,18,21,random
8929,102953,1028,128,110,true,30,36,22,22,random
8930,102954,708,64,95,true,26,22,20,27,random
8931,102955,600,64,83,true,24,16,25,18,random
8932,102956,624,64,81,true,16,22,17,26,random
8933,102957,1012,128,108,true,27,31,24,26,random
8934,102958,648,64,86,true,24,22,17,23,random
8935,102959,732,64,96,true,23,23,23,27,random
8936,102960,992,128,103,true,31,23,23,26,random
8937,102961,1184,128,121,true,35,24,26,36,random
8938,102962,1296,128,136,true,35,32,38,31,random
8939,102963,1132,128,114,true,23,23,32,36,random
8940,102964,296,32,54,true,11,17,12,14,random
8941,102965,760,64,98,true,22,21,29,26,random
8942,102966,1020,128,107,true,25,32,29,21,random
8943,102967,588,64,81,true,22,22,17,20,random
8944,102968,508,32,78,true,20,15,17,26,random
8945,102969,904,64,108,true,23,27,28,30,random
8946,102970,984,64,115,true,23,31,31,30,random
8947,102971,1368,128,143,true,33,31,39,40,random
8948,102972,272,32,52,true,9,13,15,15,random
8949,102973,1052,128,114,true,32,29,28,25,random
8950,102974,1356,128,140,true,27,35,43,35,random
8951,102975,660,64,90,true,22,22,32,14,random
8952,102976,696,64,93,true,14,32,28,19,random
8953,102977,2240,256,180,true,46,38,49,47,random
8954,102978,1364,128,142,true,30,35,38,39,random
8955,102979,1388,128,142,true,32,38,36,36,random
8956,102980,1428,128,146,true,38,35,34,39,random
8957,102981,2252,256,188,true,47,44,49,48,random
8958,102982,676,64,91,true,17,24,24,26,random
8959,102983,1740,128,165,true,46,39,38,42,random
8960,102984,1248,128,123,true,27,29,26,41,random
8961,102985,764,64,99,true,32,18,19,30,random
8962,102986,620,64,84,true,16,24,21,23,random
8963,102987,1240,128,129,true,38,23,29,39,random
8964,102988,768,64,99,true,18,25,27,29,random
8965,102989,700,64,93,true,19,16,24,34,random
8966,102990,1208,128,124,true,32,33,30,29,random
8967,102991,1360,128,142,true,42,24,41,35,random
8968,102992,2320,256,194,true,45,54,40,55,random
8969,102993,556,64,75,true,18,19,20,18,random
8970,102994,1284,128,127,true,33,34,29,31,random
8971,102995,2180,256,183,true,50,38,47,48,random
8972,102996,1644,128,168,true,49,36,41,42,random
8973,102997,360,32,62,true,15,13,16,18,random
8974,102998,588,64,82,true,22,16,22,22,random
8975,102999,1348,128,141,true,38,30,36,37,random
8976,103000,756,64,91,true,23,31,18,19,random
8977,103001,624,64,86,true,25,22,20,19,random
8978,103002,1380,128,146,true,34,38,33,41,random
8979,103003,1100,128,117,true,26,39,27,25,random
8980,103004,1400,128,144,true,32,33,41,38,random
8981,103005,760,64,96,true,26,26,24,20,random
8982,103006,1020,64,121,true,34,29,29,29,random
8983,103007,1272,128,135,true,23,34,39,39,random
8984,103008,876,64,105,true,20,28,27,30,random
8985,103009,868,128,93,true,26,21,25,21,random
8986,103010,1752,128,165,true,38,36,42,49,random
8987,103011,1992,256,165,true,36,40,46,43,random
8988,103012,1192,128,120,true,31,31,28,30,random
8989,103013,2028,256,166,true,38,43,45,40,random
8990,103014,1284,128,136,true,33,36,31,36,random
8991,103015,1292,128,134,true,34,30,33,37,random
8992,103016,592,64,82,true,20,25,16,21,random
8993,103017,1052,128,113,true,20,36,27,30,random
8994,103018,904,64,109,true,34,26,29,20,random
8995,103019,796,64,105,true,32,20,26,27,random
8996,103020,1516,128,156,true,31,43,37,45,random
8997,103021,736,64,97,true,22,24,34,17,random
8998,103022,848,64,106,true,19,28,33,26,random
8999,103023,1316,128,136,true,40,29,35,32,random
9000,103024,340,32,60,true,12,12,20,16,random
9001,103025,2432,256,206,true,49,49,56,52,random
9002,103026,2088,256,173,true,44,52,41,36,random
9003,103027,388,32,62,true,12,16,19,15,random
9004,103028,1496,128,154,true,35,37,42,40,random
9005,103029,1040,128,110,true,29,21,25,35,random
9006,103030,2484,256,213,true,54,56,49,54,random
9007,103031,1360,128,141,true,37,35,39,30,random
9008,103032,612,64,84,true,24,22,22,16,random
9009,103033,508,64,73,true,19,15,20,19,random
9010,103034,340,32,57,true,12,18,11,16,random
9011,103035,1516,128,157,true,44,36,42,35,random
9012,103036,860,64,105,true,22,29,27,27,random
9013,103037,2436,256,208,true,59,43,61,45,random
9014,103038,1432,128,149,true,38,39,28,44,random
9015,103039,912,64,112,true,33,26,26,27,random
9016,103040,1208,128,125,true,28,34,25,38,random
9017,103041,1172,128,127,true,35,32,28,32,random
9018,103042,968,128,101,true,25,23,22,31,random
9019,103043,1948,256,161,true,41,38,40,42,random
9020,103044,1372,128,140,true,37,37,35,31,random
9021,103045,660,64,88,true,19,20,30,19,random
9022,103046,1608,128,160,true,39,43,36,42,random
9023,103047,1088,128,122,true,31,29,28,34,random
9024,103048,812,64,98,true,24,18,29,27,random
9025,103049,664,64,88,true,15,20,25,28,random
9026,103050,1228,128,122,true,32,31,32,27,random
9027,103051,1960,256,159,true,36,49,40,34,random
9028,103052,632,64,88,true,20,22,25,21,random
9029,103053,1632,128,165,true,48,36,37,44,random
9030,103054,2092,256,178,true,50,42,39,47,random
9031,103055,444,32,74,true,23,18,18,15,random
9032,103056,788,64,103,true,31,24,29,19,random
9033,103057,1412,128,144,true,32,41,35,36,random
9034,103058,616,64,85,true,24,21,22,18,random
9035,103059,1436,128,151,true,34,41,39,37,random
9036,103060,1292,128,133,true,34,31,26,42,random
9037,103061,756,64,95,true,26,24,19,26,random
9038,103062,1592,128,160,true,42,37,44,37,random
9039,103063,328,32,57,true,13,19,13,12,random
9040,103064,532,64,75,true,17,19,19,20,random
9041,103065,1396,128,143,true,40,34,26,43,random
9042,103066,664,64,92,true,23,19,27,23,random
9043,103067,1152,128,122,true,28,36,30,28,random
9044,103068,1260,128,132,true,32,30,36,34,random
9045,103069,692,64,92,true,19,22,26,25,random
9046,103070,1492,128,151,true,36,44,37,34,random
9047,103071,768,64,101,true,23,25,23,30,random
9048,103072,628,64,86,true,15,24,25,22,random
9049,103073,616,64,84,true,16,22,23,23,random
9050,103074,744,64,100,true,27,29,20,24,random
9051,103075,1328,128,137,true,30,39,30,38,random
9052,103076,480,32,78,true,18,23,20,17,random
9053,103077,1384,128,141,true,25,41,31,44,random
9054,103078,2716,256,218,true,49,49,57,63,random
9055,103079,596,64,81,true,21,24,18,18,random
9056,103080,1544,128,159,true,40,40,42,37,random
9057,103081,680,64,88,true,17,24,24,23,random
9058,103082,1012,128,108,true,31,25,29,23,random
9059,103083,1088,128,115,true,31,35,22,27,random
9060,103084,1312,128,134,true,32,29,37,36,random
9061,103085,312,32,57,true,18,9,14,16,random
9062,103086,692,64,91,true,25,19,22,25,random
9063,103087,1060,128,114,true,25,25,40,24,random
9064,103088,2232,256,188,true,53,46,43,46,random
9065,103089,2888,256,224,true,67,52,46,59,random
9066,103090,1328,128,139,true,38,28,38,35,random
9067,103091,1320,128,136,true,30,36,41,29,random
9068,103092,548,64,76,true,22,19,13,22,random
9069,103093,1320,128,136,true,28,38,32,38,random
9070,103094,2064,256,169,true,38,36,43,52,random
9071,103095,1344,128,139,true,35,38,35,31,random
9072,103096,592,64,82,true,23,20,18,21,random
9073,103097,756,64,101,true,27,22,31,21,random
9074,103098,2264,256,191,true,51,39,56,45,random
9075,103099,2296,256,195,true,47,50,46,52,random
9076,103100,868,64,103,true,23,29,26,25,random
9077,103101,472,32,72,true,18,23,16,15,random
9078,103102,824,64,98,true,27,17,22,32,random
9079,103103,1424,128,148,true,33,41,34,40,random
9080,103104,916,64,113,true,23,23,40,27,random
9081,103105,844,64,103,true,26,25,26,26,random
9082,103106,1360,128,135,true,29,41,31,34,random
9083,103107,2248,256,182,true,45,43,42,52,random
9084,103108,1084,128,119,true,24,35,34,26,random
9085,103109,1528,128,160,true,40,32,42,46,random
9086,103110,2772,256,222,true,52,69,45,56,random
9087,103111,1072,128,112,true,20,26,36,30,random
9088,103112,748,64,94,true,23,15,24,32,random
9089,103113,1120,128,119,true,33,30,32,24,random
9090,103114,572,64,81,true,21,16,19,25,random
9091,103115,1316,128,135,true,33,36,36,30,random
9092,103116,1320,128,138,true,27,35,34,42,random
9093,103117,816,64,106,true,30,21,28,27,random
9094,103118,632,64,85,true,20,22,22,21,random
9095,103119,736,64,98,true,22,26,28,22,random
9096,103120,1632,128,166,true,36,42,42,46,random
9097,103121,1128,128,127,true,34,37,29,27,random
9098,103122,624,64,86,true,20,14,31,21,random
9099,103123,712,64,92,true,19,30,28,15,random
9100,103124,548,64,73,true,14,16,19,24,random
9101,103125,920,64,112,true,29,28,25,30,random
9102,103126,1192,128,121,true,32,22,36,31,random
9103,103127,2376,256,200,true,56,39,62,43,random
9104,103128,1376,128,141,true,36,33,35,37,random
9105,103129,952,128,105,true,21,34,20,30,random
9106,103130,1272,128,128,true,26,37,35,30,random
9107,103131,1480,128,158,true,40,41,39,38,random
9108,103132,548,64,72,true,22,18,16,16,random
9109,103133,1448,128,150,true,36,39,37,38,random
9110,103134,540,64,75,true,15,16,25,19,random
9111,103135,640,64,84,true,19,19,21,25,random
9112,103136,1212,128,133,true,28,41,30,34,random
9113,103137,1152,128,116,true,33,22,27,34,random
9114,103138,924,128,95,true,23,28,21,23,random
9115,103139,704,64,95,true,29,19,24,23,random
9116,103140,1296,128,131,true,36,37,30,28,random
9117,103141,592,64,82,true,14,17,26,25,random
9118,103142,1288,128,128,true,30,31,33,34,random
9119,103143,1424,128,146,true,28,31,36,51,random
9120,103144,880,64,105,true,23,23,29,30,random
9121,103145,624,64,85,true,18,23,28,16,random
9122,103146,748,64,93,true,25,21,24,23,random
9123,103147,1024,64,121,true,37,29,28,27,random
9124,103148,732,64,94,true,28,25,24,17,random
9125,103149,672,64,94,true,20,22,22,30,random
9126,103150,944,64,113,true,29,30,29,25,random
9127,103151,340,32,59,true,12,16,16,15,random
9128,103152,1228,128,130,true,40,23,29,38,random
9129,103153,564,64,77,true,19,21,18,19,random
9130,103154,1100,128,117,true,25,28,31,33,random
9131,103155,1360,128,145,true,36,34,37,38,random
9132,103156,656,64,87,true,24,25,18,20,random
9133,103157,1384,128,146,true,33,37,35,41,random
9134,103158,528,64,72,true,13,28,19,12,random
9135,103159,1116,128,117,true,25,29,31,32,random
9136,103160,1224,128,127,true,36,31,28,32,random
9137,103161,576,64,79,true,17,26,19,17,random
9138,103162,1212,128,132,true,23,36,35,38,random
9139,103163,688,64,93,true,19,25,24,25,random
9140,103164,1508,128,158,true,34,42,45,37,random
9141,103165,540,64,75,true,12,21,18,24,random
9142,103166,732,64,97,true,24,25,26,22,random
9143,103167,2168,256,187,true,44,51,43,49,random
9144,103168,508,64,71,true,17,18,25,11,random
9145,103169,768,64,94,true,20,21,29,24,random
9146,103170,852,64,110,true,29,34,19,28,random
9147,103171,408,32,68,true,13,21,20,14,random
9148,103172,456,64,66,true,20,17,17,12,random
9149,103173,1508,128,154,true,37,45,42,30,random
9150,103174,560,64,79,true,13,25,22,19,random
9151,103175,900,64,114,true,25,31,34,24,random
9152,103176,1280,128,131,true,37,30,27,37,random
9153,103177,1312,128,135,true,38,36,33,28,random
9154,103178,1148,128,121,true,37,29,27,28,random
9155,103179,696,64,95,true,24,23,19,29,random
9156,103180,300,32,58,true,14,18,14,12,random
9157,103181,1320,128,135,true,37,36,32,30,random
9158,103182,1096,128,119,true,35,23,28,33,random
9159,103183,1500,128,153,true,47,34,36,36,random
9160,103184,1464,128,155,true,33,39,38,45,random
9161,103185,852,64,103,true,26,28,26,23,random
9162,103186,640,64,86,true,22,23,20,21,random
9163,103187,1644,128,167,true,40,41,42,44,random
9164,103188,2084,256,173,true,41,52,38,42,random
9165,103189,1208,128,134,true,35,33,38,28,random
9166,103190,392,32,65,true,24,16,16,9,random
9167,103191,1172,128,125,true,33,24,29,39,random
9168,103192,1048,128,113,true,28,29,36,20,random
9169,103193,1224,128,122,true,35,22,32,33,random
9170,103194,700,64,94,true,24,20,28,22,random
9171,103195,644,64,86,true,21,16,29,20,random
9172,103196,1156,128,126,true,27,35,33,31,random
9173,103197,880,64,113,true,24,31,31,27,random
9174,103198,1568,128,156,true,38,40,43,35,random
9175,103199,908,128,98,true,29,27,16,26,random
9176,103200,364,32,62,true,18,17,12,15,random
9177,103201,1160,128,127,true,37,31,31,28,random
9178,103202,688,64,90,true,26,19,20,25,random
9179,103203,1456,128,143,true,38,39,34,32,random
9180,103204,1324,128,131,true,34,33,36,28,random
9181,103205,820,64,103,true,25,17,26,35,random
9182,103206,1432,128,149,true,37,44,31,37,random
9183,103207,1364,128,143,true,38,28,36,41,random
9184,103208,1032,128,113,true,23,28,27,35,random
9185,103209,872,64,104,true,29,28,28,19,random
9186,103210,1172,128,126,true,37,21,36,32,random
9187,103211,984,128,102,true,21,28,23,30,random
9188,103212,1084,128,113,true,25,35,27,26,random
9189,103213,668,64,88,true,18,26,23,21,random
9190,103214,636,64,87,true,30,19,21,17,random
9191,103215,908,64,120,true,29,33,26,32,random
9192,103216,1364,128,142,true,30,38,35,39,random
9193,103217,1492,128,148,true,37,40,35,36,random
9194,103218,692,64,97,true,17,25,23,32,random
9195,103219,544,64,75,true,22,21,19,13,random
9196,103220,1460,128,150,true,33,44,40,33,random
9197,103221,1276,128,134,true,37,31,33,33,random
9198,103222,480,32,75,true,17,23,16,19,random
9199,103223,628,64,86,true,25,20,23,18,random
9200,103224,524,32,81,true,23,18,21,19,random
9201,103225,1736,128,166,true,30,48,40,48,random
9202,103226,1328,128,138,true,43,33,33,29,random
9203,103227,652,64,90,true,26,24,21,19,random
9204,103228,772,64,104,true,25,25,31,23,random
9205,103229,1460,128,147,true,38,39,35,35,random
9206,103230,1344,128,138,true,33,40,31,34,random
9207,103231,532,64,73,true,22,22,14,15,random
9208,103232,888,64,109,true,32,25,24,28,random
9209,103233,856,64,104,true,23,30,25,26,random
9210,103234,2032,256,169,true,37,53,44,35,random
9211,103235,556,64,79,true,15,26,23,15,random
9212,103236,464,64,67,true,23,15,22,7,random
9213,103237,612,64,86,true,24,18,26,18,random
9214,103238,800,64,102,true,23,26,29,24,random
9215,103239,876,64,105,true,25,24,33,23,random
9216,103240,964,128,101,true,22,19,30,30,random
9217,103241,764,64,103,true,25,17,39,22,random
9218,103242,2208,256,190,true,41,44,40,65,random
9219,103243,560,64,79,true,20,16,24,19,random
9220,103244,1372,128,144,true,34,40,38,32,random
9221,103245,1140,128,124,true,30,27,39,28,random
9222,103246,760,64,93,true,28,23,21,21,random
9223,103247,1228,128,129,true,22,40,34,33,random
9224,103248,608,64,82,true,16,22,21,23,random
9225,103249,1396,128,143,true,39,31,36,37,random
9226,103250,944,64,117,true,26,33,32,26,random
9227,103251,1516,128,157,true,44,37,41,35,random
9228,103252,1240,128,123,true,25,25,38,35,random
9229,103253,388,32,64,true,15,16,15,18,random
9230,103254,864,64,99,true,30,24,23,22,random
9231,103255,1232,128,134,true,32,34,38,30,random
9232,103256,984,64,123,true,31,31,34,27,random
9233,103257,1576,128,156,true,36,40,40,40,random
9234,103258,1224,128,128,true,42,23,29,34,random
9235,103259,668,64,88,true,15,25,31,17,random
9236,103260,264,32,50,true,8,15,11,16,random
9237,103261,1480,128,155,true,37,39,34,45,random
9238,103262,1272,128,130,true,27,34,36,33,random
9239,103263,264,32,49,true,12,15,14,8,random
9240,103264,1400,128,144,true,39,32,44,29,random
9241,103265,1112,128,120,true,28,37,30,25,random
9242,103266,2384,256,197,true,56,45,48,48,random
9243,103267,1308,128,133,true,34,30,41,28,random
9244,103268,1156,128,123,true,31,30,33,29,random
9245,103269,712,64,93,true,19,30,21,23,random
9246,103270,1084,128,114,true,31,27,20,36,random
9247,103271,596,64,82,true,22,21,15,24,random
9248,103272,1352,128,140,true,26,42,37,35,random
9249,103273,1012,128,107,true,25,20,34,28,random
9250,103274,1296,128,131,true,32,38,33,28,random
9251,103275,440,32,72,true,19,19,21,13,random
9252,103276,1228,128,129,true,30,33,33,33,random
9253,103277,424,64,61,true,21,14,14,12,random
9254,103278,1112,128,123,true,20,29,36,38,random
9255,103279,1440,128,150,true,45,38,34,33,random
9256,103280,544,64,75,true,17,14,15,29,random
9257,103281,864,64,105,true,28,28,24,25,random
9258,103282,1076,64,127,true,38,38,23,28,random
9259,103283,1420,128,146,true,37,31,35,43,random
9260,103284,244,32,48,true,13,8,13,14,random
9261,103285,1492,128,157,true,40,38,40,39,random
9262,103286,616,64,84,true,20,27,14,23,random
9263,103287,1584,128,164,true,42,43,38,41,random
9264,103288,944,128,99,true,30,22,24,23,random
9265,103289,756,64,95,true,28,19,24,24,random
9266,103290,1104,128,115,true,32,24,33,26,random
9267,103291,296,32,54,true,15,9,13,17,random
9268,103292,2320,256,193,true,48,49,53,43,random
9269,103293,496,32,75,true,18,19,16,22,random
9270,103294,632,64,88,true,18,21,20,29,random
9271,103295,2708,256,222,true,62,54,55,51,random
9272,103296,1496,128,148,true,34,39,38,37,random
9273,103297,396,32,65,true,15,18,15,17,random
9274,103298,1296,128,134,true,27,22,39,46,random
9275,103299,760,64,94,true,19,18,34,23,random
9276,103300,828,64,107,true,22,35,27,23,random
9277,103301,560,64,81,true,19,19,25,18,random
9278,103302,1224,128,134,true,43,36,19,36,random
9279,103303,1340,128,136,true,39,38,33,26,random
9280,103304,1256,128,128,true,27,33,36,32,random
9281,103305,996,128,104,true,27,33,26,18,random
9282,103306,1036,128,114,true,30,32,27,25,random
9283,103307,1176,128,128,true,26,36,35,31,random
9284,103308,592,64,82,true,17,19,30,16,random
9285,103309,1008,128,107,true,29,27,28,23,random
9286,103310,1056,128,110,true,32,25,31,22,random
9287,103311,1168,128,124,true,34,36,30,24,random
9288,103312,704,64,93,true,20,32,14,27,random
9289,103313,1404,128,142,true,39,36,31,36,random
9290,103314,1344,128,141,true,37,33,38,33,random
9291,103315,552,32,82,true,18,17,23,24,random
9292,103316,2352,256,201,true,47,59,46,49,random
9293,103317,576,64,78,true,22,19,17,20,random
9294,103318,600,64,83,true,21,22,21,19,random
9295,103319,1376,128,145,true,41,38,33,33,random
9296,103320,1388,128,147,true,48,32,30,37,random
9297,103321,1400,128,141,true,39,35,28,39,random
9298,103322,844,64,101,true,22,30,22,27,random
9299,103323,1300,128,132,true,30,36,35,31,random
9300,103324,1424,128,149,true,51,36,36,26,random
9301,103325,1052,128,114,true,28,35,27,24,random
9302,103326,1932,128,173,true,38,43,54,38,random
9303,103327,1300,128,131,true,33,34,31,33,random
9304,103328,1300,128,135,true,33,32,38,32,random
9305,103329,1840,128,171,true,46,47,39,39,random
9306,103330,844,64,101,true,22,26,26,27,random
9307,103331,816,64,95,true,22,20,26,27,random
9308,103332,2364,256,204,true,46,48,52,58,random
9309,103333,1500,128,150,true,33,40,41,36,random
9310,103334,384,32,64,true,16,14,13,21,random
9311,103335,1032,128,112,true,26,31,31,24,random
9312,103336,1068,128,117,true,26,32,31,28,random
9313,103337,508,64,74,true,18,23,16,17,random
9314,103338,448,64,67,true,18,17,17,15,random
9315,103339,972,64,118,true,30,26,31,31,random
9316,103340,568,64,78,true,17,20,22,19,random
9317,103341,1704,128,171,true,41,44,42,44,random
9318,103342,324,32,59,true,17,19,13,10,random
9319,103343,2336,256,194,true,50,44,49,51,random
9320,103344,1280,64,145,true,35,47,35,28,random
9321,103345,928,64,107,true,27,32,21,27,random
9322,103346,1104,128,120,true,34,27,34,25,random
9323,103347,1448,128,151,true,27,33,51,40,random
9324,103348,1772,128,182,true,45,48,43,46,random
9325,103349,1048,128,113,true,27,29,28,29,random
9326,103350,856,64,102,true,33,21,23,25,random
9327,103351,608,64,83,true,22,25,23,13,random
9328,103352,996,64,119,true,33,25,33,28,random
9329,103353,696,64,95,true,27,30,16,22,random
9330,103354,1204,128,123,true,35,24,30,34,random
9331,103355,896,64,111,true,27,25,28,31,random
9332,103356,640,64,89,true,21,25,24,19,random
9333,103357,2100,256,175,true,40,50,44,41,random
9334,103358,2116,128,195,true,50,45,54,46,random
9335,103359,1484,128,150,true,37,32,45,36,random
9336,103360,1376,128,140,true,30,38,38,34,random
9337,103361,552,64,75,true,16,20,19,20,random
9338,103362,840,64,107,true,27,34,23,23,random
9339,103363,580,64,79,true,15,17,25,22,random
9340,103364,652,64,86,true,23,20,18,25,random
9341,103365,1280,128,140,true,38,33,34,35,random
9342,103366,1076,128,112,true,28,31,29,24,random
9343,103367,1212,128,122,true,26,34,36,26,random
9344,103368,1316,128,135,true,28,33,42,32,random
9345,103369,720,64,94,true,22,23,12,37,random
9346,103370,704,64,88,true,27,21,23,17,random
9347,103371,1308,128,134,true,36,29,28,41,random
9348,103372,1600,128,165,true,44,35,53,33,random
9349,103373,668,64,92,true,19,26,24,23,random
9350,103374,564,64,79,true,15,21,21,22,random
9351,103375,512,64,68,true,18,16,14,20,random
9352,103376,3060,256,249,true,66,62,63,58,random
9353,103377,1360,128,141,true,32,40,33,36,random
9354,103378,988,128,109,true,32,30,23,24,random
9355,103379,512,64,75,true,28,19,12,16,random
9356,103380,1468,128,156,true,41,35,39,41,random
9357,103381,960,64,118,true,24,31,31,32,random
9358,103382,372,32,67,true,20,15,18,14,random
9359,103383,872,64,103,true,27,22,28,26,random
9360,103384,1180,128,128,true,28,35,34,31,random
9361,103385,868,64,111,true,23,28,31,29,random
9362,103386,1108,128,122,true,32,27,29,34,random
9363,103387,728,64,99,true,31,24,26,18,random
9364,103388,860,64,102,true,21,22,31,28,random
9365,103389,760,64,95,true,23,21,26,25,random
9366,103390,336,32,59,true,22,15,9,13,random
9367,103391,1436,128,152,true,36,35,46,35,random
9368,103392,1864,128,176,true,48,42,38,48,random
9369,103393,332,32,56,true,11,15,17,13,random
9370,103394,1668,128,169,true,38,50,37,44,random
9371,103395,592,64,82,true,21,20,20,21,random
9372,103396,904,64,107,true,37,27,21,22,random
9373,103397,804,64,108,true,31,21,27,29,random
9374,103398,2280,256,189,true,43,44,56,46,random
9375,103399,880,128,91,true,25,25,25,16,random
9376,103400,848,64,102,true,26,18,30,28,random
9377,103401,904,128,99,true,27,34,20,18,random
9378,103402,1320,128,137,true,32,30,34,41,random
9379,103403,2880,256,238,true,64,59,69,46,random
9380,103404,1344,128,138,true,31,33,44,30,random
9381,103405,648,64,89,true,18,27,17,27,random
9382,103406,1376,128,143,true,34,37,39,33,random
9383,103407,816,64,103,true,23,36,18,26,random
9384,103408,948,64,112,true,30,24,24,34,random
9385,103409,1824,128,166,true,44,40,40,42,random
9386,103410,1296,128,135,true,44,25,28,38,random
9387,103411,2044,256,172,true,40,43,56,33,random
9388,103412,1060,128,115,true,31,28,31,25,random
9389,103413,924,128,99,true,27,24,25,23,random
9390,103414,904,64,111,true,31,32,25,23,random
9391,103415,1180,128,129,true,31,37,33,28,random
9392,103416,632,64,88,true,29,27,18,14,random
9393,103417,496,64,71,true,14,28,17,12,random
9394,103418,1288,128,132,true,30,32,39,31,random
9395,103419,572,64,78,true,22,23,14,19,random
9396,103420,1612,128,165,true,46,36,46,37,random
9397,103421,1028,64,125,true,27,33,34,31,random
9398,103422,928,64,112,true,28,22,32,30,random
9399,103423,360,32,63,true,18,10,17,18,random
9400,103424,2804,256,230,true,64,54,60,52,random
9401,103425,312,32,57,true,13,13,17,14,random
9402,103426,1452,128,151,true,35,43,39,34,random
9403,103427,472,64,70,true,18,15,19,18,random
9404,103428,348,32,59,true,9,14,18,18,random
9405,103429,1236,128,130,true,41,36,25,28,random
9406,103430,1248,128,137,true,40,35,37,25,random
9407,103431,1356,128,140,true,33,35,37,35,random
9408,103432,1440,128,150,true,41,38,34,37,random
9409,103433,1524,128,155,true,49,40,35,31,random
9410,103434,276,32,52,true,12,16,13,11,random
9411,103435,1688,128,173,true,48,40,49,36,random
9412,103436,816,64,99,true,27,26,27,19,random
9413,103437,708,64,95,true,22,26,23,24,random
9414,103438,2128,256,181,true,44,44,59,34,random
9415,103439,196,16,45,true,8,12,16,9,random
9416,103440,1364,128,143,true,36,27,42,38,random
9417,103441,140,16,36,true,10,12,7,7,random
9418,103442,1404,128,149,true,33,35,40,41,random
9419,103443,764,64,96,true,30,19,23,24,random
9420,103444,1336,128,137,true,41,30,26,40,random
9421,103445,1500,128,160,true,36,42,39,43,random
9422,103446,812,64,100,true,23,28,27,22,random
9423,103447,1440,128,149,true,35,40,44,30,random
9424,103448,1076,128,113,true,26,29,28,30,random
9425,103449,620,64,83,true,23,16,20,24,random
9426,103450,332,32,55,true,11,18,17,9,random
9427,103451,1064,128,116,true,27,34,27,28,random
9428,103452,572,64,77,true,20,17,23,17,random
9429,103453,1512,128,152,true,43,39,34,36,random
9430,103454,1500,128,154,true,47,34,36,37,random
9431,103455,1360,128,141,true,29,44,38,30,random
9432,103456,1064,128,118,true,30,35,25,28,random
9433,103457,344,32,62,true,22,13,13,14,random
9434,103458,576,64,78,true,25,20,18,15,random
9435,103459,1316,128,136,true,31,35,25,45,random
9436,103460,932,128,99,true,21,28,26,24,random
9437,103461,1376,128,138,true,38,39,35,26,random
9438,103462,1280,128,129,true,33,27,34,35,random
9439,103463,2444,256,199,true,42,45,55,57,random
9440,103464,2184,256,181,true,49,43,48,41,random
9441,103465,652,64,85,true,26,19,23,17,random
9442,103466,1428,128,146,true,36,37,34,39,random
9443,103467,896,64,110,true,30,28,21,31,random
9444,103468,1344,128,138,true,30,41,32,35,random
9445,103469,1208,128,128,true,35,31,32,30,random
9446,103470,1076,128,118,true,33,30,26,29,random
9447,103471,988,128,103,true,26,26,24,27,random
9448,103472,2400,256,202,true,50,63,47,42,random
9449,103473,424,32,69,true,15,16,19,19,random
9450,103474,636,64,82,true,16,16,25,25,random
9451,103475,268,32,51,true,11,16,10,14,random
9452,103476,720,64,95,true,22,24,23,26,random
9453,103477,1228,128,129,true,27,38,27,37,random
9454,103478,632,64,82,true,17,23,19,23,random
9455,103479,1228,128,129,true,40,34,31,24,random
9456,103480,956,128,106,true,32,33,19,22,random
9457,103481,652,64,86,true,19,21,24,22,random
9458,103482,704,64,97,true,30,22,19,26,random
9459,103483,1448,128,149,true,39,34,35,41,random
9460,103484,1384,128,140,true,32,35,37,36,random
9461,103485,2224,256,183,true,50,42,45,46,random
9462,103486,2072,256,169,true,38,45,49,37,random
9463,103487,648,64,88,true,26,17,27,18,random
9464,103488,1184,128,128,true,28,37,31,32,random
9465,103489,648,64,85,true,20,23,19,23,random
9466,103490,2308,256,192,true,52,57,26,57,random
9467,103491,840,64,102,true,26,23,28,25,random
9468,103492,672,64,88,true,24,20,23,21,random
9469,103493,1520,128,154,true,32,45,35,42,random
9470,103494,1356,128,141,true,34,30,39,38,random
9471,103495,984,64,116,true,29,29,27,31,random
9472,103496,580,64,80,true,21,21,16,22,random
9473,103497,236,32,47,true,14,11,12,10,random
9474,103498,1072,128,118,true,31,24,30,33,random
9475,103499,1512,128,152,true,39,33,36,44,random
9476,103500,324,32,59,true,14,15,11,19,random
9477,103501,588,64,82,true,22,24,19,17,random
9478,103502,1212,128,126,true,38,25,34,29,random
9479,103503,1468,128,151,true,33,38,45,35,random
9480,103504,1356,128,141,true,29,39,36,37,random
9481,103505,1056,128,114,true,29,34,31,20,random
9482,103506,888,128,93,true,28,21,19,25,random
9483,103507,648,64,86,true,27,15,22,22,random
9484,103508,1092,128,115,true,29,25,30,31,random
9485,103509,1464,128,155,true,39,40,39,37,random
9486,103510,676,64,91,true,27,20,27,17,random
9487,103511,2096,256,178,true,40,44,41,53,random
9488,103512,308,32,56,true,14,16,13,13,random
9489,103513,1124,64,134,true,33,33,30,38,random
9490,103514,476,64,70,true,20,17,21,12,random
9491,103515,2144,256,182,true,44,41,41,56,random
9492,103516,1028,128,110,true,25,24,31,30,random
9493,103517,1328,128,137,true,32,38,39,28,random
9494,103518,1164,128,118,true,31,28,31,28,random
9495,103519,828,64,104,true,30,29,20,25,random
9496,103520,1180,128,130,true,32,30,31,37,random
9497,103521,824,64,107,true,27,29,26,25,random
9498,103522,1708,128,171,true,48,43,35,45,random
9499,103523,456,32,71,true,15,19,21,16,random
9500,103524,600,64,82,true,21,17,25,19,random
9501,103525,584,64,80,true,20,20,19,21,random
9502,103526,2308,256,192,true,54,45,47,46,random
9503,103527,1604,128,148,true,43,38,33,34,random
9504,103528,1500,128,156,true,41,38,36,41,random
9505,103529,556,64,76,true,17,21,20,18,random
9506,103530,992,64,117,true,37,30,26,24,random
9507,103531,644,64,89,true,19,23,19,28,random
9508,103532,624,64,86,true,18,21,21,26,random
9509,103533,1920,256,159,true,43,43,34,39,random
9510,103534,2488,256,215,true,48,66,57,44,random
9511,103535,652,64,91,true,26,24,18,23,random
9512,103536,996,128,108,true,29,25,30,24,random
9513,103537,1360,128,144,true,35,30,43,36,random
9514,103538,2084,256,176,true,52,39,32,53,random
9515,103539,720,64,87,true,19,18,25,25,random
9516,103540,312,32,54,true,14,17,9,14,random
9517,103541,536,64,76,true,21,20,19,16,random
9518,103542,2156,256,180,true,46,43,46,45,random
9519,103543,2424,256,204,true,54,55,50,45,random
9520,103544,1740,128,161,true,37,46,42,36,random
9521,103545,492,64,71,true,15,17,16,23,random
9522,103546,1284,128,131,true,27,31,35,38,random
9523,103547,1452,128,142,true,33,37,34,38,random
9524,103548,736,64,96,true,25,28,21,22,random
9525,103549,1184,128,120,true,33,27,31,29,random
9526,103550,452,32,75,true,21,17,16,21,random
9527,103551,708,64,96,true,23,15,33,25,random
9528,103552,448,32,72,true,19,20,16,17,random
9529,103553,1052,128,110,true,25,23,34,28,random
9530,103554,776,64,96,true,16,27,25,28,random
9531,103555,540,64,74,true,17,16,20,21,random
9532,103556,1712,128,158,true,47,41,35,35,random
9533,103557,848,64,103,true,21,24,25,33,random
9534,103558,1036,128,112,true,21,29,28,34,random
9535,103559,1096,128,119,true,26,30,33,30,random
9536,103560,384,32,66,true,9,14,25,18,random
9537,103561,1852,128,172,true,42,44,38,48,random
9538,103562,924,128,102,true,23,26,24,29,random
9539,103563,692,64,90,true,32,20,22,16,random
9540,103564,1100,128,115,true,30,30,29,26,random
9541,103565,824,64,107,true,26,24,24,33,random
9542,103566,1416,128,144,true,39,31,38,36,random
9543,103567,1164,128,119,true,24,31,33,31,random
9544,103568,1084,64,131,true,29,26,39,37,random
9545,103569,968,128,102,true,24,30,23,25,random
9546,103570,2124,256,181,true,48,39,47,47,random
9547,103571,572,64,78,true,21,16,19,22,random
9548,103572,704,64,94,true,26,24,24,20,random
9549,103573,2232,256,185,true,53,44,40,48,random
9550,103574,1112,128,117,true,33,34,28,22,random
9551,103575,1656,128,165,true,35,38,47,45,random
9552,103576,652,64,90,true,27,20,22,21,random
9553,103577,672,64,90,true,20,23,27,20,random
9554,103578,1036,128,113,true,28,32,28,25,random
9555,103579,1720,128,160,true,37,46,37,40,random
9556,103580,524,64,72,true,13,20,23,16,random
9557,103581,804,64,103,true,31,17,31,24,random
9558,103582,612,64,80,true,18,16,23,23,random
9559,103583,636,64,82,true,18,18,19,27,random
9560,103584,1288,128,132,true,33,37,36,26,random
9561,103585,1276,128,128,true,30,35,30,33,random
9562,103586,388,32,64,true,17,17,14,16,random
9563,103587,1316,128,135,true,46,28,30,31,random
9564,103588,1152,128,123,true,30,23,39,31,random
9565,103589,1088,128,118,true,26,35,26,31,random
9566,103590,852,64,103,true,23,33,24,23,random
9567,103591,1160,128,124,true,34,26,32,32,random
9568,103592,2644,256,209,true,49,53,51,56,random
9569,103593,1184,128,126,true,34,38,24,30,random
9570,103594,636,64,88,true,22,21,18,27,random
9571,103595,1276,128,134,true,38,36,31,29,random
9572,103596,1436,128,148,true,36,40,33,39,random
9573,103597,544,64,79,true,23,21,20,15,random
9574,103598,1484,128,151,true,42,33,39,37,random
9575,103599,1268,128,133,true,26,36,39,32,random
9576,103600,776,64,96,true,21,23,30,22,random
9577,103601,644,64,90,true,24,28,17,21,random
9578,103602,676,64,91,true,19,23,27,22,random
9579,103603,2172,256,181,true,51,38,44,48,random
9580,103604,276,32,53,true,18,10,14,11,random
9581,103605,456,64,67,true,12,18,18,19,random
9582,103606,700,64,92,true,21,16,29,26,random
9583,103607,964,64,115,true,26,28,30,31,random
9584,103608,1200,128,123,true,31,20,39,33,random
9585,103609,1508,128,154,true,40,34,39,41,random
9586,103610,640,64,88,true,22,17,25,24,random
9587,103611,1096,128,123,true,28,35,28,32,random
9588,103612,2200,256,180,true,43,44,43,50,random
9589,103613,2820,256,230,true,53,57,66,54,random
9590,103614,1172,128,120,true,31,31,27,31,random
9591,103615,660,64,84,true,25,20,22,17,random
9592,103616,1444,128,149,true,38,24,48,39,random
9593,103617,2144,256,182,true,37,45,45,55,random
9594,103618,632,64,87,true,25,25,19,18,random
9595,103619,2296,256,196,true,42,50,51,53,random
9596,103620,2476,256,212,true,45,48,55,64,random
9597,103621,1528,128,156,true,39,35,43,39,random
9598,103622,760,64,102,true,28,26,27,21,random
9599,103623,792,64,107,true,24,25,30,28,random
9600,103624,412,32,69,true,22,14,15,18,random
9601,103625,1444,128,151,true,49,35,34,33,random
9602,103626,2112,256,176,true,50,43,38,45,random
9603,103627,856,64,101,true,28,21,29,23,random
9604,103628,1164,128,125,true,36,27,30,32,random
9605,103629,440,32,72,true,18,13,23,18,random
9606,103630,884,64,107,true,29,30,25,23,random
9607,103631,1268,128,129,true,36,32,27,34,random
9608,103632,552,64,75,true,23,15,18,19,random
9609,103633,1316,128,135,true,29,39,30,37,random
9610,103634,612,64,87,true,19,21,28,19,random
9611,103635,1536,128,161,true,39,48,39,35,random
9612,103636,672,64,88,true,25,21,20,22,random
9613,103637,944,128,100,true,25,23,23,29,random
9614,103638,1492,128,155,true,40,45,38,32,random
9615,103639,1516,128,164,true,45,42,36,41,random
9616,103640,600,64,84,true,21,25,22,16,random
9617,103641,328,32,55,true,10,15,15,15,random
9618,103642,956,128,105,true,24,26,29,26,random
9619,103643,2144,256,182,true,48,39,49,46,random
9620,103644,716,64,93,true,21,29,19,24,random
9621,103645,656,64,87,true,18,28,17,24,random
9622,103646,536,64,76,true,15,17,20,24,random
9623,103647,1608,128,163,true,42,43,40,38,random
9624,103648,1596,128,157,true,47,39,31,40,random
9625,103649,1524,128,155,true,35,47,37,36,random
9626,103650,1348,128,142,true,31,39,33,39,random
9627,103651,1368,128,144,true,34,34,34,42,random
9628,103652,996,64,119,true,32,32,23,32,random
9629,103653,548,64,72,true,13,18,22,19,random
9630,103654,600,64,78,true,17,22,18,21,random
9631,103655,1056,128,115,true,30,31,31,23,random
9632,103656,1096,128,123,true,28,25,36,34,random
9633,103657,664,64,91,true,24,17,22,28,random
9634,103658,1344,128,139,true,27,37,44,31,random
9635,103659,704,64,93,true,19,25,20,29,random
9636,103660,532,64,73,true,15,19,21,18,random
9637,103661,880,64,108,true,30,32,23,23,random
9638,103662,320,32,55,true,12,14,10,19,random
9639,103663,828,64,108,true,36,22,23,27,random
9640,103664,1452,128,149,true,29,38,49,33,random
9641,103665,1380,128,142,true,31,40,36,35,random
9642,103666,624,64,85,true,18,27,19,21,random
9643,103667,800,64,102,true,31,17,28,26,random
9644,103668,600,64,85,true,25,19,20,21,random
9645,103669,1400,128,147,true,33,41,37,36,random
9646,103670,1608,128,163,true,39,39,37,48,random
9647,103671,716,64,94,true,23,30,19,22,random
9648,103672,1328,128,142,true,32,28,36,46,random
9649,103673,1708,128,171,true,34,52,44,41,random
9650,103674,460,64,67,true,22,14,17,14,random
9651,103675,1048,128,116,true,36,19,36,25,random
9652,103676,2424,256,203,true,46,51,58,48,random
9653,103677,544,64,72,true,14,18,22,18,random
9654,103678,604,64,82,true,25,21,18,18,random
9655,103679,1020,128,110,true,33,27,26,24,random
9656,103680,1128,128,120,true,25,33,36,26,random
9657,103681,1028,128,111,true,29,33,25,24,random
9658,103682,1440,128,150,true,33,41,42,34,random
9659,103683,796,64,96,true,29,24,24,19,random
9660,103684,1560,128,158,true,43,36,37,42,random
9661,103685,884,64,106,true,31,32,21,22,random
9662,103686,1352,128,143,true,34,33,37,39,random
9663,103687,1324,128,137,true,33,32,34,38,random
9664,103688,896,64,110,true,26,24,28,32,random
9665,103689,644,64,90,true,18,25,24,23,random
9666,103690,692,64,91,true,20,22,19,30,random
9667,103691,984,128,105,true,32,26,24,23,random
9668,103692,1000,64,125,true,33,27,33,32,random
9669,103693,1424,128,149,true,39,41,32,37,random
9670,103694,252,32,47,true,11,13,11,12,random
9671,103695,352,32,65,true,23,12,14,16,random
9672,103696,640,64,83,true,21,18,17,27,random
9673,103697,1180,128,128,true,26,34,39,29,random
9674,103698,2376,256,203,true,54,45,64,40,random
9675,103699,1076,128,119,true,32,25,35,27,random
9676,103700,720,64,98,true,29,18,21,30,random
9677,103701,700,64,91,true,25,22,22,22,random
9678,103702,592,64,82,true,15,26,17,24,random
9679,103703,740,64,99,true,27,23,28,21,random
9680,103704,1748,128,164,true,45,39,33,47,random
9681,103705,1124,64,122,true,30,32,28,32,random
9682,103706,620,64,85,true,26,20,16,23,random
9683,103707,568,64,77,true,21,20,20,16,random
9684,103708,1152,128,125,true,28,32,34,31,random
9685,103709,544,64,80,true,19,17,19,25,random
9686,103710,700,64,92,true,26,30,12,24,random
9687,103711,1352,128,140,true,33,45,29,33,random
9688,103712,720,64,97,true,26,24,28,19,random
9689,103713,1140,128,122,true,27,36,27,32,random
9690,103714,1072,128,118,true,31,28,31,28,random
9691,103715,996,128,109,true,24,31,26,28,random
9692,103716,844,64,108,true,28,28,22,30,random
9693,103717,320,32,58,true,15,17,15,11,random
9694,103718,720,64,95,true,22,22,31,20,random
9695,103719,1356,128,141,true,31,37,36,37,random
9696,103720,1068,128,116,true,25,28,23,40,random
9697,103721,1180,128,122,true,29,29,31,33,random
9698,103722,1280,128,132,true,27,36,30,39,random
9699,103723,604,64,82,true,19,16,26,21,random
9700,103724,1384,128,143,true,35,37,37,34,random
9701,103725,272,32,52,true,14,12,12,14,random
9702,103726,544,32,82,true,19,23,13,27,random
9703,103727,488,64,72,true,18,25,15,14,random
9704,103728,980,128,105,true,30,20,29,26,random
9705,103729,640,64,83,true,19,22,19,23,random
9706,103730,1376,128,145,true,49,30,30,36,random
9707,103731,668,64,89,true,23,17,25,24,random
9708,103732,676,64,88,true,17,28,23,20,random
9709,103733,708,64,95,true,26,18,27,24,random
9710,103734,656,64,87,true,30,21,22,14,random
9711,103735,1404,128,144,true,30,39,36,39,random
9712,103736,616,64,87,true,17,24,26,20,random
9713,103737,524,64,72,true,19,18,14,21,random
9714,103738,844,64,102,true,23,25,29,25,random
9715,103739,1972,256,164,true,52,39,40,33,random
9716,103740,1204,128,123,true,32,32,29,30,random
9717,103741,1596,128,160,true,37,42,39,42,random
9718,103742,1388,128,141,true,40,32,36,33,random
9719,103743,1228,128,127,true,40,33,33,21,random
9720,103744,2008,128,185,true,45,48,42,50,random
9721,103745,436,64,62,true,12,17,12,21,random
9722,103746,1384,128,147,true,37,35,32,43,random
9723,103747,904,64,111,true,26,26,25,34,random
9724,103748,592,64,81,true,17,19,25,20,random
9725,103749,2060,256,173,true,40,36,45,52,random
9726,103750,1264,128,130,true,45,27,27,31,random
9727,103751,2156,256,183,true,38,47,50,48,random
9728,103752,1360,128,142,true,32,37,29,44,random
9729,103753,1144,128,125,true,29,29,31,36,random
9730,103754,1060,128,115,true,34,27,30,24,random
9731,103755,1976,128,185,true,34,43,61,47,random
9732,103756,1108,64,128,true,34,37,40,17,random
9733,103757,572,64,79,true,25,15,21,18,random
9734,103758,736,64,98,true,30,22,26,20,random
9735,103759,1476,128,152,true,40,37,42,33,random
9736,103760,308,32,57,true,12,15,13,17,random
9737,103761,1172,128,127,true,35,31,31,30,random
9738,103762,1476,128,153,true,40,36,35,42,random
9739,103763,2008,128,184,true,43,53,40,48,random
9740,103764,1024,128,110,true,22,32,29,27,random
9741,103765,1232,128,128,true,35,37,32,24,random
9742,103766,608,64,85,true,26,13,23,23,random
9743,103767,1212,128,134,true,22,29,38,45,random
9744,103768,1096,128,119,true,33,27,30,29,random
9745,103769,1308,128,133,true,29,34,38,32,random
9746,103770,1440,128,150,true,45,38,24,43,random
9747,103771,880,64,106,true,38,21,23,24,random
9748,103772,1584,128,155,true,42,43,35,35,random
9749,103773,1448,128,151,true,49,34,42,26,random
9750,103774,688,64,90,true,23,28,19,20,random
9751,103775,976,128,103,true,28,27,27,21,random
9752,103776,1832,128,168,true,47,41,42,38,random
9753,103777,1424,128,149,true,42,29,38,40,random
9754,103778,1188,128,120,true,26,27,41,26,random
9755,103779,1224,128,128,true,33,28,31,36,random
9756,103780,1136,128,119,true,27,23,26,43,random
9757,103781,1528,128,151,true,29,45,39,38,random
9758,103782,828,64,101,true,24,26,29,22,random
9759,103783,1164,64,129,true,40,30,32,27,random
9760,103784,848,64,102,true,31,23,20,28,random
9761,103785,944,64,117,true,32,25,29,31,random
9762,103786,1344,128,138,true,27,41,41,29,random
9763,103787,1008,128,107,true,27,21,30,29,random
9764,103788,1216,128,131,true,30,31,30,40,random
9765,103789,620,64,85,true,24,24,19,18,random
9766,103790,1268,128,128,true,35,37,28,28,random
9767,103791,472,32,72,true,19,22,18,13,random
9768,103792,596,64,79,true,16,20,25,18,random
9769,103793,1308,128,133,true,39,26,34,34,random
9770,103794,744,64,99,true,19,20,34,26,random
9771,103795,536,64,74,true,19,14,21,20,random
9772,103796,1736,128,161,true,40,43,39,39,random
9773,103797,892,128,95,true,21,33,18,23,random
9774,103798,1124,128,121,true,35,31,28,27,random
9775,103799,1252,128,125,true,33,24,31,37,random
9776,103800,1356,128,142,true,34,34,42,32,random
9777,103801,1288,128,138,true,30,30,37,41,random
9778,103802,648,64,83,true,20,20,22,21,random
9779,103803,684,64,89,true,21,25,19,24,random
9780,103804,1360,128,142,true,35,40,33,34,random
9781,103805,636,64,88,true,28,18,23,19,random
9782,103806,1060,128,114,true,24,29,33,28,random
9783,103807,1628,128,164,true,44,45,42,33,random
9784,103808,584,64,81,true,24,21,16,20,random
9785,103809,1340,128,138,true,33,30,30,45,random
9786,103810,1488,128,157,true,35,32,45,45,random
9787,103811,1780,128,180,true,48,43,43,46,random
9788,103812,1276,128,129,true,36,34,24,35,random
9789,103813,736,64,98,true,25,19,21,33,random
9790,103814,1192,128,121,true,31,22,32,36,random
9791,103815,812,64,102,true,22,30,23,27,random
9792,103816,1332,128,139,true,42,35,29,33,random
9793,103817,788,64,100,true,31,28,18,23,random
9794,103818,1140,128,124,true,29,23,35,37,random
9795,103819,1452,128,152,true,37,38,40,37,random
9796,103820,1436,128,148,true,36,33,40,39,random
9797,103821,820,64,100,true,25,26,22,27,random
9798,103822,1404,128,140,true,31,26,48,35,random
9799,103823,564,64,76,true,22,15,16,23,random
9800,103824,824,64,98,true,26,25,26,21,random
9801,103825,1300,128,136,true,37,39,37,23,random
9802,103826,1552,128,164,true,37,40,44,43,random
9803,103827,1188,128,129,true,27,40,28,34,random
9804,103828,1428,128,146,true,37,29,45,35,random
9805,103829,1432,128,148,true,40,44,34,30,random
9806,103830,1076,128,117,true,24,32,31,30,random
9807,103831,1112,128,123,true,26,38,26,33,random
9808,103832,1288,128,139,true,32,31,42,34,random
9809,103833,580,64,83,true,19,21,15,28,random
9810,103834,1604,128,161,true,43,39,36,43,random
9811,103835,2308,256,191,true,51,51,51,38,random
9812,103836,1372,128,142,true,37,35,33,37,random
9813,103837,2068,256,174,true,47,36,51,40,random
9814,103838,1180,128,128,true,35,29,28,36,random
9815,103839,1356,128,141,true,40,37,27,37,random
9816,103840,1436,128,149,true,34,39,42,34,random
9817,103841,1192,128,131,true,45,28,31,27,random
9818,103842,744,64,100,true,25,28,13,34,random
9819,103843,1408,128,142,true,34,29,37,42,random
9820,103844,1000,64,119,true,35,32,27,25,random
9821,103845,1648,128,153,true,35,44,41,33,random
9822,103846,596,64,83,true,23,19,20,21,random
9823,103847,612,64,84,true,23,23,16,22,random
9824,103848,612,64,84,true,29,13,19,23,random
9825,103849,516,64,73,true,24,16,13,20,random
9826,103850,328,32,60,true,15,9,20,16,random
9827,103851,540,64,74,true,18,21,19,16,random
9828,103852,1288,128,130,true,35,33,34,28,random
9829,103853,1040,128,111,true,30,30,34,17,random
9830,103854,504,32,76,true,18,22,15,21,random
9831,103855,892,64,109,true,22,31,24,32,random
9832,103856,1080,128,113,true,30,30,29,24,random
9833,103857,1016,128,109,true,31,27,24,27,random
9834,103858,624,64,84,true,18,19,27,20,random
9835,103859,424,32,69,true,13,17,24,15,random
9836,103860,632,64,88,true,18,20,24,26,random
9837,103861,248,16,52,true,16,13,12,11,random
9838,103862,852,64,99,true,24,23,24,28,random
9839,103863,1348,128,139,true,39,37,31,32,random
9840,103864,592,64,82,true,22,21,18,21,random
9841,103865,656,64,89,true,16,19,34,20,random
9842,103866,564,64,80,true,22,23,15,20,random
9843,103867,1516,128,157,true,40,43,35,39,random
9844,103868,1464,128,145,true,32,39,31,43,random
9845,103869,1140,128,118,true,29,22,33,34,random
9846,103870,528,64,74,true,18,15,24,17,random
9847,103871,504,64,70,true,22,18,14,16,random
9848,103872,904,128,94,true,25,22,26,21,random
9849,103873,956,64,113,true,25,30,27,31,random
9850,103874,1332,128,138,true,37,36,31,34,random
9851,103875,560,64,76,true,18,20,15,23,random
9852,103876,708,64,94,true,22,19,27,26,random
9853,103877,992,128,107,true,28,22,27,30,random
9854,103878,1208,128,123,true,32,21,38,32,random
9855,103879,536,64,74,true,16,20,19,19,random
9856,103880,832,64,100,true,22,26,32,20,random
9857,103881,2880,256,232,true,53,72,54,53,random
9858,103882,1044,64,120,true,25,35,26,34,random
9859,103883,628,64,84,true,17,26,18,23,random
9860,103884,1276,128,130,true,36,28,30,36,random
9861,103885,732,64,96,true,30,25,18,23,random
9862,103886,968,64,120,true,29,38,25,28,random
9863,103887,1128,128,121,true,29,25,30,37,random
9864,103888,1044,128,111,true,24,30,24,33,random
9865,103889,1248,128,132,true,29,37,31,35,random
9866,103890,1440,128,149,true,38,37,40,34,random
9867,103891,656,64,86,true,26,16,25,19,random
9868,103892,668,64,87,true,26,25,19,17,random
9869,103893,1348,128,139,true,33,46,29,31,random
9870,103894,1044,128,115,true,20,33,27,35,random
9871,103895,1280,128,130,true,32,31,27,40,random
9872,103896,616,64,87,true,29,16,21,21,random
9873,103897,1524,128,154,true,33,37,49,35,random
9874,103898,1144,128,124,true,33,32,31,28,random
9875,103899,1196,128,123,true,27,28,40,28,random
9876,103900,444,32,74,true,26,18,14,16,random
9877,103901,720,64,97,true,29,22,23,23,random
9878,103902,716,64,96,true,28,26,26,16,random
9879,103903,1448,128,151,true,41,46,31,33,random
9880,103904,1752,128,168,true,41,34,51,42,random
9881,103905,552,64,77,true,20,26,13,18,random
9882,103906,392,32,65,true,22,18,11,14,random
9883,103907,724,64,95,true,16,26,25,28,random
9884,103908,1012,128,109,true,23,32,29,25,random
9885,103909,2244,256,187,true,39,41,51,56,random
9886,103910,984,128,105,true,26,24,25,30,random
9887,103911,1612,128,163,true,31,43,47,42,random
9888,103912,1128,128,120,true,18,33,33,36,random
9889,103913,712,64,96,true,31,15,26,24,random
9890,103914,612,64,84,true,21,17,30,16,random
9891,103915,652,64,93,true,26,23,20,24,random
9892,103916,676,64,88,true,29,23,20,16,random
9893,103917,1624,128,160,true,42,41,35,42,random
9894,103918,1384,128,140,true,32,42,32,34,random
9895,103919,1172,128,117,true,25,38,27,27,random
9896,103920,696,64,93,true,26,18,28,21,random
9897,103921,736,64,98,true,22,23,26,27,random
9898,103922,1532,128,155,true,36,37,44,38,random
9899,103923,1332,128,136,true,34,36,32,34,random
9900,103924,616,64,85,true,16,25,20,24,random
9901,103925,1328,128,138,true,37,33,35,33,random
9902,103926,476,64,69,true,16,21,18,14,random
9903,103927,944,64,111,true,30,22,27,32,random
9904,103928,216,16,49,true,13,14,14,8,random
9905,103929,384,32,64,true,16,15,14,19,random
9906,103930,660,64,88,true,17,26,23,22,random
9907,103931,308,32,56,true,13,12,19,12,random
9908,103932,1136,64,135,true,39,33,29,34,random
9909,103933,564,64,76,true,23,18,21,14,random
9910,103934,768,64,97,true,21,23,21,32,random
9911,103935,560,64,79,true,12,21,31,15,random
9912,103936,284,32,54,true,17,13,13,11,random
9913,103937,912,64,110,true,24,34,25,27,random
9914,103938,1376,128,145,true,41,38,28,38,random
9915,103939,900,64,110,true,30,36,23,21,random
9916,103940,816,64,102,true,23,28,29,22,random
9917,103941,344,32,60,true,15,14,14,17,random
9918,103942,276,32,52,true,14,9,14,15,random
9919,103943,1104,128,119,true,24,35,38,22,random
9920,103944,1076,128,118,true,30,27,28,33,random
9921,103945,284,32,54,true,13,22,10,9,random
9922,103946,2072,256,176,true,48,48,45,35,random
9923,103947,812,64,95,true,25,17,29,24,random
9924,103948,588,64,80,true,22,21,21,16,random
9925,103949,2092,256,177,true,51,44,41,41,random
9926,103950,776,64,99,true,19,28,26,26,random
9927,103951,1176,128,120,true,31,35,29,25,random
9928,103952,796,64,98,true,35,21,18,24,random
9929,103953,1188,128,131,true,36,23,35,37,random
9930,103954,600,64,84,true,20,22,19,23,random
9931,103955,1368,128,137,true,31,31,44,31,random
9932,103956,1140,128,123,true,24,35,36,28,random
9933,103957,792,64,100,true,23,26,28,23,random
9934,103958,696,64,92,true,21,25,18,28,random
9935,103959,612,64,84,true,14,24,21,25,random
9936,103960,1524,128,161,true,33,44,44,40,random
9937,103961,1148,128,124,true,22,37,30,35,random
9938,103962,1100,128,118,true,20,30,33,35,random
9939,103963,908,64,112,true,22,34,28,28,random
9940,103964,1480,128,145,true,33,33,37,42,random
9941,103965,1336,128,136,true,38,35,31,32,random
9942,103966,544,64,76,true,13,17,19,27,random
9943,103967,1336,128,136,true,45,30,33,28,random
9944,103968,1028,128,109,true,28,26,27,28,random
9945,103969,640,64,83,true,14,21,24,24,random
9946,103970,1692,128,171,true,43,44,39,45,random
9947,103971,1292,128,131,true,23,42,29,37,random
9948,103972,532,32,82,true,22,21,16,23,random
9949,103973,656,64,90,true,22,27,21,20,random
9950,103974,984,128,104,true,22,28,20,34,random
9951,103975,708,64,94,true,31,22,20,21,random
9952,103976,1100,128,117,true,27,31,28,31,random
9953,103977,528,64,72,true,17,23,12,20,random
9954,103978,1064,128,113,true,31,31,19,32,random
9955,103979,1924,128,179,true,42,49,44,44,random
9956,103980,1692,128,154,true,38,40,36,40,random
9957,103981,720,64,97,true,28,19,19,31,random
9958,103982,1392,128,146,true,44,38,30,34,random
9959,103983,1372,128,142,true,38,31,33,40,random
9960,103984,808,64,97,true,23,20,23,31,random
9961,103985,692,64,91,true,26,21,19,25,random
9962,103986,408,32,68,true,13,22,20,13,random
9963,103987,1036,128,111,true,36,27,31,17,random
9964,103988,556,64,77,true,19,17,22,19,random
9965,103989,1312,128,135,true,37,32,30,36,random
9966,103990,564,64,77,true,18,20,16,23,random
9967,103991,660,64,88,true,23,20,20,25,random
9968,103992,1632,128,160,true,37,34,43,46,random
9969,103993,1004,128,107,true,36,29,19,23,random
9970,103994,1464,128,153,true,27,39,41,46,random
9971,103995,2328,256,196,true,53,45,46,52,random
9972,103996,1432,128,148,true,38,43,32,35,random
9973,103997,1360,128,141,true,30,37,30,44,random
9974,103998,1264,128,130,true,33,36,28,33,random
9975,103999,1000,128,105,true,25,26,24,30,random
9976,104000,796,64,102,true,26,21,28,27,random
9977,104001,1168,128,126,true,35,31,29,31,random
9978,104002,1116,128,118,true,31,28,33,26,random
9979,104003,552,64,73,true,17,19,17,20,random
9980,104004,612,64,83,true,21,17,26,19,random
9981,104005,564,64,78,true,21,26,18,13,random
9982,104006,724,64,88,true,24,17,25,22,random
9983,104007,1068,128,117,true,27,26,35,29,random
9984,104008,796,64,102,true,25,27,30,20,random
9985,104009,1292,128,134,true,39,28,40,27,random
9986,104010,740,64,98,true,24,25,24,25,random
9987,104011,548,64,76,true,26,17,15,18,random
9988,104012,1320,128,137,true,39,35,28,35,random
9989,104013,1412,128,146,true,42,27,37,40,random
9990,104014,1868,128,177,true,53,46,37,41,random
9991,104015,1356,128,140,true,31,35,33,41,random
9992,104016,1768,128,167,true,38,35,49,45,random
9993,104017,756,64,99,true,17,22,32,28,random
9994,104018,940,128,99,true,25,24,18,32,random
9995,104019,1220,128,126,true,29,25,30,42,random
9996,104020,1364,128,142,true,38,31,34,39,random
9997,104021,2992,256,238,true,55,58,54,71,random
9998,104022,2620,256,221,true,59,56,55,51,random
9999,104023,916,64,110,true,25,28,25,32,random
