grid_0,grid_1,grid_2,grid_3,grid_4,grid_5,grid_6,grid_7,grid_8,grid_9,grid_10,grid_11,grid_12,grid_13,grid_14,grid_15,score_normalized,action
0.00000000000000000,0.00000000000000000,0.00000000000000000,0.00000000000000000,0.00000000000000000,0.00000000000000000,0.00000000000000000,0.00000000000000000,0.00000000000000000,0.00000000000000000,0.00000000000000000,0.00000000000000000,0.00000000000000000,0.00006103515625000,0.00006103515625000,0.00000000000000000,0.00000000000000000,0
0.00000000000000000,0.00000000000000000,0.00000000000000000,0.00000000000000000,0.00006103515625000,0.00000000000000000,0.00000000000000000,0.00000000000000000,0.00000000000000000,0.00000000000000000,0.00000000000000000,0.00000000000000000,0.00000000000000000,0.00000000000000000,0.00000000000000000,0.00012207031250000,0.11649500072266981,0
0.00000000000000000,0.00000000000000000,0.00000000000000000,0.00000000000000000,0.00000000000000000,0.00000000000000000,0.00006103515625000,0.00000000000000000,0.00000000000000000,0.00000000000000000,0.00000000000000000,0.00000000000000000,0.00006103515625000,0.00000000000000000,0.00000000000000000,0.00012207031250000,0.11649500072266981,0
0.00000000000000000,0.00000000000000000,0.00000000000000000,0.00000000000000000,0.00006103515625000,0.00000000000000000,0.00000000000000000,0.00000000000000000,0.00000000000000000,0.00000000000000000,0.00000000000000000,0.00000000000000000,0.00006103515625000,0.00012207031250000,0.00006103515625000,0.00000000000000000,0.11649500072266981,3
0.00000000000000000,0.00000000000000000,0.00000000000000000,0.00000000000000000,0.00000000000000000,0.00000000000000000,0.00006103515625000,0.00006103515625000,0.00000000000000000,0.00000000000000000,0.00000000000000000,0.00000000000000000,0.00000000000000000,0.00006103515625000,0.00012207031250000,0.00006103515625000,0.11649500072266981,3
0.00000000000000000,0.00000000000000000,0.00000000000000000,0.00000000000000000,0.00012207031250000,0.00000000000000000,0.00000000000000000,0.00000000000000000,0.00000000000000000,0.00012207031250000,0.00000000000000000,0.00000000000000000,0.00006103515625000,0.00012207031250000,0.00006103515625000,0.00000000000000000,0.15904041823988749,0
0.00000000000000000,0.00006103515625000,0.00000000000000000,0.00000000000000000,0.00012207031250000,0.00000000000000000,0.00000000000000000,0.00000000000000000,0.00012207031250000,0.00000000000000000,0.00000000000000000,0.00000000000000000,0.00006103515625000,0.00012207031250000,0.00006103515625000,0.00000000000000000,0.15904041823988749,1
0.00000000000000000,0.00000000000000000,0.00000000000000000,0.00006103515625000,0.00000000000000000,0.00006103515625000,0.00000000000000000,0.00012207031250000,0.00000000000000000,0.00000000000000000,0.00000000000000000,0.00012207031250000,0.00000000000000000,0.00006103515625000,0.00012207031250000,0.00006103515625000,0.15904041823988749,0
0.00006103515625000,0.00000000000000000,0.00000000000000000,0.00000000000000000,0.00006103515625000,0.00012207031250000,0.00000000000000000,0.00000000000000000,0.00012207031250000,0.00006103515625000,0.00000000000000000,0.00000000000000000,0.00006103515625000,0.00012207031250000,0.00006103515625000,0.00000000000000000,0.15904041823988749,1
0.00000000000000000,0.00000000000000000,0.00000000000000000,0.00006103515625000,0.00000000000000000,0.00000000000000000,0.00006103515625000,0.00012207031250000,0.00000000000000000,0.00006103515625000,0.00012207031250000,0.00006103515625000,0.00000000000000000,0.00006103515625000,0.00012207031250000,0.00006103515625000,0.15904041823988749,1
0.00000000000000000,0.00012207031250000,0.00006103515625000,0.00006103515625000,0.00000000000000000,0.00000000000000000,0.00024414062500000,0.00012207031250000,0.00000000000000000,0.00000000000000000,0.00000000000000000,0.00012207031250000,0.00000000000000000,0.00000000000000000,0.00006103515625000,0.00000000000000000,0.23299000144533963,3
0.00000000000000000,0.00000000000000000,0.00000000000000000,0.00000000000000000,0.00000000000000000,0.00000000000000000,0.00006103515625000,0.00012207031250000,0.00000000000000000,0.00000000000000000,0.00024414062500000,0.00006103515625000,0.00000000000000000,0.00012207031250000,0.00006103515625000,0.00024414062500000,0.25308565664631461,2
0.00000000000000000,0.00000000000000000,0.00006103515625000,0.00000000000000000,0.00006103515625000,0.00012207031250000,0.00000000000000000,0.00000000000000000,0.00024414062500000,0.00006103515625000,0.00000000000000000,0.00000000000000000,0.00012207031250000,0.00006103515625000,0.00024414062500000,0.00000000000000000,0.25308565664631461,0
0.00006103515625000,0.00012207031250000,0.00006103515625000,0.00000000000000000,0.00024414062500000,0.00012207031250000,0.00024414062500000,0.00000000000000000,0.00012207031250000,0.00000000000000000,0.00000000000000000,0.00000000000000000,0.00000000000000000,0.00006103515625000,0.00000000000000000,0.00000000000000000,0.26136695401116583,2
0.00006103515625000,0.00012207031250000,0.00006103515625000,0.00000000000000000,0.00024414062500000,0.00012207031250000,0.00024414062500000,0.00000000000000000,0.00012207031250000,0.00000000000000000,0.00000000000000000,0.00000000000000000,0.00006103515625000,0.00006103515625000,0.00000000000000000,0.00000000000000000,0.26136695401116583,3
0.00006103515625000,0.00024414062500000,0.00006103515625000,0.00000000000000000,0.00024414062500000,0.00006103515625000,0.00024414062500000,0.00000000000000000,0.00012207031250000,0.00000000000000000,0.00006103515625000,0.00000000000000000,0.00006103515625000,0.00000000000000000,0.00000000000000000,0.00000000000000000,0.27553541896255729,1
0.00006103515625000,0.00024414062500000,0.00006103515625000,0.00006103515625000,0.00024414062500000,0.00006103515625000,0.00024414062500000,0.00000000000000000,0.00012207031250000,0.00006103515625000,0.00000000000000000,0.00000000000000000,0.00006103515625000,0.00000000000000000,0.00000000000000000,0.00000000000000000,0.27553541896255729,0
0.00006103515625000,0.00024414062500000,0.00006103515625000,0.00006103515625000,0.00024414062500000,0.00012207031250000,0.00024414062500000,0.00000000000000000,0.00012207031250000,0.00000000000000000,0.00006103515625000,0.00000000000000000,0.00006103515625000,0.00000000000000000,0.00000000000000000,0.00000000000000000,0.28169934667141894,2
0.00000000000000000,0.00006103515625000,0.00024414062500000,0.00012207031250000,0.00000000000000000,0.00024414062500000,0.00012207031250000,0.00024414062500000,0.00000000000000000,0.00000000000000000,0.00012207031250000,0.00006103515625000,0.00000000000000000,0.00000000000000000,0.00006103515625000,0.00006103515625000,0.28737931160013147,0
0.00006103515625000,0.00000000000000000,0.00000000000000000,0.00000000000000000,0.00000000000000000,0.00000000000000000,0.00024414062500000,0.00012207031250000,0.00000000000000000,0.00006103515625000,0.00024414062500000,0.00024414062500000,0.00000000000000000,0.00024414062500000,0.00006103515625000,0.00012207031250000,0.30215222610714260,1
0.00000000000000000,0.00006103515625000,0.00000000000000000,0.00000000000000000,0.00000000000000000,0.00000000000000000,0.00000000000000000,0.00012207031250000,0.00000000000000000,0.00006103515625000,0.00048828125000000,0.00024414062500000,0.00006103515625000,0.00024414062500000,0.00006103515625000,0.00012207031250000,0.31808083647977498,1
0.00006103515625000,0.00000000000000000,0.00006103515625000,0.00000000000000000,0.00012207031250000,0.00000000000000000,0.00000000000000000,0.00000000000000000,0.00006103515625000,0.00048828125000000,0.00024414062500000,0.00000000000000000,0.00006103515625000,0.00024414062500000,0.00006103515625000,0.00012207031250000,0.31808083647977498,2
0.00006103515625000,0.00048828125000000,0.00006103515625000,0.00012207031250000,0.00012207031250000,0.00024414062500000,0.00024414062500000,0.00000000000000000,0.00012207031250000,0.00000000000000000,0.00006103515625000,0.00000000000000000,0.00000000000000000,0.00000000000000000,0.00006103515625000,0.00000000000000000,0.32156982095238212,1
0.00000000000000000,0.00006103515625000,0.00000000000000000,0.00000000000000000,0.00000000000000000,0.00000000000000000,0.00006103515625000,0.00000000000000000,0.00006103515625000,0.00048828125000000,0.00024414062500000,0.00000000000000000,0.00024414062500000,0.00024414062500000,0.00012207031250000,0.00012207031250000,0.33112862237770746,1
0.00006103515625000,0.00006103515625000,0.00006103515625000,0.00012207031250000,0.00024414062500000,0.00048828125000000,0.00024414062500000,0.00000000000000000,0.00006103515625000,0.00024414062500000,0.00012207031250000,0.00000000000000000,0.00000000000000000,0.00000000000000000,0.00000000000000000,0.00000000000000000,0.33112862237770746,2
0.00006103515625000,0.00000000000000000,0.00000000000000000,0.00000000000000000,0.00006103515625000,0.00006103515625000,0.00006103515625000,0.00000000000000000,0.00024414062500000,0.00048828125000000,0.00024414062500000,0.00000000000000000,0.00006103515625000,0.00024414062500000,0.00012207031250000,0.00012207031250000,0.33112862237770746,3
0.00006103515625000,0.00000000000000000,0.00006103515625000,0.00000000000000000,0.00012207031250000,0.00006103515625000,0.00000000000000000,0.00000000000000000,0.00024414062500000,0.00048828125000000,0.00024414062500000,0.00000000000000000,0.00006103515625000,0.00024414062500000,0.00024414062500000,0.00000000000000000,0.33957108299010397,3
0.00006103515625000,0.00000000000000000,0.00012207031250000,0.00000000000000000,0.00012207031250000,0.00006103515625000,0.00000000000000000,0.00000000000000000,0.00024414062500000,0.00048828125000000,0.00006103515625000,0.00000000000000000,0.00006103515625000,0.00024414062500000,0.00048828125000000,0.00000000000000000,0.34948500216800937,3
0.00006103515625000,0.00006103515625000,0.00012207031250000,0.00000000000000000,0.00012207031250000,0.00048828125000000,0.00006103515625000,0.00000000000000000,0.00024414062500000,0.00024414062500000,0.00048828125000000,0.00000000000000000,0.00006103515625000,0.00000000000000000,0.00000000000000000,0.00006103515625000,0.34948500216800937,0
0.00006103515625000,0.00000000000000000,0.00000000000000000,0.00000000000000000,0.00012207031250000,0.00006103515625000,0.00012207031250000,0.00006103515625000,0.00024414062500000,0.00048828125000000,0.00006103515625000,0.00000000000000000,0.00006103515625000,0.00024414062500000,0.00048828125000000,0.00006103515625000,0.34948500216800937,0
0.00000000000000000,0.00000000000000000,0.00006103515625000,0.00006103515625000,0.00012207031250000,0.00006103515625000,0.00012207031250000,0.00006103515625000,0.00000000000000000,0.00024414062500000,0.00048828125000000,0.00006103515625000,0.00006103515625000,0.00024414062500000,0.00048828125000000,0.00006103515625000,0.34948500216800937,1
0.00012207031250000,0.00000000000000000,0.00000000000000000,0.00006103515625000,0.00012207031250000,0.00006103515625000,0.00012207031250000,0.00006103515625000,0.00024414062500000,0.00048828125000000,0.00006103515625000,0.00000000000000000,0.00006103515625000,0.00024414062500000,0.00048828125000000,0.00006103515625000,0.35176495171654149,1
0.00000000000000000,0.00000000000000000,0.00000000000000000,0.00012207031250000,0.00024414062500000,0.00006103515625000,0.00012207031250000,0.00000000000000000,0.00024414062500000,0.00048828125000000,0.00006103515625000,0.00006103515625000,0.00006103515625000,0.00024414062500000,0.00048828125000000,0.00012207031250000,0.35820318544256330,3
0.00012207031250000,0.00000000000000000,0.00000000000000000,0.00000000000000000,0.00024414062500000,0.00006103515625000,0.00012207031250000,0.00006103515625000,0.00024414062500000,0.00048828125000000,0.00012207031250000,0.00000000000000000,0.00006103515625000,0.00024414062500000,0.00048828125000000,0.00012207031250000,0.36022800037249580,0
0.00000000000000000,0.00000000000000000,0.00000000000000000,0.00000000000000000,0.00012207031250000,0.00006103515625000,0.00000000000000000,0.00012207031250000,0.00048828125000000,0.00048828125000000,0.00024414062500000,0.00006103515625000,0.00006103515625000,0.00024414062500000,0.00048828125000000,0.00012207031250000,0.37131445076894559,3
0.00000000000000000,0.00006103515625000,0.00000000000000000,0.00000000000000000,0.00012207031250000,0.00006103515625000,0.00012207031250000,0.00000000000000000,0.00097656250000000,0.00024414062500000,0.00006103515625000,0.00000000000000000,0.00006103515625000,0.00024414062500000,0.00048828125000000,0.00012207031250000,0.38386600957008149,2
0.00006103515625000,0.00000000000000000,0.00000000000000000,0.00000000000000000,0.00012207031250000,0.00006103515625000,0.00012207031250000,0.00000000000000000,0.00097656250000000,0.00024414062500000,0.00006103515625000,0.00006103515625000,0.00006103515625000,0.00024414062500000,0.00048828125000000,0.00012207031250000,0.38386600957008149,2
0.00006103515625000,0.00006103515625000,0.00012207031250000,0.00006103515625000,0.00012207031250000,0.00048828125000000,0.00006103515625000,0.00012207031250000,0.00097656250000000,0.00000000000000000,0.00048828125000000,0.00000000000000000,0.00006103515625000,0.00006103515625000,0.00000000000000000,0.00000000000000000,0.38940995564142161,0
0.00000000000000000,0.00012207031250000,0.00012207031250000,0.00006103515625000,0.00012207031250000,0.00048828125000000,0.00006103515625000,0.00012207031250000,0.00000000000000000,0.00000000000000000,0.00097656250000000,0.00048828125000000,0.00000000000000000,0.00000000000000000,0.00006103515625000,0.00012207031250000,0.39203041968522712,2
0.00000000000000000,0.00006103515625000,0.00024414062500000,0.00006103515625000,0.00012207031250000,0.00048828125000000,0.00006103515625000,0.00012207031250000,0.00000000000000000,0.00000000000000000,0.00097656250000000,0.00048828125000000,0.00000000000000000,0.00000000000000000,0.00006103515625000,0.00012207031250000,0.39455932017100315,2
0.00006103515625000,0.00024414062500000,0.00006103515625000,0.00000000000000000,0.00012207031250000,0.00048828125000000,0.00006103515625000,0.00012207031250000,0.00097656250000000,0.00048828125000000,0.00006103515625000,0.00000000000000000,0.00006103515625000,0.00012207031250000,0.00000000000000000,0.00000000000000000,0.39455932017100315,1
0.00006103515625000,0.00006103515625000,0.00000000000000000,0.00000000000000000,0.00012207031250000,0.00024414062500000,0.00000000000000000,0.00000000000000000,0.00097656250000000,0.00097656250000000,0.00006103515625000,0.00000000000000000,0.00006103515625000,0.00012207031250000,0.00012207031250000,0.00012207031250000,0.40495871333373468,0
0.00012207031250000,0.00000000000000000,0.00006103515625000,0.00000000000000000,0.00012207031250000,0.00024414062500000,0.00000000000000000,0.00000000000000000,0.00195312500000000,0.00006103515625000,0.00000000000000000,0.00000000000000000,0.00006103515625000,0.00024414062500000,0.00012207031250000,0.00000000000000000,0.42296984917887898,1
0.00000000000000000,0.00000000000000000,0.00000000000000000,0.00000000000000000,0.00024414062500000,0.00024414062500000,0.00000000000000000,0.00000000000000000,0.00195312500000000,0.00006103515625000,0.00006103515625000,0.00006103515625000,0.00006103515625000,0.00024414062500000,0.00012207031250000,0.00000000000000000,0.42462911756463706,2
0.00000000000000000,0.00000000000000000,0.00000000000000000,0.00000000000000000,0.00048828125000000,0.00000000000000000,0.00000000000000000,0.00000000000000000,0.00195312500000000,0.00012207031250000,0.00006103515625000,0.00000000000000000,0.00006103515625000,0.00024414062500000,0.00012207031250000,0.00006103515625000,0.42861813863478132,0
0.00048828125000000,0.00012207031250000,0.00006103515625000,0.00006103515625000,0.00195312500000000,0.00024414062500000,0.00012207031250000,0.00000000000000000,0.00006103515625000,0.00000000000000000,0.00006103515625000,0.00000000000000000,0.00000000000000000,0.00000000000000000,0.00000000000000000,0.00000000000000000,0.42861813863478132,3
0.00000000000000000,0.00048828125000000,0.00012207031250000,0.00012207031250000,0.00000000000000000,0.00195312500000000,0.00024414062500000,0.00012207031250000,0.00000000000000000,0.00000000000000000,0.00000000000000000,0.00012207031250000,0.00000000000000000,0.00000000000000000,0.00000000000000000,0.00006103515625000,0.43015416261260325,2
0.00048828125000000,0.00024414062500000,0.00000000000000000,0.00000000000000000,0.00195312500000000,0.00024414062500000,0.00012207031250000,0.00000000000000000,0.00012207031250000,0.00000000000000000,0.00000000000000000,0.00006103515625000,0.00006103515625000,0.00000000000000000,0.00000000000000000,0.00000000000000000,0.43165826688761794,3
0.00048828125000000,0.00048828125000000,0.00012207031250000,0.00006103515625000,0.00195312500000000,0.00000000000000000,0.00000000000000000,0.00000000000000000,0.00012207031250000,0.00000000000000000,0.00006103515625000,0.00000000000000000,0.00006103515625000,0.00000000000000000,0.00000000000000000,0.00000000000000000,0.43457583720244480,3
0.00000000000000000,0.00097656250000000,0.00012207031250000,0.00006103515625000,0.00000000000000000,0.00006103515625000,0.00000000000000000,0.00195312500000000,0.00000000000000000,0.00000000000000000,0.00012207031250000,0.00006103515625000,0.00000000000000000,0.00000000000000000,0.00000000000000000,0.00006103515625000,0.44008023949507030,1
0.00097656250000000,0.00012207031250000,0.00006103515625000,0.00000000000000000,0.00006103515625000,0.00195312500000000,0.00006103515625000,0.00000000000000000,0.00012207031250000,0.00006103515625000,0.00000000000000000,0.00000000000000000,0.00006103515625000,0.00000000000000000,0.00000000000000000,0.00000000000000000,0.44008023949507030,0
0.00000000000000000,0.00097656250000000,0.00012207031250000,0.00006103515625000,0.00000000000000000,0.00006103515625000,0.00195312500000000,0.00006103515625000,0.00000000000000000,0.00000000000000000,0.00012207031250000,0.00006103515625000,0.00000000000000000,0.00000000000000000,0.00006103515625000,0.00006103515625000,0.44008023949507030,1
0.00000000000000000,0.00097656250000000,0.00012207031250000,0.00012207031250000,0.00000000000000000,0.00006103515625000,0.00195312500000000,0.00012207031250000,0.00000000000000000,0.00000000000000000,0.00012207031250000,0.00000000000000000,0.00000000000000000,0.00000000000000000,0.00006103515625000,0.00006103515625000,0.44139333516348861,0
0.00000000000000000,0.00097656250000000,0.00012207031250000,0.00024414062500000,0.00000000000000000,0.00006103515625000,0.00195312500000000,0.00006103515625000,0.00000000000000000,0.00000000000000000,0.00012207031250000,0.00000000000000000,0.00000000000000000,0.00006103515625000,0.00006103515625000,0.00000000000000000,0.44268303366880529,3
0.00000000000000000,0.00000000000000000,0.00012207031250000,0.00000000000000000,0.00000000000000000,0.00006103515625000,0.00195312500000000,0.00000000000000000,0.00000000000000000,0.00097656250000000,0.00012207031250000,0.00024414062500000,0.00000000000000000,0.00012207031250000,0.00006103515625000,0.00006103515625000,0.44331936667830840,2
0.00000000000000000,0.00000000000000000,0.00000000000000000,0.00012207031250000,0.00000000000000000,0.00000000000000000,0.00006103515625000,0.00195312500000000,0.00000000000000000,0.00097656250000000,0.00012207031250000,0.00024414062500000,0.00000000000000000,0.00006103515625000,0.00012207031250000,0.00012207031250000,0.44395015423160800,2
0.00006103515625000,0.00000000000000000,0.00000000000000000,0.00012207031250000,0.00000000000000000,0.00000000000000000,0.00000000000000000,0.00195312500000000,0.00000000000000000,0.00097656250000000,0.00006103515625000,0.00024414062500000,0.00000000000000000,0.00006103515625000,0.00024414062500000,0.00012207031250000,0.44519547378584723,1
0.00006103515625000,0.00097656250000000,0.00006103515625000,0.00012207031250000,0.00000000000000000,0.00006103515625000,0.00024414062500000,0.00195312500000000,0.00006103515625000,0.00000000000000000,0.00000000000000000,0.00024414062500000,0.00000000000000000,0.00000000000000000,0.00000000000000000,0.00012207031250000,0.44519547378584723,1
0.00006103515625000,0.00097656250000000,0.00006103515625000,0.00012207031250000,0.00006103515625000,0.00024414062500000,0.00195312500000000,0.00000000000000000,0.00006103515625000,0.00024414062500000,0.00012207031250000,0.00000000000000000,0.00012207031250000,0.00000000000000000,0.00000000000000000,0.00000000000000000,0.44519547378584723,1
0.00000000000000000,0.00000000000000000,0.00000000000000000,0.00012207031250000,0.00006103515625000,0.00000000000000000,0.00006103515625000,0.00000000000000000,0.00012207031250000,0.00097656250000000,0.00195312500000000,0.00000000000000000,0.00012207031250000,0.00048828125000000,0.00012207031250000,0.00012207031250000,0.44821814318727005,0
0.00006103515625000,0.00000000000000000,0.00000000000000000,0.00012207031250000,0.00000000000000000,0.00000000000000000,0.00000000000000000,0.00012207031250000,0.00000000000000000,0.00012207031250000,0.00097656250000000,0.00195312500000000,0.00000000000000000,0.00012207031250000,0.00048828125000000,0.00024414062500000,0.44997295431120765,0
0.00006103515625000,0.00012207031250000,0.00000000000000000,0.00000000000000000,0.00012207031250000,0.00000000000000000,0.00000000000000000,0.00000000000000000,0.00012207031250000,0.00097656250000000,0.00195312500000000,0.00006103515625000,0.00012207031250000,0.00048828125000000,0.00024414062500000,0.00000000000000000,0.44997295431120765,0
0.00000000000000000,0.00000000000000000,0.00006103515625000,0.00000000000000000,0.00006103515625000,0.00012207031250000,0.00000000000000000,0.00000000000000000,0.00012207031250000,0.00097656250000000,0.00195312500000000,0.00000000000000000,0.00024414062500000,0.00048828125000000,0.00024414062500000,0.00006103515625000,0.45111963038945979,2
0.00006103515625000,0.00000000000000000,0.00000000000000000,0.00006103515625000,0.00006103515625000,0.00012207031250000,0.00000000000000000,0.00000000000000000,0.00012207031250000,0.00097656250000000,0.00195312500000000,0.00000000000000000,0.00024414062500000,0.00048828125000000,0.00024414062500000,0.00006103515625000,0.45111963038945979,1
0.00006103515625000,0.00000000000000000,0.00000000000000000,0.00012207031250000,0.00000000000000000,0.00000000000000000,0.00006103515625000,0.00012207031250000,0.00000000000000000,0.00012207031250000,0.00097656250000000,0.00195312500000000,0.00024414062500000,0.00048828125000000,0.00024414062500000,0.00006103515625000,0.45168622751863602,3
0.00006103515625000,0.00012207031250000,0.00006103515625000,0.00024414062500000,0.00024414062500000,0.00048828125000000,0.00097656250000000,0.00195312500000000,0.00000000000000000,0.00000000000000000,0.00024414062500000,0.00006103515625000,0.00000000000000000,0.00006103515625000,0.00000000000000000,0.00000000000000000,0.45280628721658744,2
0.00006103515625000,0.00012207031250000,0.00006103515625000,0.00024414062500000,0.00024414062500000,0.00048828125000000,0.00097656250000000,0.00195312500000000,0.00000000000000000,0.00006103515625000,0.00024414062500000,0.00006103515625000,0.00000000000000000,0.00000000000000000,0.00000000000000000,0.00006103515625000,0.45280628721658744,2
0.00000000000000000,0.00000000000000000,0.00000000000000000,0.00000000000000000,0.00006103515625000,0.00012207031250000,0.00006103515625000,0.00024414062500000,0.00006103515625000,0.00048828125000000,0.00097656250000000,0.00195312500000000,0.00024414062500000,0.00006103515625000,0.00024414062500000,0.00012207031250000,0.45335988390099285,1
0.00000000000000000,0.00006103515625000,0.00000000000000000,0.00000000000000000,0.00000000000000000,0.00012207031250000,0.00006103515625000,0.00024414062500000,0.00012207031250000,0.00048828125000000,0.00097656250000000,0.00195312500000000,0.00024414062500000,0.00006103515625000,0.00024414062500000,0.00012207031250000,0.45390927867253095,0
0.00006103515625000,0.00000000000000000,0.00000000000000000,0.00000000000000000,0.00012207031250000,0.00006103515625000,0.00024414062500000,0.00006103515625000,0.00012207031250000,0.00048828125000000,0.00097656250000000,0.00195312500000000,0.00024414062500000,0.00006103515625000,0.00024414062500000,0.00012207031250000,0.45390927867253095,3
0.00000000000000000,0.00000000000000000,0.00006103515625000,0.00000000000000000,0.00006103515625000,0.00006103515625000,0.00024414062500000,0.00006103515625000,0.00024414062500000,0.00048828125000000,0.00097656250000000,0.00195312500000000,0.00024414062500000,0.00006103515625000,0.00024414062500000,0.00012207031250000,0.45499571428325924,0
0.00000000000000000,0.00000000000000000,0.00006103515625000,0.00000000000000000,0.00006103515625000,0.00006103515625000,0.00024414062500000,0.00006103515625000,0.00006103515625000,0.00048828125000000,0.00097656250000000,0.00195312500000000,0.00048828125000000,0.00006103515625000,0.00024414062500000,0.00012207031250000,0.45712085521744972,3
0.00012207031250000,0.00006103515625000,0.00006103515625000,0.00006103515625000,0.00048828125000000,0.00048828125000000,0.00024414062500000,0.00195312500000000,0.00000000000000000,0.00006103515625000,0.00097656250000000,0.00012207031250000,0.00000000000000000,0.00012207031250000,0.00024414062500000,0.00000000000000000,0.45764253252895482,3
0.00000000000000000,0.00012207031250000,0.00006103515625000,0.00012207031250000,0.00000000000000000,0.00097656250000000,0.00024414062500000,0.00195312500000000,0.00000000000000000,0.00006103515625000,0.00097656250000000,0.00012207031250000,0.00006103515625000,0.00000000000000000,0.00012207031250000,0.00024414062500000,0.46217578222737710,1
0.00000000000000000,0.00012207031250000,0.00006103515625000,0.00012207031250000,0.00000000000000000,0.00097656250000000,0.00024414062500000,0.00195312500000000,0.00000000000000000,0.00006103515625000,0.00097656250000000,0.00012207031250000,0.00006103515625000,0.00006103515625000,0.00012207031250000,0.00024414062500000,0.46217578222737710,1
0.00000000000000000,0.00006103515625000,0.00006103515625000,0.00012207031250000,0.00000000000000000,0.00012207031250000,0.00024414062500000,0.00195312500000000,0.00000000000000000,0.00097656250000000,0.00097656250000000,0.00012207031250000,0.00006103515625000,0.00012207031250000,0.00012207031250000,0.00024414062500000,0.46266238852156150,0
0.00006103515625000,0.00006103515625000,0.00006103515625000,0.00012207031250000,0.00006103515625000,0.00012207031250000,0.00024414062500000,0.00195312500000000,0.00000000000000000,0.00097656250000000,0.00097656250000000,0.00012207031250000,0.00000000000000000,0.00012207031250000,0.00012207031250000,0.00024414062500000,0.46266238852156150,0
0.00012207031250000,0.00006103515625000,0.00006103515625000,0.00012207031250000,0.00000000000000000,0.00012207031250000,0.00024414062500000,0.00195312500000000,0.00006103515625000,0.00097656250000000,0.00097656250000000,0.00012207031250000,0.00000000000000000,0.00012207031250000,0.00012207031250000,0.00024414062500000,0.46314574533378994,2
0.00006103515625000,0.00006103515625000,0.00006103515625000,0.00012207031250000,0.00000000000000000,0.00012207031250000,0.00024414062500000,0.00195312500000000,0.00012207031250000,0.00097656250000000,0.00097656250000000,0.00012207031250000,0.00006103515625000,0.00012207031250000,0.00012207031250000,0.00024414062500000,0.46314574533378994,2
0.00000000000000000,0.00006103515625000,0.00012207031250000,0.00012207031250000,0.00000000000000000,0.00012207031250000,0.00024414062500000,0.00195312500000000,0.00006103515625000,0.00012207031250000,0.00195312500000000,0.00012207031250000,0.00000000000000000,0.00006103515625000,0.00024414062500000,0.00024414062500000,0.47176477811419071,2
0.00000000000000000,0.00000000000000000,0.00006103515625000,0.00024414062500000,0.00006103515625000,0.00012207031250000,0.00024414062500000,0.00195312500000000,0.00006103515625000,0.00012207031250000,0.00195312500000000,0.00012207031250000,0.00000000000000000,0.00000000000000000,0.00006103515625000,0.00048828125000000,0.47428633632777645,2
0.00006103515625000,0.00024414062500000,0.00000000000000000,0.00000000000000000,0.00006103515625000,0.00012207031250000,0.00024414062500000,0.00195312500000000,0.00006103515625000,0.00012207031250000,0.00195312500000000,0.00012207031250000,0.00006103515625000,0.00048828125000000,0.00000000000000000,0.00006103515625000,0.47428633632777645,2
0.00000000000000000,0.00000000000000000,0.00000000000000000,0.00006103515625000,0.00000000000000000,0.00024414062500000,0.00000000000000000,0.00195312500000000,0.00012207031250000,0.00024414062500000,0.00024414062500000,0.00012207031250000,0.00012207031250000,0.00048828125000000,0.00195312500000000,0.00006103515625000,0.47591985927796671,0
0.00024414062500000,0.00048828125000000,0.00024414062500000,0.00006103515625000,0.00000000000000000,0.00048828125000000,0.00195312500000000,0.00195312500000000,0.00006103515625000,0.00000000000000000,0.00000000000000000,0.00012207031250000,0.00000000000000000,0.00000000000000000,0.00000000000000000,0.00006103515625000,0.47830303466322133,3
0.00000000000000000,0.00006103515625000,0.00000000000000000,0.00006103515625000,0.00000000000000000,0.00000000000000000,0.00000000000000000,0.00195312500000000,0.00024414062500000,0.00000000000000000,0.00024414062500000,0.00012207031250000,0.00006103515625000,0.00097656250000000,0.00195312500000000,0.00006103515625000,0.48136324898638749,3
0.00000000000000000,0.00000000000000000,0.00000000000000000,0.00006103515625000,0.00000000000000000,0.00000000000000000,0.00006103515625000,0.00195312500000000,0.00024414062500000,0.00006103515625000,0.00024414062500000,0.00012207031250000,0.00006103515625000,0.00097656250000000,0.00195312500000000,0.00006103515625000,0.48136324898638749,0
0.00024414062500000,0.00006103515625000,0.00006103515625000,0.00006103515625000,0.00006103515625000,0.00097656250000000,0.00024414062500000,0.00195312500000000,0.00000000000000000,0.00006103515625000,0.00195312500000000,0.00012207031250000,0.00000000000000000,0.00000000000000000,0.00000000000000000,0.00006103515625000,0.48136324898638749,3
0.00000000000000000,0.00024414062500000,0.00006103515625000,0.00012207031250000,0.00006103515625000,0.00097656250000000,0.00024414062500000,0.00195312500000000,0.00000000000000000,0.00006103515625000,0.00195312500000000,0.00012207031250000,0.00006103515625000,0.00000000000000000,0.00000000000000000,0.00006103515625000,0.48173683646681903,0
0.00024414062500000,0.00006103515625000,0.00012207031250000,0.00006103515625000,0.00006103515625000,0.00097656250000000,0.00024414062500000,0.00195312500000000,0.00006103515625000,0.00195312500000000,0.00012207031250000,0.00000000000000000,0.00012207031250000,0.00000000000000000,0.00000000000000000,0.00000000000000000,0.48210850564621671,1
0.00006103515625000,0.00000000000000000,0.00000000000000000,0.00000000000000000,0.00024414062500000,0.00006103515625000,0.00012207031250000,0.00000000000000000,0.00012207031250000,0.00097656250000000,0.00024414062500000,0.00006103515625000,0.00012207031250000,0.00195312500000000,0.00012207031250000,0.00195312500000000,0.48247827612420879,0
0.00006103515625000,0.00000000000000000,0.00000000000000000,0.00000000000000000,0.00006103515625000,0.00006103515625000,0.00012207031250000,0.00000000000000000,0.00024414062500000,0.00097656250000000,0.00024414062500000,0.00006103515625000,0.00024414062500000,0.00195312500000000,0.00012207031250000,0.00195312500000000,0.48321219788626729,3
0.00012207031250000,0.00006103515625000,0.00012207031250000,0.00006103515625000,0.00048828125000000,0.00097656250000000,0.00024414062500000,0.00195312500000000,0.00000000000000000,0.00195312500000000,0.00012207031250000,0.00000000000000000,0.00006103515625000,0.00000000000000000,0.00000000000000000,0.00000000000000000,0.48501509093234468,0
0.00012207031250000,0.00006103515625000,0.00012207031250000,0.00006103515625000,0.00048828125000000,0.00097656250000000,0.00024414062500000,0.00195312500000000,0.00195312500000000,0.00012207031250000,0.00000000000000000,0.00006103515625000,0.00006103515625000,0.00000000000000000,0.00000000000000000,0.00000000000000000,0.48501509093234468,1
0.00012207031250000,0.00006103515625000,0.00000000000000000,0.00000000000000000,0.00048828125000000,0.00006103515625000,0.00000000000000000,0.00006103515625000,0.00195312500000000,0.00097656250000000,0.00012207031250000,0.00195312500000000,0.00006103515625000,0.00012207031250000,0.00024414062500000,0.00006103515625000,0.48501509093234468,0
0.00012207031250000,0.00012207031250000,0.00012207031250000,0.00006103515625000,0.00048828125000000,0.00097656250000000,0.00024414062500000,0.00195312500000000,0.00195312500000000,0.00012207031250000,0.00006103515625000,0.00006103515625000,0.00006103515625000,0.00000000000000000,0.00000000000000000,0.00000000000000000,0.48537034275540258,2
0.00024414062500000,0.00012207031250000,0.00006103515625000,0.00000000000000000,0.00048828125000000,0.00097656250000000,0.00024414062500000,0.00195312500000000,0.00195312500000000,0.00012207031250000,0.00012207031250000,0.00000000000000000,0.00006103515625000,0.00000000000000000,0.00012207031250000,0.00000000000000000,0.48642575509171221,3
0.00024414062500000,0.00012207031250000,0.00006103515625000,0.00000000000000000,0.00048828125000000,0.00097656250000000,0.00024414062500000,0.00195312500000000,0.00195312500000000,0.00024414062500000,0.00000000000000000,0.00000000000000000,0.00006103515625000,0.00012207031250000,0.00000000000000000,0.00012207031250000,0.48712090966554333,3
0.00000000000000000,0.00024414062500000,0.00012207031250000,0.00006103515625000,0.00048828125000000,0.00097656250000000,0.00024414062500000,0.00195312500000000,0.00006103515625000,0.00000000000000000,0.00195312500000000,0.00024414062500000,0.00000000000000000,0.00000000000000000,0.00006103515625000,0.00024414062500000,0.48780945149161536,1
0.00024414062500000,0.00012207031250000,0.00006103515625000,0.00000000000000000,0.00048828125000000,0.00097656250000000,0.00024414062500000,0.00195312500000000,0.00006103515625000,0.00195312500000000,0.00024414062500000,0.00000000000000000,0.00006103515625000,0.00024414062500000,0.00006103515625000,0.00000000000000000,0.48780945149161536,1
0.00000000000000000,0.00012207031250000,0.00000000000000000,0.00006103515625000,0.00024414062500000,0.00097656250000000,0.00006103515625000,0.00000000000000000,0.00048828125000000,0.00195312500000000,0.00048828125000000,0.00000000000000000,0.00012207031250000,0.00024414062500000,0.00006103515625000,0.00195312500000000,0.48950268457746904,3
0.00012207031250000,0.00006103515625000,0.00000000000000000,0.00000000000000000,0.00024414062500000,0.00097656250000000,0.00006103515625000,0.00006103515625000,0.00048828125000000,0.00195312500000000,0.00048828125000000,0.00000000000000000,0.00012207031250000,0.00024414062500000,0.00006103515625000,0.00195312500000000,0.48950268457746904,2
0.00012207031250000,0.00006103515625000,0.00006103515625000,0.00006103515625000,0.00024414062500000,0.00097656250000000,0.00048828125000000,0.00195312500000000,0.00048828125000000,0.00195312500000000,0.00006103515625000,0.00006103515625000,0.00012207031250000,0.00024414062500000,0.00000000000000000,0.00000000000000000,0.48950268457746904,2
0.00012207031250000,0.00006103515625000,0.00000000000000000,0.00006103515625000,0.00024414062500000,0.00097656250000000,0.00006103515625000,0.00006103515625000,0.00048828125000000,0.00195312500000000,0.00048828125000000,0.00195312500000000,0.00012207031250000,0.00024414062500000,0.00006103515625000,0.00006103515625000,0.48950268457746904,0
0.00000000000000000,0.00000000000000000,0.00012207031250000,0.00012207031250000,0.00006103515625000,0.00024414062500000,0.00097656250000000,0.00012207031250000,0.00048828125000000,0.00195312500000000,0.00048828125000000,0.00195312500000000,0.00000000000000000,0.00012207031250000,0.00024414062500000,0.00012207031250000,0.49049993222767346,1
0.00000000000000000,0.00006103515625000,0.00012207031250000,0.00000000000000000,0.00000000000000000,0.00024414062500000,0.00097656250000000,0.00024414062500000,0.00006103515625000,0.00195312500000000,0.00048828125000000,0.00195312500000000,0.00048828125000000,0.00012207031250000,0.00024414062500000,0.00012207031250000,0.49115721178297095,0
0.00006103515625000,0.00012207031250000,0.00000000000000000,0.00006103515625000,0.00024414062500000,0.00097656250000000,0.00024414062500000,0.00000000000000000,0.00006103515625000,0.00195312500000000,0.00048828125000000,0.00195312500000000,0.00048828125000000,0.00012207031250000,0.00024414062500000,0.00012207031250000,0.49115721178297095,2
0.00006103515625000,0.00012207031250000,0.00000000000000000,0.00006103515625000,0.00024414062500000,0.00097656250000000,0.00024414062500000,0.00006103515625000,0.00006103515625000,0.00195312500000000,0.00048828125000000,0.00195312500000000,0.00048828125000000,0.00012207031250000,0.00024414062500000,0.00012207031250000,0.49115721178297095,3
0.00006103515625000,0.00012207031250000,0.00006103515625000,0.00000000000000000,0.00024414062500000,0.00097656250000000,0.00024414062500000,0.00012207031250000,0.00006103515625000,0.00195312500000000,0.00048828125000000,0.00195312500000000,0.00048828125000000,0.00012207031250000,0.00024414062500000,0.00012207031250000,0.49148362682836894,3
0.00006103515625000,0.00006103515625000,0.00012207031250000,0.00006103515625000,0.00024414062500000,0.00097656250000000,0.00024414062500000,0.00012207031250000,0.00006103515625000,0.00195312500000000,0.00048828125000000,0.00195312500000000,0.00048828125000000,0.00012207031250000,0.00024414062500000,0.00012207031250000,0.49148362682836894,2
0.00012207031250000,0.00012207031250000,0.00006103515625000,0.00006103515625000,0.00024414062500000,0.00097656250000000,0.00024414062500000,0.00012207031250000,0.00006103515625000,0.00195312500000000,0.00048828125000000,0.00195312500000000,0.00048828125000000,0.00012207031250000,0.00024414062500000,0.00012207031250000,0.49180857648142440,3
0.00024414062500000,0.00012207031250000,0.00006103515625000,0.00000000000000000,0.00024414062500000,0.00097656250000000,0.00024414062500000,0.00012207031250000,0.00006103515625000,0.00195312500000000,0.00048828125000000,0.00195312500000000,0.00048828125000000,0.00012207031250000,0.00024414062500000,0.00012207031250000,0.49277476320086722,1
0.00048828125000000,0.00012207031250000,0.00006103515625000,0.00012207031250000,0.00006103515625000,0.00097656250000000,0.00024414062500000,0.00195312500000000,0.00048828125000000,0.00195312500000000,0.00048828125000000,0.00012207031250000,0.00006103515625000,0.00012207031250000,0.00024414062500000,0.00000000000000000,0.49404327169947487,1
0.00048828125000000,0.00012207031250000,0.00006103515625000,0.00012207031250000,0.00006103515625000,0.00097656250000000,0.00024414062500000,0.00195312500000000,0.00048828125000000,0.00195312500000000,0.00048828125000000,0.00012207031250000,0.00006103515625000,0.00006103515625000,0.00012207031250000,0.00024414062500000,0.49404327169947487,2
0.00048828125000000,0.00012207031250000,0.00006103515625000,0.00012207031250000,0.00006103515625000,0.00097656250000000,0.00024414062500000,0.00195312500000000,0.00048828125000000,0.00195312500000000,0.00048828125000000,0.00012207031250000,0.00012207031250000,0.00012207031250000,0.00024414062500000,0.00006103515625000,0.49435695545650543,2
0.00048828125000000,0.00012207031250000,0.00006103515625000,0.00012207031250000,0.00006103515625000,0.00097656250000000,0.00024414062500000,0.00195312500000000,0.00048828125000000,0.00195312500000000,0.00048828125000000,0.00012207031250000,0.00024414062500000,0.00024414062500000,0.00006103515625000,0.00006103515625000,0.49498027395775002,3
0.00048828125000000,0.00012207031250000,0.00006103515625000,0.00012207031250000,0.00006103515625000,0.00097656250000000,0.00024414062500000,0.00195312500000000,0.00048828125000000,0.00195312500000000,0.00048828125000000,0.00012207031250000,0.00048828125000000,0.00012207031250000,0.00000000000000000,0.00006103515625000,0.49651548343972102,0
0.00006103515625000,0.00012207031250000,0.00000000000000000,0.00012207031250000,0.00048828125000000,0.00097656250000000,0.00006103515625000,0.00195312500000000,0.00006103515625000,0.00195312500000000,0.00024414062500000,0.00012207031250000,0.00097656250000000,0.00012207031250000,0.00048828125000000,0.00006103515625000,0.49890603841626863,3
0.00006103515625000,0.00024414062500000,0.00000000000000000,0.00006103515625000,0.00048828125000000,0.00097656250000000,0.00006103515625000,0.00195312500000000,0.00006103515625000,0.00195312500000000,0.00024414062500000,0.00012207031250000,0.00097656250000000,0.00012207031250000,0.00048828125000000,0.00006103515625000,0.49949154141589686,0
0.00006103515625000,0.00006103515625000,0.00024414062500000,0.00006103515625000,0.00048828125000000,0.00097656250000000,0.00006103515625000,0.00195312500000000,0.00006103515625000,0.00195312500000000,0.00024414062500000,0.00012207031250000,0.00097656250000000,0.00012207031250000,0.00048828125000000,0.00006103515625000,0.49949154141589686,2
0.00012207031250000,0.00024414062500000,0.00006103515625000,0.00006103515625000,0.00048828125000000,0.00097656250000000,0.00006103515625000,0.00195312500000000,0.00006103515625000,0.00195312500000000,0.00024414062500000,0.00012207031250000,0.00097656250000000,0.00012207031250000,0.00048828125000000,0.00006103515625000,0.49978252638527598,1
0.00006103515625000,0.00000000000000000,0.00000000000000000,0.00000000000000000,0.00000000000000000,0.00000000000000000,0.00000000000000000,0.00006103515625000,0.00000000000000000,0.00000000000000000,0.00000000000000000,0.00000000000000000,0.00000000000000000,0.00000000000000000,0.00000000000000000,0.00000000000000000,0.00000000000000000,2
0.00006103515625000,0.00000000000000000,0.00000000000000000,0.00000000000000000,0.00000000000000000,0.00000000000000000,0.00000000000000000,0.00000000000000000,0.00000000000000000,0.00000000000000000,0.00000000000000000,0.00000000000000000,0.00006103515625000,0.00000000000000000,0.00000000000000000,0.00006103515625000,0.00000000000000000,1
0.00006103515625000,0.00006103515625000,0.00000000000000000,0.00000000000000000,0.00000000000000000,0.00000000000000000,0.00000000000000000,0.00000000000000000,0.00000000000000000,0.00000000000000000,0.00000000000000000,0.00000000000000000,0.00012207031250000,0.00000000000000000,0.00000000000000000,0.00000000000000000,0.11649500072266981,0
0.00000000000000000,0.00000000000000000,0.00000000000000000,0.00012207031250000,0.00000000000000000,0.00000000000000000,0.00000000000000000,0.00000000000000000,0.00000000000000000,0.00012207031250000,0.00000000000000000,0.00000000000000000,0.00000000000000000,0.00000000000000000,0.00000000000000000,0.00012207031250000,0.15904041823988749,1
0.00000000000000000,0.00012207031250000,0.00000000000000000,0.00024414062500000,0.00000000000000000,0.00000000000000000,0.00000000000000000,0.00000000000000000,0.00000000000000000,0.00000000000000000,0.00000000000000000,0.00000000000000000,0.00000000000000000,0.00000000000000000,0.00000000000000000,0.00012207031250000,0.20507482022971232,0
0.00012207031250000,0.00024414062500000,0.00000000000000000,0.00000000000000000,0.00000000000000000,0.00000000000000000,0.00000000000000000,0.00000000000000000,0.00006103515625000,0.00000000000000000,0.00000000000000000,0.00000000000000000,0.00012207031250000,0.00000000000000000,0.00000000000000000,0.00000000000000000,0.20507482022971232,1
0.00000000000000000,0.00000000000000000,0.00012207031250000,0.00024414062500000,0.00000000000000000,0.00000000000000000,0.00000000000000000,0.00000000000000000,0.00000000000000000,0.00000000000000000,0.00000000000000000,0.00006103515625000,0.00000000000000000,0.00000000000000000,0.00006103515625000,0.00012207031250000,0.20507482022971232,1
0.00012207031250000,0.00024414062500000,0.00000000000000000,0.00000000000000000,0.00000000000000000,0.00000000000000000,0.00000000000000000,0.00000000000000000,0.00006103515625000,0.00000000000000000,0.00006103515625000,0.00000000000000000,0.00006103515625000,0.00012207031250000,0.00000000000000000,0.00000000000000000,0.20507482022971232,2
0.00012207031250000,0.00024414062500000,0.00006103515625000,0.00000000000000000,0.00012207031250000,0.00012207031250000,0.00000000000000000,0.00000000000000000,0.00000000000000000,0.00000000000000000,0.00000000000000000,0.00006103515625000,0.00000000000000000,0.00000000000000000,0.00000000000000000,0.00000000000000000,0.22036988245565323,2
0.00000000000000000,0.00000000000000000,0.00000000000000000,0.00000000000000000,0.00006103515625000,0.00000000000000000,0.00000000000000000,0.00000000000000000,0.00000000000000000,0.00024414062500000,0.00000000000000000,0.00000000000000000,0.00024414062500000,0.00012207031250000,0.00006103515625000,0.00006103515625000,0.24373299964982600,1
0.00000000000000000,0.00000000000000000,0.00006103515625000,0.00000000000000000,0.00006103515625000,0.00000000000000000,0.00000000000000000,0.00000000000000000,0.00024414062500000,0.00000000000000000,0.00000000000000000,0.00000000000000000,0.00024414062500000,0.00012207031250000,0.00012207031250000,0.00000000000000000,0.25308565664631461,3
0.00006103515625000,0.00012207031250000,0.00006103515625000,0.00000000000000000,0.00048828125000000,0.00000000000000000,0.00012207031250000,0.00000000000000000,0.00000000000000000,0.00000000000000000,0.00000000000000000,0.00000000000000000,0.00000000000000000,0.00000000000000000,0.00006103515625000,0.00000000000000000,0.28169934667141894,0
0.00000000000000000,0.00000000000000000,0.00000000000000000,0.00000000000000000,0.00000000000000000,0.00000000000000000,0.00006103515625000,0.00000000000000000,0.00006103515625000,0.00006103515625000,0.00012207031250000,0.00000000000000000,0.00048828125000000,0.00012207031250000,0.00006103515625000,0.00000000000000000,0.28169934667141894,2
0.00000000000000000,0.00000000000000000,0.00000000000000000,0.00006103515625000,0.00000000000000000,0.00000000000000000,0.00000000000000000,0.00006103515625000,0.00000000000000000,0.00000000000000000,0.00012207031250000,0.00012207031250000,0.00000000000000000,0.00048828125000000,0.00012207031250000,0.00006103515625000,0.28737931160013147,3
0.00006103515625000,0.00000000000000000,0.00000000000000000,0.00000000000000000,0.00006103515625000,0.00000000000000000,0.00000000000000000,0.00000000000000000,0.00024414062500000,0.00000000000000000,0.00006103515625000,0.00000000000000000,0.00048828125000000,0.00012207031250000,0.00006103515625000,0.00000000000000000,0.29755497250179452,1
0.00000000000000000,0.00000000000000000,0.00000000000000000,0.00006103515625000,0.00000000000000000,0.00006103515625000,0.00000000000000000,0.00006103515625000,0.00000000000000000,0.00000000000000000,0.00024414062500000,0.00006103515625000,0.00000000000000000,0.00048828125000000,0.00012207031250000,0.00006103515625000,0.29755497250179452,2
0.00006103515625000,0.00000000000000000,0.00000000000000000,0.00000000000000000,0.00012207031250000,0.00000000000000000,0.00006103515625000,0.00000000000000000,0.00024414062500000,0.00006103515625000,0.00000000000000000,0.00000000000000000,0.00048828125000000,0.00012207031250000,0.00006103515625000,0.00000000000000000,0.30215222610714260,3
0.00006103515625000,0.00000000000000000,0.00000000000000000,0.00000000000000000,0.00012207031250000,0.00006103515625000,0.00000000000000000,0.00000000000000000,0.00024414062500000,0.00006103515625000,0.00000000000000000,0.00000000000000000,0.00048828125000000,0.00012207031250000,0.00006103515625000,0.00006103515625000,0.30215222610714260,0
0.00006103515625000,0.00000000000000000,0.00006103515625000,0.00000000000000000,0.00012207031250000,0.00006103515625000,0.00000000000000000,0.00000000000000000,0.00024414062500000,0.00006103515625000,0.00000000000000000,0.00000000000000000,0.00048828125000000,0.00012207031250000,0.00012207031250000,0.00000000000000000,0.30647484845620920,1
0.00006103515625000,0.00000000000000000,0.00006103515625000,0.00000000000000000,0.00012207031250000,0.00000000000000000,0.00000000000000000,0.00000000000000000,0.00024414062500000,0.00012207031250000,0.00006103515625000,0.00000000000000000,0.00048828125000000,0.00012207031250000,0.00012207031250000,0.00000000000000000,0.31055381002007598,3
0.00006103515625000,0.00024414062500000,0.00012207031250000,0.00000000000000000,0.00012207031250000,0.00000000000000000,0.00012207031250000,0.00000000000000000,0.00024414062500000,0.00000000000000000,0.00000000000000000,0.00000000000000000,0.00048828125000000,0.00006103515625000,0.00000000000000000,0.00000000000000000,0.32156982095238212,0
0.00000000000000000,0.00006103515625000,0.00024414062500000,0.00012207031250000,0.00000000000000000,0.00000000000000000,0.00006103515625000,0.00024414062500000,0.00000000000000000,0.00000000000000000,0.00000000000000000,0.00024414062500000,0.00000000000000000,0.00000000000000000,0.00048828125000000,0.00006103515625000,0.32808049142565582,2
0.00000000000000000,0.00006103515625000,0.00024414062500000,0.00012207031250000,0.00000000000000000,0.00000000000000000,0.00006103515625000,0.00048828125000000,0.00000000000000000,0.00000000000000000,0.00048828125000000,0.00006103515625000,0.00000000000000000,0.00000000000000000,0.00000000000000000,0.00006103515625000,0.33957108299010397,2
0.00006103515625000,0.00024414062500000,0.00012207031250000,0.00000000000000000,0.00006103515625000,0.00048828125000000,0.00000000000000000,0.00000000000000000,0.00048828125000000,0.00006103515625000,0.00006103515625000,0.00000000000000000,0.00006103515625000,0.00000000000000000,0.00000000000000000,0.00000000000000000,0.33957108299010397,0
0.00012207031250000,0.00024414062500000,0.00012207031250000,0.00000000000000000,0.00048828125000000,0.00048828125000000,0.00006103515625000,0.00000000000000000,0.00006103515625000,0.00006103515625000,0.00000000000000000,0.00006103515625000,0.00000000000000000,0.00000000000000000,0.00000000000000000,0.00000000000000000,0.34217974058056994,3
0.00012207031250000,0.00024414062500000,0.00012207031250000,0.00000000000000000,0.00097656250000000,0.00006103515625000,0.00000000000000000,0.00000000000000000,0.00012207031250000,0.00006103515625000,0.00000000000000000,0.00000000000000000,0.00000000000000000,0.00006103515625000,0.00000000000000000,0.00000000000000000,0.36219771140204565,2
0.00000000000000000,0.00012207031250000,0.00024414062500000,0.00012207031250000,0.00000000000000000,0.00006103515625000,0.00097656250000000,0.00006103515625000,0.00000000000000000,0.00000000000000000,0.00012207031250000,0.00006103515625000,0.00000000000000000,0.00000000000000000,0.00000000000000000,0.00006103515625000,0.36219771140204565,2
0.00012207031250000,0.00024414062500000,0.00012207031250000,0.00000000000000000,0.00006103515625000,0.00097656250000000,0.00006103515625000,0.00000000000000000,0.00012207031250000,0.00006103515625000,0.00000000000000000,0.00006103515625000,0.00006103515625000,0.00000000000000000,0.00000000000000000,0.00000000000000000,0.36219771140204565,2
0.00000000000000000,0.00012207031250000,0.00024414062500000,0.00012207031250000,0.00000000000000000,0.00006103515625000,0.00097656250000000,0.00006103515625000,0.00000000000000000,0.00000000000000000,0.00012207031250000,0.00012207031250000,0.00006103515625000,0.00000000000000000,0.00000000000000000,0.00006103515625000,0.36411523846959981,1
0.00000000000000000,0.00012207031250000,0.00024414062500000,0.00012207031250000,0.00000000000000000,0.00006103515625000,0.00097656250000000,0.00006103515625000,0.00000000000000000,0.00000000000000000,0.00000000000000000,0.00024414062500000,0.00006103515625000,0.00000000000000000,0.00000000000000000,0.00012207031250000,0.36958065736898438,2
0.00006103515625000,0.00012207031250000,0.00024414062500000,0.00012207031250000,0.00000000000000000,0.00006103515625000,0.00097656250000000,0.00006103515625000,0.00000000000000000,0.00000000000000000,0.00000000000000000,0.00024414062500000,0.00000000000000000,0.00006103515625000,0.00000000000000000,0.00012207031250000,0.36958065736898438,0
0.00006103515625000,0.00012207031250000,0.00024414062500000,0.00012207031250000,0.00000000000000000,0.00006103515625000,0.00097656250000000,0.00006103515625000,0.00000000000000000,0.00000000000000000,0.00000000000000000,0.00024414062500000,0.00000000000000000,0.00006103515625000,0.00006103515625000,0.00012207031250000,0.36958065736898438,1
0.00006103515625000,0.00012207031250000,0.00024414062500000,0.00012207031250000,0.00000000000000000,0.00012207031250000,0.00097656250000000,0.00006103515625000,0.00000000000000000,0.00000000000000000,0.00006103515625000,0.00024414062500000,0.00000000000000000,0.00006103515625000,0.00000000000000000,0.00012207031250000,0.37131445076894559,1
0.00006103515625000,0.00012207031250000,0.00024414062500000,0.00012207031250000,0.00012207031250000,0.00097656250000000,0.00006103515625000,0.00000000000000000,0.00006103515625000,0.00024414062500000,0.00000000000000000,0.00006103515625000,0.00006103515625000,0.00012207031250000,0.00000000000000000,0.00000000000000000,0.37131445076894559,2
0.00006103515625000,0.00012207031250000,0.00000000000000000,0.00000000000000000,0.00006103515625000,0.00097656250000000,0.00000000000000000,0.00000000000000000,0.00012207031250000,0.00024414062500000,0.00024414062500000,0.00012207031250000,0.00012207031250000,0.00012207031250000,0.00006103515625000,0.00006103515625000,0.37300768385479927,0
0.00012207031250000,0.00012207031250000,0.00024414062500000,0.00012207031250000,0.00024414062500000,0.00097656250000000,0.00006103515625000,0.00006103515625000,0.00000000000000000,0.00024414062500000,0.00000000000000000,0.00006103515625000,0.00000000000000000,0.00012207031250000,0.00000000000000000,0.00000000000000000,0.37786195473383560,3
0.00000000000000000,0.00012207031250000,0.00006103515625000,0.00000000000000000,0.00000000000000000,0.00097656250000000,0.00000000000000000,0.00000000000000000,0.00012207031250000,0.00024414062500000,0.00024414062500000,0.00012207031250000,0.00024414062500000,0.00012207031250000,0.00006103515625000,0.00012207031250000,0.37941030069554071,3
0.00006103515625000,0.00000000000000000,0.00012207031250000,0.00006103515625000,0.00000000000000000,0.00000000000000000,0.00000000000000000,0.00097656250000000,0.00000000000000000,0.00012207031250000,0.00048828125000000,0.00012207031250000,0.00024414062500000,0.00012207031250000,0.00006103515625000,0.00012207031250000,0.38529231017595905,1
0.00006103515625000,0.00024414062500000,0.00012207031250000,0.00006103515625000,0.00024414062500000,0.00000000000000000,0.00048828125000000,0.00097656250000000,0.00000000000000000,0.00000000000000000,0.00006103515625000,0.00024414062500000,0.00012207031250000,0.00000000000000000,0.00000000000000000,0.00000000000000000,0.39073204561418512,3
0.00006103515625000,0.00000000000000000,0.00000000000000000,0.00000000000000000,0.00006103515625000,0.00000000000000000,0.00012207031250000,0.00006103515625000,0.00024414062500000,0.00000000000000000,0.00048828125000000,0.00097656250000000,0.00012207031250000,0.00024414062500000,0.00006103515625000,0.00024414062500000,0.39073204561418512,3
0.00006103515625000,0.00000000000000000,0.00000000000000000,0.00000000000000000,0.00006103515625000,0.00012207031250000,0.00006103515625000,0.00000000000000000,0.00024414062500000,0.00048828125000000,0.00097656250000000,0.00012207031250000,0.00012207031250000,0.00024414062500000,0.00006103515625000,0.00024414062500000,0.39073204561418512,0
0.00000000000000000,0.00006103515625000,0.00000000000000000,0.00006103515625000,0.00000000000000000,0.00006103515625000,0.00012207031250000,0.00006103515625000,0.00024414062500000,0.00048828125000000,0.00097656250000000,0.00012207031250000,0.00012207031250000,0.00024414062500000,0.00006103515625000,0.00024414062500000,0.39073204561418512,3
0.00000000000000000,0.00012207031250000,0.00000000000000000,0.00000000000000000,0.00000000000000000,0.00012207031250000,0.00012207031250000,0.00012207031250000,0.00024414062500000,0.00048828125000000,0.00097656250000000,0.00012207031250000,0.00012207031250000,0.00024414062500000,0.00006103515625000,0.00024414062500000,0.39330591372331464,2
0.00012207031250000,0.00000000000000000,0.00000000000000000,0.00000000000000000,0.00024414062500000,0.00012207031250000,0.00006103515625000,0.00000000000000000,0.00024414062500000,0.00048828125000000,0.00097656250000000,0.00012207031250000,0.00012207031250000,0.00024414062500000,0.00006103515625000,0.00024414062500000,0.39579139100168398,1
0.00012207031250000,0.00012207031250000,0.00006103515625000,0.00012207031250000,0.00048828125000000,0.00048828125000000,0.00097656250000000,0.00024414062500000,0.00012207031250000,0.00024414062500000,0.00006103515625000,0.00000000000000000,0.00000000000000000,0.00000000000000000,0.00000000000000000,0.00006103515625000,0.40052008686263635,3
0.00024414062500000,0.00006103515625000,0.00012207031250000,0.00000000000000000,0.00097656250000000,0.00097656250000000,0.00024414062500000,0.00012207031250000,0.00012207031250000,0.00024414062500000,0.00006103515625000,0.00000000000000000,0.00006103515625000,0.00000000000000000,0.00000000000000000,0.00000000000000000,0.41114460339235159,2
0.00024414062500000,0.00006103515625000,0.00012207031250000,0.00012207031250000,0.00097656250000000,0.00097656250000000,0.00024414062500000,0.00000000000000000,0.00012207031250000,0.00024414062500000,0.00006103515625000,0.00006103515625000,0.00006103515625000,0.00000000000000000,0.00000000000000000,0.00000000000000000,0.41114460339235159,1
0.00024414062500000,0.00006103515625000,0.00024414062500000,0.00000000000000000,0.00195312500000000,0.00024414062500000,0.00000000000000000,0.00000000000000000,0.00012207031250000,0.00024414062500000,0.00012207031250000,0.00000000000000000,0.00006103515625000,0.00006103515625000,0.00000000000000000,0.00000000000000000,0.42783772769317668,0
0.00000000000000000,0.00024414062500000,0.00006103515625000,0.00024414062500000,0.00006103515625000,0.00000000000000000,0.00195312500000000,0.00024414062500000,0.00000000000000000,0.00012207031250000,0.00024414062500000,0.00012207031250000,0.00000000000000000,0.00000000000000000,0.00000000000000000,0.00012207031250000,0.42861813863478132,1
0.00000000000000000,0.00024414062500000,0.00006103515625000,0.00024414062500000,0.00000000000000000,0.00006103515625000,0.00195312500000000,0.00024414062500000,0.00012207031250000,0.00012207031250000,0.00024414062500000,0.00012207031250000,0.00000000000000000,0.00000000000000000,0.00000000000000000,0.00012207031250000,0.42861813863478132,0
0.00000000000000000,0.00024414062500000,0.00006103515625000,0.00024414062500000,0.00000000000000000,0.00006103515625000,0.00195312500000000,0.00024414062500000,0.00000000000000000,0.00024414062500000,0.00024414062500000,0.00012207031250000,0.00006103515625000,0.00000000000000000,0.00000000000000000,0.00012207031250000,0.43015416261260325,2
0.00000000000000000,0.00024414062500000,0.00006103515625000,0.00024414062500000,0.00006103515625000,0.00006103515625000,0.00195312500000000,0.00024414062500000,0.00000000000000000,0.00000000000000000,0.00048828125000000,0.00012207031250000,0.00000000000000000,0.00000000000000000,0.00006103515625000,0.00012207031250000,0.43313175112718588,3
0.00006103515625000,0.00024414062500000,0.00006103515625000,0.00048828125000000,0.00000000000000000,0.00006103515625000,0.00195312500000000,0.00024414062500000,0.00000000000000000,0.00000000000000000,0.00048828125000000,0.00006103515625000,0.00000000000000000,0.00000000000000000,0.00006103515625000,0.00000000000000000,0.43738034930594472,1
0.00000000000000000,0.00000000000000000,0.00006103515625000,0.00000000000000000,0.00000000000000000,0.00012207031250000,0.00195312500000000,0.00048828125000000,0.00000000000000000,0.00024414062500000,0.00048828125000000,0.00024414062500000,0.00006103515625000,0.00006103515625000,0.00006103515625000,0.00006103515625000,0.43738034930594472,3
0.00006103515625000,0.00000000000000000,0.00006103515625000,0.00000000000000000,0.00012207031250000,0.00195312500000000,0.00048828125000000,0.00000000000000000,0.00024414062500000,0.00048828125000000,0.00024414062500000,0.00000000000000000,0.00012207031250000,0.00012207031250000,0.00000000000000000,0.00000000000000000,0.43874288203078743,3
0.00006103515625000,0.00006103515625000,0.00000000000000000,0.00000000000000000,0.00012207031250000,0.00195312500000000,0.00006103515625000,0.00000000000000000,0.00024414062500000,0.00048828125000000,0.00048828125000000,0.00000000000000000,0.00012207031250000,0.00012207031250000,0.00024414062500000,0.00000000000000000,0.43874288203078743,2
0.00012207031250000,0.00000000000000000,0.00000000000000000,0.00000000000000000,0.00012207031250000,0.00195312500000000,0.00006103515625000,0.00000000000000000,0.00024414062500000,0.00097656250000000,0.00006103515625000,0.00000000000000000,0.00024414062500000,0.00024414062500000,0.00000000000000000,0.00000000000000000,0.44581019012296857,3
0.00000000000000000,0.00000000000000000,0.00006103515625000,0.00000000000000000,0.00000000000000000,0.00195312500000000,0.00000000000000000,0.00000000000000000,0.00024414062500000,0.00097656250000000,0.00000000000000000,0.00000000000000000,0.00048828125000000,0.00024414062500000,0.00012207031250000,0.00000000000000000,0.44997295431120765,3
0.00006103515625000,0.00000000000000000,0.00006103515625000,0.00000000000000000,0.00195312500000000,0.00000000000000000,0.00000000000000000,0.00000000000000000,0.00024414062500000,0.00097656250000000,0.00000000000000000,0.00000000000000000,0.00048828125000000,0.00024414062500000,0.00012207031250000,0.00000000000000000,0.44997295431120765,3
0.00006103515625000,0.00000000000000000,0.00000000000000000,0.00000000000000000,0.00195312500000000,0.00000000000000000,0.00012207031250000,0.00000000000000000,0.00024414062500000,0.00097656250000000,0.00006103515625000,0.00000000000000000,0.00048828125000000,0.00024414062500000,0.00012207031250000,0.00000000000000000,0.44997295431120765,2
0.00006103515625000,0.00000000000000000,0.00000000000000000,0.00000000000000000,0.00195312500000000,0.00012207031250000,0.00000000000000000,0.00000000000000000,0.00024414062500000,0.00097656250000000,0.00006103515625000,0.00006103515625000,0.00048828125000000,0.00024414062500000,0.00012207031250000,0.00000000000000000,0.44997295431120765,3
0.00006103515625000,0.00012207031250000,0.00006103515625000,0.00006103515625000,0.00195312500000000,0.00097656250000000,0.00012207031250000,0.00000000000000000,0.00024414062500000,0.00024414062500000,0.00000000000000000,0.00000000000000000,0.00048828125000000,0.00000000000000000,0.00000000000000000,0.00006103515625000,0.44997295431120765,2
0.00006103515625000,0.00012207031250000,0.00012207031250000,0.00000000000000000,0.00195312500000000,0.00097656250000000,0.00012207031250000,0.00000000000000000,0.00048828125000000,0.00000000000000000,0.00000000000000000,0.00000000000000000,0.00048828125000000,0.00006103515625000,0.00006103515625000,0.00000000000000000,0.45280628721658744,1
0.00006103515625000,0.00012207031250000,0.00024414062500000,0.00000000000000000,0.00195312500000000,0.00097656250000000,0.00006103515625000,0.00000000000000000,0.00097656250000000,0.00006103515625000,0.00006103515625000,0.00000000000000000,0.00000000000000000,0.00000000000000000,0.00000000000000000,0.00000000000000000,0.45816047687602696,3
0.00006103515625000,0.00012207031250000,0.00024414062500000,0.00000000000000000,0.00195312500000000,0.00097656250000000,0.00006103515625000,0.00000000000000000,0.00097656250000000,0.00012207031250000,0.00000000000000000,0.00000000000000000,0.00000000000000000,0.00006103515625000,0.00000000000000000,0.00000000000000000,0.45867474130323976,3
0.00000000000000000,0.00006103515625000,0.00012207031250000,0.00024414062500000,0.00012207031250000,0.00195312500000000,0.00097656250000000,0.00006103515625000,0.00000000000000000,0.00000000000000000,0.00097656250000000,0.00012207031250000,0.00000000000000000,0.00000000000000000,0.00000000000000000,0.00006103515625000,0.45867474130323976,1
0.00006103515625000,0.00012207031250000,0.00024414062500000,0.00000000000000000,0.00012207031250000,0.00195312500000000,0.00097656250000000,0.00006103515625000,0.00097656250000000,0.00012207031250000,0.00000000000000000,0.00006103515625000,0.00006103515625000,0.00000000000000000,0.00000000000000000,0.00000000000000000,0.45867474130323976,2
0.00000000000000000,0.00006103515625000,0.00012207031250000,0.00024414062500000,0.00012207031250000,0.00195312500000000,0.00097656250000000,0.00006103515625000,0.00006103515625000,0.00097656250000000,0.00012207031250000,0.00006103515625000,0.00000000000000000,0.00000000000000000,0.00000000000000000,0.00006103515625000,0.45867474130323976,1
0.00006103515625000,0.00012207031250000,0.00024414062500000,0.00000000000000000,0.00012207031250000,0.00195312500000000,0.00097656250000000,0.00006103515625000,0.00006103515625000,0.00097656250000000,0.00012207031250000,0.00006103515625000,0.00006103515625000,0.00000000000000000,0.00000000000000000,0.00006103515625000,0.45867474130323976,1
0.00006103515625000,0.00012207031250000,0.00024414062500000,0.00012207031250000,0.00012207031250000,0.00195312500000000,0.00097656250000000,0.00006103515625000,0.00012207031250000,0.00097656250000000,0.00012207031250000,0.00000000000000000,0.00000000000000000,0.00000000000000000,0.00006103515625000,0.00000000000000000,0.45969243699456497,3
0.00006103515625000,0.00012207031250000,0.00024414062500000,0.00012207031250000,0.00012207031250000,0.00195312500000000,0.00097656250000000,0.00006103515625000,0.00006103515625000,0.00012207031250000,0.00097656250000000,0.00012207031250000,0.00000000000000000,0.00000000000000000,0.00000000000000000,0.00006103515625000,0.45969243699456497,0
0.00006103515625000,0.00000000000000000,0.00000000000000000,0.00012207031250000,0.00006103515625000,0.00012207031250000,0.00000000000000000,0.00006103515625000,0.00012207031250000,0.00195312500000000,0.00024414062500000,0.00012207031250000,0.00006103515625000,0.00012207031250000,0.00195312500000000,0.00006103515625000,0.46735657205589171,1
0.00012207031250000,0.00012207031250000,0.00024414062500000,0.00012207031250000,0.00012207031250000,0.00195312500000000,0.00195312500000000,0.00006103515625000,0.00006103515625000,0.00012207031250000,0.00000000000000000,0.00012207031250000,0.00000000000000000,0.00000000000000000,0.00006103515625000,0.00006103515625000,0.46780967158646952,1
0.00024414062500000,0.00012207031250000,0.00024414062500000,0.00012207031250000,0.00006103515625000,0.00195312500000000,0.00195312500000000,0.00006103515625000,0.00000000000000000,0.00012207031250000,0.00006103515625000,0.00012207031250000,0.00000000000000000,0.00006103515625000,0.00000000000000000,0.00006103515625000,0.46870744946672821,3
0.00024414062500000,0.00012207031250000,0.00024414062500000,0.00012207031250000,0.00006103515625000,0.00390625000000000,0.00006103515625000,0.00000000000000000,0.00012207031250000,0.00006103515625000,0.00012207031250000,0.00000000000000000,0.00012207031250000,0.00000000000000000,0.00000000000000000,0.00006103515625000,0.48210850564621671,1
0.00024414062500000,0.00012207031250000,0.00024414062500000,0.00012207031250000,0.00000000000000000,0.00006103515625000,0.00390625000000000,0.00006103515625000,0.00000000000000000,0.00012207031250000,0.00006103515625000,0.00012207031250000,0.00006103515625000,0.00000000000000000,0.00012207031250000,0.00006103515625000,0.48210850564621671,1
0.00024414062500000,0.00012207031250000,0.00024414062500000,0.00012207031250000,0.00000000000000000,0.00006103515625000,0.00390625000000000,0.00006103515625000,0.00000000000000000,0.00012207031250000,0.00006103515625000,0.00012207031250000,0.00006103515625000,0.00006103515625000,0.00012207031250000,0.00006103515625000,0.48210850564621671,3
0.00024414062500000,0.00012207031250000,0.00024414062500000,0.00012207031250000,0.00006103515625000,0.00390625000000000,0.00006103515625000,0.00000000000000000,0.00012207031250000,0.00006103515625000,0.00012207031250000,0.00006103515625000,0.00012207031250000,0.00012207031250000,0.00006103515625000,0.00000000000000000,0.48247827612420879,2
0.00024414062500000,0.00012207031250000,0.00024414062500000,0.00012207031250000,0.00006103515625000,0.00390625000000000,0.00006103515625000,0.00000000000000000,0.00012207031250000,0.00006103515625000,0.00012207031250000,0.00006103515625000,0.00024414062500000,0.00006103515625000,0.00000000000000000,0.00006103515625000,0.48321219788626729,3
0.00024414062500000,0.00000000000000000,0.00000000000000000,0.00000000000000000,0.00006103515625000,0.00012207031250000,0.00024414062500000,0.00006103515625000,0.00012207031250000,0.00390625000000000,0.00006103515625000,0.00012207031250000,0.00024414062500000,0.00012207031250000,0.00012207031250000,0.00012207031250000,0.48393875268070624,1
0.00024414062500000,0.00012207031250000,0.00024414062500000,0.00006103515625000,0.00006103515625000,0.00390625000000000,0.00006103515625000,0.00024414062500000,0.00012207031250000,0.00012207031250000,0.00012207031250000,0.00000000000000000,0.00024414062500000,0.00000000000000000,0.00000000000000000,0.00012207031250000,0.48465808693537871,0
0.00024414062500000,0.00000000000000000,0.00006103515625000,0.00000000000000000,0.00006103515625000,0.00012207031250000,0.00024414062500000,0.00006103515625000,0.00012207031250000,0.00390625000000000,0.00006103515625000,0.00024414062500000,0.00024414062500000,0.00012207031250000,0.00012207031250000,0.00012207031250000,0.48465808693537871,0
0.00024414062500000,0.00012207031250000,0.00006103515625000,0.00006103515625000,0.00006103515625000,0.00390625000000000,0.00024414062500000,0.00024414062500000,0.00012207031250000,0.00012207031250000,0.00006103515625000,0.00012207031250000,0.00024414062500000,0.00006103515625000,0.00012207031250000,0.00000000000000000,0.48465808693537871,2
0.00000000000000000,0.00024414062500000,0.00012207031250000,0.00012207031250000,0.00006103515625000,0.00006103515625000,0.00390625000000000,0.00048828125000000,0.00000000000000000,0.00024414062500000,0.00006103515625000,0.00012207031250000,0.00000000000000000,0.00024414062500000,0.00006103515625000,0.00012207031250000,0.48712090966554333,2
0.00006103515625000,0.00024414062500000,0.00012207031250000,0.00012207031250000,0.00000000000000000,0.00006103515625000,0.00390625000000000,0.00048828125000000,0.00000000000000000,0.00048828125000000,0.00012207031250000,0.00024414062500000,0.00000000000000000,0.00000000000000000,0.00006103515625000,0.00000000000000000,0.48950268457746904,2
0.00006103515625000,0.00024414062500000,0.00024414062500000,0.00000000000000000,0.00006103515625000,0.00390625000000000,0.00048828125000000,0.00000000000000000,0.00048828125000000,0.00012207031250000,0.00024414062500000,0.00000000000000000,0.00006103515625000,0.00000000000000000,0.00006103515625000,0.00000000000000000,0.49016904061759492,2
0.00006103515625000,0.00048828125000000,0.00000000000000000,0.00000000000000000,0.00006103515625000,0.00390625000000000,0.00048828125000000,0.00006103515625000,0.00048828125000000,0.00012207031250000,0.00024414062500000,0.00000000000000000,0.00012207031250000,0.00000000000000000,0.00000000000000000,0.00000000000000000,0.49180857648142440,0
0.00012207031250000,0.00048828125000000,0.00048828125000000,0.00006103515625000,0.00048828125000000,0.00390625000000000,0.00024414062500000,0.00000000000000000,0.00012207031250000,0.00012207031250000,0.00000000000000000,0.00000000000000000,0.00000000000000000,0.00000000000000000,0.00006103515625000,0.00000000000000000,0.49213207384068203,0
0.00012207031250000,0.00048828125000000,0.00048828125000000,0.00006103515625000,0.00048828125000000,0.00390625000000000,0.00024414062500000,0.00006103515625000,0.00012207031250000,0.00012207031250000,0.00006103515625000,0.00000000000000000,0.00000000000000000,0.00000000000000000,0.00000000000000000,0.00000000000000000,0.49213207384068203,0
0.00006103515625000,0.00012207031250000,0.00097656250000000,0.00006103515625000,0.00048828125000000,0.00390625000000000,0.00024414062500000,0.00006103515625000,0.00000000000000000,0.00000000000000000,0.00024414062500000,0.00006103515625000,0.00000000000000000,0.00000000000000000,0.00000000000000000,0.00000000000000000,0.49528993181462971,2
0.00000000000000000,0.00006103515625000,0.00000000000000000,0.00000000000000000,0.00000000000000000,0.00000000000000000,0.00000000000000000,0.00000000000000000,0.00006103515625000,0.00012207031250000,0.00097656250000000,0.00006103515625000,0.00048828125000000,0.00390625000000000,0.00048828125000000,0.00012207031250000,0.49681865629614058,3
0.00006103515625000,0.00000000000000000,0.00006103515625000,0.00000000000000000,0.00000000000000000,0.00000000000000000,0.00000000000000000,0.00000000000000000,0.00006103515625000,0.00012207031250000,0.00097656250000000,0.00006103515625000,0.00048828125000000,0.00390625000000000,0.00048828125000000,0.00012207031250000,0.49681865629614058,0
0.00000000000000000,0.00000000000000000,0.00000000000000000,0.00012207031250000,0.00000000000000000,0.00000000000000000,0.00006103515625000,0.00000000000000000,0.00006103515625000,0.00012207031250000,0.00097656250000000,0.00006103515625000,0.00048828125000000,0.00390625000000000,0.00048828125000000,0.00012207031250000,0.49712056461142423,2
0.00012207031250000,0.00000000000000000,0.00000000000000000,0.00000000000000000,0.00006103515625000,0.00006103515625000,0.00000000000000000,0.00000000000000000,0.00006103515625000,0.00012207031250000,0.00097656250000000,0.00006103515625000,0.00048828125000000,0.00390625000000000,0.00048828125000000,0.00012207031250000,0.49712056461142423,2
0.00012207031250000,0.00006103515625000,0.00097656250000000,0.00006103515625000,0.00012207031250000,0.00012207031250000,0.00048828125000000,0.00012207031250000,0.00048828125000000,0.00390625000000000,0.00006103515625000,0.00000000000000000,0.00000000000000000,0.00000000000000000,0.00000000000000000,0.00000000000000000,0.49742121889063212,1
0.00000000000000000,0.00000000000000000,0.00006103515625000,0.00000000000000000,0.00000000000000000,0.00006103515625000,0.00097656250000000,0.00000000000000000,0.00024414062500000,0.00012207031250000,0.00048828125000000,0.00006103515625000,0.00048828125000000,0.00390625000000000,0.00006103515625000,0.00012207031250000,0.49801880671139198,2
0.00000000000000000,0.00000000000000000,0.00000000000000000,0.00006103515625000,0.00006103515625000,0.00000000000000000,0.00006103515625000,0.00097656250000000,0.00024414062500000,0.00012207031250000,0.00048828125000000,0.00006103515625000,0.00048828125000000,0.00390625000000000,0.00006103515625000,0.00012207031250000,0.49801880671139198,0
0.00006103515625000,0.00000000000000000,0.00000000000000000,0.00006103515625000,0.00000000000000000,0.00000000000000000,0.00012207031250000,0.00097656250000000,0.00024414062500000,0.00012207031250000,0.00048828125000000,0.00006103515625000,0.00048828125000000,0.00390625000000000,0.00006103515625000,0.00012207031250000,0.49831576061979549,0
0.00012207031250000,0.00000000000000000,0.00006103515625000,0.00000000000000000,0.00012207031250000,0.00097656250000000,0.00000000000000000,0.00000000000000000,0.00024414062500000,0.00012207031250000,0.00048828125000000,0.00006103515625000,0.00048828125000000,0.00390625000000000,0.00006103515625000,0.00012207031250000,0.49861150122999143,0
0.00000000000000000,0.00000000000000000,0.00012207031250000,0.00006103515625000,0.00000000000000000,0.00006103515625000,0.00012207031250000,0.00097656250000000,0.00024414062500000,0.00012207031250000,0.00048828125000000,0.00006103515625000,0.00048828125000000,0.00390625000000000,0.00006103515625000,0.00012207031250000,0.49861150122999143,2
0.00012207031250000,0.00006103515625000,0.00006103515625000,0.00000000000000000,0.00006103515625000,0.00012207031250000,0.00097656250000000,0.00000000000000000,0.00024414062500000,0.00012207031250000,0.00048828125000000,0.00006103515625000,0.00048828125000000,0.00390625000000000,0.00006103515625000,0.00012207031250000,0.49861150122999143,2
0.00012207031250000,0.00006103515625000,0.00006103515625000,0.00006103515625000,0.00006103515625000,0.00024414062500000,0.00097656250000000,0.00012207031250000,0.00024414062500000,0.00390625000000000,0.00048828125000000,0.00000000000000000,0.00048828125000000,0.00000000000000000,0.00006103515625000,0.00006103515625000,0.49919938193286323,1
0.00006103515625000,0.00012207031250000,0.00006103515625000,0.00012207031250000,0.00006103515625000,0.00024414062500000,0.00097656250000000,0.00012207031250000,0.00000000000000000,0.00024414062500000,0.00390625000000000,0.00048828125000000,0.00000000000000000,0.00000000000000000,0.00048828125000000,0.00012207031250000,0.49978252638527598,1
0.00006103515625000,0.00012207031250000,0.00006103515625000,0.00012207031250000,0.00006103515625000,0.00024414062500000,0.00097656250000000,0.00012207031250000,0.00024414062500000,0.00390625000000000,0.00048828125000000,0.00000000000000000,0.00048828125000000,0.00012207031250000,0.00000000000000000,0.00006103515625000,0.49978252638527598,0
0.00006103515625000,0.00012207031250000,0.00006103515625000,0.00012207031250000,0.00006103515625000,0.00024414062500000,0.00097656250000000,0.00012207031250000,0.00006103515625000,0.00024414062500000,0.00390625000000000,0.00048828125000000,0.00000000000000000,0.00048828125000000,0.00012207031250000,0.00006103515625000,0.49978252638527598,1
0.00006103515625000,0.00012207031250000,0.00006103515625000,0.00012207031250000,0.00006103515625000,0.00024414062500000,0.00097656250000000,0.00012207031250000,0.00006103515625000,0.00024414062500000,0.00390625000000000,0.00048828125000000,0.00048828125000000,0.00012207031250000,0.00006103515625000,0.00006103515625000,0.49978252638527598,2
0.00006103515625000,0.00012207031250000,0.00006103515625000,0.00012207031250000,0.00006103515625000,0.00024414062500000,0.00097656250000000,0.00012207031250000,0.00006103515625000,0.00024414062500000,0.00390625000000000,0.00048828125000000,0.00006103515625000,0.00048828125000000,0.00012207031250000,0.00012207031250000,0.50007234624655317,1
0.00012207031250000,0.00012207031250000,0.00006103515625000,0.00024414062500000,0.00012207031250000,0.00048828125000000,0.00097656250000000,0.00048828125000000,0.00000000000000000,0.00048828125000000,0.00390625000000000,0.00012207031250000,0.00000000000000000,0.00006103515625000,0.00012207031250000,0.00000000000000000,0.50235005358660345,0
0.00024414062500000,0.00012207031250000,0.00006103515625000,0.00024414062500000,0.00000000000000000,0.00097656250000000,0.00097656250000000,0.00048828125000000,0.00006103515625000,0.00006103515625000,0.00390625000000000,0.00012207031250000,0.00000000000000000,0.00000000000000000,0.00012207031250000,0.00000000000000000,0.50509995366099181,3
0.00024414062500000,0.00012207031250000,0.00006103515625000,0.00024414062500000,0.00195312500000000,0.00048828125000000,0.00006103515625000,0.00000000000000000,0.00012207031250000,0.00390625000000000,0.00012207031250000,0.00000000000000000,0.00012207031250000,0.00000000000000000,0.00000000000000000,0.00000000000000000,0.50954760740303573,0
0.00024414062500000,0.00012207031250000,0.00012207031250000,0.00024414062500000,0.00195312500000000,0.00048828125000000,0.00012207031250000,0.00006103515625000,0.00024414062500000,0.00390625000000000,0.00000000000000000,0.00000000000000000,0.00000000000000000,0.00000000000000000,0.00000000000000000,0.00000000000000000,0.51030488454911649,3
0.00024414062500000,0.00024414062500000,0.00024414062500000,0.00000000000000000,0.00195312500000000,0.00048828125000000,0.00012207031250000,0.00006103515625000,0.00024414062500000,0.00390625000000000,0.00000000000000000,0.00006103515625000,0.00000000000000000,0.00000000000000000,0.00000000000000000,0.00000000000000000,0.51080536995642900,3
0.00000000000000000,0.00000000000000000,0.00024414062500000,0.00048828125000000,0.00195312500000000,0.00048828125000000,0.00012207031250000,0.00006103515625000,0.00000000000000000,0.00024414062500000,0.00390625000000000,0.00006103515625000,0.00000000000000000,0.00000000000000000,0.00000000000000000,0.00006103515625000,0.51179607714057240,0
0.00024414062500000,0.00048828125000000,0.00000000000000000,0.00000000000000000,0.00195312500000000,0.00048828125000000,0.00012207031250000,0.00006103515625000,0.00024414062500000,0.00390625000000000,0.00006103515625000,0.00000000000000000,0.00006103515625000,0.00012207031250000,0.00000000000000000,0.00000000000000000,0.51179607714057240,3
0.00000000000000000,0.00000000000000000,0.00024414062500000,0.00048828125000000,0.00195312500000000,0.00048828125000000,0.00012207031250000,0.00006103515625000,0.00000000000000000,0.00024414062500000,0.00390625000000000,0.00006103515625000,0.00006103515625000,0.00000000000000000,0.00006103515625000,0.00012207031250000,0.51179607714057240,2
0.00000000000000000,0.00006103515625000,0.00024414062500000,0.00000000000000000,0.00000000000000000,0.00000000000000000,0.00012207031250000,0.00048828125000000,0.00195312500000000,0.00048828125000000,0.00390625000000000,0.00012207031250000,0.00006103515625000,0.00024414062500000,0.00006103515625000,0.00012207031250000,0.51204164960225251,0
0.00000000000000000,0.00006103515625000,0.00024414062500000,0.00000000000000000,0.00000000000000000,0.00006103515625000,0.00012207031250000,0.00000000000000000,0.00195312500000000,0.00048828125000000,0.00390625000000000,0.00048828125000000,0.00006103515625000,0.00024414062500000,0.00006103515625000,0.00024414062500000,0.51253030910311526,1
0.00006103515625000,0.00024414062500000,0.00006103515625000,0.00000000000000000,0.00006103515625000,0.00012207031250000,0.00000000000000000,0.00000000000000000,0.00195312500000000,0.00048828125000000,0.00390625000000000,0.00048828125000000,0.00006103515625000,0.00024414062500000,0.00006103515625000,0.00024414062500000,0.51253030910311526,1
0.00000000000000000,0.00006103515625000,0.00024414062500000,0.00006103515625000,0.00006103515625000,0.00000000000000000,0.00006103515625000,0.00012207031250000,0.00195312500000000,0.00048828125000000,0.00390625000000000,0.00048828125000000,0.00006103515625000,0.00024414062500000,0.00006103515625000,0.00024414062500000,0.51253030910311526,3
0.00006103515625000,0.00024414062500000,0.00006103515625000,0.00006103515625000,0.00012207031250000,0.00012207031250000,0.00000000000000000,0.00000000000000000,0.00195312500000000,0.00048828125000000,0.00390625000000000,0.00048828125000000,0.00006103515625000,0.00024414062500000,0.00006103515625000,0.00024414062500000,0.51277340727839038,1
0.00006103515625000,0.00024414062500000,0.00006103515625000,0.00006103515625000,0.00012207031250000,0.00012207031250000,0.00390625000000000,0.00048828125000000,0.00195312500000000,0.00048828125000000,0.00006103515625000,0.00024414062500000,0.00006103515625000,0.00024414062500000,0.00000000000000000,0.00006103515625000,0.51277340727839038,1
0.00006103515625000,0.00024414062500000,0.00006103515625000,0.00006103515625000,0.00012207031250000,0.00012207031250000,0.00006103515625000,0.00048828125000000,0.00195312500000000,0.00048828125000000,0.00390625000000000,0.00024414062500000,0.00006103515625000,0.00024414062500000,0.00006103515625000,0.00006103515625000,0.51277340727839038,0
0.00006103515625000,0.00024414062500000,0.00012207031250000,0.00000000000000000,0.00024414062500000,0.00006103515625000,0.00048828125000000,0.00000000000000000,0.00195312500000000,0.00048828125000000,0.00390625000000000,0.00024414062500000,0.00006103515625000,0.00024414062500000,0.00012207031250000,0.00006103515625000,0.51373771681012859,0
0.00006103515625000,0.00024414062500000,0.00012207031250000,0.00024414062500000,0.00024414062500000,0.00006103515625000,0.00048828125000000,0.00006103515625000,0.00195312500000000,0.00048828125000000,0.00390625000000000,0.00000000000000000,0.00006103515625000,0.00024414062500000,0.00012207031250000,0.00012207031250000,0.51373771681012859,2
0.00000000000000000,0.00006103515625000,0.00000000000000000,0.00000000000000000,0.00000000000000000,0.00000000000000000,0.00000000000000000,0.00000000000000000,0.00000000000000000,0.00000000000000000,0.00000000000000000,0.00000000000000000,0.00006103515625000,0.00000000000000000,0.00000000000000000,0.00000000000000000,0.00000000000000000,3
0.00000000000000000,0.00000000000000000,0.00000000000000000,0.00006103515625000,0.00000000000000000,0.00000000000000000,0.00000000000000000,0.00000000000000000,0.00000000000000000,0.00000000000000000,0.00006103515625000,0.00000000000000000,0.00000000000000000,0.00000000000000000,0.00000000000000000,0.00006103515625000,0.00000000000000000,3
0.00006103515625000,0.00006103515625000,0.00000000000000000,0.00000000000000000,0.00000000000000000,0.00000000000000000,0.00000000000000000,0.00000000000000000,0.00006103515625000,0.00000000000000000,0.00000000000000000,0.00000000000000000,0.00006103515625000,0.00000000000000000,0.00000000000000000,0.00000000000000000,0.00000000000000000,1
0.00012207031250000,0.00006103515625000,0.00000000000000000,0.00000000000000000,0.00006103515625000,0.00000000000000000,0.00000000000000000,0.00000000000000000,0.00000000000000000,0.00006103515625000,0.00000000000000000,0.00000000000000000,0.00000000000000000,0.00000000000000000,0.00000000000000000,0.00000000000000000,0.11649500072266981,3
0.00012207031250000,0.00006103515625000,0.00000000000000000,0.00000000000000000,0.00006103515625000,0.00000000000000000,0.00000000000000000,0.00006103515625000,0.00006103515625000,0.00000000000000000,0.00000000000000000,0.00000000000000000,0.00000000000000000,0.00000000000000000,0.00000000000000000,0.00000000000000000,0.11649500072266981,3
0.00012207031250000,0.00006103515625000,0.00000000000000000,0.00006103515625000,0.00012207031250000,0.00000000000000000,0.00000000000000000,0.00000000000000000,0.00006103515625000,0.00000000000000000,0.00000000000000000,0.00000000000000000,0.00000000000000000,0.00000000000000000,0.00000000000000000,0.00000000000000000,0.15904041823988749,3
0.00006103515625000,0.00000000000000000,0.00012207031250000,0.00012207031250000,0.00000000000000000,0.00000000000000000,0.00000000000000000,0.00012207031250000,0.00000000000000000,0.00000000000000000,0.00000000000000000,0.00006103515625000,0.00000000000000000,0.00000000000000000,0.00000000000000000,0.00000000000000000,0.18565722538447280,0
0.00006103515625000,0.00000000000000000,0.00012207031250000,0.00024414062500000,0.00000000000000000,0.00000000000000000,0.00000000000000000,0.00006103515625000,0.00000000000000000,0.00000000000000000,0.00006103515625000,0.00000000000000000,0.00000000000000000,0.00000000000000000,0.00000000000000000,0.00000000000000000,0.22036988245565323,3
0.00000000000000000,0.00000000000000000,0.00000000000000000,0.00006103515625000,0.00000000000000000,0.00000000000000000,0.00000000000000000,0.00000000000000000,0.00000000000000000,0.00000000000000000,0.00012207031250000,0.00024414062500000,0.00006103515625000,0.00000000000000000,0.00006103515625000,0.00006103515625000,0.22036988245565323,0
0.00000000000000000,0.00000000000000000,0.00000000000000000,0.00000000000000000,0.00000000000000000,0.00000000000000000,0.00006103515625000,0.00006103515625000,0.00000000000000000,0.00000000000000000,0.00012207031250000,0.00024414062500000,0.00006103515625000,0.00000000000000000,0.00006103515625000,0.00006103515625000,0.22036988245565323,3
0.00006103515625000,0.00000000000000000,0.00006103515625000,0.00006103515625000,0.00000000000000000,0.00000000000000000,0.00012207031250000,0.00024414062500000,0.00000000000000000,0.00000000000000000,0.00006103515625000,0.00006103515625000,0.00012207031250000,0.00000000000000000,0.00000000000000000,0.00000000000000000,0.22036988245565323,3
0.00006103515625000,0.00000000000000000,0.00006103515625000,0.00006103515625000,0.00012207031250000,0.00000000000000000,0.00012207031250000,0.00024414062500000,0.00006103515625000,0.00000000000000000,0.00006103515625000,0.00006103515625000,0.00000000000000000,0.00000000000000000,0.00000000000000000,0.00000000000000000,0.22036988245565323,3
0.00000000000000000,0.00000000000000000,0.00006103515625000,0.00012207031250000,0.00000000000000000,0.00006103515625000,0.00024414062500000,0.00024414062500000,0.00000000000000000,0.00000000000000000,0.00006103515625000,0.00012207031250000,0.00000000000000000,0.00000000000000000,0.00000000000000000,0.00000000000000000,0.26136695401116583,2
0.00000000000000000,0.00000000000000000,0.00006103515625000,0.00012207031250000,0.00000000000000000,0.00000000000000000,0.00006103515625000,0.00048828125000000,0.00000000000000000,0.00006103515625000,0.00006103515625000,0.00012207031250000,0.00000000000000000,0.00000000000000000,0.00000000000000000,0.00000000000000000,0.28737931160013147,0
0.00006103515625000,0.00000000000000000,0.00000000000000000,0.00000000000000000,0.00000000000000000,0.00000000000000000,0.00000000000000000,0.00012207031250000,0.00000000000000000,0.00000000000000000,0.00006103515625000,0.00048828125000000,0.00000000000000000,0.00006103515625000,0.00012207031250000,0.00012207031250000,0.29264580927874856,3
0.00006103515625000,0.00006103515625000,0.00006103515625000,0.00012207031250000,0.00000000000000000,0.00006103515625000,0.00012207031250000,0.00048828125000000,0.00000000000000000,0.00000000000000000,0.00000000000000000,0.00012207031250000,0.00000000000000000,0.00000000000000000,0.00000000000000000,0.00000000000000000,0.29264580927874856,1
0.00006103515625000,0.00012207031250000,0.00006103515625000,0.00012207031250000,0.00000000000000000,0.00000000000000000,0.00012207031250000,0.00048828125000000,0.00006103515625000,0.00000000000000000,0.00000000000000000,0.00012207031250000,0.00000000000000000,0.00000000000000000,0.00000000000000000,0.00000000000000000,0.29755497250179452,0
0.00000000000000000,0.00000000000000000,0.00000000000000000,0.00000000000000000,0.00000000000000000,0.00000000000000000,0.00006103515625000,0.00012207031250000,0.00000000000000000,0.00000000000000000,0.00006103515625000,0.00048828125000000,0.00012207031250000,0.00012207031250000,0.00012207031250000,0.00012207031250000,0.30215222610714260,2
0.00000000000000000,0.00000000000000000,0.00000000000000000,0.00000000000000000,0.00006103515625000,0.00012207031250000,0.00000000000000000,0.00000000000000000,0.00006103515625000,0.00048828125000000,0.00000000000000000,0.00000000000000000,0.00024414062500000,0.00024414062500000,0.00000000000000000,0.00006103515625000,0.31808083647977498,1
0.00000000000000000,0.00000000000000000,0.00000000000000000,0.00000000000000000,0.00006103515625000,0.00012207031250000,0.00000000000000000,0.00000000000000000,0.00006103515625000,0.00048828125000000,0.00012207031250000,0.00000000000000000,0.00048828125000000,0.00006103515625000,0.00000000000000000,0.00000000000000000,0.33112862237770746,3
0.00012207031250000,0.00012207031250000,0.00012207031250000,0.00000000000000000,0.00048828125000000,0.00048828125000000,0.00000000000000000,0.00000000000000000,0.00000000000000000,0.00006103515625000,0.00006103515625000,0.00000000000000000,0.00000000000000000,0.00000000000000000,0.00000000000000000,0.00000000000000000,0.33405356229710709,3
0.00012207031250000,0.00012207031250000,0.00012207031250000,0.00000000000000000,0.00048828125000000,0.00048828125000000,0.00006103515625000,0.00000000000000000,0.00000000000000000,0.00006103515625000,0.00000000000000000,0.00000000000000000,0.00006103515625000,0.00000000000000000,0.00000000000000000,0.00000000000000000,0.33405356229710709,0
0.00024414062500000,0.00012207031250000,0.00000000000000000,0.00000000000000000,0.00097656250000000,0.00006103515625000,0.00000000000000000,0.00000000000000000,0.00006103515625000,0.00006103515625000,0.00000000000000000,0.00000000000000000,0.00006103515625000,0.00000000000000000,0.00000000000000000,0.00000000000000000,0.35820318544256330,1
0.00000000000000000,0.00000000000000000,0.00024414062500000,0.00012207031250000,0.00006103515625000,0.00000000000000000,0.00097656250000000,0.00006103515625000,0.00000000000000000,0.00000000000000000,0.00000000000000000,0.00012207031250000,0.00000000000000000,0.00000000000000000,0.00000000000000000,0.00006103515625000,0.36022800037249580,0
0.00006103515625000,0.00000000000000000,0.00024414062500000,0.00012207031250000,0.00000000000000000,0.00000000000000000,0.00097656250000000,0.00006103515625000,0.00000000000000000,0.00000000000000000,0.00000000000000000,0.00012207031250000,0.00000000000000000,0.00000000000000000,0.00006103515625000,0.00006103515625000,0.36022800037249580,3
0.00000000000000000,0.00006103515625000,0.00024414062500000,0.00012207031250000,0.00000000000000000,0.00000000000000000,0.00097656250000000,0.00006103515625000,0.00000000000000000,0.00000000000000000,0.00000000000000000,0.00012207031250000,0.00000000000000000,0.00006103515625000,0.00000000000000000,0.00012207031250000,0.36219771140204565,1
0.00000000000000000,0.00006103515625000,0.00024414062500000,0.00012207031250000,0.00000000000000000,0.00000000000000000,0.00097656250000000,0.00006103515625000,0.00000000000000000,0.00000000000000000,0.00012207031250000,0.00012207031250000,0.00000000000000000,0.00000000000000000,0.00006103515625000,0.00012207031250000,0.36219771140204565,3
0.00000000000000000,0.00006103515625000,0.00024414062500000,0.00000000000000000,0.00000000000000000,0.00000000000000000,0.00097656250000000,0.00012207031250000,0.00000000000000000,0.00000000000000000,0.00012207031250000,0.00006103515625000,0.00000000000000000,0.00006103515625000,0.00006103515625000,0.00024414062500000,0.36598327540153891,2
0.00000000000000000,0.00000000000000000,0.00024414062500000,0.00000000000000000,0.00000000000000000,0.00006103515625000,0.00097656250000000,0.00012207031250000,0.00000000000000000,0.00000000000000000,0.00012207031250000,0.00006103515625000,0.00000000000000000,0.00012207031250000,0.00006103515625000,0.00024414062500000,0.36780431267197494,0
0.00024414062500000,0.00000000000000000,0.00000000000000000,0.00000000000000000,0.00006103515625000,0.00097656250000000,0.00012207031250000,0.00006103515625000,0.00012207031250000,0.00006103515625000,0.00000000000000000,0.00000000000000000,0.00012207031250000,0.00006103515625000,0.00024414062500000,0.00000000000000000,0.36780431267197494,0
0.00024414062500000,0.00097656250000000,0.00012207031250000,0.00006103515625000,0.00006103515625000,0.00012207031250000,0.00024414062500000,0.00000000000000000,0.00024414062500000,0.00000000000000000,0.00000000000000000,0.00000000000000000,0.00006103515625000,0.00000000000000000,0.00000000000000000,0.00000000000000000,0.37300768385479927,3
0.00024414062500000,0.00097656250000000,0.00012207031250000,0.00006103515625000,0.00000000000000000,0.00006103515625000,0.00012207031250000,0.00024414062500000,0.00000000000000000,0.00006103515625000,0.00000000000000000,0.00024414062500000,0.00000000000000000,0.00000000000000000,0.00000000000000000,0.00006103515625000,0.37300768385479927,0
0.00024414062500000,0.00097656250000000,0.00012207031250000,0.00006103515625000,0.00000000000000000,0.00006103515625000,0.00012207031250000,0.00024414062500000,0.00000000000000000,0.00000000000000000,0.00006103515625000,0.00024414062500000,0.00000000000000000,0.00006103515625000,0.00000000000000000,0.00006103515625000,0.37300768385479927,1
0.00000000000000000,0.00000000000000000,0.00000000000000000,0.00000000000000000,0.00000000000000000,0.00000000000000000,0.00000000000000000,0.00006103515625000,0.00006103515625000,0.00097656250000000,0.00024414062500000,0.00048828125000000,0.00024414062500000,0.00012207031250000,0.00006103515625000,0.00006103515625000,0.38386600957008149,2
0.00006103515625000,0.00097656250000000,0.00024414062500000,0.00006103515625000,0.00024414062500000,0.00012207031250000,0.00006103515625000,0.00048828125000000,0.00000000000000000,0.00000000000000000,0.00000000000000000,0.00006103515625000,0.00000000000000000,0.00000000000000000,0.00000000000000000,0.00006103515625000,0.38386600957008149,2
0.00000000000000000,0.00000000000000000,0.00000000000000000,0.00012207031250000,0.00000000000000000,0.00000000000000000,0.00000000000000000,0.00006103515625000,0.00006103515625000,0.00097656250000000,0.00024414062500000,0.00048828125000000,0.00024414062500000,0.00012207031250000,0.00006103515625000,0.00012207031250000,0.38529231017595905,0
0.00012207031250000,0.00006103515625000,0.00000000000000000,0.00000000000000000,0.00006103515625000,0.00000000000000000,0.00000000000000000,0.00000000000000000,0.00006103515625000,0.00097656250000000,0.00024414062500000,0.00048828125000000,0.00024414062500000,0.00012207031250000,0.00006103515625000,0.00012207031250000,0.38529231017595905,3
0.00006103515625000,0.00000000000000000,0.00012207031250000,0.00006103515625000,0.00000000000000000,0.00000000000000000,0.00000000000000000,0.00006103515625000,0.00006103515625000,0.00097656250000000,0.00024414062500000,0.00048828125000000,0.00024414062500000,0.00012207031250000,0.00006103515625000,0.00012207031250000,0.38529231017595905,0
0.00000000000000000,0.00006103515625000,0.00012207031250000,0.00006103515625000,0.00000000000000000,0.00006103515625000,0.00000000000000000,0.00006103515625000,0.00006103515625000,0.00097656250000000,0.00024414062500000,0.00048828125000000,0.00024414062500000,0.00012207031250000,0.00006103515625000,0.00012207031250000,0.38529231017595905,2
0.00000000000000000,0.00000000000000000,0.00000000000000000,0.00000000000000000,0.00006103515625000,0.00012207031250000,0.00012207031250000,0.00012207031250000,0.00006103515625000,0.00097656250000000,0.00024414062500000,0.00048828125000000,0.00024414062500000,0.00012207031250000,0.00006103515625000,0.00012207031250000,0.38806326723978962,3
0.00000000000000000,0.00000000000000000,0.00006103515625000,0.00000000000000000,0.00000000000000000,0.00006103515625000,0.00012207031250000,0.00024414062500000,0.00006103515625000,0.00097656250000000,0.00024414062500000,0.00048828125000000,0.00024414062500000,0.00012207031250000,0.00006103515625000,0.00012207031250000,0.39073204561418512,0
0.00000000000000000,0.00006103515625000,0.00000000000000000,0.00006103515625000,0.00000000000000000,0.00006103515625000,0.00012207031250000,0.00024414062500000,0.00006103515625000,0.00097656250000000,0.00024414062500000,0.00048828125000000,0.00024414062500000,0.00012207031250000,0.00006103515625000,0.00012207031250000,0.39073204561418512,3
0.00000000000000000,0.00000000000000000,0.00000000000000000,0.00006103515625000,0.00006103515625000,0.00012207031250000,0.00012207031250000,0.00024414062500000,0.00006103515625000,0.00097656250000000,0.00024414062500000,0.00048828125000000,0.00024414062500000,0.00012207031250000,0.00006103515625000,0.00012207031250000,0.39203041968522712,3
0.00006103515625000,0.00000000000000000,0.00000000000000000,0.00000000000000000,0.00006103515625000,0.00024414062500000,0.00024414062500000,0.00012207031250000,0.00006103515625000,0.00097656250000000,0.00024414062500000,0.00048828125000000,0.00024414062500000,0.00012207031250000,0.00006103515625000,0.00012207031250000,0.39455932017100315,1
0.00006103515625000,0.00000000000000000,0.00000000000000000,0.00000000000000000,0.00006103515625000,0.00048828125000000,0.00012207031250000,0.00006103515625000,0.00006103515625000,0.00097656250000000,0.00024414062500000,0.00048828125000000,0.00024414062500000,0.00012207031250000,0.00006103515625000,0.00012207031250000,0.39936655784928937,1
0.00000000000000000,0.00000000000000000,0.00006103515625000,0.00006103515625000,0.00006103515625000,0.00048828125000000,0.00012207031250000,0.00006103515625000,0.00006103515625000,0.00097656250000000,0.00024414062500000,0.00048828125000000,0.00024414062500000,0.00012207031250000,0.00006103515625000,0.00012207031250000,0.39936655784928937,1
0.00012207031250000,0.00000000000000000,0.00000000000000000,0.00006103515625000,0.00006103515625000,0.00048828125000000,0.00012207031250000,0.00006103515625000,0.00006103515625000,0.00097656250000000,0.00024414062500000,0.00048828125000000,0.00024414062500000,0.00012207031250000,0.00006103515625000,0.00012207031250000,0.40052008686263635,0
0.00000000000000000,0.00000000000000000,0.00000000000000000,0.00006103515625000,0.00012207031250000,0.00048828125000000,0.00012207031250000,0.00012207031250000,0.00012207031250000,0.00097656250000000,0.00024414062500000,0.00048828125000000,0.00024414062500000,0.00012207031250000,0.00006103515625000,0.00012207031250000,0.40277341788971349,1
0.00024414062500000,0.00048828125000000,0.00012207031250000,0.00006103515625000,0.00024414062500000,0.00097656250000000,0.00024414062500000,0.00012207031250000,0.00000000000000000,0.00012207031250000,0.00006103515625000,0.00048828125000000,0.00000000000000000,0.00006103515625000,0.00000000000000000,0.00012207031250000,0.40495871333373468,2
0.00024414062500000,0.00048828125000000,0.00012207031250000,0.00006103515625000,0.00024414062500000,0.00097656250000000,0.00024414062500000,0.00012207031250000,0.00000000000000000,0.00012207031250000,0.00006103515625000,0.00048828125000000,0.00000000000000000,0.00006103515625000,0.00006103515625000,0.00012207031250000,0.40495871333373468,0
0.00000000000000000,0.00048828125000000,0.00000000000000000,0.00006103515625000,0.00006103515625000,0.00097656250000000,0.00012207031250000,0.00012207031250000,0.00000000000000000,0.00012207031250000,0.00024414062500000,0.00048828125000000,0.00048828125000000,0.00006103515625000,0.00012207031250000,0.00012207031250000,0.41014964045942465,1
0.00012207031250000,0.00048828125000000,0.00000000000000000,0.00006103515625000,0.00000000000000000,0.00097656250000000,0.00012207031250000,0.00012207031250000,0.00006103515625000,0.00012207031250000,0.00024414062500000,0.00048828125000000,0.00048828125000000,0.00006103515625000,0.00012207031250000,0.00012207031250000,0.41014964045942465,3
0.00012207031250000,0.00048828125000000,0.00012207031250000,0.00006103515625000,0.00006103515625000,0.00097656250000000,0.00024414062500000,0.00012207031250000,0.00048828125000000,0.00012207031250000,0.00012207031250000,0.00048828125000000,0.00006103515625000,0.00006103515625000,0.00000000000000000,0.00012207031250000,0.41014964045942465,3
0.00012207031250000,0.00048828125000000,0.00012207031250000,0.00006103515625000,0.00006103515625000,0.00097656250000000,0.00024414062500000,0.00012207031250000,0.00006103515625000,0.00048828125000000,0.00024414062500000,0.00048828125000000,0.00000000000000000,0.00000000000000000,0.00012207031250000,0.00012207031250000,0.41309441593230728,2
0.00000000000000000,0.00000000000000000,0.00000000000000000,0.00006103515625000,0.00006103515625000,0.00048828125000000,0.00012207031250000,0.00012207031250000,0.00012207031250000,0.00097656250000000,0.00048828125000000,0.00048828125000000,0.00012207031250000,0.00048828125000000,0.00012207031250000,0.00012207031250000,0.41775083873414531,3
0.00006103515625000,0.00048828125000000,0.00012207031250000,0.00006103515625000,0.00024414062500000,0.00097656250000000,0.00048828125000000,0.00012207031250000,0.00000000000000000,0.00048828125000000,0.00012207031250000,0.00048828125000000,0.00000000000000000,0.00000000000000000,0.00006103515625000,0.00012207031250000,0.41953264965832909,2
0.00006103515625000,0.00048828125000000,0.00012207031250000,0.00006103515625000,0.00024414062500000,0.00097656250000000,0.00048828125000000,0.00012207031250000,0.00048828125000000,0.00012207031250000,0.00048828125000000,0.00000000000000000,0.00006103515625000,0.00012207031250000,0.00006103515625000,0.00000000000000000,0.41953264965832909,0
0.00006103515625000,0.00048828125000000,0.00012207031250000,0.00006103515625000,0.00024414062500000,0.00097656250000000,0.00048828125000000,0.00012207031250000,0.00006103515625000,0.00048828125000000,0.00012207031250000,0.00048828125000000,0.00000000000000000,0.00006103515625000,0.00012207031250000,0.00006103515625000,0.41953264965832909,1
0.00000000000000000,0.00048828125000000,0.00006103515625000,0.00006103515625000,0.00006103515625000,0.00097656250000000,0.00012207031250000,0.00012207031250000,0.00024414062500000,0.00048828125000000,0.00048828125000000,0.00048828125000000,0.00006103515625000,0.00006103515625000,0.00024414062500000,0.00006103515625000,0.42127165014522311,2
0.00048828125000000,0.00012207031250000,0.00000000000000000,0.00006103515625000,0.00006103515625000,0.00097656250000000,0.00024414062500000,0.00000000000000000,0.00024414062500000,0.00097656250000000,0.00048828125000000,0.00000000000000000,0.00012207031250000,0.00024414062500000,0.00006103515625000,0.00000000000000000,0.43091012158475012,1
0.00048828125000000,0.00012207031250000,0.00024414062500000,0.00006103515625000,0.00006103515625000,0.00195312500000000,0.00048828125000000,0.00006103515625000,0.00024414062500000,0.00024414062500000,0.00006103515625000,0.00000000000000000,0.00012207031250000,0.00000000000000000,0.00000000000000000,0.00000000000000000,0.44204105683388722,2
0.00048828125000000,0.00012207031250000,0.00024414062500000,0.00006103515625000,0.00006103515625000,0.00195312500000000,0.00048828125000000,0.00006103515625000,0.00048828125000000,0.00006103515625000,0.00006103515625000,0.00000000000000000,0.00012207031250000,0.00000000000000000,0.00000000000000000,0.00000000000000000,0.44457549214832565,3
0.00048828125000000,0.00012207031250000,0.00024414062500000,0.00006103515625000,0.00006103515625000,0.00195312500000000,0.00048828125000000,0.00006103515625000,0.00006103515625000,0.00000000000000000,0.00048828125000000,0.00012207031250000,0.00000000000000000,0.00000000000000000,0.00000000000000000,0.00012207031250000,0.44519547378584723,1
0.00048828125000000,0.00012207031250000,0.00024414062500000,0.00006103515625000,0.00006103515625000,0.00195312500000000,0.00048828125000000,0.00006103515625000,0.00006103515625000,0.00006103515625000,0.00048828125000000,0.00012207031250000,0.00000000000000000,0.00000000000000000,0.00000000000000000,0.00012207031250000,0.44519547378584723,3
0.00048828125000000,0.00012207031250000,0.00024414062500000,0.00006103515625000,0.00006103515625000,0.00195312500000000,0.00048828125000000,0.00006103515625000,0.00012207031250000,0.00048828125000000,0.00012207031250000,0.00006103515625000,0.00012207031250000,0.00000000000000000,0.00000000000000000,0.00000000000000000,0.44581019012296857,1
0.00048828125000000,0.00012207031250000,0.00024414062500000,0.00006103515625000,0.00006103515625000,0.00195312500000000,0.00048828125000000,0.00006103515625000,0.00012207031250000,0.00048828125000000,0.00012207031250000,0.00006103515625000,0.00000000000000000,0.00000000000000000,0.00006103515625000,0.00012207031250000,0.44581019012296857,0
0.00048828125000000,0.00012207031250000,0.00024414062500000,0.00012207031250000,0.00006103515625000,0.00195312500000000,0.00048828125000000,0.00006103515625000,0.00012207031250000,0.00048828125000000,0.00012207031250000,0.00012207031250000,0.00000000000000000,0.00000000000000000,0.00006103515625000,0.00006103515625000,0.44641972984001899,3
0.00000000000000000,0.00006103515625000,0.00024414062500000,0.00012207031250000,0.00048828125000000,0.00012207031250000,0.00048828125000000,0.00006103515625000,0.00006103515625000,0.00195312500000000,0.00012207031250000,0.00012207031250000,0.00012207031250000,0.00048828125000000,0.00006103515625000,0.00006103515625000,0.44641972984001899,2
0.00006103515625000,0.00024414062500000,0.00012207031250000,0.00000000000000000,0.00048828125000000,0.00012207031250000,0.00048828125000000,0.00006103515625000,0.00006103515625000,0.00195312500000000,0.00024414062500000,0.00006103515625000,0.00012207031250000,0.00048828125000000,0.00012207031250000,0.00000000000000000,0.44821814318727005,0
0.00006103515625000,0.00024414062500000,0.00012207031250000,0.00012207031250000,0.00048828125000000,0.00012207031250000,0.00048828125000000,0.00006103515625000,0.00006103515625000,0.00195312500000000,0.00024414062500000,0.00000000000000000,0.00012207031250000,0.00048828125000000,0.00012207031250000,0.00000000000000000,0.44880781987953838,2
0.00000000000000000,0.00006103515625000,0.00024414062500000,0.00024414062500000,0.00048828125000000,0.00012207031250000,0.00048828125000000,0.00006103515625000,0.00000000000000000,0.00006103515625000,0.00195312500000000,0.00024414062500000,0.00006103515625000,0.00012207031250000,0.00048828125000000,0.00012207031250000,0.44997295431120765,2
0.00048828125000000,0.00006103515625000,0.00024414062500000,0.00024414062500000,0.00006103515625000,0.00012207031250000,0.00048828125000000,0.00006103515625000,0.00000000000000000,0.00006103515625000,0.00195312500000000,0.00024414062500000,0.00006103515625000,0.00012207031250000,0.00048828125000000,0.00012207031250000,0.44997295431120765,2
0.00006103515625000,0.00006103515625000,0.00024414062500000,0.00024414062500000,0.00000000000000000,0.00012207031250000,0.00048828125000000,0.00006103515625000,0.00048828125000000,0.00006103515625000,0.00195312500000000,0.00024414062500000,0.00012207031250000,0.00012207031250000,0.00048828125000000,0.00012207031250000,0.45054856301977692,2
0.00006103515625000,0.00006103515625000,0.00024414062500000,0.00024414062500000,0.00006103515625000,0.00012207031250000,0.00048828125000000,0.00006103515625000,0.00048828125000000,0.00006103515625000,0.00195312500000000,0.00024414062500000,0.00012207031250000,0.00012207031250000,0.00048828125000000,0.00012207031250000,0.45054856301977692,3
0.00012207031250000,0.00048828125000000,0.00006103515625000,0.00000000000000000,0.00006103515625000,0.00012207031250000,0.00048828125000000,0.00006103515625000,0.00048828125000000,0.00006103515625000,0.00195312500000000,0.00024414062500000,0.00024414062500000,0.00048828125000000,0.00012207031250000,0.00000000000000000,0.45445453483776205,1
0.00012207031250000,0.00048828125000000,0.00006103515625000,0.00006103515625000,0.00006103515625000,0.00012207031250000,0.00048828125000000,0.00000000000000000,0.00048828125000000,0.00006103515625000,0.00195312500000000,0.00006103515625000,0.00024414062500000,0.00048828125000000,0.00012207031250000,0.00024414062500000,0.45445453483776205,3
0.00012207031250000,0.00048828125000000,0.00006103515625000,0.00012207031250000,0.00006103515625000,0.00012207031250000,0.00048828125000000,0.00024414062500000,0.00048828125000000,0.00006103515625000,0.00195312500000000,0.00006103515625000,0.00024414062500000,0.00048828125000000,0.00012207031250000,0.00000000000000000,0.45499571428325924,1
0.00012207031250000,0.00048828125000000,0.00006103515625000,0.00006103515625000,0.00006103515625000,0.00012207031250000,0.00048828125000000,0.00012207031250000,0.00048828125000000,0.00006103515625000,0.00195312500000000,0.00024414062500000,0.00024414062500000,0.00048828125000000,0.00012207031250000,0.00006103515625000,0.45499571428325924,3
0.00006103515625000,0.00012207031250000,0.00048828125000000,0.00012207031250000,0.00006103515625000,0.00012207031250000,0.00048828125000000,0.00012207031250000,0.00048828125000000,0.00006103515625000,0.00195312500000000,0.00024414062500000,0.00024414062500000,0.00048828125000000,0.00012207031250000,0.00006103515625000,0.45553287751776156,1
0.00012207031250000,0.00024414062500000,0.00097656250000000,0.00024414062500000,0.00048828125000000,0.00006103515625000,0.00195312500000000,0.00024414062500000,0.00024414062500000,0.00048828125000000,0.00012207031250000,0.00006103515625000,0.00000000000000000,0.00000000000000000,0.00000000000000000,0.00006103515625000,0.46217578222737710,1
0.00012207031250000,0.00024414062500000,0.00097656250000000,0.00024414062500000,0.00048828125000000,0.00006103515625000,0.00195312500000000,0.00024414062500000,0.00024414062500000,0.00048828125000000,0.00012207031250000,0.00006103515625000,0.00006103515625000,0.00000000000000000,0.00000000000000000,0.00006103515625000,0.46217578222737710,1
0.00012207031250000,0.00024414062500000,0.00097656250000000,0.00024414062500000,0.00048828125000000,0.00006103515625000,0.00195312500000000,0.00024414062500000,0.00024414062500000,0.00048828125000000,0.00012207031250000,0.00006103515625000,0.00000000000000000,0.00000000000000000,0.00006103515625000,0.00012207031250000,0.46266238852156150,0
0.00000000000000000,0.00000000000000000,0.00097656250000000,0.00006103515625000,0.00012207031250000,0.00024414062500000,0.00195312500000000,0.00048828125000000,0.00048828125000000,0.00006103515625000,0.00012207031250000,0.00006103515625000,0.00024414062500000,0.00048828125000000,0.00006103515625000,0.00012207031250000,0.46457674575306918,2
0.00012207031250000,0.00024414062500000,0.00097656250000000,0.00006103515625000,0.00048828125000000,0.00006103515625000,0.00195312500000000,0.00048828125000000,0.00024414062500000,0.00048828125000000,0.00012207031250000,0.00006103515625000,0.00000000000000000,0.00006103515625000,0.00006103515625000,0.00012207031250000,0.46457674575306918,1
0.00012207031250000,0.00024414062500000,0.00097656250000000,0.00006103515625000,0.00048828125000000,0.00006103515625000,0.00195312500000000,0.00048828125000000,0.00024414062500000,0.00048828125000000,0.00012207031250000,0.00006103515625000,0.00012207031250000,0.00012207031250000,0.00006103515625000,0.00000000000000000,0.46504752733887361,2
0.00012207031250000,0.00024414062500000,0.00097656250000000,0.00006103515625000,0.00048828125000000,0.00006103515625000,0.00195312500000000,0.00006103515625000,0.00024414062500000,0.00048828125000000,0.00012207031250000,0.00048828125000000,0.00012207031250000,0.00012207031250000,0.00006103515625000,0.00006103515625000,0.46504752733887361,1
0.00012207031250000,0.00024414062500000,0.00097656250000000,0.00012207031250000,0.00048828125000000,0.00006103515625000,0.00195312500000000,0.00048828125000000,0.00024414062500000,0.00048828125000000,0.00012207031250000,0.00006103515625000,0.00012207031250000,0.00012207031250000,0.00006103515625000,0.00006103515625000,0.46551526669609666,0
0.00012207031250000,0.00024414062500000,0.00097656250000000,0.00012207031250000,0.00048828125000000,0.00006103515625000,0.00195312500000000,0.00048828125000000,0.00024414062500000,0.00048828125000000,0.00012207031250000,0.00006103515625000,0.00000000000000000,0.00006103515625000,0.00024414062500000,0.00012207031250000,0.46690061833622587,1
0.00012207031250000,0.00024414062500000,0.00097656250000000,0.00012207031250000,0.00048828125000000,0.00006103515625000,0.00195312500000000,0.00048828125000000,0.00024414062500000,0.00048828125000000,0.00012207031250000,0.00006103515625000,0.00006103515625000,0.00024414062500000,0.00012207031250000,0.00006103515625000,0.46690061833622587,1
0.00012207031250000,0.00024414062500000,0.00097656250000000,0.00012207031250000,0.00048828125000000,0.00006103515625000,0.00195312500000000,0.00048828125000000,0.00024414062500000,0.00048828125000000,0.00024414062500000,0.00012207031250000,0.00006103515625000,0.00024414062500000,0.00000000000000000,0.00006103515625000,0.46825995243921126,1
0.00012207031250000,0.00024414062500000,0.00097656250000000,0.00012207031250000,0.00048828125000000,0.00006103515625000,0.00195312500000000,0.00048828125000000,0.00024414062500000,0.00048828125000000,0.00024414062500000,0.00012207031250000,0.00006103515625000,0.00006103515625000,0.00024414062500000,0.00006103515625000,0.46825995243921126,0
0.00012207031250000,0.00024414062500000,0.00006103515625000,0.00012207031250000,0.00048828125000000,0.00006103515625000,0.00097656250000000,0.00048828125000000,0.00024414062500000,0.00048828125000000,0.00195312500000000,0.00012207031250000,0.00006103515625000,0.00006103515625000,0.00048828125000000,0.00006103515625000,0.47003357658094003,2
0.00000000000000000,0.00000000000000000,0.00000000000000000,0.00000000000000000,0.00000000000000000,0.00000000000000000,0.00000000000000000,0.00000000000000000,0.00000000000000000,0.00006103515625000,0.00000000000000000,0.00006103515625000,0.00000000000000000,0.00000000000000000,0.00000000000000000,0.00000000000000000,0.00000000000000000,3
0.00000000000000000,0.00006103515625000,0.00000000000000000,0.00006103515625000,0.00000000000000000,0.00000000000000000,0.00000000000000000,0.00000000000000000,0.00000000000000000,0.00000000000000000,0.00000000000000000,0.00000000000000000,0.00006103515625000,0.00000000000000000,0.00000000000000000,0.00000000000000000,0.00000000000000000,3
0.00000000000000000,0.00000000000000000,0.00000000000000000,0.00012207031250000,0.00000000000000000,0.00000000000000000,0.00006103515625000,0.00000000000000000,0.00000000000000000,0.00000000000000000,0.00000000000000000,0.00000000000000000,0.00000000000000000,0.00000000000000000,0.00000000000000000,0.00006103515625000,0.11649500072266981,0
0.00012207031250000,0.00006103515625000,0.00000000000000000,0.00000000000000000,0.00006103515625000,0.00000000000000000,0.00000000000000000,0.00000000000000000,0.00000000000000000,0.00000000000000000,0.00000000000000000,0.00000000000000000,0.00006103515625000,0.00000000000000000,0.00000000000000000,0.00000000000000000,0.11649500072266981,3
0.00000000000000000,0.00000000000000000,0.00012207031250000,0.00006103515625000,0.00000000000000000,0.00000000000000000,0.00000000000000000,0.00006103515625000,0.00000000000000000,0.00000000000000000,0.00000000000000000,0.00000000000000000,0.00000000000000000,0.00000000000000000,0.00006103515625000,0.00006103515625000,0.11649500072266981,1
0.00000000000000000,0.00000000000000000,0.00000000000000000,0.00006103515625000,0.00000000000000000,0.00000000000000000,0.00000000000000000,0.00000000000000000,0.00000000000000000,0.00000000000000000,0.00012207031250000,0.00006103515625000,0.00000000000000000,0.00000000000000000,0.00006103515625000,0.00012207031250000,0.15904041823988749,2
0.00006103515625000,0.00000000000000000,0.00000000000000000,0.00012207031250000,0.00000000000000000,0.00000000000000000,0.00000000000000000,0.00000000000000000,0.00012207031250000,0.00006103515625000,0.00000000000000000,0.00000000000000000,0.00006103515625000,0.00012207031250000,0.00000000000000000,0.00000000000000000,0.15904041823988749,3
0.00000000000000000,0.00000000000000000,0.00006103515625000,0.00012207031250000,0.00000000000000000,0.00000000000000000,0.00000000000000000,0.00000000000000000,0.00000000000000000,0.00000000000000000,0.00012207031250000,0.00006103515625000,0.00000000000000000,0.00006103515625000,0.00006103515625000,0.00012207031250000,0.15904041823988749,1
0.00000000000000000,0.00000000000000000,0.00000000000000000,0.00000000000000000,0.00000000000000000,0.00000000000000000,0.00006103515625000,0.00012207031250000,0.00000000000000000,0.00006103515625000,0.00012207031250000,0.00006103515625000,0.00000000000000000,0.00006103515625000,0.00006103515625000,0.00012207031250000,0.15904041823988749,1
0.00000000000000000,0.00012207031250000,0.00000000000000000,0.00000000000000000,0.00006103515625000,0.00012207031250000,0.00000000000000000,0.00000000000000000,0.00006103515625000,0.00012207031250000,0.00006103515625000,0.00000000000000000,0.00012207031250000,0.00012207031250000,0.00000000000000000,0.00000000000000000,0.18565722538447280,1
0.00012207031250000,0.00024414062500000,0.00006103515625000,0.00000000000000000,0.00012207031250000,0.00024414062500000,0.00000000000000000,0.00000000000000000,0.00000000000000000,0.00000000000000000,0.00006103515625000,0.00000000000000000,0.00000000000000000,0.00000000000000000,0.00000000000000000,0.00000000000000000,0.25308565664631461,3
0.00006103515625000,0.00012207031250000,0.00024414062500000,0.00006103515625000,0.00000000000000000,0.00000000000000000,0.00012207031250000,0.00024414062500000,0.00000000000000000,0.00000000000000000,0.00000000000000000,0.00006103515625000,0.00000000000000000,0.00000000000000000,0.00000000000000000,0.00000000000000000,0.25308565664631461,2
0.00000000000000000,0.00000000000000000,0.00000000000000000,0.00000000000000000,0.00012207031250000,0.00000000000000000,0.00000000000000000,0.00006103515625000,0.00000000000000000,0.00000000000000000,0.00024414062500000,0.00024414062500000,0.00006103515625000,0.00012207031250000,0.00012207031250000,0.00006103515625000,0.25308565664631461,3
0.00000000000000000,0.00000000000000000,0.00006103515625000,0.00000000000000000,0.00000000000000000,0.00000000000000000,0.00012207031250000,0.00006103515625000,0.00000000000000000,0.00000000000000000,0.00000000000000000,0.00048828125000000,0.00000000000000000,0.00006103515625000,0.00024414062500000,0.00006103515625000,0.29264580927874856,0
0.00000000000000000,0.00006103515625000,0.00006103515625000,0.00006103515625000,0.00000000000000000,0.00006103515625000,0.00012207031250000,0.00048828125000000,0.00000000000000000,0.00000000000000000,0.00024414062500000,0.00006103515625000,0.00000000000000000,0.00000000000000000,0.00000000000000000,0.00000000000000000,0.29264580927874856,1
0.00000000000000000,0.00000000000000000,0.00000000000000000,0.00000000000000000,0.00000000000000000,0.00000000000000000,0.00006103515625000,0.00006103515625000,0.00000000000000000,0.00000000000000000,0.00012207031250000,0.00048828125000000,0.00006103515625000,0.00012207031250000,0.00024414062500000,0.00006103515625000,0.29755497250179452,2
0.00006103515625000,0.00000000000000000,0.00000000000000000,0.00000000000000000,0.00012207031250000,0.00000000000000000,0.00000000000000000,0.00000000000000000,0.00012207031250000,0.00048828125000000,0.00000000000000000,0.00000000000000000,0.00006103515625000,0.00012207031250000,0.00024414062500000,0.00006103515625000,0.30215222610714260,0
0.00000000000000000,0.00000000000000000,0.00000000000000000,0.00000000000000000,0.00006103515625000,0.00012207031250000,0.00000000000000000,0.00000000000000000,0.00024414062500000,0.00048828125000000,0.00000000000000000,0.00000000000000000,0.00006103515625000,0.00012207031250000,0.00024414062500000,0.00006103515625000,0.31055381002007598,0
0.00006103515625000,0.00012207031250000,0.00024414062500000,0.00006103515625000,0.00024414062500000,0.00048828125000000,0.00000000000000000,0.00000000000000000,0.00006103515625000,0.00012207031250000,0.00000000000000000,0.00000000000000000,0.00000000000000000,0.00000000000000000,0.00006103515625000,0.00000000000000000,0.31055381002007598,0
0.00006103515625000,0.00012207031250000,0.00024414062500000,0.00006103515625000,0.00000000000000000,0.00000000000000000,0.00024414062500000,0.00048828125000000,0.00000000000000000,0.00006103515625000,0.00006103515625000,0.00012207031250000,0.00000000000000000,0.00000000000000000,0.00000000000000000,0.00006103515625000,0.31055381002007598,1
0.00000000000000000,0.00000000000000000,0.00000000000000000,0.00006103515625000,0.00000000000000000,0.00000000000000000,0.00006103515625000,0.00048828125000000,0.00000000000000000,0.00012207031250000,0.00048828125000000,0.00012207031250000,0.00006103515625000,0.00006103515625000,0.00006103515625000,0.00006103515625000,0.32489833444081878,2
0.00006103515625000,0.00000000000000000,0.00000000000000000,0.00000000000000000,0.00006103515625000,0.00048828125000000,0.00000000000000000,0.00000000000000000,0.00012207031250000,0.00048828125000000,0.00012207031250000,0.00000000000000000,0.00012207031250000,0.00012207031250000,0.00000000000000000,0.00006103515625000,0.33112862237770746,0
0.00006103515625000,0.00000000000000000,0.00000000000000000,0.00000000000000000,0.00006103515625000,0.00048828125000000,0.00000000000000000,0.00000000000000000,0.00012207031250000,0.00048828125000000,0.00012207031250000,0.00000000000000000,0.00024414062500000,0.00006103515625000,0.00012207031250000,0.00000000000000000,0.33686488317832303,3
0.00012207031250000,0.00097656250000000,0.00024414062500000,0.00000000000000000,0.00012207031250000,0.00006103515625000,0.00000000000000000,0.00000000000000000,0.00024414062500000,0.00000000000000000,0.00000000000000000,0.00000000000000000,0.00000000000000000,0.00000000000000000,0.00000000000000000,0.00006103515625000,0.36219771140204565,1
0.00000000000000000,0.00000000000000000,0.00000000000000000,0.00000000000000000,0.00000000000000000,0.00000000000000000,0.00000000000000000,0.00000000000000000,0.00024414062500000,0.00097656250000000,0.00006103515625000,0.00000000000000000,0.00024414062500000,0.00006103515625000,0.00024414062500000,0.00006103515625000,0.36598327540153891,1
0.00000000000000000,0.00000000000000000,0.00000000000000000,0.00000000000000000,0.00000000000000000,0.00006103515625000,0.00000000000000000,0.00000000000000000,0.00000000000000000,0.00097656250000000,0.00006103515625000,0.00000000000000000,0.00048828125000000,0.00006103515625000,0.00024414062500000,0.00006103515625000,0.37300768385479927,3
0.00048828125000000,0.00006103515625000,0.00006103515625000,0.00006103515625000,0.00000000000000000,0.00097656250000000,0.00024414062500000,0.00000000000000000,0.00000000000000000,0.00006103515625000,0.00000000000000000,0.00000000000000000,0.00006103515625000,0.00000000000000000,0.00000000000000000,0.00000000000000000,0.37300768385479927,0
0.00048828125000000,0.00012207031250000,0.00006103515625000,0.00000000000000000,0.00097656250000000,0.00024414062500000,0.00000000000000000,0.00000000000000000,0.00006103515625000,0.00000000000000000,0.00012207031250000,0.00000000000000000,0.00006103515625000,0.00000000000000000,0.00000000000000000,0.00000000000000000,0.37466221106030112,2
0.00000000000000000,0.00000000000000000,0.00000000000000000,0.00000000000000000,0.00048828125000000,0.00000000000000000,0.00000000000000000,0.00000000000000000,0.00097656250000000,0.00012207031250000,0.00006103515625000,0.00000000000000000,0.00012207031250000,0.00024414062500000,0.00012207031250000,0.00006103515625000,0.37627976247819744,0
0.00048828125000000,0.00012207031250000,0.00006103515625000,0.00006103515625000,0.00097656250000000,0.00024414062500000,0.00012207031250000,0.00006103515625000,0.00012207031250000,0.00000000000000000,0.00000000000000000,0.00000000000000000,0.00000000000000000,0.00000000000000000,0.00000000000000000,0.00000000000000000,0.37627976247819744,2
0.00000000000000000,0.00048828125000000,0.00012207031250000,0.00012207031250000,0.00097656250000000,0.00024414062500000,0.00012207031250000,0.00006103515625000,0.00000000000000000,0.00006103515625000,0.00000000000000000,0.00012207031250000,0.00000000000000000,0.00000000000000000,0.00000000000000000,0.00000000000000000,0.37786195473383560,2
0.00000000000000000,0.00000000000000000,0.00048828125000000,0.00024414062500000,0.00097656250000000,0.00024414062500000,0.00012207031250000,0.00006103515625000,0.00000000000000000,0.00012207031250000,0.00006103515625000,0.00012207031250000,0.00000000000000000,0.00000000000000000,0.00000000000000000,0.00000000000000000,0.38092621816796229,1
0.00000000000000000,0.00000000000000000,0.00000000000000000,0.00006103515625000,0.00000000000000000,0.00000000000000000,0.00048828125000000,0.00024414062500000,0.00000000000000000,0.00024414062500000,0.00012207031250000,0.00006103515625000,0.00097656250000000,0.00012207031250000,0.00006103515625000,0.00012207031250000,0.38092621816796229,0
0.00097656250000000,0.00024414062500000,0.00048828125000000,0.00006103515625000,0.00000000000000000,0.00012207031250000,0.00012207031250000,0.00024414062500000,0.00000000000000000,0.00000000000000000,0.00006103515625000,0.00006103515625000,0.00006103515625000,0.00000000000000000,0.00000000000000000,0.00012207031250000,0.38092621816796229,1
0.00097656250000000,0.00024414062500000,0.00048828125000000,0.00006103515625000,0.00000000000000000,0.00000000000000000,0.00024414062500000,0.00024414062500000,0.00006103515625000,0.00000000000000000,0.00000000000000000,0.00012207031250000,0.00000000000000000,0.00000000000000000,0.00006103515625000,0.00012207031250000,0.38529231017595905,0
0.00097656250000000,0.00024414062500000,0.00048828125000000,0.00006103515625000,0.00000000000000000,0.00000000000000000,0.00000000000000000,0.00048828125000000,0.00000000000000000,0.00000000000000000,0.00006103515625000,0.00012207031250000,0.00006103515625000,0.00000000000000000,0.00006103515625000,0.00012207031250000,0.39073204561418512,0
0.00000000000000000,0.00006103515625000,0.00000000000000000,0.00000000000000000,0.00000000000000000,0.00000000000000000,0.00000000000000000,0.00006103515625000,0.00097656250000000,0.00000000000000000,0.00048828125000000,0.00048828125000000,0.00006103515625000,0.00024414062500000,0.00012207031250000,0.00024414062500000,0.39455932017100315,2
0.00097656250000000,0.00006103515625000,0.00048828125000000,0.00006103515625000,0.00006103515625000,0.00024414062500000,0.00012207031250000,0.00048828125000000,0.00000000000000000,0.00000000000000000,0.00006103515625000,0.00024414062500000,0.00000000000000000,0.00000000000000000,0.00000000000000000,0.00000000000000000,0.39455932017100315,1
0.00000000000000000,0.00000000000000000,0.00000000000000000,0.00006103515625000,0.00000000000000000,0.00000000000000000,0.00048828125000000,0.00006103515625000,0.00097656250000000,0.00006103515625000,0.00012207031250000,0.00048828125000000,0.00006103515625000,0.00024414062500000,0.00006103515625000,0.00024414062500000,0.39455932017100315,0
0.00006103515625000,0.00006103515625000,0.00000000000000000,0.00000000000000000,0.00048828125000000,0.00006103515625000,0.00000000000000000,0.00000000000000000,0.00097656250000000,0.00006103515625000,0.00012207031250000,0.00048828125000000,0.00006103515625000,0.00024414062500000,0.00006103515625000,0.00024414062500000,0.39455932017100315,0
0.00012207031250000,0.00000000000000000,0.00000000000000000,0.00012207031250000,0.00000000000000000,0.00000000000000000,0.00048828125000000,0.00006103515625000,0.00097656250000000,0.00006103515625000,0.00012207031250000,0.00048828125000000,0.00006103515625000,0.00024414062500000,0.00006103515625000,0.00024414062500000,0.39579139100168398,2
0.00000000000000000,0.00000000000000000,0.00006103515625000,0.00024414062500000,0.00000000000000000,0.00000000000000000,0.00048828125000000,0.00006103515625000,0.00097656250000000,0.00006103515625000,0.00012207031250000,0.00048828125000000,0.00006103515625000,0.00024414062500000,0.00006103515625000,0.00024414062500000,0.39819434739408877,2
0.00097656250000000,0.00006103515625000,0.00006103515625000,0.00024414062500000,0.00006103515625000,0.00024414062500000,0.00048828125000000,0.00006103515625000,0.00006103515625000,0.00000000000000000,0.00012207031250000,0.00048828125000000,0.00000000000000000,0.00000000000000000,0.00006103515625000,0.00024414062500000,0.39819434739408877,2
0.00000000000000000,0.00000000000000000,0.00006103515625000,0.00024414062500000,0.00000000000000000,0.00006103515625000,0.00048828125000000,0.00006103515625000,0.00097656250000000,0.00006103515625000,0.00012207031250000,0.00048828125000000,0.00012207031250000,0.00024414062500000,0.00006103515625000,0.00024414062500000,0.39936655784928937,0
0.00000000000000000,0.00000000000000000,0.00006103515625000,0.00024414062500000,0.00012207031250000,0.00000000000000000,0.00048828125000000,0.00006103515625000,0.00097656250000000,0.00012207031250000,0.00012207031250000,0.00048828125000000,0.00012207031250000,0.00024414062500000,0.00006103515625000,0.00024414062500000,0.40052008686263635,0
0.00006103515625000,0.00024414062500000,0.00000000000000000,0.00000000000000000,0.00012207031250000,0.00048828125000000,0.00006103515625000,0.00006103515625000,0.00097656250000000,0.00024414062500000,0.00048828125000000,0.00000000000000000,0.00012207031250000,0.00024414062500000,0.00006103515625000,0.00024414062500000,0.40277341788971349,1
0.00006103515625000,0.00024414062500000,0.00006103515625000,0.00000000000000000,0.00012207031250000,0.00048828125000000,0.00012207031250000,0.00000000000000000,0.00097656250000000,0.00024414062500000,0.00048828125000000,0.00000000000000000,0.00012207031250000,0.00024414062500000,0.00006103515625000,0.00024414062500000,0.40387431232280130,0
0.00006103515625000,0.00024414062500000,0.00006103515625000,0.00024414062500000,0.00012207031250000,0.00048828125000000,0.00012207031250000,0.00000000000000000,0.00097656250000000,0.00048828125000000,0.00048828125000000,0.00000000000000000,0.00012207031250000,0.00006103515625000,0.00006103515625000,0.00000000000000000,0.40811771998417995,1
0.00006103515625000,0.00000000000000000,0.00006103515625000,0.00012207031250000,0.00012207031250000,0.00024414062500000,0.00012207031250000,0.00000000000000000,0.00097656250000000,0.00097656250000000,0.00048828125000000,0.00000000000000000,0.00012207031250000,0.00006103515625000,0.00006103515625000,0.00024414062500000,0.41592405625774137,3
0.00000000000000000,0.00000000000000000,0.00012207031250000,0.00012207031250000,0.00000000000000000,0.00012207031250000,0.00024414062500000,0.00012207031250000,0.00000000000000000,0.00000000000000000,0.00195312500000000,0.00048828125000000,0.00006103515625000,0.00012207031250000,0.00012207031250000,0.00024414062500000,0.43091012158475012,2
0.00006103515625000,0.00024414062500000,0.00012207031250000,0.00024414062500000,0.00000000000000000,0.00000000000000000,0.00024414062500000,0.00048828125000000,0.00000000000000000,0.00000000000000000,0.00195312500000000,0.00024414062500000,0.00006103515625000,0.00000000000000000,0.00012207031250000,0.00000000000000000,0.43385739543669705,2
0.00012207031250000,0.00024414062500000,0.00012207031250000,0.00024414062500000,0.00006103515625000,0.00000000000000000,0.00024414062500000,0.00048828125000000,0.00000000000000000,0.00000000000000000,0.00195312500000000,0.00024414062500000,0.00000000000000000,0.00000000000000000,0.00012207031250000,0.00000000000000000,0.43457583720244480,2
0.00012207031250000,0.00024414062500000,0.00012207031250000,0.00024414062500000,0.00006103515625000,0.00024414062500000,0.00048828125000000,0.00000000000000000,0.00195312500000000,0.00024414062500000,0.00000000000000000,0.00000000000000000,0.00012207031250000,0.00000000000000000,0.00000000000000000,0.00006103515625000,0.43457583720244480,3
0.00012207031250000,0.00024414062500000,0.00012207031250000,0.00024414062500000,0.00000000000000000,0.00006103515625000,0.00024414062500000,0.00048828125000000,0.00000000000000000,0.00006103515625000,0.00195312500000000,0.00024414062500000,0.00000000000000000,0.00000000000000000,0.00012207031250000,0.00006103515625000,0.43457583720244480,0
0.00012207031250000,0.00024414062500000,0.00012207031250000,0.00024414062500000,0.00006103515625000,0.00012207031250000,0.00024414062500000,0.00048828125000000,0.00000000000000000,0.00000000000000000,0.00195312500000000,0.00024414062500000,0.00000000000000000,0.00000000000000000,0.00012207031250000,0.00006103515625000,0.43528721800122366,2
0.00012207031250000,0.00024414062500000,0.00012207031250000,0.00024414062500000,0.00006103515625000,0.00012207031250000,0.00024414062500000,0.00048828125000000,0.00195312500000000,0.00024414062500000,0.00000000000000000,0.00000000000000000,0.00012207031250000,0.00006103515625000,0.00006103515625000,0.00000000000000000,0.43528721800122366,3
0.00012207031250000,0.00024414062500000,0.00012207031250000,0.00024414062500000,0.00006103515625000,0.00012207031250000,0.00024414062500000,0.00048828125000000,0.00195312500000000,0.00024414062500000,0.00006103515625000,0.00006103515625000,0.00012207031250000,0.00006103515625000,0.00000000000000000,0.00000000000000000,0.43528721800122366,1
0.00012207031250000,0.00024414062500000,0.00012207031250000,0.00024414062500000,0.00006103515625000,0.00012207031250000,0.00024414062500000,0.00048828125000000,0.00195312500000000,0.00024414062500000,0.00012207031250000,0.00000000000000000,0.00012207031250000,0.00006103515625000,0.00000000000000000,0.00006103515625000,0.43599167527606686,3
0.00012207031250000,0.00024414062500000,0.00006103515625000,0.00000000000000000,0.00006103515625000,0.00012207031250000,0.00012207031250000,0.00024414062500000,0.00195312500000000,0.00024414062500000,0.00024414062500000,0.00048828125000000,0.00012207031250000,0.00006103515625000,0.00012207031250000,0.00006103515625000,0.43599167527606686,2
0.00000000000000000,0.00012207031250000,0.00024414062500000,0.00006103515625000,0.00000000000000000,0.00006103515625000,0.00024414062500000,0.00024414062500000,0.00006103515625000,0.00195312500000000,0.00048828125000000,0.00048828125000000,0.00012207031250000,0.00006103515625000,0.00012207031250000,0.00006103515625000,0.44008023949507030,2
0.00006103515625000,0.00012207031250000,0.00048828125000000,0.00006103515625000,0.00012207031250000,0.00006103515625000,0.00048828125000000,0.00024414062500000,0.00000000000000000,0.00195312500000000,0.00012207031250000,0.00048828125000000,0.00006103515625000,0.00006103515625000,0.00000000000000000,0.00006103515625000,0.44268303366880529,1
0.00000000000000000,0.00012207031250000,0.00000000000000000,0.00006103515625000,0.00006103515625000,0.00006103515625000,0.00006103515625000,0.00024414062500000,0.00012207031250000,0.00195312500000000,0.00097656250000000,0.00048828125000000,0.00006103515625000,0.00006103515625000,0.00012207031250000,0.00006103515625000,0.44762362310037723,3
0.00006103515625000,0.00012207031250000,0.00006103515625000,0.00006103515625000,0.00012207031250000,0.00006103515625000,0.00097656250000000,0.00024414062500000,0.00006103515625000,0.00195312500000000,0.00012207031250000,0.00048828125000000,0.00006103515625000,0.00006103515625000,0.00000000000000000,0.00006103515625000,0.44762362310037723,2
0.00000000000000000,0.00006103515625000,0.00012207031250000,0.00012207031250000,0.00012207031250000,0.00006103515625000,0.00097656250000000,0.00024414062500000,0.00006103515625000,0.00195312500000000,0.00012207031250000,0.00048828125000000,0.00006103515625000,0.00000000000000000,0.00006103515625000,0.00012207031250000,0.44880781987953838,3
0.00006103515625000,0.00024414062500000,0.00000000000000000,0.00000000000000000,0.00012207031250000,0.00006103515625000,0.00097656250000000,0.00024414062500000,0.00006103515625000,0.00195312500000000,0.00012207031250000,0.00048828125000000,0.00012207031250000,0.00012207031250000,0.00006103515625000,0.00000000000000000,0.45054856301977692,3
0.00006103515625000,0.00024414062500000,0.00000000000000000,0.00000000000000000,0.00012207031250000,0.00006103515625000,0.00097656250000000,0.00024414062500000,0.00006103515625000,0.00195312500000000,0.00012207031250000,0.00048828125000000,0.00024414062500000,0.00006103515625000,0.00006103515625000,0.00000000000000000,0.45168622751863602,3
0.00006103515625000,0.00024414062500000,0.00000000000000000,0.00006103515625000,0.00012207031250000,0.00006103515625000,0.00097656250000000,0.00024414062500000,0.00006103515625000,0.00195312500000000,0.00012207031250000,0.00048828125000000,0.00024414062500000,0.00012207031250000,0.00000000000000000,0.00000000000000000,0.45224842384899039,1
0.00006103515625000,0.00024414062500000,0.00000000000000000,0.00000000000000000,0.00012207031250000,0.00006103515625000,0.00006103515625000,0.00006103515625000,0.00006103515625000,0.00195312500000000,0.00097656250000000,0.00024414062500000,0.00024414062500000,0.00012207031250000,0.00012207031250000,0.00048828125000000,0.45224842384899039,3
0.00006103515625000,0.00024414062500000,0.00006103515625000,0.00006103515625000,0.00012207031250000,0.00006103515625000,0.00097656250000000,0.00024414062500000,0.00006103515625000,0.00195312500000000,0.00012207031250000,0.00048828125000000,0.00024414062500000,0.00012207031250000,0.00006103515625000,0.00000000000000000,0.45224842384899039,3
0.00006103515625000,0.00024414062500000,0.00006103515625000,0.00006103515625000,0.00012207031250000,0.00006103515625000,0.00097656250000000,0.00006103515625000,0.00006103515625000,0.00195312500000000,0.00012207031250000,0.00024414062500000,0.00024414062500000,0.00012207031250000,0.00006103515625000,0.00048828125000000,0.45224842384899039,2
0.00006103515625000,0.00024414062500000,0.00012207031250000,0.00006103515625000,0.00012207031250000,0.00006103515625000,0.00097656250000000,0.00006103515625000,0.00006103515625000,0.00195312500000000,0.00012207031250000,0.00024414062500000,0.00024414062500000,0.00012207031250000,0.00006103515625000,0.00048828125000000,0.45280628721658744,0
0.00006103515625000,0.00024414062500000,0.00012207031250000,0.00012207031250000,0.00012207031250000,0.00006103515625000,0.00097656250000000,0.00024414062500000,0.00006103515625000,0.00195312500000000,0.00012207031250000,0.00048828125000000,0.00024414062500000,0.00012207031250000,0.00006103515625000,0.00006103515625000,0.45335988390099285,3
0.00006103515625000,0.00024414062500000,0.00024414062500000,0.00000000000000000,0.00012207031250000,0.00006103515625000,0.00097656250000000,0.00024414062500000,0.00006103515625000,0.00195312500000000,0.00012207031250000,0.00048828125000000,0.00024414062500000,0.00012207031250000,0.00012207031250000,0.00006103515625000,0.45499571428325924,1
0.00006103515625000,0.00048828125000000,0.00000000000000000,0.00006103515625000,0.00012207031250000,0.00006103515625000,0.00097656250000000,0.00024414062500000,0.00006103515625000,0.00195312500000000,0.00012207031250000,0.00048828125000000,0.00024414062500000,0.00024414062500000,0.00006103515625000,0.00000000000000000,0.45816047687602696,3
0.00006103515625000,0.00048828125000000,0.00006103515625000,0.00000000000000000,0.00012207031250000,0.00006103515625000,0.00097656250000000,0.00006103515625000,0.00006103515625000,0.00195312500000000,0.00012207031250000,0.00024414062500000,0.00024414062500000,0.00024414062500000,0.00006103515625000,0.00048828125000000,0.45816047687602696,0
0.00006103515625000,0.00048828125000000,0.00006103515625000,0.00000000000000000,0.00012207031250000,0.00006103515625000,0.00097656250000000,0.00006103515625000,0.00006103515625000,0.00195312500000000,0.00012207031250000,0.00024414062500000,0.00048828125000000,0.00006103515625000,0.00048828125000000,0.00006103515625000,0.46019596885928854,0
0.00006103515625000,0.00048828125000000,0.00006103515625000,0.00006103515625000,0.00012207031250000,0.00006103515625000,0.00097656250000000,0.00024414062500000,0.00006103515625000,0.00195312500000000,0.00012207031250000,0.00006103515625000,0.00048828125000000,0.00006103515625000,0.00048828125000000,0.00006103515625000,0.46019596885928854,0
0.00006103515625000,0.00048828125000000,0.00012207031250000,0.00006103515625000,0.00012207031250000,0.00006103515625000,0.00097656250000000,0.00024414062500000,0.00006103515625000,0.00195312500000000,0.00012207031250000,0.00006103515625000,0.00048828125000000,0.00006103515625000,0.00048828125000000,0.00006103515625000,0.46069602206505511,1
0.00006103515625000,0.00048828125000000,0.00012207031250000,0.00006103515625000,0.00012207031250000,0.00006103515625000,0.00097656250000000,0.00024414062500000,0.00006103515625000,0.00195312500000000,0.00012207031250000,0.00012207031250000,0.00048828125000000,0.00006103515625000,0.00048828125000000,0.00006103515625000,0.46119264434703006,3
0.00006103515625000,0.00048828125000000,0.00012207031250000,0.00006103515625000,0.00012207031250000,0.00006103515625000,0.00097656250000000,0.00024414062500000,0.00006103515625000,0.00195312500000000,0.00024414062500000,0.00006103515625000,0.00048828125000000,0.00006103515625000,0.00048828125000000,0.00006103515625000,0.46217578222737710,1
0.00006103515625000,0.00048828125000000,0.00012207031250000,0.00012207031250000,0.00012207031250000,0.00006103515625000,0.00097656250000000,0.00006103515625000,0.00006103515625000,0.00195312500000000,0.00024414062500000,0.00024414062500000,0.00048828125000000,0.00006103515625000,0.00048828125000000,0.00012207031250000,0.46266238852156150,2
0.00006103515625000,0.00048828125000000,0.00024414062500000,0.00006103515625000,0.00012207031250000,0.00006103515625000,0.00097656250000000,0.00006103515625000,0.00006103515625000,0.00195312500000000,0.00048828125000000,0.00000000000000000,0.00048828125000000,0.00006103515625000,0.00048828125000000,0.00012207031250000,0.46551526669609666,0
0.00006103515625000,0.00048828125000000,0.00000000000000000,0.00012207031250000,0.00012207031250000,0.00006103515625000,0.00024414062500000,0.00000000000000000,0.00006103515625000,0.00195312500000000,0.00097656250000000,0.00012207031250000,0.00048828125000000,0.00006103515625000,0.00097656250000000,0.00012207031250000,0.46959422825996344,0
0.00006103515625000,0.00006103515625000,0.00048828125000000,0.00012207031250000,0.00000000000000000,0.00012207031250000,0.00006103515625000,0.00024414062500000,0.00006103515625000,0.00195312500000000,0.00097656250000000,0.00012207031250000,0.00048828125000000,0.00006103515625000,0.00097656250000000,0.00012207031250000,0.46959422825996344,0
0.00012207031250000,0.00048828125000000,0.00012207031250000,0.00006103515625000,0.00012207031250000,0.00006103515625000,0.00024414062500000,0.00000000000000000,0.00006103515625000,0.00195312500000000,0.00097656250000000,0.00012207031250000,0.00048828125000000,0.00006103515625000,0.00097656250000000,0.00012207031250000,0.47003357658094003,3
0.00000000000000000,0.00048828125000000,0.00006103515625000,0.00000000000000000,0.00024414062500000,0.00006103515625000,0.00012207031250000,0.00000000000000000,0.00006103515625000,0.00195312500000000,0.00024414062500000,0.00006103515625000,0.00048828125000000,0.00006103515625000,0.00195312500000000,0.00024414062500000,0.47830303466322133,0
0.00024414062500000,0.00048828125000000,0.00006103515625000,0.00006103515625000,0.00006103515625000,0.00006103515625000,0.00012207031250000,0.00024414062500000,0.00048828125000000,0.00195312500000000,0.00024414062500000,0.00006103515625000,0.00000000000000000,0.00006103515625000,0.00195312500000000,0.00000000000000000,0.47830303466322133,2
0.00000000000000000,0.00024414062500000,0.00048828125000000,0.00012207031250000,0.00000000000000000,0.00012207031250000,0.00012207031250000,0.00024414062500000,0.00048828125000000,0.00195312500000000,0.00024414062500000,0.00006103515625000,0.00000000000000000,0.00006103515625000,0.00006103515625000,0.00195312500000000,0.47908030294991111,2
0.00024414062500000,0.00048828125000000,0.00012207031250000,0.00000000000000000,0.00024414062500000,0.00024414062500000,0.00000000000000000,0.00006103515625000,0.00048828125000000,0.00195312500000000,0.00024414062500000,0.00006103515625000,0.00012207031250000,0.00195312500000000,0.00000000000000000,0.00000000000000000,0.48023077612842879,0
0.00048828125000000,0.00048828125000000,0.00012207031250000,0.00012207031250000,0.00048828125000000,0.00024414062500000,0.00024414062500000,0.00000000000000000,0.00012207031250000,0.00390625000000000,0.00000000000000000,0.00000000000000000,0.00000000000000000,0.00006103515625000,0.00000000000000000,0.00000000000000000,0.49309398053699455,2
0.00097656250000000,0.00048828125000000,0.00012207031250000,0.00012207031250000,0.00012207031250000,0.00024414062500000,0.00024414062500000,0.00000000000000000,0.00000000000000000,0.00390625000000000,0.00000000000000000,0.00000000000000000,0.00000000000000000,0.00006103515625000,0.00000000000000000,0.00006103515625000,0.49559827057120948,0
0.00097656250000000,0.00048828125000000,0.00024414062500000,0.00006103515625000,0.00012207031250000,0.00048828125000000,0.00000000000000000,0.00000000000000000,0.00390625000000000,0.00000000000000000,0.00000000000000000,0.00000000000000000,0.00012207031250000,0.00000000000000000,0.00000000000000000,0.00000000000000000,0.49772062950846085,0
0.00097656250000000,0.00006103515625000,0.00000000000000000,0.00000000000000000,0.00012207031250000,0.00000000000000000,0.00000000000000000,0.00000000000000000,0.00390625000000000,0.00000000000000000,0.00000000000000000,0.00000000000000000,0.00012207031250000,0.00097656250000000,0.00024414062500000,0.00006103515625000,0.50007234624655317,3
0.00097656250000000,0.00006103515625000,0.00024414062500000,0.00006103515625000,0.00012207031250000,0.00097656250000000,0.00000000000000000,0.00000000000000000,0.00390625000000000,0.00000000000000000,0.00000000000000000,0.00000000000000000,0.00012207031250000,0.00000000000000000,0.00006103515625000,0.00000000000000000,0.50007234624655317,1
0.00097656250000000,0.00006103515625000,0.00024414062500000,0.00006103515625000,0.00012207031250000,0.00097656250000000,0.00000000000000000,0.00000000000000000,0.00390625000000000,0.00000000000000000,0.00006103515625000,0.00000000000000000,0.00012207031250000,0.00006103515625000,0.00000000000000000,0.00000000000000000,0.50007234624655317,2
0.00097656250000000,0.00006103515625000,0.00024414062500000,0.00006103515625000,0.00012207031250000,0.00097656250000000,0.00000000000000000,0.00000000000000000,0.00390625000000000,0.00006103515625000,0.00000000000000000,0.00000000000000000,0.00012207031250000,0.00006103515625000,0.00006103515625000,0.00000000000000000,0.50007234624655317,0
0.00097656250000000,0.00000000000000000,0.00000000000000000,0.00000000000000000,0.00012207031250000,0.00006103515625000,0.00006103515625000,0.00000000000000000,0.00390625000000000,0.00097656250000000,0.00024414062500000,0.00000000000000000,0.00012207031250000,0.00012207031250000,0.00006103515625000,0.00006103515625000,0.50036101029275126,3
0.00097656250000000,0.00000000000000000,0.00006103515625000,0.00000000000000000,0.00012207031250000,0.00012207031250000,0.00000000000000000,0.00000000000000000,0.00390625000000000,0.00097656250000000,0.00024414062500000,0.00000000000000000,0.00024414062500000,0.00012207031250000,0.00000000000000000,0.00000000000000000,0.50150429034781840,3
0.00097656250000000,0.00006103515625000,0.00000000000000000,0.00000000000000000,0.00024414062500000,0.00000000000000000,0.00000000000000000,0.00006103515625000,0.00390625000000000,0.00097656250000000,0.00024414062500000,0.00000000000000000,0.00024414062500000,0.00012207031250000,0.00000000000000000,0.00000000000000000,0.50206922912707219,2
0.00000000000000000,0.00000000000000000,0.00097656250000000,0.00006103515625000,0.00000000000000000,0.00000000000000000,0.00024414062500000,0.00006103515625000,0.00006103515625000,0.00390625000000000,0.00097656250000000,0.00024414062500000,0.00000000000000000,0.00000000000000000,0.00024414062500000,0.00012207031250000,0.50206922912707219,0
0.00097656250000000,0.00006103515625000,0.00000000000000000,0.00000000000000000,0.00024414062500000,0.00006103515625000,0.00000000000000000,0.00000000000000000,0.00006103515625000,0.00390625000000000,0.00097656250000000,0.00024414062500000,0.00024414062500000,0.00012207031250000,0.00006103515625000,0.00000000000000000,0.50206922912707219,3
0.00097656250000000,0.00012207031250000,0.00097656250000000,0.00024414062500000,0.00024414062500000,0.00390625000000000,0.00006103515625000,0.00000000000000000,0.00006103515625000,0.00012207031250000,0.00000000000000000,0.00006103515625000,0.00024414062500000,0.00000000000000000,0.00000000000000000,0.00000000000000000,0.50235005358660345,2
0.00097656250000000,0.00012207031250000,0.00097656250000000,0.00024414062500000,0.00024414062500000,0.00390625000000000,0.00006103515625000,0.00000000000000000,0.00006103515625000,0.00012207031250000,0.00006103515625000,0.00006103515625000,0.00024414062500000,0.00000000000000000,0.00000000000000000,0.00000000000000000,0.50235005358660345,0
0.00097656250000000,0.00012207031250000,0.00097656250000000,0.00024414062500000,0.00006103515625000,0.00024414062500000,0.00390625000000000,0.00006103515625000,0.00000000000000000,0.00006103515625000,0.00012207031250000,0.00012207031250000,0.00000000000000000,0.00000000000000000,0.00000000000000000,0.00024414062500000,0.50262979273150676,1
0.00000000000000000,0.00006103515625000,0.00000000000000000,0.00024414062500000,0.00000000000000000,0.00012207031250000,0.00097656250000000,0.00006103515625000,0.00097656250000000,0.00024414062500000,0.00390625000000000,0.00012207031250000,0.00006103515625000,0.00006103515625000,0.00012207031250000,0.00024414062500000,0.50262979273150676,2
0.00006103515625000,0.00024414062500000,0.00000000000000000,0.00006103515625000,0.00012207031250000,0.00097656250000000,0.00006103515625000,0.00000000000000000,0.00097656250000000,0.00024414062500000,0.00390625000000000,0.00012207031250000,0.00012207031250000,0.00012207031250000,0.00024414062500000,0.00000000000000000,0.50290845491842273,1
0.00006103515625000,0.00024414062500000,0.00006103515625000,0.00000000000000000,0.00012207031250000,0.00097656250000000,0.00006103515625000,0.00000000000000000,0.00097656250000000,0.00024414062500000,0.00390625000000000,0.00006103515625000,0.00012207031250000,0.00012207031250000,0.00024414062500000,0.00012207031250000,0.50290845491842273,1
0.00006103515625000,0.00024414062500000,0.00000000000000000,0.00000000000000000,0.00012207031250000,0.00097656250000000,0.00012207031250000,0.00006103515625000,0.00097656250000000,0.00024414062500000,0.00390625000000000,0.00006103515625000,0.00012207031250000,0.00012207031250000,0.00024414062500000,0.00012207031250000,0.50318604840784553,0
0.00000000000000000,0.00000000000000000,0.00006103515625000,0.00024414062500000,0.00012207031250000,0.00097656250000000,0.00012207031250000,0.00006103515625000,0.00097656250000000,0.00024414062500000,0.00390625000000000,0.00006103515625000,0.00012207031250000,0.00024414062500000,0.00024414062500000,0.00012207031250000,0.50373806186424774,0
0.00012207031250000,0.00097656250000000,0.00006103515625000,0.00024414062500000,0.00097656250000000,0.00048828125000000,0.00012207031250000,0.00012207031250000,0.00012207031250000,0.00000000000000000,0.00390625000000000,0.00012207031250000,0.00000000000000000,0.00000000000000000,0.00024414062500000,0.00006103515625000,0.50509995366099181,3
0.00012207031250000,0.00097656250000000,0.00006103515625000,0.00024414062500000,0.00097656250000000,0.00048828125000000,0.00024414062500000,0.00000000000000000,0.00012207031250000,0.00390625000000000,0.00012207031250000,0.00006103515625000,0.00024414062500000,0.00006103515625000,0.00000000000000000,0.00000000000000000,0.50563761565888499,0
0.00012207031250000,0.00097656250000000,0.00006103515625000,0.00024414062500000,0.00000000000000000,0.00097656250000000,0.00048828125000000,0.00024414062500000,0.00012207031250000,0.00390625000000000,0.00012207031250000,0.00006103515625000,0.00006103515625000,0.00000000000000000,0.00024414062500000,0.00006103515625000,0.50563761565888499,0
0.00012207031250000,0.00097656250000000,0.00006103515625000,0.00024414062500000,0.00097656250000000,0.00048828125000000,0.00024414062500000,0.00000000000000000,0.00012207031250000,0.00390625000000000,0.00012207031250000,0.00006103515625000,0.00006103515625000,0.00024414062500000,0.00006103515625000,0.00006103515625000,0.50563761565888499,3
0.00012207031250000,0.00097656250000000,0.00006103515625000,0.00024414062500000,0.00006103515625000,0.00097656250000000,0.00048828125000000,0.00024414062500000,0.00012207031250000,0.00390625000000000,0.00012207031250000,0.00006103515625000,0.00000000000000000,0.00006103515625000,0.00024414062500000,0.00012207031250000,0.50590495636409138,2
0.00006103515625000,0.00000000000000000,0.00006103515625000,0.00000000000000000,0.00012207031250000,0.00195312500000000,0.00048828125000000,0.00048828125000000,0.00006103515625000,0.00390625000000000,0.00012207031250000,0.00006103515625000,0.00012207031250000,0.00006103515625000,0.00024414062500000,0.00012207031250000,0.51105432089367298,2
0.00006103515625000,0.00195312500000000,0.00006103515625000,0.00048828125000000,0.00012207031250000,0.00390625000000000,0.00048828125000000,0.00006103515625000,0.00006103515625000,0.00006103515625000,0.00012207031250000,0.00012207031250000,0.00012207031250000,0.00006103515625000,0.00024414062500000,0.00000000000000000,0.51105432089367298,3
0.00006103515625000,0.00195312500000000,0.00006103515625000,0.00048828125000000,0.00012207031250000,0.00390625000000000,0.00048828125000000,0.00006103515625000,0.00012207031250000,0.00024414062500000,0.00000000000000000,0.00006103515625000,0.00012207031250000,0.00006103515625000,0.00024414062500000,0.00000000000000000,0.51179607714057240,1
0.00006103515625000,0.00195312500000000,0.00000000000000000,0.00000000000000000,0.00006103515625000,0.00390625000000000,0.00006103515625000,0.00000000000000000,0.00012207031250000,0.00024414062500000,0.00048828125000000,0.00048828125000000,0.00024414062500000,0.00006103515625000,0.00024414062500000,0.00012207031250000,0.51253030910311526,3
0.00012207031250000,0.00195312500000000,0.00006103515625000,0.00048828125000000,0.00012207031250000,0.00390625000000000,0.00048828125000000,0.00012207031250000,0.00024414062500000,0.00024414062500000,0.00024414062500000,0.00006103515625000,0.00000000000000000,0.00006103515625000,0.00000000000000000,0.00000000000000000,0.51277340727839038,1
0.00012207031250000,0.00195312500000000,0.00006103515625000,0.00048828125000000,0.00012207031250000,0.00390625000000000,0.00048828125000000,0.00012207031250000,0.00048828125000000,0.00024414062500000,0.00006103515625000,0.00000000000000000,0.00006103515625000,0.00006103515625000,0.00000000000000000,0.00000000000000000,0.51373771681012859,2
0.00000000000000000,0.00195312500000000,0.00006103515625000,0.00000000000000000,0.00024414062500000,0.00390625000000000,0.00006103515625000,0.00000000000000000,0.00048828125000000,0.00024414062500000,0.00048828125000000,0.00048828125000000,0.00006103515625000,0.00006103515625000,0.00006103515625000,0.00012207031250000,0.51421509637167750,2
0.00024414062500000,0.00195312500000000,0.00012207031250000,0.00048828125000000,0.00048828125000000,0.00390625000000000,0.00048828125000000,0.00012207031250000,0.00006103515625000,0.00024414062500000,0.00006103515625000,0.00006103515625000,0.00000000000000000,0.00006103515625000,0.00000000000000000,0.00000000000000000,0.51445261065748038,1
0.00024414062500000,0.00195312500000000,0.00012207031250000,0.00048828125000000,0.00048828125000000,0.00390625000000000,0.00048828125000000,0.00012207031250000,0.00006103515625000,0.00024414062500000,0.00012207031250000,0.00000000000000000,0.00006103515625000,0.00000000000000000,0.00006103515625000,0.00000000000000000,0.51468934811675859,0
0.00024414062500000,0.00195312500000000,0.00012207031250000,0.00048828125000000,0.00048828125000000,0.00390625000000000,0.00048828125000000,0.00012207031250000,0.00000000000000000,0.00006103515625000,0.00024414062500000,0.00012207031250000,0.00006103515625000,0.00000000000000000,0.00000000000000000,0.00012207031250000,0.51492531381440898,1
0.00024414062500000,0.00195312500000000,0.00012207031250000,0.00048828125000000,0.00048828125000000,0.00390625000000000,0.00048828125000000,0.00012207031250000,0.00006103515625000,0.00024414062500000,0.00012207031250000,0.00000000000000000,0.00006103515625000,0.00012207031250000,0.00000000000000000,0.00006103515625000,0.51492531381440898,2
0.00024414062500000,0.00195312500000000,0.00012207031250000,0.00048828125000000,0.00048828125000000,0.00390625000000000,0.00048828125000000,0.00012207031250000,0.00012207031250000,0.00024414062500000,0.00012207031250000,0.00006103515625000,0.00006103515625000,0.00012207031250000,0.00000000000000000,0.00000000000000000,0.51516051276595520,3
0.00024414062500000,0.00195312500000000,0.00012207031250000,0.00048828125000000,0.00048828125000000,0.00390625000000000,0.00048828125000000,0.00012207031250000,0.00012207031250000,0.00024414062500000,0.00012207031250000,0.00006103515625000,0.00006103515625000,0.00000000000000000,0.00006103515625000,0.00012207031250000,0.51516051276595520,3
0.00000000000000000,0.00000000000000000,0.00000000000000000,0.00000000000000000,0.00006103515625000,0.00000000000000000,0.00000000000000000,0.00000000000000000,0.00000000000000000,0.00000000000000000,0.00000000000000000,0.00006103515625000,0.00000000000000000,0.00000000000000000,0.00000000000000000,0.00000000000000000,0.00000000000000000,1
0.00000000000000000,0.00000000000000000,0.00000000000000000,0.00000000000000000,0.00000000000000000,0.00000000000000000,0.00000000000000000,0.00006103515625000,0.00000000000000000,0.00000000000000000,0.00000000000000000,0.00000000000000000,0.00006103515625000,0.00000000000000000,0.00000000000000000,0.00006103515625000,0.00000000000000000,0
0.00000000000000000,0.00000000000000000,0.00000000000000000,0.00000000000000000,0.00000000000000000,0.00006103515625000,0.00000000000000000,0.00006103515625000,0.00000000000000000,0.00000000000000000,0.00000000000000000,0.00000000000000000,0.00000000000000000,0.00000000000000000,0.00000000000000000,0.00012207031250000,0.11649500072266981,3
0.00000000000000000,0.00000000000000000,0.00000000000000000,0.00000000000000000,0.00000000000000000,0.00000000000000000,0.00000000000000000,0.00000000000000000,0.00000000000000000,0.00000000000000000,0.00000000000000000,0.00006103515625000,0.00000000000000000,0.00006103515625000,0.00006103515625000,0.00012207031250000,0.11649500072266981,2
0.00000000000000000,0.00006103515625000,0.00006103515625000,0.00006103515625000,0.00000000000000000,0.00000000000000000,0.00000000000000000,0.00012207031250000,0.00000000000000000,0.00000000000000000,0.00000000000000000,0.00000000000000000,0.00000000000000000,0.00006103515625000,0.00000000000000000,0.00000000000000000,0.11649500072266981,2
0.00000000000000000,0.00012207031250000,0.00006103515625000,0.00006103515625000,0.00000000000000000,0.00006103515625000,0.00000000000000000,0.00012207031250000,0.00000000000000000,0.00000000000000000,0.00000000000000000,0.00000000000000000,0.00000000000000000,0.00000000000000000,0.00000000000000000,0.00000000000000000,0.15904041823988749,1
0.00000000000000000,0.00000000000000000,0.00000000000000000,0.00000000000000000,0.00006103515625000,0.00000000000000000,0.00000000000000000,0.00000000000000000,0.00000000000000000,0.00012207031250000,0.00000000000000000,0.00006103515625000,0.00000000000000000,0.00006103515625000,0.00006103515625000,0.00012207031250000,0.15904041823988749,1
0.00000000000000000,0.00000000000000000,0.00000000000000000,0.00000000000000000,0.00000000000000000,0.00006103515625000,0.00000000000000000,0.00006103515625000,0.00000000000000000,0.00000000000000000,0.00012207031250000,0.00006103515625000,0.00000000000000000,0.00000000000000000,0.00012207031250000,0.00012207031250000,0.18565722538447280,0
0.00000000000000000,0.00006103515625000,0.00024414062500000,0.00012207031250000,0.00000000000000000,0.00000000000000000,0.00000000000000000,0.00012207031250000,0.00000000000000000,0.00000000000000000,0.00006103515625000,0.00000000000000000,0.00000000000000000,0.00000000000000000,0.00000000000000000,0.00000000000000000,0.23299000144533963,0
0.00000000000000000,0.00006103515625000,0.00024414062500000,0.00012207031250000,0.00000000000000000,0.00000000000000000,0.00000000000000000,0.00012207031250000,0.00000000000000000,0.00000000000000000,0.00000000000000000,0.00006103515625000,0.00006103515625000,0.00000000000000000,0.00000000000000000,0.00000000000000000,0.23299000144533963,3
0.00000000000000000,0.00000000000000000,0.00006103515625000,0.00000000000000000,0.00000000000000000,0.00000000000000000,0.00000000000000000,0.00000000000000000,0.00000000000000000,0.00000000000000000,0.00000000000000000,0.00024414062500000,0.00006103515625000,0.00006103515625000,0.00024414062500000,0.00006103515625000,0.25308565664631461,3
0.00000000000000000,0.00000000000000000,0.00000000000000000,0.00000000000000000,0.00006103515625000,0.00000000000000000,0.00000000000000000,0.00000000000000000,0.00000000000000000,0.00000000000000000,0.00006103515625000,0.00024414062500000,0.00006103515625000,0.00006103515625000,0.00024414062500000,0.00006103515625000,0.25308565664631461,0
0.00000000000000000,0.00000000000000000,0.00000000000000000,0.00000000000000000,0.00006103515625000,0.00000000000000000,0.00006103515625000,0.00000000000000000,0.00006103515625000,0.00024414062500000,0.00000000000000000,0.00000000000000000,0.00012207031250000,0.00024414062500000,0.00006103515625000,0.00000000000000000,0.26136695401116583,1
0.00012207031250000,0.00048828125000000,0.00012207031250000,0.00000000000000000,0.00012207031250000,0.00000000000000000,0.00000000000000000,0.00000000000000000,0.00006103515625000,0.00000000000000000,0.00000000000000000,0.00000000000000000,0.00000000000000000,0.00000000000000000,0.00000000000000000,0.00000000000000000,0.29755497250179452,3
0.00006103515625000,0.00000000000000000,0.00000000000000000,0.00000000000000000,0.00000000000000000,0.00000000000000000,0.00000000000000000,0.00000000000000000,0.00024414062500000,0.00000000000000000,0.00000000000000000,0.00000000000000000,0.00006103515625000,0.00048828125000000,0.00012207031250000,0.00000000000000000,0.30647484845620920,0
0.00006103515625000,0.00048828125000000,0.00012207031250000,0.00000000000000000,0.00024414062500000,0.00000000000000000,0.00000000000000000,0.00000000000000000,0.00006103515625000,0.00000000000000000,0.00000000000000000,0.00000000000000000,0.00012207031250000,0.00000000000000000,0.00000000000000000,0.00000000000000000,0.30647484845620920,3
0.00006103515625000,0.00000000000000000,0.00006103515625000,0.00000000000000000,0.00024414062500000,0.00000000000000000,0.00000000000000000,0.00000000000000000,0.00006103515625000,0.00000000000000000,0.00000000000000000,0.00000000000000000,0.00012207031250000,0.00048828125000000,0.00012207031250000,0.00000000000000000,0.30647484845620920,3
0.00012207031250000,0.00000000000000000,0.00000000000000000,0.00000000000000000,0.00024414062500000,0.00000000000000000,0.00000000000000000,0.00012207031250000,0.00006103515625000,0.00000000000000000,0.00000000000000000,0.00000000000000000,0.00012207031250000,0.00048828125000000,0.00012207031250000,0.00000000000000000,0.31055381002007598,1
0.00000000000000000,0.00000000000000000,0.00000000000000000,0.00012207031250000,0.00006103515625000,0.00000000000000000,0.00024414062500000,0.00012207031250000,0.00000000000000000,0.00000000000000000,0.00000000000000000,0.00006103515625000,0.00000000000000000,0.00012207031250000,0.00048828125000000,0.00012207031250000,0.31055381002007598,1
0.00006103515625000,0.00012207031250000,0.00024414062500000,0.00024414062500000,0.00000000000000000,0.00006103515625000,0.00048828125000000,0.00006103515625000,0.00000000000000000,0.00000000000000000,0.00000000000000000,0.00012207031250000,0.00000000000000000,0.00000000000000000,0.00000000000000000,0.00000000000000000,0.31808083647977498,1
0.00000000000000000,0.00006103515625000,0.00012207031250000,0.00048828125000000,0.00000000000000000,0.00006103515625000,0.00048828125000000,0.00006103515625000,0.00000000000000000,0.00000000000000000,0.00000000000000000,0.00012207031250000,0.00006103515625000,0.00000000000000000,0.00000000000000000,0.00000000000000000,0.33112862237770746,1
0.00006103515625000,0.00012207031250000,0.00012207031250000,0.00048828125000000,0.00000000000000000,0.00000000000000000,0.00048828125000000,0.00006103515625000,0.00000000000000000,0.00000000000000000,0.00000000000000000,0.00012207031250000,0.00000000000000000,0.00000000000000000,0.00006103515625000,0.00000000000000000,0.33405356229710709,2
0.00000000000000000,0.00000000000000000,0.00000000000000000,0.00000000000000000,0.00000000000000000,0.00006103515625000,0.00012207031250000,0.00048828125000000,0.00000000000000000,0.00000000000000000,0.00048828125000000,0.00006103515625000,0.00006103515625000,0.00012207031250000,0.00006103515625000,0.00012207031250000,0.33405356229710709,1
0.00000000000000000,0.00000000000000000,0.00000000000000000,0.00000000000000000,0.00000000000000000,0.00000000000000000,0.00012207031250000,0.00048828125000000,0.00006103515625000,0.00006103515625000,0.00048828125000000,0.00006103515625000,0.00006103515625000,0.00012207031250000,0.00006103515625000,0.00012207031250000,0.33405356229710709,3
0.00000000000000000,0.00000000000000000,0.00000000000000000,0.00006103515625000,0.00000000000000000,0.00000000000000000,0.00012207031250000,0.00048828125000000,0.00000000000000000,0.00006103515625000,0.00048828125000000,0.00006103515625000,0.00012207031250000,0.00012207031250000,0.00006103515625000,0.00012207031250000,0.33686488317832303,3
0.00012207031250000,0.00006103515625000,0.00012207031250000,0.00006103515625000,0.00000000000000000,0.00012207031250000,0.00048828125000000,0.00048828125000000,0.00000000000000000,0.00000000000000000,0.00006103515625000,0.00006103515625000,0.00012207031250000,0.00000000000000000,0.00000000000000000,0.00012207031250000,0.33686488317832303,2
0.00012207031250000,0.00006103515625000,0.00012207031250000,0.00006103515625000,0.00012207031250000,0.00097656250000000,0.00000000000000000,0.00006103515625000,0.00012207031250000,0.00000000000000000,0.00000000000000000,0.00000000000000000,0.00024414062500000,0.00000000000000000,0.00000000000000000,0.00000000000000000,0.36219771140204565,3
0.00012207031250000,0.00006103515625000,0.00012207031250000,0.00006103515625000,0.00012207031250000,0.00097656250000000,0.00006103515625000,0.00000000000000000,0.00012207031250000,0.00006103515625000,0.00000000000000000,0.00000000000000000,0.00024414062500000,0.00000000000000000,0.00000000000000000,0.00000000000000000,0.36219771140204565,1
0.00024414062500000,0.00006103515625000,0.00012207031250000,0.00006103515625000,0.00012207031250000,0.00097656250000000,0.00006103515625000,0.00000000000000000,0.00024414062500000,0.00006103515625000,0.00000000000000000,0.00006103515625000,0.00000000000000000,0.00000000000000000,0.00000000000000000,0.00000000000000000,0.36598327540153891,1
0.00000000000000000,0.00000000000000000,0.00000000000000000,0.00000000000000000,0.00024414062500000,0.00006103515625000,0.00000000000000000,0.00000000000000000,0.00012207031250000,0.00097656250000000,0.00012207031250000,0.00006103515625000,0.00024414062500000,0.00006103515625000,0.00006103515625000,0.00012207031250000,0.36780431267197494,2
0.00000000000000000,0.00000000000000000,0.00000000000000000,0.00000000000000000,0.00024414062500000,0.00006103515625000,0.00006103515625000,0.00000000000000000,0.00012207031250000,0.00097656250000000,0.00012207031250000,0.00006103515625000,0.00024414062500000,0.00012207031250000,0.00012207031250000,0.00000000000000000,0.36958065736898438,2
0.00024414062500000,0.00006103515625000,0.00006103515625000,0.00006103515625000,0.00012207031250000,0.00097656250000000,0.00024414062500000,0.00006103515625000,0.00024414062500000,0.00012207031250000,0.00000000000000000,0.00000000000000000,0.00000000000000000,0.00000000000000000,0.00000000000000000,0.00000000000000000,0.37300768385479927,0
0.00000000000000000,0.00006103515625000,0.00000000000000000,0.00000000000000000,0.00024414062500000,0.00006103515625000,0.00000000000000000,0.00000000000000000,0.00012207031250000,0.00097656250000000,0.00006103515625000,0.00000000000000000,0.00024414062500000,0.00012207031250000,0.00024414062500000,0.00012207031250000,0.37466221106030112,0
0.00024414062500000,0.00012207031250000,0.00006103515625000,0.00012207031250000,0.00012207031250000,0.00097656250000000,0.00024414062500000,0.00000000000000000,0.00024414062500000,0.00012207031250000,0.00000000000000000,0.00000000000000000,0.00000000000000000,0.00000000000000000,0.00000000000000000,0.00006103515625000,0.37627976247819744,2
0.00024414062500000,0.00012207031250000,0.00006103515625000,0.00012207031250000,0.00012207031250000,0.00097656250000000,0.00024414062500000,0.00006103515625000,0.00024414062500000,0.00012207031250000,0.00000000000000000,0.00000000000000000,0.00006103515625000,0.00000000000000000,0.00000000000000000,0.00000000000000000,0.37627976247819744,3
0.00024414062500000,0.00012207031250000,0.00006103515625000,0.00012207031250000,0.00012207031250000,0.00097656250000000,0.00024414062500000,0.00006103515625000,0.00000000000000000,0.00000000000000000,0.00024414062500000,0.00012207031250000,0.00000000000000000,0.00006103515625000,0.00000000000000000,0.00006103515625000,0.37627976247819744,2
0.00000000000000000,0.00000000000000000,0.00006103515625000,0.00012207031250000,0.00000000000000000,0.00012207031250000,0.00000000000000000,0.00006103515625000,0.00024414062500000,0.00097656250000000,0.00006103515625000,0.00012207031250000,0.00012207031250000,0.00006103515625000,0.00048828125000000,0.00006103515625000,0.38241103769359880,1
0.00006103515625000,0.00000000000000000,0.00000000000000000,0.00012207031250000,0.00000000000000000,0.00012207031250000,0.00000000000000000,0.00006103515625000,0.00024414062500000,0.00097656250000000,0.00012207031250000,0.00012207031250000,0.00012207031250000,0.00006103515625000,0.00048828125000000,0.00006103515625000,0.38386600957008149,2
0.00006103515625000,0.00012207031250000,0.00012207031250000,0.00012207031250000,0.00024414062500000,0.00097656250000000,0.00048828125000000,0.00006103515625000,0.00012207031250000,0.00006103515625000,0.00006103515625000,0.00012207031250000,0.00000000000000000,0.00000000000000000,0.00000000000000000,0.00006103515625000,0.38386600957008149,2
0.00006103515625000,0.00024414062500000,0.00012207031250000,0.00000000000000000,0.00024414062500000,0.00097656250000000,0.00048828125000000,0.00006103515625000,0.00012207031250000,0.00012207031250000,0.00012207031250000,0.00000000000000000,0.00006103515625000,0.00006103515625000,0.00000000000000000,0.00000000000000000,0.38806326723978962,2
0.00006103515625000,0.00024414062500000,0.00012207031250000,0.00000000000000000,0.00024414062500000,0.00097656250000000,0.00048828125000000,0.00006103515625000,0.00024414062500000,0.00012207031250000,0.00000000000000000,0.00006103515625000,0.00012207031250000,0.00000000000000000,0.00000000000000000,0.00000000000000000,0.39203041968522712,3
0.00006103515625000,0.00024414062500000,0.00012207031250000,0.00012207031250000,0.00048828125000000,0.00097656250000000,0.00048828125000000,0.00000000000000000,0.00012207031250000,0.00012207031250000,0.00000000000000000,0.00000000000000000,0.00000000000000000,0.00000000000000000,0.00006103515625000,0.00000000000000000,0.39819434739408877,3
0.00000000000000000,0.00006103515625000,0.00024414062500000,0.00024414062500000,0.00000000000000000,0.00048828125000000,0.00097656250000000,0.00048828125000000,0.00006103515625000,0.00000000000000000,0.00000000000000000,0.00024414062500000,0.00000000000000000,0.00000000000000000,0.00000000000000000,0.00006103515625000,0.40277341788971349,1
0.00000000000000000,0.00006103515625000,0.00000000000000000,0.00024414062500000,0.00000000000000000,0.00000000000000000,0.00000000000000000,0.00048828125000000,0.00000000000000000,0.00006103515625000,0.00024414062500000,0.00024414062500000,0.00006103515625000,0.00048828125000000,0.00097656250000000,0.00006103515625000,0.40277341788971349,0
0.00000000000000000,0.00006103515625000,0.00000000000000000,0.00024414062500000,0.00000000000000000,0.00000000000000000,0.00000000000000000,0.00048828125000000,0.00000000000000000,0.00012207031250000,0.00024414062500000,0.00024414062500000,0.00006103515625000,0.00048828125000000,0.00097656250000000,0.00006103515625000,0.40387431232280130,3
0.00006103515625000,0.00006103515625000,0.00024414062500000,0.00024414062500000,0.00000000000000000,0.00012207031250000,0.00097656250000000,0.00048828125000000,0.00000000000000000,0.00048828125000000,0.00000000000000000,0.00024414062500000,0.00006103515625000,0.00000000000000000,0.00000000000000000,0.00006103515625000,0.40387431232280130,3
0.00000000000000000,0.00000000000000000,0.00012207031250000,0.00048828125000000,0.00000000000000000,0.00012207031250000,0.00097656250000000,0.00048828125000000,0.00000000000000000,0.00006103515625000,0.00048828125000000,0.00024414062500000,0.00000000000000000,0.00000000000000000,0.00000000000000000,0.00012207031250000,0.41014964045942465,0
0.00012207031250000,0.00048828125000000,0.00012207031250000,0.00000000000000000,0.00012207031250000,0.00097656250000000,0.00048828125000000,0.00000000000000000,0.00006103515625000,0.00048828125000000,0.00024414062500000,0.00000000000000000,0.00012207031250000,0.00000000000000000,0.00000000000000000,0.00000000000000000,0.41014964045942465,0
0.00000000000000000,0.00000000000000000,0.00000000000000000,0.00000000000000000,0.00024414062500000,0.00048828125000000,0.00012207031250000,0.00000000000000000,0.00006103515625000,0.00097656250000000,0.00048828125000000,0.00006103515625000,0.00012207031250000,0.00048828125000000,0.00024414062500000,0.00000000000000000,0.41212607488620207,1
0.00000000000000000,0.00006103515625000,0.00000000000000000,0.00000000000000000,0.00024414062500000,0.00048828125000000,0.00012207031250000,0.00000000000000000,0.00006103515625000,0.00097656250000000,0.00048828125000000,0.00000000000000000,0.00012207031250000,0.00048828125000000,0.00024414062500000,0.00006103515625000,0.41212607488620207,0
0.00006103515625000,0.00000000000000000,0.00006103515625000,0.00000000000000000,0.00024414062500000,0.00048828125000000,0.00012207031250000,0.00000000000000000,0.00006103515625000,0.00097656250000000,0.00048828125000000,0.00000000000000000,0.00012207031250000,0.00048828125000000,0.00024414062500000,0.00006103515625000,0.41212607488620207,0
0.00006103515625000,0.00048828125000000,0.00006103515625000,0.00006103515625000,0.00024414062500000,0.00097656250000000,0.00012207031250000,0.00000000000000000,0.00006103515625000,0.00048828125000000,0.00048828125000000,0.00000000000000000,0.00012207031250000,0.00012207031250000,0.00024414062500000,0.00000000000000000,0.41212607488620207,1
0.00006103515625000,0.00048828125000000,0.00006103515625000,0.00000000000000000,0.00024414062500000,0.00097656250000000,0.00012207031250000,0.00006103515625000,0.00006103515625000,0.00048828125000000,0.00048828125000000,0.00000000000000000,0.00012207031250000,0.00012207031250000,0.00024414062500000,0.00006103515625000,0.41212607488620207,2
0.00006103515625000,0.00048828125000000,0.00006103515625000,0.00000000000000000,0.00024414062500000,0.00097656250000000,0.00012207031250000,0.00000000000000000,0.00006103515625000,0.00048828125000000,0.00048828125000000,0.00006103515625000,0.00012207031250000,0.00012207031250000,0.00024414062500000,0.00012207031250000,0.41309441593230728,3
0.00006103515625000,0.00048828125000000,0.00006103515625000,0.00000000000000000,0.00024414062500000,0.00097656250000000,0.00012207031250000,0.00000000000000000,0.00006103515625000,0.00097656250000000,0.00006103515625000,0.00000000000000000,0.00024414062500000,0.00024414062500000,0.00012207031250000,0.00006103515625000,0.42212572983208291,1
0.00006103515625000,0.00048828125000000,0.00006103515625000,0.00000000000000000,0.00024414062500000,0.00097656250000000,0.00012207031250000,0.00000000000000000,0.00006103515625000,0.00097656250000000,0.00006103515625000,0.00006103515625000,0.00048828125000000,0.00012207031250000,0.00006103515625000,0.00000000000000000,0.42544470268536555,0
0.00006103515625000,0.00000000000000000,0.00000000000000000,0.00000000000000000,0.00024414062500000,0.00048828125000000,0.00006103515625000,0.00000000000000000,0.00006103515625000,0.00195312500000000,0.00012207031250000,0.00006103515625000,0.00048828125000000,0.00012207031250000,0.00012207031250000,0.00006103515625000,0.43806482167505195,1
0.00006103515625000,0.00000000000000000,0.00000000000000000,0.00000000000000000,0.00024414062500000,0.00048828125000000,0.00000000000000000,0.00000000000000000,0.00006103515625000,0.00195312500000000,0.00006103515625000,0.00006103515625000,0.00048828125000000,0.00012207031250000,0.00024414062500000,0.00012207031250000,0.44008023949507030,3
0.00006103515625000,0.00048828125000000,0.00006103515625000,0.00006103515625000,0.00024414062500000,0.00195312500000000,0.00024414062500000,0.00012207031250000,0.00006103515625000,0.00012207031250000,0.00000000000000000,0.00006103515625000,0.00048828125000000,0.00000000000000000,0.00000000000000000,0.00000000000000000,0.44008023949507030,3
0.00006103515625000,0.00000000000000000,0.00000000000000000,0.00006103515625000,0.00024414062500000,0.00048828125000000,0.00000000000000000,0.00006103515625000,0.00006103515625000,0.00195312500000000,0.00006103515625000,0.00012207031250000,0.00048828125000000,0.00012207031250000,0.00024414062500000,0.00006103515625000,0.44008023949507030,1
0.00006103515625000,0.00000000000000000,0.00000000000000000,0.00012207031250000,0.00000000000000000,0.00024414062500000,0.00048828125000000,0.00006103515625000,0.00006103515625000,0.00195312500000000,0.00006103515625000,0.00012207031250000,0.00048828125000000,0.00012207031250000,0.00024414062500000,0.00006103515625000,0.44073976491130645,0
0.00000000000000000,0.00000000000000000,0.00000000000000000,0.00012207031250000,0.00006103515625000,0.00024414062500000,0.00048828125000000,0.00006103515625000,0.00012207031250000,0.00195312500000000,0.00006103515625000,0.00012207031250000,0.00048828125000000,0.00012207031250000,0.00024414062500000,0.00006103515625000,0.44139333516348861,0
0.00006103515625000,0.00024414062500000,0.00048828125000000,0.00012207031250000,0.00012207031250000,0.00195312500000000,0.00006103515625000,0.00006103515625000,0.00048828125000000,0.00012207031250000,0.00024414062500000,0.00012207031250000,0.00000000000000000,0.00000000000000000,0.00006103515625000,0.00006103515625000,0.44139333516348861,3
0.00000000000000000,0.00012207031250000,0.00048828125000000,0.00012207031250000,0.00006103515625000,0.00024414062500000,0.00006103515625000,0.00006103515625000,0.00012207031250000,0.00195312500000000,0.00024414062500000,0.00012207031250000,0.00048828125000000,0.00012207031250000,0.00006103515625000,0.00006103515625000,0.44139333516348861,3
0.00006103515625000,0.00012207031250000,0.00048828125000000,0.00012207031250000,0.00012207031250000,0.00024414062500000,0.00006103515625000,0.00006103515625000,0.00048828125000000,0.00195312500000000,0.00024414062500000,0.00012207031250000,0.00006103515625000,0.00012207031250000,0.00006103515625000,0.00006103515625000,0.44139333516348861,3
0.00006103515625000,0.00012207031250000,0.00048828125000000,0.00012207031250000,0.00012207031250000,0.00024414062500000,0.00012207031250000,0.00000000000000000,0.00048828125000000,0.00195312500000000,0.00024414062500000,0.00012207031250000,0.00006103515625000,0.00012207031250000,0.00012207031250000,0.00006103515625000,0.44268303366880529,3
0.00006103515625000,0.00012207031250000,0.00048828125000000,0.00024414062500000,0.00012207031250000,0.00024414062500000,0.00012207031250000,0.00006103515625000,0.00048828125000000,0.00195312500000000,0.00024414062500000,0.00000000000000000,0.00006103515625000,0.00012207031250000,0.00012207031250000,0.00006103515625000,0.44395015423160800,1
0.00006103515625000,0.00012207031250000,0.00048828125000000,0.00024414062500000,0.00012207031250000,0.00024414062500000,0.00012207031250000,0.00006103515625000,0.00012207031250000,0.00048828125000000,0.00195312500000000,0.00024414062500000,0.00000000000000000,0.00006103515625000,0.00024414062500000,0.00006103515625000,0.44519547378584723,0
0.00006103515625000,0.00012207031250000,0.00048828125000000,0.00024414062500000,0.00012207031250000,0.00024414062500000,0.00012207031250000,0.00006103515625000,0.00012207031250000,0.00048828125000000,0.00195312500000000,0.00024414062500000,0.00006103515625000,0.00024414062500000,0.00006103515625000,0.00006103515625000,0.44519547378584723,0
0.00006103515625000,0.00012207031250000,0.00048828125000000,0.00024414062500000,0.00006103515625000,0.00024414062500000,0.00012207031250000,0.00006103515625000,0.00024414062500000,0.00048828125000000,0.00195312500000000,0.00024414062500000,0.00006103515625000,0.00024414062500000,0.00006103515625000,0.00006103515625000,0.44641972984001899,0
0.00006103515625000,0.00012207031250000,0.00048828125000000,0.00024414062500000,0.00006103515625000,0.00024414062500000,0.00012207031250000,0.00006103515625000,0.00024414062500000,0.00048828125000000,0.00195312500000000,0.00024414062500000,0.00006103515625000,0.00006103515625000,0.00024414062500000,0.00012207031250000,0.44702417939563865,0
0.00006103515625000,0.00012207031250000,0.00048828125000000,0.00024414062500000,0.00012207031250000,0.00024414062500000,0.00012207031250000,0.00006103515625000,0.00024414062500000,0.00048828125000000,0.00195312500000000,0.00024414062500000,0.00006103515625000,0.00006103515625000,0.00024414062500000,0.00012207031250000,0.44762362310037723,2
0.00006103515625000,0.00012207031250000,0.00048828125000000,0.00024414062500000,0.00012207031250000,0.00024414062500000,0.00012207031250000,0.00006103515625000,0.00024414062500000,0.00048828125000000,0.00195312500000000,0.00024414062500000,0.00012207031250000,0.00012207031250000,0.00024414062500000,0.00012207031250000,0.44821814318727005,2
0.00006103515625000,0.00012207031250000,0.00048828125000000,0.00024414062500000,0.00012207031250000,0.00024414062500000,0.00012207031250000,0.00006103515625000,0.00024414062500000,0.00048828125000000,0.00195312500000000,0.00024414062500000,0.00006103515625000,0.00024414062500000,0.00024414062500000,0.00012207031250000,0.44939273145555531,2
0.00006103515625000,0.00012207031250000,0.00048828125000000,0.00024414062500000,0.00012207031250000,0.00024414062500000,0.00012207031250000,0.00006103515625000,0.00024414062500000,0.00048828125000000,0.00195312500000000,0.00024414062500000,0.00006103515625000,0.00048828125000000,0.00012207031250000,0.00006103515625000,0.45168622751863602,1
0.00006103515625000,0.00012207031250000,0.00048828125000000,0.00024414062500000,0.00012207031250000,0.00024414062500000,0.00012207031250000,0.00006103515625000,0.00024414062500000,0.00097656250000000,0.00195312500000000,0.00024414062500000,0.00006103515625000,0.00006103515625000,0.00012207031250000,0.00006103515625000,0.45606608371277374,2
0.00006103515625000,0.00012207031250000,0.00048828125000000,0.00024414062500000,0.00012207031250000,0.00024414062500000,0.00012207031250000,0.00006103515625000,0.00024414062500000,0.00097656250000000,0.00195312500000000,0.00024414062500000,0.00006103515625000,0.00012207031250000,0.00012207031250000,0.00006103515625000,0.45659539074168198,3
0.00006103515625000,0.00012207031250000,0.00048828125000000,0.00024414062500000,0.00012207031250000,0.00024414062500000,0.00012207031250000,0.00006103515625000,0.00024414062500000,0.00097656250000000,0.00195312500000000,0.00024414062500000,0.00006103515625000,0.00024414062500000,0.00006103515625000,0.00006103515625000,0.45764253252895482,2
