game_id,seed,score,max_tile,move_count,game_over,up_moves,down_moves,left_moves,right_moves,agent
0,104024,7024,512,474,true,119,115,141,99,heuristic
1,104025,10468,1024,618,true,157,148,179,134,heuristic
2,104026,15400,1024,899,true,214,252,211,222,heuristic
3,104027,14480,1024,847,true,212,190,253,192,heuristic
4,104028,5424,512,372,true,82,100,111,79,heuristic
5,104029,6840,512,462,true,131,95,111,125,heuristic
6,104030,6784,512,456,true,123,117,121,95,heuristic
7,104031,7048,512,483,true,132,118,129,104,heuristic
8,104032,7324,512,503,true,138,110,108,147,heuristic
9,104033,5728,512,403,true,105,87,90,121,heuristic
10,104034,6624,512,452,true,130,112,104,106,heuristic
11,104035,5720,512,406,true,108,100,124,74,heuristic
12,104036,7252,512,485,true,114,139,114,118,heuristic
13,104037,7312,512,511,true,130,134,120,127,heuristic
14,104038,3200,256,267,true,88,48,69,62,heuristic
15,104039,3292,256,274,true,68,74,70,62,heuristic
16,104040,6592,512,448,true,108,119,120,101,heuristic
17,104041,6900,512,471,true,128,116,130,97,heuristic
18,104042,6460,512,443,true,108,110,113,112,heuristic
19,104043,3336,256,274,true,94,41,72,67,heuristic
20,104044,3516,256,298,true,96,45,87,70,heuristic
21,104045,5416,512,379,true,91,97,79,112,heuristic
22,104046,7820,512,516,true,141,121,125,129,heuristic
23,104047,15052,1024,864,true,237,205,205,217,heuristic
24,104048,15324,1024,885,true,245,197,251,192,heuristic
25,104049,5304,512,363,true,79,114,87,83,heuristic
26,104050,5328,512,365,true,117,73,107,68,heuristic
27,104051,6672,512,463,true,122,118,107,116,heuristic
28,104052,7068,512,484,true,153,98,121,112,heuristic
29,104053,7336,512,501,true,118,145,135,103,heuristic
30,104054,7024,512,476,true,120,126,117,113,heuristic
31,104055,7372,512,510,true,121,136,134,119,heuristic
32,104056,3228,256,270,true,77,53,84,56,heuristic
33,104057,11340,1024,656,true,170,152,160,174,heuristic
34,104058,3352,256,275,true,91,62,45,77,heuristic
35,104059,7432,512,521,true,150,117,113,141,heuristic
36,104060,5144,512,351,true,96,83,87,85,heuristic
37,104061,15276,1024,883,true,229,235,182,237,heuristic
38,104062,6196,512,421,true,101,109,109,102,heuristic
39,104063,7240,512,504,true,137,114,142,111,heuristic
40,104064,12088,1024,715,true,189,174,190,162,heuristic
41,104065,6812,512,464,true,137,89,138,100,heuristic
42,104066,7120,512,492,true,151,104,130,107,heuristic
43,104067,5668,512,401,true,113,88,101,99,heuristic
44,104068,10452,1024,608,true,134,166,164,144,heuristic
45,104069,7352,512,506,true,124,112,134,136,heuristic
46,104070,7116,512,484,true,118,125,125,116,heuristic
47,104071,6584,512,444,true,118,104,110,112,heuristic
48,104072,12044,1024,703,true,190,185,186,142,heuristic
49,104073,7996,512,555,true,148,121,128,158,heuristic
50,104074,14608,1024,867,true,221,220,202,224,heuristic
51,104075,7156,512,492,true,123,130,121,118,heuristic
52,104076,15380,1024,893,true,243,190,220,240,heuristic
53,104077,6976,512,465,true,136,101,118,110,heuristic
54,104078,3260,256,269,true,92,40,59,78,heuristic
55,104079,7180,512,494,true,153,97,136,108,heuristic
56,104080,7168,512,491,true,130,114,138,109,heuristic
57,104081,3188,256,262,true,77,55,65,65,heuristic
58,104082,12116,1024,710,true,156,192,196,166,heuristic
59,104083,3200,256,268,true,77,58,65,68,heuristic
60,104084,7140,512,490,true,134,114,119,123,heuristic
61,104085,7152,512,488,true,120,116,132,120,heuristic
62,104086,6344,512,431,true,112,101,116,102,heuristic
63,104087,5456,512,383,true,82,100,114,87,heuristic
64,104088,12416,1024,747,true,202,176,197,172,heuristic
65,104089,7696,512,529,true,146,118,136,129,heuristic
66,104090,6424,512,435,true,102,110,104,119,heuristic
67,104091,14652,1024,858,true,223,233,191,211,heuristic
68,104092,3572,256,302,true,85,73,79,65,heuristic
69,104093,7264,512,504,true,135,117,118,134,heuristic
70,104094,3228,256,270,true,75,65,65,65,heuristic
71,104095,3156,256,263,true,75,56,85,47,heuristic
72,104096,5340,512,372,true,102,88,89,93,heuristic
73,104097,3176,256,266,true,78,63,75,50,heuristic
74,104098,5792,512,415,true,125,87,89,114,heuristic
75,104099,7324,512,510,true,136,115,130,129,heuristic
76,104100,5440,512,376,true,104,85,79,108,heuristic
77,104101,12004,1024,709,true,203,155,174,177,heuristic
78,104102,4744,512,331,true,81,93,78,79,heuristic
79,104103,12380,1024,730,true,218,148,176,188,heuristic
80,104104,11412,1024,668,true,177,139,180,172,heuristic
81,104105,7332,512,514,true,133,120,151,110,heuristic
82,104106,7080,512,487,true,115,128,131,113,heuristic
83,104107,3132,256,263,true,62,69,70,62,heuristic
84,104108,14476,1024,847,true,193,236,198,220,heuristic
85,104109,14196,1024,810,true,229,185,229,167,heuristic
86,104110,6960,512,469,true,118,117,114,120,heuristic
87,104111,14380,1024,835,true,229,196,226,184,heuristic
88,104112,5500,512,389,true,114,81,110,84,heuristic
89,104113,7156,512,488,true,138,112,113,125,heuristic
90,104114,3788,256,304,true,77,80,80,67,heuristic
91,104115,6228,512,414,true,90,122,116,86,heuristic
92,104116,3604,256,289,true,72,72,66,79,heuristic
93,104117,14460,1024,839,true,213,205,192,229,heuristic
94,104118,12148,1024,718,true,194,165,151,208,heuristic
95,104119,6588,512,444,true,110,124,115,95,heuristic
96,104120,5588,512,391,true,98,84,97,112,heuristic
97,104121,7552,512,519,true,131,128,152,108,heuristic
98,104122,14308,1024,826,true,203,224,220,179,heuristic
99,104123,7124,512,486,true,136,106,120,124,heuristic
100,104124,5992,512,423,true,102,112,115,94,heuristic
101,104125,12076,1024,711,true,159,194,212,146,heuristic
102,104126,7112,512,486,true,126,116,129,115,heuristic
103,104127,7288,512,495,true,129,118,115,133,heuristic
104,104128,14004,1024,799,true,218,191,194,196,heuristic
105,104129,7276,512,503,true,142,111,124,126,heuristic
106,104130,5920,512,416,true,97,113,114,92,heuristic
107,104131,5388,512,378,true,98,92,110,78,heuristic
108,104132,12192,1024,717,true,189,178,175,175,heuristic
109,104133,3144,256,255,true,61,57,84,53,heuristic
110,104134,11852,1024,686,true,195,151,176,164,heuristic
111,104135,13900,1024,835,true,213,201,227,194,heuristic
112,104136,5340,512,372,true,103,92,99,78,heuristic
113,104137,12176,1024,720,true,180,173,176,191,heuristic
114,104138,8000,512,539,true,149,130,137,123,heuristic
115,104139,5032,512,352,true,96,78,93,85,heuristic
116,104140,6588,512,455,true,126,103,111,115,heuristic
117,104141,7736,512,538,true,151,118,131,138,heuristic
118,104142,5468,512,377,true,86,99,102,90,heuristic
119,104143,7056,512,481,true,140,101,131,109,heuristic
120,104144,5388,512,375,true,104,81,108,82,heuristic
121,104145,3088,256,245,true,71,53,68,53,heuristic
122,104146,7232,512,491,true,142,108,121,120,heuristic
123,104147,3180,256,264,true,81,60,72,51,heuristic
124,104148,11532,1024,683,true,172,168,191,152,heuristic
125,104149,12396,1024,736,true,199,170,186,181,heuristic
126,104150,3380,256,281,true,74,69,90,48,heuristic
127,104151,10324,512,658,true,160,182,171,145,heuristic
128,104152,10204,1024,596,true,160,144,169,123,heuristic
129,104153,7856,512,543,true,165,107,142,129,heuristic
130,104154,7532,512,515,true,148,106,142,119,heuristic
131,104155,7112,512,483,true,130,129,124,100,heuristic
132,104156,6888,512,465,true,109,124,136,96,heuristic
133,104157,7176,512,501,true,112,129,123,137,heuristic
134,104158,7400,512,517,true,131,125,135,126,heuristic
135,104159,12220,1024,730,true,205,167,164,194,heuristic
136,104160,7784,512,539,true,151,117,128,143,heuristic
137,104161,7144,512,487,true,133,117,127,110,heuristic
138,104162,12300,1024,735,true,211,171,175,178,heuristic
139,104163,7072,512,484,true,139,98,125,122,heuristic
140,104164,12428,1024,746,true,217,147,187,195,heuristic
141,104165,3068,256,253,true,63,74,66,50,heuristic
142,104166,12236,1024,735,true,180,187,186,182,heuristic
143,104167,3376,256,275,true,72,69,66,68,heuristic
144,104168,7168,512,492,true,123,128,135,106,heuristic
145,104169,7136,512,488,true,127,110,131,120,heuristic
146,104170,15800,1024,923,true,231,231,259,202,heuristic
147,104171,3180,256,264,true,77,51,70,66,heuristic
148,104172,3752,256,299,true,93,57,96,53,heuristic
149,104173,5676,512,397,true,107,92,99,99,heuristic
150,104174,7884,512,548,true,130,142,159,117,heuristic
151,104175,14168,1024,818,true,262,163,206,187,heuristic
152,104176,7280,512,505,true,132,133,123,117,heuristic
153,104177,7112,512,489,true,103,145,126,115,heuristic
154,104178,12252,1024,727,true,188,182,188,169,heuristic
155,104179,3528,256,290,true,70,74,78,68,heuristic
156,104180,7384,512,514,true,143,110,159,102,heuristic
157,104181,3120,256,260,true,72,52,69,67,heuristic
158,104182,7108,512,481,true,126,118,117,120,heuristic
159,104183,12408,1024,745,true,206,176,199,164,heuristic
160,104184,12040,1024,703,true,185,167,211,140,heuristic
161,104185,14304,1024,824,true,222,182,212,208,heuristic
162,104186,15272,1024,881,true,238,214,209,220,heuristic
163,104187,6740,512,454,true,124,116,131,83,heuristic
164,104188,7064,512,470,true,126,117,117,110,heuristic
165,104189,7152,512,492,true,131,116,129,116,heuristic
166,104190,7228,512,492,true,116,121,127,128,heuristic
167,104191,16092,1024,947,true,257,227,259,204,heuristic
168,104192,7336,512,506,true,129,114,135,128,heuristic
169,104193,7044,512,477,true,118,120,124,115,heuristic
170,104194,12108,1024,712,true,183,176,214,139,heuristic
171,104195,6360,512,431,true,133,90,115,93,heuristic
172,104196,6344,512,431,true,111,100,129,91,heuristic
173,104197,5796,512,419,true,124,88,103,104,heuristic
174,104198,6980,512,473,true,130,105,127,111,heuristic
175,104199,5448,512,382,true,89,98,106,89,heuristic
176,104200,7692,512,524,true,141,113,139,131,heuristic
177,104201,12212,1024,728,true,189,171,187,181,heuristic
178,104202,7196,512,497,true,131,113,137,116,heuristic
179,104203,6900,512,462,true,114,106,131,111,heuristic
180,104204,16084,1024,945,true,249,219,256,221,heuristic
181,104205,7212,512,491,true,124,132,124,111,heuristic
182,104206,13612,1024,775,true,198,197,185,195,heuristic
183,104207,5556,512,383,true,86,101,95,101,heuristic
184,104208,12036,1024,706,true,203,164,197,142,heuristic
185,104209,6316,512,424,true,107,104,109,104,heuristic
186,104210,12460,1024,747,true,194,181,195,177,heuristic
187,104211,3396,256,283,true,83,57,85,58,heuristic
188,104212,5452,512,384,true,114,87,101,82,heuristic
189,104213,7468,512,519,true,135,125,131,128,heuristic
190,104214,6504,512,448,true,121,117,120,90,heuristic
191,104215,6764,512,457,true,127,107,121,102,heuristic
192,104216,6124,512,423,true,118,88,116,101,heuristic
193,104217,13392,1024,753,true,209,165,200,179,heuristic
194,104218,7064,512,483,true,99,136,127,121,heuristic
195,104219,7792,512,536,true,152,132,116,136,heuristic
196,104220,12532,1024,760,true,172,200,203,185,heuristic
197,104221,7112,512,490,true,126,123,120,121,heuristic
198,104222,11848,1024,702,true,199,151,171,181,heuristic
199,104223,7148,512,491,true,109,135,134,113,heuristic
200,104224,6212,512,424,true,116,99,133,76,heuristic
201,104225,6472,512,438,true,111,102,119,106,heuristic
202,104226,3112,256,258,true,74,56,72,56,heuristic
203,104227,12128,1024,717,true,189,171,189,168,heuristic
204,104228,12068,1024,713,true,171,184,188,170,heuristic
205,104229,13984,1024,809,true,216,207,201,185,heuristic
206,104230,7792,512,541,true,159,121,122,139,heuristic
207,104231,3292,256,275,true,90,53,73,59,heuristic
208,104232,6636,512,452,true,92,132,117,111,heuristic
209,104233,12040,1024,713,true,197,157,181,178,heuristic
210,104234,3284,256,276,true,66,73,84,53,heuristic
211,104235,7368,512,508,true,109,144,131,124,heuristic
212,104236,7444,512,524,true,161,119,133,111,heuristic
213,104237,3224,256,270,true,68,70,68,64,heuristic
214,104238,3264,256,279,true,68,72,77,62,heuristic
215,104239,7340,512,499,true,119,136,118,126,heuristic
216,104240,6956,512,467,true,114,106,131,116,heuristic
217,104241,3284,256,267,true,87,54,69,57,heuristic
218,104242,6616,512,452,true,128,102,120,102,heuristic
219,104243,11712,1024,690,true,204,151,170,165,heuristic
220,104244,3480,256,294,true,78,66,81,69,heuristic
221,104245,7380,512,513,true,122,136,136,119,heuristic
222,104246,10720,1024,644,true,151,160,169,164,heuristic
223,104247,7072,512,484,true,128,119,126,111,heuristic
224,104248,3948,256,326,true,78,86,75,87,heuristic
225,104249,3244,256,267,true,66,71,58,72,heuristic
226,104250,15904,1024,936,true,233,241,276,186,heuristic
227,104251,15656,1024,922,true,238,245,238,201,heuristic
228,104252,7228,512,505,true,143,105,136,121,heuristic
229,104253,11348,1024,657,true,187,157,150,163,heuristic
230,104254,7172,512,497,true,121,131,115,130,heuristic
231,104255,2372,256,202,true,58,48,53,43,heuristic
232,104256,7016,512,476,true,123,115,142,96,heuristic
233,104257,3456,256,294,true,81,73,66,74,heuristic
234,104258,6840,512,459,true,116,102,120,121,heuristic
235,104259,7172,512,497,true,121,121,123,132,heuristic
236,104260,3528,256,294,true,91,68,79,56,heuristic
237,104261,15372,1024,901,true,210,226,234,231,heuristic
238,104262,12756,1024,761,true,194,195,185,187,heuristic
239,104263,6468,512,446,true,130,87,130,99,heuristic
240,104264,3456,256,285,true,69,58,86,72,heuristic
241,104265,7152,512,489,true,111,133,144,101,heuristic
242,104266,5464,512,382,true,94,95,111,82,heuristic
243,104267,6984,512,474,true,117,115,122,120,heuristic
244,104268,6884,512,469,true,135,109,101,124,heuristic
245,104269,11940,1024,704,true,202,163,184,155,heuristic
246,104270,7324,512,502,true,138,122,139,103,heuristic
247,104271,7096,512,490,true,112,136,122,120,heuristic
248,104272,7188,512,497,true,130,118,141,108,heuristic
249,104273,7264,512,499,true,142,103,131,123,heuristic
250,104274,6684,512,463,true,118,120,120,105,heuristic
251,104275,14580,1024,851,true,224,215,172,240,heuristic
252,104276,7116,512,490,true,121,122,146,101,heuristic
253,104277,7112,512,489,true,155,108,119,107,heuristic
254,104278,7044,512,477,true,130,100,159,88,heuristic
255,104279,7492,512,509,true,124,129,119,137,heuristic
256,104280,2764,256,229,true,62,57,50,60,heuristic
257,104281,3236,256,272,true,81,57,68,66,heuristic
258,104282,7252,512,509,true,121,149,131,108,heuristic
259,104283,12096,1024,711,true,173,188,186,164,heuristic
260,104284,7200,512,500,true,139,115,139,107,heuristic
261,104285,3776,256,316,true,84,82,80,70,heuristic
262,104286,12348,1024,732,true,217,160,197,158,heuristic
263,104287,5320,512,362,true,100,74,91,97,heuristic
264,104288,5432,512,378,true,99,83,90,106,heuristic
265,104289,6908,512,479,true,121,124,114,120,heuristic
266,104290,7192,512,498,true,140,110,134,114,heuristic
267,104291,11132,1024,663,true,173,166,163,161,heuristic
268,104292,7160,512,490,true,140,106,134,110,heuristic
269,104293,16188,1024,955,true,261,205,268,221,heuristic
270,104294,15800,1024,918,true,247,228,220,223,heuristic
271,104295,7764,512,529,true,117,146,138,128,heuristic
272,104296,11408,1024,664,true,165,178,161,160,heuristic
273,104297,7072,512,485,true,134,113,146,92,heuristic
274,104298,3376,256,276,true,74,73,62,67,heuristic
275,104299,3776,256,305,true,88,65,86,66,heuristic
276,104300,7384,512,513,true,144,100,129,140,heuristic
277,104301,4864,256,366,true,99,88,108,71,heuristic
278,104302,5432,512,378,true,100,93,89,96,heuristic
279,104303,3472,256,288,true,83,60,73,72,heuristic
280,104304,5944,512,412,true,88,112,130,82,heuristic
281,104305,11476,1024,674,true,199,157,150,168,heuristic
282,104306,6532,512,456,true,127,103,122,104,heuristic
283,104307,7676,512,523,true,136,125,117,145,heuristic
284,104308,10332,1024,596,true,159,132,149,156,heuristic
285,104309,5856,512,415,true,120,102,98,95,heuristic
286,104310,3380,256,278,true,68,78,62,70,heuristic
287,104311,7060,512,481,true,121,127,134,99,heuristic
288,104312,16084,1024,946,true,210,254,238,244,heuristic
289,104313,7004,512,480,true,113,126,130,111,heuristic
290,104314,2728,256,231,true,61,58,73,39,heuristic
291,104315,6956,512,472,true,127,119,106,120,heuristic
292,104316,12204,1024,717,true,178,190,172,177,heuristic
293,104317,3496,256,279,true,68,69,73,69,heuristic
294,104318,6412,512,432,true,123,101,116,92,heuristic
295,104319,14656,1024,845,true,216,204,178,247,heuristic
296,104320,13752,1024,782,true,186,200,188,208,heuristic
297,104321,7596,512,523,true,132,139,125,127,heuristic
298,104322,7524,512,531,true,147,138,118,128,heuristic
299,104323,5668,512,401,true,100,104,104,93,heuristic
300,104324,8000,512,567,true,143,135,124,165,heuristic
301,104325,7128,512,486,true,135,100,130,121,heuristic
302,104326,11644,1024,682,true,157,186,182,157,heuristic
303,104327,11644,1024,684,true,175,173,170,166,heuristic
304,104328,6224,512,442,true,108,126,112,96,heuristic
305,104329,1548,128,160,true,35,40,49,36,heuristic
306,104330,14428,1024,846,true,228,187,204,227,heuristic
307,104331,12364,1024,739,true,212,162,208,157,heuristic
308,104332,7868,512,553,true,142,135,152,124,heuristic
309,104333,7500,512,525,true,117,155,129,124,heuristic
310,104334,10580,1024,625,true,168,159,164,134,heuristic
311,104335,7464,512,500,true,128,122,128,122,heuristic
312,104336,5680,512,403,true,109,96,91,107,heuristic
313,104337,12156,1024,718,true,156,204,192,166,heuristic
314,104338,7904,512,547,true,153,127,131,136,heuristic
315,104339,6892,512,459,true,137,95,133,94,heuristic
316,104340,7204,512,500,true,132,121,108,139,heuristic
317,104341,7136,512,492,true,115,140,125,112,heuristic
318,104342,7504,512,512,true,134,136,123,119,heuristic
319,104343,7180,512,494,true,126,113,132,123,heuristic
320,104344,5812,512,399,true,134,74,98,93,heuristic
321,104345,6648,512,459,true,122,105,113,119,heuristic
322,104346,10520,1024,622,true,169,148,172,133,heuristic
323,104347,6472,512,440,true,136,98,96,110,heuristic
324,104348,6788,512,461,true,113,108,136,104,heuristic
325,104349,10660,1024,628,true,165,154,139,170,heuristic
326,104350,7116,512,491,true,146,116,107,122,heuristic
327,104351,12332,1024,742,true,154,217,208,163,heuristic
328,104352,4132,256,337,true,99,77,98,63,heuristic
329,104353,3476,256,292,true,78,71,83,60,heuristic
330,104354,14436,1024,847,true,191,218,207,231,heuristic
331,104355,7072,512,480,true,140,87,125,128,heuristic
332,104356,7116,512,491,true,133,112,148,98,heuristic
333,104357,7156,512,493,true,123,136,140,94,heuristic
334,104358,6892,512,470,true,130,111,131,98,heuristic
335,104359,3060,256,250,true,78,46,61,65,heuristic
336,104360,11868,1024,696,true,200,151,187,158,heuristic
337,104361,7068,512,484,true,126,118,112,128,heuristic
338,104362,3980,256,320,true,82,68,115,55,heuristic
339,104363,6924,512,475,true,115,123,133,104,heuristic
340,104364,7212,512,492,true,111,135,122,124,heuristic
341,104365,7044,512,482,true,128,109,117,128,heuristic
342,104366,3772,256,301,true,81,66,74,80,heuristic
343,104367,12196,1024,726,true,182,176,200,168,heuristic
344,104368,7092,512,485,true,126,121,133,105,heuristic
345,104369,7888,512,528,true,121,143,149,115,heuristic
346,104370,3376,256,276,true,58,82,83,53,heuristic
347,104371,7096,512,490,true,121,134,112,123,heuristic
348,104372,3868,256,312,true,85,73,66,88,heuristic
349,104373,6768,512,472,true,134,96,135,107,heuristic
350,104374,12460,1024,753,true,177,193,187,196,heuristic
351,104375,7152,512,492,true,116,133,104,139,heuristic
352,104376,7072,512,481,true,116,133,116,116,heuristic
353,104377,12420,1024,745,true,189,200,186,170,heuristic
354,104378,7168,512,492,true,101,135,133,123,heuristic
355,104379,10408,1024,606,true,154,151,166,135,heuristic
356,104380,8020,512,549,true,135,146,125,143,heuristic
357,104381,7152,512,489,true,113,128,138,110,heuristic
358,104382,14416,1024,836,true,241,187,198,210,heuristic
359,104383,7192,512,497,true,127,132,117,121,heuristic
360,104384,11524,1024,685,true,202,144,183,156,heuristic
361,104385,12244,1024,736,true,206,164,170,196,heuristic
362,104386,7120,512,488,true,150,109,125,104,heuristic
363,104387,11556,1024,677,true,169,175,168,165,heuristic
364,104388,5648,512,401,true,125,81,108,87,heuristic
365,104389,14116,1024,807,true,211,200,210,186,heuristic
366,104390,6960,512,473,true,126,107,131,109,heuristic
367,104391,12124,1024,723,true,192,163,195,173,heuristic
368,104392,6588,512,455,true,99,119,123,114,heuristic
369,104393,13688,1024,779,true,226,168,203,182,heuristic
370,104394,7804,512,538,true,145,131,133,129,heuristic
371,104395,7100,512,484,true,138,112,106,128,heuristic
372,104396,5696,512,400,true,97,104,86,113,heuristic
373,104397,6884,512,466,true,116,115,103,132,heuristic
374,104398,2632,256,219,true,69,47,61,42,heuristic
375,104399,7464,512,517,true,135,114,121,147,heuristic
376,104400,7056,512,481,true,109,128,126,118,heuristic
377,104401,5820,512,400,true,101,94,85,120,heuristic
378,104402,7396,512,517,true,137,122,126,132,heuristic
379,104403,5676,512,403,true,114,94,113,82,heuristic
380,104404,7640,512,530,true,144,130,138,118,heuristic
381,104405,7092,512,490,true,122,140,115,113,heuristic
382,104406,3192,256,267,true,85,46,77,59,heuristic
383,104407,6860,512,468,true,122,114,113,119,heuristic
384,104408,5324,512,365,true,83,102,96,84,heuristic
385,104409,5864,512,418,true,117,102,126,73,heuristic
386,104410,14448,1024,846,true,248,187,181,230,heuristic
387,104411,15784,1024,922,true,239,207,242,234,heuristic
388,104412,5760,512,409,true,95,111,94,109,heuristic
389,104413,5308,512,365,true,97,78,89,101,heuristic
390,104414,4028,256,321,true,87,68,95,71,heuristic
391,104415,7284,512,497,true,128,118,119,132,heuristic
392,104416,7424,512,515,true,147,113,143,112,heuristic
393,104417,5224,512,355,true,90,90,89,86,heuristic
394,104418,5532,512,391,true,111,93,98,89,heuristic
395,104419,7064,512,474,true,135,101,119,119,heuristic
396,104420,6540,512,446,true,119,103,116,108,heuristic
397,104421,11600,1024,688,true,180,176,184,148,heuristic
398,104422,12152,1024,719,true,199,179,214,127,heuristic
399,104423,6604,512,448,true,86,126,109,127,heuristic
400,104424,7204,512,501,true,124,122,119,136,heuristic
401,104425,7324,512,499,true,125,121,139,114,heuristic
402,104426,7720,512,539,true,144,116,154,125,heuristic
403,104427,15132,1024,902,true,236,218,215,233,heuristic
404,104428,7012,512,474,true,147,100,110,117,heuristic
405,104429,6400,512,439,true,110,104,114,111,heuristic
406,104430,6924,512,464,true,137,94,115,118,heuristic
407,104431,5324,512,368,true,89,105,93,81,heuristic
408,104432,7080,512,486,true,89,157,114,126,heuristic
409,104433,5784,512,406,true,95,105,126,80,heuristic
410,104434,16224,1024,960,true,249,234,240,237,heuristic
411,104435,15392,1024,885,true,213,246,242,184,heuristic
412,104436,10576,1024,621,true,159,147,176,139,heuristic
413,104437,6840,512,458,true,128,105,108,117,heuristic
414,104438,7256,512,501,true,136,115,109,141,heuristic
415,104439,6908,512,471,true,142,100,141,88,heuristic
416,104440,12104,1024,717,true,193,177,188,159,heuristic
417,104441,6500,512,449,true,117,103,135,94,heuristic
418,104442,3172,256,261,true,71,59,73,58,heuristic
419,104443,12152,1024,730,true,207,158,201,164,heuristic
420,104444,11992,1024,714,true,198,155,191,170,heuristic
421,104445,6264,512,413,true,103,99,106,105,heuristic
422,104446,6336,512,429,true,127,93,117,92,heuristic
423,104447,12156,1024,720,true,175,173,205,167,heuristic
424,104448,3920,256,319,true,91,66,94,68,heuristic
425,104449,5548,512,380,true,102,90,97,91,heuristic
426,104450,6372,512,426,true,107,108,107,104,heuristic
427,104451,5792,512,405,true,108,91,121,85,heuristic
428,104452,7184,512,495,true,147,120,121,107,heuristic
429,104453,6444,512,444,true,89,126,116,113,heuristic
430,104454,11472,1024,672,true,196,136,153,187,heuristic
431,104455,6852,512,466,true,120,123,113,110,heuristic
432,104456,12176,1024,720,true,158,195,178,189,heuristic
433,104457,3412,256,284,true,86,67,49,82,heuristic
434,104458,10444,1024,609,true,156,154,168,131,heuristic
435,104459,8020,512,530,true,155,121,128,126,heuristic
436,104460,10748,1024,634,true,176,148,163,147,heuristic
437,104461,3048,256,243,true,51,66,65,61,heuristic
438,104462,7060,512,481,true,114,125,119,123,heuristic
439,104463,3228,256,268,true,63,65,85,55,heuristic
440,104464,7120,512,491,true,147,103,128,113,heuristic
441,104465,5656,512,399,true,110,87,107,95,heuristic
442,104466,5444,512,382,true,94,99,109,80,heuristic
443,104467,7372,512,510,true,128,118,107,157,heuristic
444,104468,3488,256,292,true,88,66,68,70,heuristic
445,104469,7092,512,489,true,101,137,140,111,heuristic
446,104470,12240,1024,731,true,220,142,172,197,heuristic
447,104471,15088,1024,889,true,217,205,245,222,heuristic
448,104472,7176,512,493,true,110,139,147,97,heuristic
449,104473,3216,256,268,true,90,47,73,58,heuristic
450,104474,12320,1024,728,true,165,194,181,188,heuristic
451,104475,7280,512,505,true,143,106,139,117,heuristic
452,104476,12600,1024,765,true,186,191,187,201,heuristic
453,104477,5412,512,383,true,85,103,107,88,heuristic
454,104478,7912,512,548,true,140,107,165,136,heuristic
455,104479,14212,1024,830,true,239,187,219,185,heuristic
456,104480,10308,1024,590,true,150,147,157,136,heuristic
457,104481,14580,1024,850,true,206,221,209,214,heuristic
458,104482,7148,512,492,true,139,104,129,120,heuristic
459,104483,7012,512,478,true,107,124,123,124,heuristic
460,104484,12092,1024,716,true,194,153,212,157,heuristic
461,104485,6988,512,480,true,116,108,125,131,heuristic
462,104486,6532,512,441,true,139,93,111,98,heuristic
463,104487,6192,512,420,true,110,110,102,98,heuristic
464,104488,7216,512,492,true,120,137,112,123,heuristic
465,104489,7212,512,503,true,130,115,112,146,heuristic
466,104490,15096,1024,878,true,245,186,251,196,heuristic
467,104491,6000,512,427,true,102,110,110,105,heuristic
468,104492,3012,256,243,true,54,68,69,52,heuristic
469,104493,3824,256,312,true,82,69,112,49,heuristic
470,104494,12128,1024,724,true,208,167,167,182,heuristic
471,104495,3212,256,267,true,70,57,84,56,heuristic
472,104496,7340,512,503,true,140,119,136,108,heuristic
473,104497,20656,2048,1000,false,261,244,264,231,heuristic
474,104498,7376,512,511,true,138,118,143,112,heuristic
475,104499,7224,512,490,true,123,125,117,125,heuristic
476,104500,5288,512,359,true,110,76,90,83,heuristic
477,104501,3332,256,274,true,69,67,79,59,heuristic
478,104502,13652,1024,780,true,200,199,174,207,heuristic
479,104503,2788,256,241,true,67,62,61,51,heuristic
480,104504,6564,512,441,true,117,108,116,100,heuristic
481,104505,5268,512,367,true,86,109,86,86,heuristic
482,104506,6384,512,426,true,102,94,104,126,heuristic
483,104507,4144,256,336,true,116,69,68,83,heuristic
484,104508,12332,1024,738,true,215,141,173,209,heuristic
485,104509,7180,512,495,true,123,127,116,129,heuristic
486,104510,7020,512,475,true,126,109,128,112,heuristic
487,104511,12068,1024,709,true,168,183,170,188,heuristic
488,104512,8112,512,548,true,152,138,154,104,heuristic
489,104513,6500,512,441,true,116,111,115,99,heuristic
490,104514,7692,512,524,true,134,127,132,131,heuristic
491,104515,3056,256,250,true,63,58,63,66,heuristic
492,104516,14436,1024,837,true,233,201,193,210,heuristic
493,104517,6352,512,429,true,108,103,118,100,heuristic
494,104518,12196,1024,730,true,204,170,175,181,heuristic
495,104519,3284,256,269,true,72,61,61,75,heuristic
496,104520,15260,1024,894,true,214,243,203,234,heuristic
497,104521,7156,512,490,true,148,102,127,113,heuristic
498,104522,11836,1024,693,true,194,140,211,148,heuristic
499,104523,7080,512,485,true,135,110,126,114,heuristic
500,104524,7152,512,492,true,117,130,115,130,heuristic
501,104525,14432,1024,841,true,211,202,232,196,heuristic
502,104526,14432,1024,837,true,190,230,189,228,heuristic
503,104527,7044,512,478,true,134,118,108,118,heuristic
504,104528,12052,1024,709,true,185,166,201,157,heuristic
505,104529,7360,512,508,true,128,121,143,116,heuristic
506,104530,3228,256,271,true,76,51,73,71,heuristic
507,104531,7204,512,493,true,153,98,117,125,heuristic
508,104532,3928,256,321,true,84,83,81,73,heuristic
509,104533,10440,1024,612,true,147,161,178,126,heuristic
510,104534,12564,1024,742,true,209,157,185,191,heuristic
511,104535,7148,512,487,true,126,117,147,97,heuristic
512,104536,3180,256,264,true,85,54,48,77,heuristic
513,104537,11812,1024,682,true,169,160,187,166,heuristic
514,104538,14440,1024,841,true,222,220,206,193,heuristic
515,104539,3448,256,287,true,79,63,81,64,heuristic
516,104540,3204,256,269,true,68,67,57,77,heuristic
517,104541,7332,512,500,true,147,102,144,107,heuristic
518,104542,12484,1024,753,true,182,208,181,182,heuristic
519,104543,3152,256,257,true,69,58,61,69,heuristic
520,104544,6752,512,450,true,116,118,117,99,heuristic
521,104545,5412,512,381,true,103,77,107,94,heuristic
522,104546,14368,1024,836,true,203,218,213,202,heuristic
523,104547,12208,1024,727,true,187,177,180,183,heuristic
524,104548,5768,512,412,true,94,107,82,129,heuristic
525,104549,7168,512,492,true,108,142,121,121,heuristic
526,104550,14924,1024,878,true,207,233,222,216,heuristic
527,104551,5476,512,388,true,88,106,103,91,heuristic
528,104552,3160,256,263,true,66,57,70,70,heuristic
529,104553,14152,1024,815,true,218,193,204,200,heuristic
530,104554,12368,1024,735,true,222,139,177,197,heuristic
531,104555,12100,1024,714,true,187,166,175,186,heuristic
532,104556,15940,1024,940,true,245,229,265,201,heuristic
533,104557,7236,512,508,true,140,118,138,112,heuristic
534,104558,12212,1024,730,true,190,189,179,172,heuristic
535,104559,12336,1024,744,true,210,173,180,181,heuristic
536,104560,5984,512,417,true,116,105,94,102,heuristic
537,104561,3332,256,270,true,76,61,66,67,heuristic
538,104562,11476,1024,673,true,187,149,179,158,heuristic
539,104563,7388,512,504,true,122,134,116,132,heuristic
540,104564,5640,512,398,true,108,72,136,82,heuristic
541,104565,12760,1024,760,true,191,193,177,199,heuristic
542,104566,7096,512,486,true,127,117,114,128,heuristic
543,104567,10544,1024,629,true,154,163,157,155,heuristic
544,104568,7208,512,495,true,137,116,115,127,heuristic
545,104569,4720,512,325,true,94,84,76,71,heuristic
546,104570,6836,512,453,true,149,94,122,88,heuristic
547,104571,5388,512,368,true,98,75,106,89,heuristic
548,104572,6452,512,441,true,137,89,100,115,heuristic
549,104573,5684,512,394,true,105,87,105,97,heuristic
550,104574,11320,1024,655,true,151,166,182,156,heuristic
551,104575,6480,512,448,true,124,100,105,119,heuristic
552,104576,3280,256,276,true,78,68,68,62,heuristic
553,104577,14388,1024,842,true,239,196,207,200,heuristic
554,104578,5436,512,380,true,88,99,112,81,heuristic
555,104579,6552,512,454,true,115,122,113,104,heuristic
556,104580,3376,256,280,true,73,65,77,65,heuristic
557,104581,11788,1024,702,true,200,156,172,174,heuristic
558,104582,3240,256,266,true,77,58,66,65,heuristic
559,104583,6460,512,443,true,107,119,116,101,heuristic
560,104584,1456,128,153,true,42,32,38,41,heuristic
561,104585,7256,512,502,true,110,117,138,137,heuristic
562,104586,5440,512,380,true,107,89,94,90,heuristic
563,104587,7136,512,491,true,123,138,114,116,heuristic
564,104588,15220,1024,874,true,236,206,244,188,heuristic
565,104589,7344,512,505,true,141,118,127,119,heuristic
566,104590,15548,1024,922,true,241,230,252,199,heuristic
567,104591,3444,256,286,true,73,63,74,76,heuristic
568,104592,3152,256,260,true,79,55,69,57,heuristic
569,104593,3172,256,262,true,87,54,68,53,heuristic
570,104594,7076,512,480,true,119,126,109,126,heuristic
571,104595,7624,512,522,true,115,145,147,115,heuristic
572,104596,12096,1024,717,true,185,172,200,160,heuristic
573,104597,11960,1024,695,true,188,173,147,187,heuristic
574,104598,12340,1024,737,true,189,188,148,212,heuristic
575,104599,12136,1024,718,true,201,176,172,169,heuristic
576,104600,7304,512,505,true,132,117,145,111,heuristic
577,104601,7840,512,535,true,144,135,119,137,heuristic
578,104602,12564,1024,748,true,174,189,188,197,heuristic
579,104603,7372,512,495,true,121,126,130,118,heuristic
580,104604,7684,512,540,true,108,167,162,103,heuristic
581,104605,5568,512,381,true,91,95,105,90,heuristic
582,104606,15832,1024,918,true,228,228,234,228,heuristic
583,104607,6848,512,460,true,112,124,111,113,heuristic
584,104608,7228,512,496,true,137,116,119,124,heuristic
585,104609,7800,512,538,true,128,152,143,115,heuristic
586,104610,1480,128,151,true,52,20,46,33,heuristic
587,104611,11696,1024,682,true,179,148,190,165,heuristic
588,104612,12196,1024,725,true,159,201,190,175,heuristic
589,104613,3144,256,260,true,75,58,67,60,heuristic
590,104614,7400,512,505,true,125,148,124,108,heuristic
591,104615,12164,1024,716,true,184,167,188,177,heuristic
592,104616,7404,512,510,true,126,147,139,98,heuristic
593,104617,5432,512,379,true,112,78,102,87,heuristic
594,104618,12092,1024,716,true,164,185,163,204,heuristic
595,104619,8092,512,535,true,147,118,149,121,heuristic
596,104620,3080,256,255,true,61,69,64,61,heuristic
597,104621,7152,512,499,true,114,132,118,135,heuristic
598,104622,11892,1024,693,true,170,190,166,167,heuristic
599,104623,6132,512,407,true,107,105,108,87,heuristic
600,104624,7724,512,532,true,124,135,127,146,heuristic
601,104625,7132,512,492,true,116,130,139,107,heuristic
602,104626,11412,1024,672,true,187,150,177,158,heuristic
603,104627,12444,1024,753,true,160,216,182,195,heuristic
604,104628,14388,1024,841,true,210,195,228,208,heuristic
605,104629,6828,512,459,true,125,108,127,99,heuristic
606,104630,11660,1024,695,true,192,174,174,155,heuristic
607,104631,7276,512,508,true,156,106,120,126,heuristic
608,104632,5392,512,374,true,99,86,82,107,heuristic
609,104633,6976,512,465,true,120,105,152,88,heuristic
610,104634,13640,1024,809,true,213,181,229,186,heuristic
611,104635,7152,512,492,true,131,125,114,122,heuristic
612,104636,12224,1024,721,true,174,184,209,154,heuristic
613,104637,12136,1024,711,true,205,160,181,165,heuristic
614,104638,12184,1024,721,true,186,163,186,186,heuristic
615,104639,7148,512,491,true,136,108,133,114,heuristic
616,104640,6652,512,455,true,125,101,114,115,heuristic
617,104641,6100,512,427,true,104,114,118,91,heuristic
618,104642,5468,512,382,true,130,62,93,97,heuristic
619,104643,7096,512,486,true,120,124,137,105,heuristic
620,104644,6436,512,437,true,137,83,115,102,heuristic
621,104645,7088,512,484,true,118,117,134,115,heuristic
622,104646,7116,512,491,true,130,130,112,119,heuristic
623,104647,7272,512,499,true,134,120,115,130,heuristic
624,104648,4720,512,325,true,100,68,69,88,heuristic
625,104649,6720,512,465,true,124,110,112,119,heuristic
626,104650,5752,512,411,true,113,90,118,90,heuristic
627,104651,14312,1024,822,true,209,214,198,201,heuristic
628,104652,7200,512,499,true,121,116,131,131,heuristic
629,104653,6868,512,470,true,115,120,128,107,heuristic
630,104654,10508,1024,611,true,152,156,171,132,heuristic
631,104655,6896,512,473,true,134,120,95,124,heuristic
632,104656,3740,256,304,true,83,59,67,95,heuristic
633,104657,7096,512,491,true,130,123,113,125,heuristic
634,104658,7280,512,499,true,132,121,135,111,heuristic
635,104659,5672,512,395,true,100,97,104,94,heuristic
636,104660,3772,256,303,true,86,65,95,57,heuristic
637,104661,7252,512,494,true,140,111,120,123,heuristic
638,104662,3532,256,283,true,72,61,87,63,heuristic
639,104663,12416,1024,749,true,180,189,204,176,heuristic
640,104664,12100,1024,718,true,201,158,197,162,heuristic
641,104665,7132,512,488,true,117,135,132,104,heuristic
642,104666,6440,512,439,true,114,115,115,95,heuristic
643,104667,7328,512,502,true,141,115,133,113,heuristic
644,104668,7012,512,474,true,141,104,107,122,heuristic
645,104669,12196,1024,724,true,180,171,186,187,heuristic
646,104670,12224,1024,732,true,195,183,212,142,heuristic
647,104671,7820,512,544,true,157,115,109,163,heuristic
648,104672,3544,256,294,true,97,61,58,78,heuristic
649,104673,5412,512,378,true,104,79,106,89,heuristic
650,104674,3916,256,320,true,81,74,89,76,heuristic
651,104675,6380,512,436,true,117,100,114,105,heuristic
652,104676,14260,1024,829,true,188,226,236,179,heuristic
653,104677,3312,256,269,true,72,61,59,77,heuristic
654,104678,6796,512,452,true,126,100,101,125,heuristic
655,104679,7084,512,483,true,110,134,104,135,heuristic
656,104680,3212,256,267,true,70,54,69,74,heuristic
657,104681,7368,512,513,true,144,125,116,128,heuristic
658,104682,7144,512,485,true,133,117,128,107,heuristic
659,104683,6748,512,453,true,125,99,118,111,heuristic
660,104684,14408,1024,845,true,195,228,210,212,heuristic
661,104685,10252,1024,588,true,131,169,148,140,heuristic
662,104686,3384,256,278,true,84,50,75,69,heuristic
663,104687,5384,512,379,true,97,78,124,80,heuristic
664,104688,11052,1024,628,true,176,147,147,158,heuristic
665,104689,2400,256,208,true,55,57,55,41,heuristic
666,104690,7000,512,472,true,133,114,124,101,heuristic
667,104691,3188,256,261,true,59,75,71,56,heuristic
668,104692,10328,1024,595,true,167,134,145,149,heuristic
669,104693,6340,512,429,true,125,84,119,101,heuristic
670,104694,7192,512,494,true,138,119,113,124,heuristic
671,104695,12180,1024,720,true,195,171,162,192,heuristic
672,104696,13164,1024,787,true,217,178,194,198,heuristic
673,104697,13048,1024,783,true,210,176,220,177,heuristic
674,104698,6460,512,440,true,122,96,98,124,heuristic
675,104699,3260,256,267,true,84,57,81,45,heuristic
676,104700,14336,1024,829,true,210,213,221,185,heuristic
677,104701,8116,512,541,true,138,136,139,128,heuristic
678,104702,6068,512,405,true,99,103,110,93,heuristic
679,104703,6400,512,430,true,108,117,119,86,heuristic
680,104704,13628,1024,775,true,247,154,190,184,heuristic
681,104705,7296,512,507,true,124,122,130,131,heuristic
682,104706,6296,512,420,true,98,111,103,108,heuristic
683,104707,4920,512,342,true,90,69,105,78,heuristic
684,104708,12044,1024,703,true,203,151,154,195,heuristic
685,104709,12404,1024,745,true,185,206,157,197,heuristic
686,104710,6040,512,421,true,117,101,112,91,heuristic
687,104711,5564,512,384,true,100,99,95,90,heuristic
688,104712,6440,512,440,true,136,84,116,104,heuristic
689,104713,7092,512,482,true,119,129,126,108,heuristic
690,104714,6600,512,447,true,99,122,113,113,heuristic
691,104715,12016,1024,701,true,182,152,191,176,heuristic
692,104716,11312,1024,649,true,195,146,147,161,heuristic
693,104717,7052,512,481,true,123,111,127,120,heuristic
694,104718,10700,1024,634,true,148,173,169,144,heuristic
695,104719,8100,512,546,true,156,137,139,114,heuristic
696,104720,3860,256,317,true,103,63,101,50,heuristic
697,104721,12912,1024,779,true,208,189,194,188,heuristic
698,104722,7084,512,482,true,113,140,133,96,heuristic
699,104723,6476,512,447,true,117,111,120,99,heuristic
700,104724,7144,512,492,true,152,101,122,117,heuristic
701,104725,11776,1024,699,true,169,175,182,173,heuristic
702,104726,4376,256,338,true,109,67,93,69,heuristic
703,104727,6136,512,411,true,113,98,117,83,heuristic
704,104728,7092,512,489,true,124,126,127,112,heuristic
705,104729,5332,512,369,true,94,95,101,79,heuristic
706,104730,6664,512,462,true,129,98,134,101,heuristic
707,104731,12344,1024,744,true,189,200,192,163,heuristic
708,104732,11680,1024,687,true,172,173,180,162,heuristic
709,104733,5644,512,396,true,91,104,110,91,heuristic
710,104734,7108,512,482,true,129,120,119,114,heuristic
711,104735,3096,256,253,true,74,57,63,59,heuristic
712,104736,15972,1024,933,true,256,210,229,238,heuristic
713,104737,12148,1024,725,true,190,178,187,170,heuristic
714,104738,5444,512,382,true,97,96,95,94,heuristic
715,104739,15624,1024,907,true,255,218,187,247,heuristic
716,104740,15916,1024,935,true,229,236,259,211,heuristic
717,104741,5616,512,393,true,96,99,103,95,heuristic
718,104742,3332,256,275,true,76,66,77,56,heuristic
719,104743,7232,512,503,true,141,117,126,119,heuristic
720,104744,7084,512,487,true,140,111,105,131,heuristic
721,104745,12060,1024,709,true,191,162,191,165,heuristic
722,104746,7312,512,500,true,129,124,127,120,heuristic
723,104747,7208,512,500,true,134,106,128,132,heuristic
724,104748,7232,512,499,true,126,131,124,118,heuristic
725,104749,11428,1024,665,true,182,165,143,175,heuristic
726,104750,10060,1024,586,true,154,131,150,151,heuristic
727,104751,12156,1024,728,true,191,188,175,174,heuristic
728,104752,11648,1024,684,true,199,155,172,158,heuristic
729,104753,14700,1024,864,true,221,204,240,199,heuristic
730,104754,12184,1024,726,true,171,189,179,187,heuristic
731,104755,7232,512,494,true,119,127,103,145,heuristic
732,104756,11900,1024,699,true,198,159,184,158,heuristic
733,104757,15244,1024,877,true,204,212,225,236,heuristic
734,104758,5324,512,367,true,77,107,118,65,heuristic
735,104759,6340,512,430,true,108,98,131,93,heuristic
736,104760,14788,1024,862,true,237,199,219,207,heuristic
737,104761,7064,512,483,true,127,115,125,116,heuristic
738,104762,3356,256,275,true,76,59,89,51,heuristic
739,104763,7212,512,502,true,135,124,120,123,heuristic
740,104764,13736,1024,786,true,217,175,184,210,heuristic
741,104765,3188,256,266,true,79,60,76,51,heuristic
742,104766,3376,256,276,true,66,70,91,49,heuristic
743,104767,3416,256,283,true,78,73,69,63,heuristic
744,104768,3836,256,312,true,96,61,81,74,heuristic
745,104769,6488,512,446,true,141,90,127,88,heuristic
746,104770,7068,512,484,true,131,121,106,126,heuristic
747,104771,12320,1024,728,true,204,167,200,157,heuristic
748,104772,5372,512,373,true,89,103,91,90,heuristic
749,104773,15824,1024,928,true,221,238,217,252,heuristic
750,104774,7516,512,528,true,129,134,127,138,heuristic
751,104775,14368,1024,836,true,225,202,235,174,heuristic
752,104776,5688,512,400,true,109,100,78,113,heuristic
753,104777,12196,1024,725,true,211,149,193,172,heuristic
754,104778,7392,512,517,true,127,133,132,125,heuristic
755,104779,12156,1024,719,true,191,174,182,172,heuristic
756,104780,7408,512,508,true,126,120,145,117,heuristic
757,104781,12656,1024,751,true,200,177,181,193,heuristic
758,104782,3108,256,251,true,59,62,77,53,heuristic
759,104783,7260,512,492,true,117,130,144,101,heuristic
760,104784,6968,512,474,true,108,127,118,121,heuristic
761,104785,7184,512,496,true,138,118,134,106,heuristic
762,104786,6548,512,450,true,117,105,128,100,heuristic
763,104787,3208,256,270,true,77,61,75,57,heuristic
764,104788,7584,512,522,true,121,140,133,128,heuristic
765,104789,7112,512,482,true,130,119,109,124,heuristic
766,104790,7288,512,495,true,130,119,126,120,heuristic
767,104791,7264,512,504,true,139,122,133,110,heuristic
768,104792,7024,512,488,true,127,109,142,110,heuristic
769,104793,10612,1024,628,true,157,157,155,159,heuristic
770,104794,7488,512,528,true,129,139,131,129,heuristic
771,104795,11504,1024,681,true,170,181,173,157,heuristic
772,104796,8076,512,543,true,168,98,144,133,heuristic
773,104797,6560,512,453,true,117,115,117,104,heuristic
774,104798,3196,256,267,true,77,64,69,57,heuristic
775,104799,7100,512,487,true,119,128,127,113,heuristic
776,104800,14408,1024,842,true,260,163,211,208,heuristic
777,104801,6376,512,434,true,116,107,127,84,heuristic
778,104802,3304,256,275,true,69,68,86,52,heuristic
779,104803,6156,512,434,true,110,98,125,101,heuristic
780,104804,12140,1024,716,true,178,194,211,133,heuristic
781,104805,4812,512,325,true,82,85,91,67,heuristic
782,104806,7240,512,505,true,141,121,132,111,heuristic
783,104807,15068,1024,868,true,260,201,221,186,heuristic
784,104808,14492,1024,851,true,213,223,204,211,heuristic
785,104809,5336,512,367,true,86,98,77,106,heuristic
786,104810,7064,512,483,true,129,123,111,120,heuristic
787,104811,7284,512,504,true,144,113,133,114,heuristic
788,104812,7780,512,537,true,140,132,137,128,heuristic
789,104813,14632,1024,855,true,207,208,210,230,heuristic
790,104814,12308,1024,738,true,174,205,197,162,heuristic
791,104815,6728,512,448,true,112,113,124,99,heuristic
792,104816,4048,256,305,true,93,58,70,84,heuristic
793,104817,10460,1024,612,true,152,144,158,158,heuristic
794,104818,6944,512,469,true,110,126,115,118,heuristic
795,104819,7120,512,492,true,122,130,138,102,heuristic
796,104820,5736,512,406,true,98,104,103,101,heuristic
797,104821,6048,512,421,true,103,100,104,114,heuristic
798,104822,7136,512,488,true,130,129,128,101,heuristic
799,104823,7044,512,478,true,127,106,117,128,heuristic
800,104824,3088,256,253,true,71,57,55,70,heuristic
801,104825,3316,256,280,true,72,63,77,68,heuristic
802,104826,7292,512,503,true,120,140,126,117,heuristic
803,104827,3468,256,288,true,91,46,72,79,heuristic
804,104828,3276,256,272,true,66,72,81,53,heuristic
805,104829,7148,512,493,true,128,123,111,131,heuristic
806,104830,7696,512,524,true,125,136,127,136,heuristic
807,104831,7324,512,499,true,145,116,145,93,heuristic
808,104832,12068,1024,710,true,198,152,200,160,heuristic
809,104833,12152,1024,714,true,165,197,164,188,heuristic
810,104834,7792,512,537,true,133,142,131,131,heuristic
811,104835,7064,512,479,true,117,120,123,119,heuristic
812,104836,12124,1024,724,true,176,198,173,177,heuristic
813,104837,5528,512,381,true,103,91,93,94,heuristic
814,104838,11988,1024,706,true,164,193,204,145,heuristic
815,104839,11484,1024,674,true,178,155,190,151,heuristic
816,104840,5512,512,386,true,103,87,107,89,heuristic
817,104841,6768,512,457,true,101,124,118,114,heuristic
818,104842,7092,512,485,true,107,124,114,140,heuristic
819,104843,6892,512,468,true,146,97,116,109,heuristic
820,104844,7516,512,523,true,121,144,140,118,heuristic
821,104845,14180,1024,806,true,227,180,224,175,heuristic
822,104846,10500,1024,621,true,160,169,141,151,heuristic
823,104847,12760,1024,766,true,216,161,176,213,heuristic
824,104848,3824,256,312,true,73,86,66,87,heuristic
825,104849,11876,1024,694,true,179,170,175,170,heuristic
826,104850,6880,512,468,true,113,127,98,130,heuristic
827,104851,5412,512,374,true,92,83,98,101,heuristic
828,104852,7348,512,506,true,157,96,147,106,heuristic
829,104853,5784,512,418,true,109,104,100,105,heuristic
830,104854,7060,512,481,true,108,128,128,117,heuristic
831,104855,3252,256,276,true,85,60,73,58,heuristic
832,104856,12044,1024,705,true,183,167,204,151,heuristic
833,104857,14276,1024,819,true,198,212,219,190,heuristic
834,104858,6332,512,428,true,88,118,130,92,heuristic
835,104859,7360,512,512,true,149,95,163,105,heuristic
836,104860,6756,512,454,true,105,112,135,102,heuristic
837,104861,10492,1024,616,true,167,139,154,156,heuristic
838,104862,7372,512,511,true,139,117,117,138,heuristic
839,104863,3808,256,305,true,86,64,67,88,heuristic
840,104864,7040,512,482,true,124,128,98,132,heuristic
841,104865,7464,512,521,true,122,128,139,132,heuristic
842,104866,3492,256,293,true,75,61,86,71,heuristic
843,104867,11752,1024,694,true,165,171,181,177,heuristic
844,104868,7172,512,493,true,125,139,118,111,heuristic
845,104869,3688,256,295,true,94,53,78,70,heuristic
846,104870,7040,512,477,true,131,107,104,135,heuristic
847,104871,5424,512,375,true,105,92,96,82,heuristic
848,104872,12352,1024,736,true,190,190,187,169,heuristic
849,104873,5344,512,373,true,83,103,115,72,heuristic
850,104874,6376,512,434,true,109,93,117,115,heuristic
851,104875,7140,512,490,true,126,111,127,126,heuristic
852,104876,5472,512,382,true,90,116,94,82,heuristic
853,104877,12156,1024,715,true,185,171,178,181,heuristic
854,104878,5640,512,395,true,97,102,95,101,heuristic
855,104879,5556,512,393,true,90,99,91,113,heuristic
856,104880,6752,512,454,true,129,98,126,101,heuristic
857,104881,11780,1024,701,true,191,168,172,170,heuristic
858,104882,7292,512,497,true,142,109,125,121,heuristic
859,104883,7468,512,508,true,119,131,123,135,heuristic
860,104884,7916,512,516,true,142,127,107,140,heuristic
861,104885,12280,1024,719,true,201,148,174,196,heuristic
862,104886,1436,128,148,true,37,43,28,40,heuristic
863,104887,15388,1024,894,true,242,217,225,210,heuristic
864,104888,4900,512,337,true,98,72,83,84,heuristic
865,104889,7108,512,486,true,131,117,135,103,heuristic
866,104890,7168,512,491,true,119,126,102,144,heuristic
867,104891,7032,512,480,true,130,120,125,105,heuristic
868,104892,10648,1024,625,true,140,162,172,151,heuristic
869,104893,7072,512,485,true,115,129,115,126,heuristic
870,104894,7020,512,471,true,116,123,113,119,heuristic
871,104895,5436,512,379,true,77,105,103,94,heuristic
872,104896,3896,256,315,true,88,75,68,84,heuristic
873,104897,6640,512,458,true,140,94,121,103,heuristic
874,104898,13688,1024,789,true,195,208,171,215,heuristic
875,104899,16324,1024,972,true,244,240,258,230,heuristic
876,104900,10748,1024,636,true,168,152,167,149,heuristic
877,104901,7284,512,498,true,125,129,141,103,heuristic
878,104902,6812,512,478,true,142,105,108,123,heuristic
879,104903,7064,512,483,true,105,128,123,127,heuristic
880,104904,5340,512,368,true,103,80,96,89,heuristic
881,104905,7124,512,482,true,116,130,111,125,heuristic
882,104906,12088,1024,714,true,221,151,164,178,heuristic
883,104907,5408,512,378,true,89,97,110,82,heuristic
884,104908,7324,512,504,true,115,131,121,137,heuristic
885,104909,7036,512,480,true,125,119,115,121,heuristic
886,104910,12396,1024,742,true,198,174,212,158,heuristic
887,104911,10496,1024,619,true,171,155,162,131,heuristic
888,104912,6948,512,474,true,104,131,109,130,heuristic
889,104913,7492,512,510,true,122,123,135,130,heuristic
890,104914,7040,512,477,true,135,98,131,113,heuristic
891,104915,6124,512,428,true,117,101,123,87,heuristic
892,104916,12200,1024,727,true,191,176,174,186,heuristic
893,104917,7016,512,471,true,116,122,134,99,heuristic
894,104918,12500,1024,759,true,196,196,185,182,heuristic
895,104919,6444,512,443,true,90,121,129,103,heuristic
896,104920,7212,512,497,true,151,100,103,143,heuristic
897,104921,3476,256,288,true,75,80,86,47,heuristic
898,104922,15692,1024,927,true,229,233,233,232,heuristic
899,104923,6452,512,441,true,132,93,122,94,heuristic
900,104924,7096,512,489,true,124,117,122,126,heuristic
901,104925,5412,512,378,true,114,76,79,109,heuristic
902,104926,3216,256,267,true,61,66,77,63,heuristic
903,104927,5452,512,380,true,112,82,87,99,heuristic
904,104928,12424,1024,749,true,180,193,179,197,heuristic
905,104929,7236,512,505,true,105,143,122,135,heuristic
906,104930,11812,1024,707,true,206,144,216,141,heuristic
907,104931,5596,512,387,true,103,95,101,88,heuristic
908,104932,12204,1024,731,true,230,128,191,182,heuristic
909,104933,14384,1024,837,true,239,176,212,210,heuristic
910,104934,7348,512,505,true,142,111,135,117,heuristic
911,104935,11004,1024,662,true,174,156,165,167,heuristic
912,104936,7068,512,482,true,132,124,123,103,heuristic
913,104937,7092,512,478,true,132,117,112,117,heuristic
914,104938,6896,512,473,true,139,98,141,95,heuristic
915,104939,7404,512,514,true,142,123,129,120,heuristic
916,104940,13656,1024,782,true,192,200,219,171,heuristic
917,104941,6468,512,445,true,118,98,114,115,heuristic
918,104942,3188,256,262,true,69,60,71,62,heuristic
919,104943,5708,512,407,true,137,83,109,78,heuristic
920,104944,7196,512,495,true,128,118,143,106,heuristic
921,104945,3072,256,248,true,56,64,57,71,heuristic
922,104946,7328,512,514,true,130,130,139,115,heuristic
923,104947,6972,512,481,true,143,99,114,125,heuristic
924,104948,12088,1024,714,true,169,193,193,159,heuristic
925,104949,7008,512,468,true,126,114,117,111,heuristic
926,104950,7056,512,481,true,126,125,117,113,heuristic
927,104951,1372,128,143,true,50,22,37,34,heuristic
928,104952,6444,512,435,true,118,96,93,128,heuristic
929,104953,5332,512,366,true,75,101,96,94,heuristic
930,104954,4128,256,325,true,85,79,91,70,heuristic
931,104955,7116,512,482,true,118,132,125,107,heuristic
932,104956,15604,1024,910,true,224,240,210,236,heuristic
933,104957,6892,512,468,true,112,124,140,92,heuristic
934,104958,14412,1024,844,true,222,197,249,176,heuristic
935,104959,7164,512,495,true,128,123,124,120,heuristic
936,104960,14628,1024,855,true,199,232,241,183,heuristic
937,104961,3224,256,270,true,65,65,80,60,heuristic
938,104962,7188,512,497,true,127,120,143,107,heuristic
939,104963,5204,512,369,true,100,90,101,78,heuristic
940,104964,14292,1024,815,true,232,191,198,194,heuristic
941,104965,3196,256,264,true,82,56,78,48,heuristic
942,104966,7008,512,469,true,120,121,110,118,heuristic
943,104967,6564,512,442,true,107,121,97,117,heuristic
944,104968,11512,1024,677,true,184,163,150,180,heuristic
945,104969,7304,512,510,true,104,137,147,122,heuristic
946,104970,3084,256,256,true,73,57,77,49,heuristic
947,104971,10552,1024,622,true,167,149,164,142,heuristic
948,104972,5416,512,374,true,113,73,102,86,heuristic
949,104973,15380,1024,897,true,247,206,211,233,heuristic
950,104974,7056,512,481,true,152,105,114,110,heuristic
951,104975,7084,512,488,true,134,126,129,99,heuristic
952,104976,11564,1024,690,true,175,184,158,173,heuristic
953,104977,7028,512,469,true,129,121,110,109,heuristic
954,104978,7404,512,514,true,128,125,141,120,heuristic
955,104979,3920,256,323,true,93,76,79,75,heuristic
956,104980,12552,1024,755,true,186,186,178,205,heuristic
957,104981,5456,512,384,true,88,104,92,100,heuristic
958,104982,10444,1024,607,true,132,158,158,159,heuristic
959,104983,8120,512,550,true,166,102,133,149,heuristic
960,104984,6692,512,458,true,111,114,128,105,heuristic
961,104985,11480,1024,669,true,162,179,170,158,heuristic
962,104986,2440,256,207,true,46,52,63,46,heuristic
963,104987,15804,1024,912,true,236,223,216,237,heuristic
964,104988,10648,1024,629,true,153,156,165,155,heuristic
965,104989,7304,512,498,true,154,109,113,122,heuristic
966,104990,5616,512,397,true,90,107,111,89,heuristic
967,104991,7064,512,483,true,120,118,137,108,heuristic
968,104992,7072,512,484,true,143,101,131,109,heuristic
969,104993,2824,256,231,true,52,61,46,72,heuristic
970,104994,5496,512,389,true,99,83,113,94,heuristic
971,104995,5520,512,386,true,106,92,104,84,heuristic
972,104996,6132,512,410,true,114,97,105,94,heuristic
973,104997,6448,512,440,true,108,115,119,98,heuristic
974,104998,3488,256,289,true,70,75,93,51,heuristic
975,104999,6872,512,462,true,119,113,122,108,heuristic
976,105000,14660,1024,861,true,212,223,212,214,heuristic
977,105001,7372,512,511,true,138,112,121,140,heuristic
978,105002,2852,256,230,true,44,67,65,54,heuristic
979,105003,4996,512,349,true,84,75,124,66,heuristic
980,105004,12012,1024,707,true,174,192,176,165,heuristic
981,105005,7264,512,493,true,102,132,127,132,heuristic
982,105006,6464,512,440,true,128,96,101,115,heuristic
983,105007,3336,256,275,true,77,68,66,64,heuristic
984,105008,15992,1024,931,true,251,206,244,230,heuristic
985,105009,3776,256,301,true,98,56,88,59,heuristic
986,105010,6648,512,456,true,127,104,111,114,heuristic
987,105011,3084,256,255,true,84,49,63,59,heuristic
988,105012,7184,512,494,true,144,118,121,111,heuristic
989,105013,7152,512,492,true,106,129,128,129,heuristic
990,105014,3428,256,282,true,85,64,70,63,heuristic
991,105015,7120,512,492,true,134,116,149,93,heuristic
992,105016,7204,512,501,true,128,125,139,109,heuristic
993,105017,5428,512,378,true,91,101,105,81,heuristic
994,105018,12804,1024,765,true,173,197,201,194,heuristic
995,105019,7116,512,495,true,124,124,143,104,heuristic
996,105020,11752,1024,694,true,179,160,210,145,heuristic
997,105021,10452,1024,609,true,164,138,153,154,heuristic
998,105022,6988,512,479,true,124,123,124,108,heuristic
999,105023,7080,512,483,true,143,105,115,120,heuristic
1000,105024,3324,256,282,true,80,70,57,75,heuristic
1001,105025,7416,512,517,true,131,130,135,121,heuristic
1002,105026,7280,512,514,true,110,159,133,112,heuristic
1003,105027,7144,512,486,true,122,120,125,119,heuristic
1004,105028,13232,1024,788,true,210,194,206,178,heuristic
1005,105029,7168,512,496,true,143,106,117,130,heuristic
1006,105030,6896,512,467,true,122,107,129,109,heuristic
1007,105031,6468,512,434,true,107,117,104,106,heuristic
1008,105032,7220,512,490,true,134,117,139,100,heuristic
1009,105033,7100,512,486,true,113,129,129,115,heuristic
1010,105034,10500,1024,617,true,170,126,192,129,heuristic
1011,105035,10468,1024,614,true,130,167,171,146,heuristic
1012,105036,6900,512,470,true,117,115,130,108,heuristic
1013,105037,11680,1024,687,true,188,148,179,172,heuristic
1014,105038,6744,512,465,true,127,105,117,116,heuristic
1015,105039,7256,512,499,true,139,120,125,115,heuristic
1016,105040,5628,512,395,true,107,87,97,104,heuristic
1017,105041,12328,1024,726,true,168,171,180,207,heuristic
1018,105042,12232,1024,734,true,188,178,190,178,heuristic
1019,105043,7092,512,489,true,115,128,121,125,heuristic
1020,105044,5348,512,369,true,95,94,96,84,heuristic
1021,105045,15480,1024,906,true,209,245,217,235,heuristic
1022,105046,10336,1024,594,true,167,136,143,148,heuristic
1023,105047,11844,1024,686,true,158,184,196,148,heuristic
1024,105048,4700,512,328,true,85,82,94,67,heuristic
1025,105049,11928,1024,708,true,209,145,189,165,heuristic
1026,105050,3860,256,318,true,97,72,72,77,heuristic
1027,105051,4560,512,311,true,71,85,84,71,heuristic
1028,105052,5612,512,392,true,106,86,110,90,heuristic
1029,105053,5304,512,363,true,95,89,99,80,heuristic
1030,105054,3176,256,263,true,70,61,81,51,heuristic
1031,105055,6604,512,452,true,116,114,126,96,heuristic
1032,105056,7532,512,518,true,151,127,122,118,heuristic
1033,105057,7364,512,494,true,131,120,131,112,heuristic
1034,105058,5448,512,381,true,107,88,97,89,heuristic
1035,105059,12176,1024,719,true,192,196,174,157,heuristic
1036,105060,3268,256,275,true,78,55,66,76,heuristic
1037,105061,7080,512,486,true,113,131,139,103,heuristic
1038,105062,6488,512,445,true,130,91,128,96,heuristic
1039,105063,3024,256,242,true,73,56,71,42,heuristic
1040,105064,7136,512,489,true,110,144,128,107,heuristic
1041,105065,7256,512,497,true,125,130,136,106,heuristic
1042,105066,7144,512,490,true,141,101,128,120,heuristic
1043,105067,6880,512,469,true,115,125,117,112,heuristic
1044,105068,7676,512,523,true,129,131,142,121,heuristic
1045,105069,10564,1024,613,true,160,150,178,125,heuristic
1046,105070,1372,128,138,true,21,46,48,23,heuristic
1047,105071,3164,256,260,true,67,62,69,62,heuristic
1048,105072,7064,512,478,true,146,103,83,146,heuristic
1049,105073,5368,512,379,true,92,90,99,98,heuristic
1050,105074,7204,512,490,true,120,120,134,116,heuristic
1051,105075,7424,512,516,true,136,110,132,138,heuristic
1052,105076,7064,512,484,true,142,101,112,129,heuristic
1053,105077,7352,512,510,true,122,137,130,121,heuristic
1054,105078,3048,256,248,true,69,59,69,51,heuristic
1055,105079,2732,256,232,true,54,60,51,67,heuristic
1056,105080,15548,1024,928,true,261,217,254,196,heuristic
1057,105081,3312,256,277,true,87,55,82,53,heuristic
1058,105082,10772,1024,643,true,139,185,170,149,heuristic
1059,105083,7100,512,491,true,117,128,111,135,heuristic
1060,105084,3604,256,305,true,86,64,81,74,heuristic
1061,105085,6724,512,450,true,120,103,133,94,heuristic
1062,105086,12036,1024,718,true,172,196,170,180,heuristic
1063,105087,7088,512,481,true,115,125,129,112,heuristic
1064,105088,12108,1024,720,true,208,146,194,172,heuristic
1065,105089,3080,256,254,true,62,67,76,49,heuristic
1066,105090,7120,512,488,true,143,112,105,128,heuristic
1067,105091,3180,256,264,true,87,46,73,58,heuristic
1068,105092,7096,512,490,true,113,131,122,124,heuristic
1069,105093,14192,1024,810,true,232,158,226,194,heuristic
1070,105094,10404,1024,613,true,162,149,149,153,heuristic
1071,105095,3236,256,271,true,67,69,73,62,heuristic
1072,105096,6980,512,474,true,141,108,127,98,heuristic
1073,105097,13696,1024,780,true,224,168,203,185,heuristic
1074,105098,14472,1024,843,true,211,210,236,186,heuristic
1075,105099,12536,1024,748,true,204,166,207,171,heuristic
1076,105100,7128,512,494,true,117,126,139,112,heuristic
1077,105101,6940,512,467,true,118,118,124,107,heuristic
1078,105102,6916,512,477,true,114,129,112,122,heuristic
1079,105103,7224,512,498,true,142,109,135,112,heuristic
1080,105104,7216,512,503,true,137,121,136,109,heuristic
1081,105105,14728,1024,873,true,244,193,222,214,heuristic
1082,105106,6544,512,447,true,122,99,111,115,heuristic
1083,105107,7788,512,531,true,123,146,129,133,heuristic
1084,105108,6396,512,439,true,105,119,124,91,heuristic
1085,105109,6672,512,457,true,112,117,110,118,heuristic
1086,105110,1476,128,154,true,56,25,42,31,heuristic
1087,105111,7020,512,475,true,135,115,121,104,heuristic
1088,105112,11152,1024,657,true,184,137,163,173,heuristic
1089,105113,7140,512,497,true,118,126,129,124,heuristic
1090,105114,4152,256,341,true,86,83,84,88,heuristic
1091,105115,5480,512,386,true,90,102,118,76,heuristic
1092,105116,7092,512,478,true,108,140,132,98,heuristic
1093,105117,16248,1024,957,true,250,252,259,196,heuristic
1094,105118,15512,1024,909,true,241,224,261,183,heuristic
1095,105119,6796,512,459,true,117,110,131,101,heuristic
1096,105120,7100,512,487,true,123,115,126,123,heuristic
1097,105121,12188,1024,727,true,190,175,176,186,heuristic
1098,105122,11896,1024,698,true,172,168,194,164,heuristic
1099,105123,6712,512,459,true,108,120,119,112,heuristic
1100,105124,7324,512,498,true,124,130,144,100,heuristic
1101,105125,7376,512,512,true,134,128,125,125,heuristic
1102,105126,11772,1024,683,true,202,144,143,194,heuristic
1103,105127,3232,256,268,true,56,72,83,57,heuristic
1104,105128,6796,512,460,true,129,110,95,126,heuristic
1105,105129,8084,512,542,true,146,135,153,108,heuristic
1106,105130,16032,1024,952,true,230,242,257,223,heuristic
1107,105131,7256,512,498,true,139,103,139,117,heuristic
1108,105132,12124,1024,719,true,185,194,176,164,heuristic
1109,105133,15088,1024,883,true,219,212,214,238,heuristic
1110,105134,3332,256,274,true,96,49,58,71,heuristic
1111,105135,7184,512,494,true,135,116,119,124,heuristic
1112,105136,7400,512,514,true,123,132,135,124,heuristic
1113,105137,14432,1024,841,true,231,196,231,183,heuristic
1114,105138,6736,512,464,true,116,114,111,123,heuristic
1115,105139,20648,2048,1000,false,267,240,255,238,heuristic
1116,105140,7096,512,489,true,130,122,119,118,heuristic
1117,105141,7140,512,489,true,134,107,136,112,heuristic
1118,105142,8000,512,526,true,138,131,142,115,heuristic
1119,105143,5488,512,388,true,80,106,106,96,heuristic
1120,105144,7160,512,490,true,138,107,143,102,heuristic
1121,105145,10272,1024,585,true,138,144,154,149,heuristic
1122,105146,6668,512,451,true,127,108,101,115,heuristic
1123,105147,3424,256,280,true,81,58,68,73,heuristic
1124,105148,6328,512,423,true,130,82,134,77,heuristic
1125,105149,6396,512,433,true,98,121,111,103,heuristic
1126,105150,12244,1024,733,true,188,183,185,177,heuristic
1127,105151,7172,512,494,true,141,111,134,108,heuristic
1128,105152,10700,1024,639,true,141,183,156,159,heuristic
1129,105153,6724,512,447,true,125,116,118,88,heuristic
1130,105154,7248,512,495,true,124,118,122,131,heuristic
1131,105155,12160,1024,728,true,191,174,190,173,heuristic
1132,105156,7088,512,484,true,124,112,138,110,heuristic
1133,105157,10412,1024,600,true,144,162,139,155,heuristic
1134,105158,7048,512,475,true,110,120,125,120,heuristic
1135,105159,6772,512,467,true,124,116,100,127,heuristic
1136,105160,7192,512,497,true,135,119,133,110,heuristic
1137,105161,6464,512,434,true,94,123,111,106,heuristic
1138,105162,3908,256,318,true,101,67,76,74,heuristic
1139,105163,7040,512,476,true,123,121,126,106,heuristic
1140,105164,7200,512,489,true,131,106,152,100,heuristic
1141,105165,11436,1024,664,true,145,171,180,168,heuristic
1142,105166,5804,512,407,true,97,93,109,108,heuristic
1143,105167,7320,512,502,true,124,129,132,117,heuristic
1144,105168,4920,512,343,true,111,62,96,74,heuristic
1145,105169,8132,512,545,true,134,143,145,123,heuristic
1146,105170,6380,512,429,true,109,99,130,91,heuristic
1147,105171,6104,512,423,true,119,94,105,105,heuristic
1148,105172,16048,1024,944,true,258,244,212,230,heuristic
1149,105173,14524,1024,853,true,215,209,219,210,heuristic
1150,105174,11084,1024,656,true,172,166,156,162,heuristic
1151,105175,14580,1024,858,true,236,182,229,211,heuristic
1152,105176,7112,512,482,true,133,125,120,104,heuristic
1153,105177,14400,1024,828,true,232,189,231,176,heuristic
1154,105178,7032,512,475,true,107,114,137,117,heuristic
1155,105179,3496,256,293,true,81,72,82,58,heuristic
1156,105180,3340,256,276,true,74,63,78,61,heuristic
1157,105181,12260,1024,729,true,188,174,168,199,heuristic
1158,105182,12228,1024,732,true,200,185,164,183,heuristic
1159,105183,7164,512,492,true,127,121,137,107,heuristic
1160,105184,12128,1024,724,true,148,196,185,195,heuristic
1161,105185,10556,1024,630,true,165,150,163,152,heuristic
1162,105186,3304,256,274,true,69,69,57,79,heuristic
1163,105187,8032,512,532,true,153,126,134,119,heuristic
1164,105188,7240,512,498,true,161,103,124,110,heuristic
1165,105189,3220,256,270,true,59,68,65,78,heuristic
1166,105190,3120,256,253,true,82,50,73,48,heuristic
1167,105191,3900,256,319,true,92,60,82,85,heuristic
1168,105192,7224,512,495,true,109,135,125,126,heuristic
1169,105193,14800,1024,879,true,265,169,217,228,heuristic
1170,105194,6784,512,459,true,119,126,114,100,heuristic
1171,105195,13552,1024,763,true,212,181,184,186,heuristic
1172,105196,4700,512,325,true,69,95,84,77,heuristic
1173,105197,7148,512,492,true,119,121,119,133,heuristic
1174,105198,6464,512,445,true,133,95,129,88,heuristic
1175,105199,7064,512,483,true,129,112,115,127,heuristic
1176,105200,7132,512,487,true,120,122,135,110,heuristic
1177,105201,5448,512,378,true,86,108,103,81,heuristic
1178,105202,7068,512,483,true,104,137,122,120,heuristic
1179,105203,7100,512,484,true,121,108,135,120,heuristic
1180,105204,5716,512,416,true,104,107,97,108,heuristic
1181,105205,5380,512,370,true,94,102,84,90,heuristic
1182,105206,7144,512,490,true,125,119,129,117,heuristic
1183,105207,11632,1024,681,true,199,148,167,167,heuristic
1184,105208,12336,1024,732,true,179,190,176,187,heuristic
1185,105209,6840,512,470,true,101,139,121,109,heuristic
1186,105210,5328,512,369,true,103,75,104,87,heuristic
1187,105211,14640,1024,849,true,227,201,219,202,heuristic
1188,105212,12264,1024,737,true,197,187,198,155,heuristic
1189,105213,4908,512,340,true,86,71,109,74,heuristic
1190,105214,7140,512,490,true,127,120,125,118,heuristic
1191,105215,6800,512,475,true,122,124,123,106,heuristic
1192,105216,5384,512,372,true,88,93,95,96,heuristic
1193,105217,7356,512,507,true,156,109,147,95,heuristic
1194,105218,7328,512,510,true,123,128,140,119,heuristic
1195,105219,3076,256,255,true,65,63,72,55,heuristic
1196,105220,7616,512,524,true,150,122,139,113,heuristic
1197,105221,14460,1024,838,true,215,201,215,207,heuristic
1198,105222,11440,1024,664,true,165,172,171,156,heuristic
1199,105223,5440,512,381,true,87,112,113,69,heuristic
1200,105224,7804,512,539,true,150,133,122,134,heuristic
1201,105225,12056,1024,710,true,181,190,226,113,heuristic
1202,105226,3072,256,249,true,56,65,84,44,heuristic
1203,105227,12404,1024,749,true,208,185,211,145,heuristic
1204,105228,7184,512,499,true,131,117,145,106,heuristic
1205,105229,1744,128,176,true,49,35,53,39,heuristic
1206,105230,7068,512,484,true,145,105,121,113,heuristic
1207,105231,7088,512,485,true,132,113,123,117,heuristic
1208,105232,15444,1024,897,true,243,210,218,226,heuristic
1209,105233,8572,512,541,true,130,132,153,126,heuristic
1210,105234,7000,512,477,true,107,132,115,123,heuristic
1211,105235,6984,512,478,true,129,117,123,109,heuristic
1212,105236,12288,1024,744,true,187,178,228,151,heuristic
1213,105237,11352,1024,670,true,174,149,192,155,heuristic
1214,105238,4892,512,340,true,86,83,74,97,heuristic
1215,105239,3040,256,250,true,83,52,65,50,heuristic
1216,105240,5548,512,396,true,107,94,104,91,heuristic
1217,105241,4384,256,356,true,89,89,96,82,heuristic
1218,105242,5540,512,393,true,97,107,100,89,heuristic
1219,105243,6992,512,479,true,136,113,129,101,heuristic
1220,105244,12060,1024,707,true,169,188,184,166,heuristic
1221,105245,7376,512,512,true,134,121,133,124,heuristic
1222,105246,10484,1024,614,true,166,143,173,132,heuristic
1223,105247,12132,1024,720,true,202,168,190,160,heuristic
1224,105248,6472,512,446,true,113,112,129,92,heuristic
1225,105249,6476,512,443,true,118,101,115,109,heuristic
1226,105250,7336,512,502,true,140,119,127,116,heuristic
1227,105251,6520,512,446,true,122,98,122,104,heuristic
1228,105252,12088,1024,715,true,183,183,183,166,heuristic
1229,105253,11444,1024,665,true,156,174,183,152,heuristic
1230,105254,3308,256,278,true,70,71,80,57,heuristic
1231,105255,14436,1024,842,true,232,201,201,208,heuristic
1232,105256,5656,512,403,true,124,77,98,104,heuristic
1233,105257,14284,1024,821,true,193,199,209,220,heuristic
1234,105258,12216,1024,731,true,167,206,204,154,heuristic
1235,105259,6592,512,453,true,109,122,116,106,heuristic
1236,105260,5464,512,385,true,104,87,88,106,heuristic
1237,105261,6348,512,431,true,117,97,101,116,heuristic
1238,105262,14364,1024,834,true,218,182,232,202,heuristic
1239,105263,1448,128,151,true,38,31,46,36,heuristic
1240,105264,7140,512,492,true,121,118,129,124,heuristic
1241,105265,7344,512,505,true,152,98,165,90,heuristic
1242,105266,9996,1024,565,true,150,133,149,133,heuristic
1243,105267,5552,512,391,true,105,103,97,86,heuristic
1244,105268,7100,512,487,true,134,109,148,96,heuristic
1245,105269,7312,512,506,true,134,119,145,108,heuristic
1246,105270,7556,512,514,true,139,118,139,118,heuristic
1247,105271,5520,512,390,true,97,109,98,86,heuristic
1248,105272,6952,512,467,true,118,113,121,115,heuristic
1249,105273,3172,256,262,true,61,70,53,78,heuristic
1250,105274,3376,256,280,true,70,71,82,57,heuristic
1251,105275,5476,512,384,true,97,98,119,70,heuristic
1252,105276,12096,1024,713,true,171,172,185,185,heuristic
1253,105277,7204,512,486,true,112,128,124,122,heuristic
1254,105278,5484,512,386,true,110,99,109,68,heuristic
1255,105279,7424,512,512,true,135,120,131,126,heuristic
1256,105280,5604,512,400,true,102,89,97,112,heuristic
1257,105281,5216,512,357,true,86,104,78,89,heuristic
1258,105282,3072,256,249,true,83,52,44,70,heuristic
1259,105283,3136,256,253,true,63,67,73,50,heuristic
1260,105284,7068,512,488,true,132,122,119,115,heuristic
1261,105285,7156,512,493,true,119,132,132,110,heuristic
1262,105286,3536,256,285,true,70,73,76,66,heuristic
1263,105287,16268,1024,959,true,248,253,246,212,heuristic
1264,105288,7212,512,497,true,148,104,125,120,heuristic
1265,105289,7044,512,477,true,117,115,114,131,heuristic
1266,105290,5380,512,372,true,83,102,90,97,heuristic
1267,105291,6776,512,473,true,120,121,127,105,heuristic
1268,105292,7128,512,489,true,136,103,149,101,heuristic
1269,105293,3184,256,264,true,75,64,81,44,heuristic
1270,105294,3080,256,254,true,85,50,71,48,heuristic
1271,105295,6852,512,466,true,127,124,108,107,heuristic
1272,105296,16392,1024,973,true,235,262,222,254,heuristic
1273,105297,14220,1024,831,true,269,155,196,211,heuristic
1274,105298,14324,1024,827,true,223,200,205,199,heuristic
1275,105299,7020,512,468,true,148,80,136,104,heuristic
1276,105300,14336,1024,825,true,210,208,206,201,heuristic
1277,105301,2412,256,204,true,51,49,62,42,heuristic
1278,105302,7184,512,496,true,137,114,103,142,heuristic
1279,105303,7080,512,476,true,122,115,137,102,heuristic
1280,105304,11708,1024,687,true,175,176,189,147,heuristic
1281,105305,5420,512,377,true,103,84,115,75,heuristic
1282,105306,7256,512,508,true,140,127,128,113,heuristic
1283,105307,7576,512,530,true,124,135,142,129,heuristic
1284,105308,7284,512,503,true,151,105,130,117,heuristic
1285,105309,3448,256,293,true,87,62,85,59,heuristic
1286,105310,7160,512,495,true,127,127,108,133,heuristic
1287,105311,7168,512,493,true,148,110,125,110,heuristic
1288,105312,3428,256,282,true,58,86,71,67,heuristic
1289,105313,12136,1024,712,true,184,186,175,167,heuristic
1290,105314,7096,512,478,true,131,97,139,111,heuristic
1291,105315,7132,512,492,true,112,143,108,129,heuristic
1292,105316,12172,1024,719,true,158,192,166,203,heuristic
1293,105317,7168,512,487,true,139,105,136,107,heuristic
1294,105318,7152,512,488,true,128,105,135,120,heuristic
1295,105319,12960,1024,787,true,169,209,211,198,heuristic
1296,105320,12084,1024,717,true,193,168,180,176,heuristic
1297,105321,3396,256,284,true,85,55,72,72,heuristic
1298,105322,5616,512,392,true,108,87,101,96,heuristic
1299,105323,7176,512,480,true,133,103,124,120,heuristic
1300,105324,7464,512,507,true,127,131,138,111,heuristic
1301,105325,11480,1024,674,true,185,144,196,149,heuristic
1302,105326,3072,256,254,true,65,61,68,60,heuristic
1303,105327,11656,1024,692,true,164,161,197,170,heuristic
1304,105328,7028,512,473,true,155,83,134,101,heuristic
1305,105329,14664,1024,862,true,219,216,206,221,heuristic
1306,105330,3448,256,287,true,78,64,74,71,heuristic
1307,105331,7076,512,478,true,125,117,114,122,heuristic
1308,105332,10388,1024,610,true,182,115,169,144,heuristic
1309,105333,6424,512,439,true,106,114,113,106,heuristic
1310,105334,7324,512,503,true,137,124,119,123,heuristic
1311,105335,7128,512,483,true,129,113,141,100,heuristic
1312,105336,7036,512,471,true,128,106,124,113,heuristic
1313,105337,11444,1024,692,true,177,169,182,164,heuristic
1314,105338,7844,512,542,true,137,138,139,128,heuristic
1315,105339,12172,1024,724,true,192,163,194,175,heuristic
1316,105340,7164,512,496,true,119,130,132,115,heuristic
1317,105341,6568,512,444,true,126,101,121,96,heuristic
1318,105342,13876,1024,806,true,201,203,201,201,heuristic
1319,105343,14356,1024,832,true,226,204,241,161,heuristic
1320,105344,3152,256,257,true,72,53,87,45,heuristic
1321,105345,6860,512,464,true,122,101,126,115,heuristic
1322,105346,15056,1024,860,true,212,206,243,199,heuristic
1323,105347,3452,256,283,true,81,70,48,84,heuristic
1324,105348,6428,512,436,true,120,103,128,85,heuristic
1325,105349,7020,512,472,true,151,85,116,120,heuristic
1326,105350,6224,512,444,true,116,108,113,107,heuristic
1327,105351,3100,256,256,true,77,50,70,59,heuristic
1328,105352,7744,512,510,true,158,108,127,117,heuristic
1329,105353,3300,256,281,true,76,61,62,82,heuristic
1330,105354,4052,256,326,true,107,58,90,71,heuristic
1331,105355,3100,256,255,true,75,50,71,59,heuristic
1332,105356,12020,1024,710,true,184,173,180,173,heuristic
1333,105357,6964,512,467,true,106,130,132,99,heuristic
1334,105358,6792,512,462,true,113,113,125,111,heuristic
1335,105359,6896,512,471,true,136,102,113,120,heuristic
1336,105360,7148,512,487,true,133,108,128,118,heuristic
1337,105361,7080,512,487,true,126,126,127,108,heuristic
1338,105362,5764,512,399,true,103,103,84,109,heuristic
1339,105363,7392,512,514,true,137,109,136,132,heuristic
1340,105364,6400,512,425,true,126,83,107,109,heuristic
1341,105365,12568,1024,750,true,168,207,182,193,heuristic
1342,105366,7048,512,477,true,134,117,116,110,heuristic
1343,105367,3464,256,286,true,76,56,95,59,heuristic
1344,105368,6348,512,428,true,105,101,110,112,heuristic
1345,105369,7020,512,487,true,126,117,129,115,heuristic
1346,105370,10476,1024,615,true,151,163,144,157,heuristic
1347,105371,12188,1024,724,true,185,174,186,179,heuristic
1348,105372,7788,512,535,true,144,111,144,136,heuristic
1349,105373,12520,1024,747,true,187,198,198,164,heuristic
1350,105374,7100,512,486,true,136,118,95,137,heuristic
1351,105375,6316,512,424,true,115,98,110,101,heuristic
1352,105376,7804,512,538,true,144,142,126,126,heuristic
1353,105377,14480,1024,844,true,247,180,244,173,heuristic
1354,105378,12220,1024,727,true,198,170,162,197,heuristic
1355,105379,7312,512,502,true,108,133,146,115,heuristic
1356,105380,7540,512,526,true,120,140,144,122,heuristic
1357,105381,7136,512,490,true,116,121,133,120,heuristic
1358,105382,14552,1024,847,true,201,222,205,219,heuristic
1359,105383,7752,512,530,true,135,141,137,117,heuristic
1360,105384,14564,1024,852,true,202,246,200,204,heuristic
1361,105385,15884,1024,927,true,254,221,222,230,heuristic
1362,105386,3420,256,288,true,77,75,65,71,heuristic
1363,105387,3048,256,247,true,66,50,62,69,heuristic
1364,105388,7108,512,481,true,119,115,141,106,heuristic
1365,105389,6916,512,476,true,132,102,125,117,heuristic
1366,105390,3476,256,289,true,71,74,81,63,heuristic
1367,105391,7012,512,471,true,119,125,128,99,heuristic
1368,105392,3116,256,259,true,58,64,71,66,heuristic
1369,105393,6300,512,424,true,113,95,107,109,heuristic
1370,105394,7076,512,478,true,108,131,114,125,heuristic
1371,105395,12256,1024,725,true,160,195,200,170,heuristic
1372,105396,7144,512,491,true,127,115,140,109,heuristic
1373,105397,3120,256,260,true,84,52,67,57,heuristic
1374,105398,11760,1024,696,true,181,183,157,175,heuristic
1375,105399,10348,1024,595,true,143,155,171,126,heuristic
1376,105400,3532,256,291,true,58,80,76,77,heuristic
1377,105401,3372,256,279,true,73,77,57,72,heuristic
1378,105402,12068,1024,710,true,169,180,183,178,heuristic
1379,105403,7780,512,533,true,143,107,154,129,heuristic
1380,105404,7044,512,477,true,134,112,110,121,heuristic
1381,105405,7012,512,470,true,114,125,129,102,heuristic
1382,105406,5500,512,391,true,126,63,104,98,heuristic
1383,105407,7260,512,495,true,129,121,120,125,heuristic
1384,105408,3136,256,252,true,59,74,54,65,heuristic
1385,105409,7884,512,543,true,156,124,124,139,heuristic
1386,105410,11908,1024,701,true,160,185,187,169,heuristic
1387,105411,7180,512,495,true,140,100,137,118,heuristic
1388,105412,6332,512,446,true,100,124,97,125,heuristic
1389,105413,7524,512,532,true,138,121,141,132,heuristic
1390,105414,5712,512,400,true,103,95,119,83,heuristic
1391,105415,7112,512,482,true,155,97,98,132,heuristic
1392,105416,11280,1024,646,true,163,170,149,164,heuristic
1393,105417,10464,1024,608,true,165,146,152,145,heuristic
1394,105418,7420,512,515,true,139,117,136,123,heuristic
1395,105419,5468,512,377,true,95,89,102,91,heuristic
1396,105420,7732,512,527,true,147,115,148,117,heuristic
1397,105421,2328,256,192,true,49,47,55,41,heuristic
1398,105422,3360,256,276,true,79,60,61,76,heuristic
1399,105423,3032,256,243,true,66,57,64,56,heuristic
1400,105424,7084,512,475,true,113,143,106,113,heuristic
1401,105425,12488,1024,749,true,171,208,182,188,heuristic
1402,105426,3124,256,262,true,58,70,81,53,heuristic
1403,105427,13760,1024,797,true,230,174,191,202,heuristic
1404,105428,3540,256,285,true,68,85,70,62,heuristic
1405,105429,7080,512,485,true,123,116,129,117,heuristic
1406,105430,5432,512,375,true,111,85,86,93,heuristic
1407,105431,5420,512,375,true,92,99,105,79,heuristic
1408,105432,3072,256,252,true,77,57,75,43,heuristic
1409,105433,11144,1024,665,true,182,159,175,149,heuristic
1410,105434,7172,512,493,true,132,107,110,144,heuristic
1411,105435,14372,1024,832,true,188,240,223,181,heuristic
1412,105436,6904,512,469,true,123,112,129,105,heuristic
1413,105437,10804,1024,634,true,181,142,168,143,heuristic
1414,105438,7216,512,500,true,127,134,125,114,heuristic
1415,105439,7100,512,480,true,133,110,117,120,heuristic
1416,105440,15732,1024,921,true,218,249,230,224,heuristic
1417,105441,7080,512,486,true,142,103,139,102,heuristic
1418,105442,12240,1024,721,true,204,158,194,165,heuristic
1419,105443,9876,1024,567,true,156,116,145,150,heuristic
1420,105444,7008,512,484,true,149,104,125,106,heuristic
1421,105445,11916,1024,701,true,150,195,174,182,heuristic
1422,105446,12104,1024,719,true,165,193,182,179,heuristic
1423,105447,5452,512,383,true,99,102,103,79,heuristic
1424,105448,7204,512,502,true,123,127,105,147,heuristic
1425,105449,7328,512,503,true,144,122,113,124,heuristic
1426,105450,3620,256,293,true,74,65,86,68,heuristic
1427,105451,7160,512,492,true,136,111,128,117,heuristic
1428,105452,8484,512,577,true,146,144,147,140,heuristic
1429,105453,3176,256,263,true,94,45,60,64,heuristic
1430,105454,3364,256,278,true,62,70,73,73,heuristic
1431,105455,8040,512,553,true,147,141,124,141,heuristic
1432,105456,12140,1024,713,true,183,188,177,165,heuristic
1433,105457,7132,512,486,true,135,104,126,121,heuristic
1434,105458,10296,1024,588,true,177,130,131,150,heuristic
1435,105459,12204,1024,727,true,209,161,180,177,heuristic
1436,105460,6892,512,471,true,111,139,103,118,heuristic
1437,105461,7168,512,496,true,123,120,132,121,heuristic
1438,105462,7096,512,490,true,131,128,122,109,heuristic
1439,105463,15356,1024,886,true,234,208,238,206,heuristic
1440,105464,11540,1024,679,true,170,170,179,160,heuristic
1441,105465,3232,256,262,true,92,46,62,62,heuristic
1442,105466,5572,512,397,true,104,101,106,86,heuristic
1443,105467,5388,512,368,true,83,103,101,81,heuristic
1444,105468,10460,1024,611,true,203,125,133,150,heuristic
1445,105469,7024,512,476,true,123,124,126,103,heuristic
1446,105470,7448,512,525,true,159,114,136,116,heuristic
1447,105471,12020,1024,698,true,139,211,193,155,heuristic
1448,105472,16068,1024,933,true,269,216,223,225,heuristic
1449,105473,7032,512,474,true,117,102,131,124,heuristic
1450,105474,15964,1024,924,true,234,208,254,228,heuristic
1451,105475,6204,512,419,true,134,80,91,114,heuristic
1452,105476,7056,512,481,true,122,128,109,122,heuristic
1453,105477,7364,512,509,true,122,137,135,115,heuristic
1454,105478,12468,1024,742,true,223,158,185,176,heuristic
1455,105479,14336,1024,824,true,211,195,211,207,heuristic
1456,105480,7436,512,514,true,130,127,145,112,heuristic
1457,105481,6956,512,472,true,126,109,130,107,heuristic
1458,105482,7060,512,482,true,127,116,120,119,heuristic
1459,105483,12084,1024,710,true,175,183,195,157,heuristic
1460,105484,7188,512,496,true,115,144,124,113,heuristic
1461,105485,11532,1024,680,true,180,172,167,161,heuristic
1462,105486,7360,512,509,true,125,132,119,133,heuristic
1463,105487,7008,512,484,true,118,130,113,123,heuristic
1464,105488,7376,512,513,true,128,127,164,94,heuristic
1465,105489,8144,512,544,true,132,140,143,129,heuristic
1466,105490,7144,512,498,true,112,139,107,140,heuristic
1467,105491,13756,1024,795,true,234,170,231,160,heuristic
1468,105492,5632,512,397,true,100,107,98,92,heuristic
1469,105493,7440,512,524,true,141,119,155,109,heuristic
1470,105494,6868,512,464,true,123,117,116,108,heuristic
1471,105495,3224,256,264,true,73,60,65,66,heuristic
1472,105496,6156,512,431,true,107,111,111,102,heuristic
1473,105497,3336,256,271,true,71,65,73,62,heuristic
1474,105498,12128,1024,713,true,179,168,191,175,heuristic
1475,105499,7124,512,493,true,130,118,122,123,heuristic
1476,105500,7044,512,477,true,119,115,130,113,heuristic
1477,105501,3208,256,266,true,57,78,71,60,heuristic
1478,105502,7076,512,484,true,119,123,121,121,heuristic
1479,105503,7504,512,528,true,153,122,142,111,heuristic
1480,105504,13920,1024,797,true,222,184,196,195,heuristic
1481,105505,3108,256,258,true,79,55,74,50,heuristic
1482,105506,3528,256,296,true,70,73,92,61,heuristic
1483,105507,12184,1024,722,true,163,200,199,160,heuristic
1484,105508,6684,512,456,true,125,106,117,108,heuristic
1485,105509,7340,512,507,true,133,122,127,125,heuristic
1486,105510,5420,512,377,true,95,96,113,73,heuristic
1487,105511,7708,512,531,true,164,119,129,119,heuristic
1488,105512,7116,512,484,true,131,108,123,122,heuristic
1489,105513,7256,512,494,true,152,106,106,130,heuristic
1490,105514,7148,512,492,true,148,106,133,105,heuristic
1491,105515,12184,1024,722,true,160,201,189,172,heuristic
1492,105516,7212,512,499,true,115,144,131,109,heuristic
1493,105517,14656,1024,864,true,207,205,228,224,heuristic
1494,105518,14528,1024,845,true,218,214,224,189,heuristic
1495,105519,5008,512,337,true,76,83,97,81,heuristic
1496,105520,3196,256,263,true,54,76,65,68,heuristic
1497,105521,3200,256,269,true,59,66,74,70,heuristic
1498,105522,7208,512,491,true,122,123,117,129,heuristic
1499,105523,11056,1024,654,true,204,136,173,141,heuristic
1500,105524,15700,1024,930,true,211,270,218,231,heuristic
1501,105525,16100,1024,948,true,235,249,226,238,heuristic
1502,105526,5632,512,396,true,124,80,89,103,heuristic
1503,105527,6996,512,470,true,106,118,112,134,heuristic
1504,105528,7212,512,495,true,138,110,120,127,heuristic
1505,105529,12124,1024,718,true,191,157,201,169,heuristic
1506,105530,12136,1024,711,true,189,161,162,199,heuristic
1507,105531,11232,1024,649,true,173,142,176,158,heuristic
1508,105532,6736,512,449,true,130,105,98,116,heuristic
1509,105533,7420,512,517,true,131,131,141,114,heuristic
1510,105534,8096,512,544,true,140,136,163,105,heuristic
1511,105535,3424,256,283,true,91,53,73,66,heuristic
1512,105536,7144,512,491,true,139,112,108,132,heuristic
1513,105537,12864,1024,773,true,199,183,206,185,heuristic
1514,105538,5584,512,392,true,103,87,99,103,heuristic
1515,105539,7084,512,487,true,115,130,125,117,heuristic
1516,105540,6920,512,475,true,135,108,113,119,heuristic
1517,105541,7112,512,494,true,123,119,127,125,heuristic
1518,105542,5596,512,387,true,87,106,117,77,heuristic
1519,105543,7320,512,502,true,125,131,132,114,heuristic
1520,105544,4740,512,328,true,85,78,69,96,heuristic
1521,105545,8412,512,571,true,160,120,166,125,heuristic
1522,105546,3052,256,248,true,73,60,66,49,heuristic
1523,105547,11840,1024,689,true,162,172,172,183,heuristic
1524,105548,12440,1024,749,true,201,174,188,186,heuristic
1525,105549,14396,1024,827,true,225,185,196,221,heuristic
1526,105550,6752,512,453,true,101,119,107,126,heuristic
1527,105551,12216,1024,731,true,203,166,201,161,heuristic
1528,105552,14352,1024,825,true,239,178,186,222,heuristic
1529,105553,3232,256,271,true,71,69,83,48,heuristic
1530,105554,2332,256,196,true,57,46,48,45,heuristic
1531,105555,7316,512,508,true,144,123,113,128,heuristic
1532,105556,3020,256,245,true,79,46,77,43,heuristic
1533,105557,7112,512,494,true,121,121,118,134,heuristic
1534,105558,12148,1024,718,true,193,192,173,160,heuristic
1535,105559,12144,1024,717,true,213,163,172,169,heuristic
1536,105560,11684,1024,693,true,186,159,195,153,heuristic
1537,105561,7416,512,514,true,139,122,127,126,heuristic
1538,105562,7156,512,489,true,120,132,99,138,heuristic
1539,105563,7048,512,479,true,142,116,109,112,heuristic
1540,105564,7400,512,513,true,118,124,153,118,heuristic
1541,105565,7152,512,492,true,137,120,124,111,heuristic
1542,105566,7256,512,503,true,128,120,137,118,heuristic
1543,105567,5484,512,390,true,110,81,109,90,heuristic
1544,105568,6784,512,460,true,108,126,91,135,heuristic
1545,105569,3228,256,271,true,78,60,72,61,heuristic
1546,105570,5296,512,365,true,101,84,95,85,heuristic
1547,105571,14260,1024,810,true,214,189,228,179,heuristic
1548,105572,6600,512,452,true,126,105,119,102,heuristic
1549,105573,5292,512,361,true,88,83,102,88,heuristic
1550,105574,7136,512,483,true,109,137,117,120,heuristic
1551,105575,7492,512,509,true,109,151,119,130,heuristic
1552,105576,5332,512,370,true,98,79,104,89,heuristic
1553,105577,7080,512,486,true,141,107,134,104,heuristic
1554,105578,12216,1024,730,true,185,184,181,180,heuristic
1555,105579,6876,512,468,true,126,104,134,104,heuristic
1556,105580,7620,512,524,true,130,135,135,124,heuristic
1557,105581,1728,128,173,true,55,37,37,44,heuristic
1558,105582,12212,1024,729,true,183,183,188,175,heuristic
1559,105583,12280,1024,734,true,198,167,196,173,heuristic
1560,105584,9268,512,590,true,141,150,159,140,heuristic
1561,105585,3264,256,268,true,68,57,73,70,heuristic
1562,105586,10604,1024,616,true,139,152,167,158,heuristic
1563,105587,7204,512,496,true,123,134,130,109,heuristic
1564,105588,3552,256,302,true,77,83,72,70,heuristic
1565,105589,6500,512,449,true,124,104,110,111,heuristic
1566,105590,13172,1024,797,true,197,214,203,183,heuristic
1567,105591,6416,512,437,true,121,100,130,86,heuristic
1568,105592,3256,256,267,true,85,49,74,59,heuristic
1569,105593,12592,1024,744,true,198,178,194,174,heuristic
1570,105594,6496,512,443,true,117,110,108,108,heuristic
1571,105595,6824,512,459,true,145,91,112,111,heuristic
1572,105596,6176,512,436,true,110,118,112,96,heuristic
1573,105597,7016,512,485,true,118,129,118,120,heuristic
1574,105598,3880,256,314,true,102,56,87,69,heuristic
1575,105599,7168,512,492,true,121,133,137,101,heuristic
1576,105600,12268,1024,730,true,191,164,178,197,heuristic
1577,105601,2992,256,245,true,72,55,52,66,heuristic
1578,105602,7192,512,493,true,124,122,122,125,heuristic
1579,105603,10484,1024,613,true,153,149,142,169,heuristic
1580,105604,4848,512,333,true,70,103,87,73,heuristic
1581,105605,9268,512,591,true,154,148,138,151,heuristic
1582,105606,14152,1024,814,true,229,189,169,227,heuristic
1583,105607,11780,1024,686,true,166,166,204,150,heuristic
1584,105608,6784,512,460,true,133,103,117,107,heuristic
1585,105609,5772,512,415,true,111,92,91,121,heuristic
1586,105610,7080,512,483,true,125,104,131,123,heuristic
1587,105611,7200,512,484,true,128,120,111,125,heuristic
1588,105612,12404,1024,743,true,136,220,185,202,heuristic
1589,105613,7376,512,512,true,136,116,131,129,heuristic
1590,105614,3764,256,302,true,71,79,84,68,heuristic
1591,105615,7124,512,485,true,125,117,132,111,heuristic
1592,105616,7056,512,481,true,134,100,139,108,heuristic
1593,105617,11436,1024,669,true,169,177,182,141,heuristic
1594,105618,5616,512,396,true,115,81,83,117,heuristic
1595,105619,5328,512,365,true,99,96,94,76,heuristic
1596,105620,14872,1024,866,true,214,226,213,213,heuristic
1597,105621,7196,512,497,true,134,111,134,118,heuristic
1598,105622,10424,1024,608,true,169,127,154,158,heuristic
1599,105623,6092,512,424,true,127,99,94,104,heuristic
1600,105624,3352,256,274,true,71,67,81,55,heuristic
1601,105625,10472,1024,619,true,159,161,161,138,heuristic
1602,105626,7104,512,485,true,109,126,130,120,heuristic
1603,105627,7060,512,481,true,127,113,130,111,heuristic
1604,105628,7872,512,552,true,125,154,158,115,heuristic
1605,105629,10628,1024,623,true,158,163,162,140,heuristic
1606,105630,7032,512,474,true,123,115,126,110,heuristic
1607,105631,7148,512,487,true,131,121,122,113,heuristic
1608,105632,6504,512,447,true,131,104,123,89,heuristic
1609,105633,12112,1024,720,true,206,164,191,159,heuristic
1610,105634,15828,1024,929,true,241,254,220,214,heuristic
1611,105635,14236,1024,823,true,215,217,152,239,heuristic
1612,105636,10528,1024,623,true,173,143,162,145,heuristic
1613,105637,13412,1024,759,true,224,152,175,208,heuristic
1614,105638,5776,512,400,true,91,111,107,91,heuristic
1615,105639,14068,1024,806,true,195,203,221,187,heuristic
1616,105640,5664,512,396,true,121,89,92,94,heuristic
1617,105641,14556,1024,850,true,198,240,219,193,heuristic
1618,105642,3116,256,260,true,81,56,73,50,heuristic
1619,105643,6476,512,448,true,124,102,115,107,heuristic
1620,105644,7076,512,490,true,142,119,121,108,heuristic
1621,105645,7232,512,500,true,130,113,122,135,heuristic
1622,105646,4636,256,355,true,98,81,108,68,heuristic
1623,105647,14400,1024,832,true,232,214,208,178,heuristic
1624,105648,7048,512,479,true,114,130,128,107,heuristic
1625,105649,6924,512,465,true,125,107,130,103,heuristic
1626,105650,7260,512,498,true,129,134,115,120,heuristic
1627,105651,12152,1024,725,true,161,193,181,190,heuristic
1628,105652,5812,512,406,true,114,91,115,86,heuristic
1629,105653,3164,256,260,true,86,49,70,55,heuristic
1630,105654,12208,1024,727,true,194,162,216,155,heuristic
1631,105655,7220,512,500,true,146,112,147,95,heuristic
1632,105656,14608,1024,855,true,229,182,222,222,heuristic
1633,105657,5260,512,357,true,84,96,113,64,heuristic
1634,105658,3620,256,298,true,72,83,74,69,heuristic
1635,105659,5608,512,390,true,100,104,103,83,heuristic
1636,105660,14188,1024,824,true,217,204,225,178,heuristic
1637,105661,5564,512,395,true,84,105,111,95,heuristic
1638,105662,12872,1024,782,true,192,210,217,163,heuristic
1639,105663,3280,256,272,true,73,64,81,54,heuristic
1640,105664,7216,512,503,true,136,122,125,120,heuristic
1641,105665,11908,1024,701,true,185,162,156,198,heuristic
1642,105666,14032,1024,790,true,178,233,203,176,heuristic
1643,105667,6864,512,479,true,155,90,124,110,heuristic
1644,105668,7128,512,493,true,120,127,118,128,heuristic
1645,105669,7048,512,478,true,119,123,123,113,heuristic
1646,105670,14160,1024,817,true,216,202,238,161,heuristic
1647,105671,3184,256,264,true,57,75,55,77,heuristic
1648,105672,11792,1024,684,true,190,165,185,144,heuristic
1649,105673,6720,512,461,true,122,112,112,115,heuristic
1650,105674,11620,1024,688,true,176,164,200,148,heuristic
1651,105675,3176,256,262,true,72,66,77,47,heuristic
1652,105676,10592,1024,613,true,151,158,149,155,heuristic
1653,105677,7040,512,475,true,96,133,117,129,heuristic
1654,105678,15244,1024,865,true,224,205,220,216,heuristic
1655,105679,7240,512,504,true,120,135,144,105,heuristic
1656,105680,6972,512,461,true,113,117,104,127,heuristic
1657,105681,7216,512,499,true,135,122,141,101,heuristic
1658,105682,7072,512,480,true,134,117,118,111,heuristic
1659,105683,7328,512,504,true,117,142,138,107,heuristic
1660,105684,12200,1024,726,true,165,190,200,171,heuristic
1661,105685,7404,512,504,true,137,124,131,112,heuristic
1662,105686,7028,512,477,true,128,111,124,114,heuristic
1663,105687,7084,512,483,true,136,110,119,118,heuristic
1664,105688,3332,256,279,true,81,62,67,69,heuristic
1665,105689,6776,512,455,true,131,107,114,103,heuristic
1666,105690,7544,512,518,true,138,120,157,103,heuristic
1667,105691,7680,512,528,true,135,132,129,132,heuristic
1668,105692,11960,1024,703,true,209,135,201,158,heuristic
1669,105693,12168,1024,730,true,199,144,196,191,heuristic
1670,105694,3472,256,288,true,94,59,74,61,heuristic
1671,105695,12384,1024,740,true,178,198,208,156,heuristic
1672,105696,5652,512,390,true,101,94,108,87,heuristic
1673,105697,7104,512,485,true,134,108,144,99,heuristic
1674,105698,7228,512,502,true,124,131,135,112,heuristic
1675,105699,7212,512,495,true,129,115,116,135,heuristic
1676,105700,7192,512,495,true,132,121,130,112,heuristic
1677,105701,12008,1024,710,true,174,188,197,151,heuristic
1678,105702,3532,256,288,true,90,56,79,63,heuristic
1679,105703,11400,1024,659,true,177,164,176,142,heuristic
1680,105704,3188,256,265,true,81,59,47,78,heuristic
1681,105705,16120,1024,953,true,272,214,234,233,heuristic
1682,105706,6360,512,431,true,116,109,96,110,heuristic
1683,105707,7396,512,510,true,123,151,110,126,heuristic
1684,105708,6508,512,450,true,128,101,115,106,heuristic
1685,105709,3220,256,273,true,82,54,83,54,heuristic
1686,105710,6060,512,404,true,104,102,100,98,heuristic
1687,105711,6612,512,450,true,131,92,102,125,heuristic
1688,105712,6744,512,452,true,121,107,114,110,heuristic
1689,105713,12252,1024,738,true,212,163,192,171,heuristic
1690,105714,7100,512,487,true,137,110,120,120,heuristic
1691,105715,6484,512,445,true,128,102,132,83,heuristic
1692,105716,6496,512,448,true,131,86,133,98,heuristic
1693,105717,7060,512,481,true,135,96,111,139,heuristic
1694,105718,7188,512,496,true,142,105,126,123,heuristic
1695,105719,12396,1024,739,true,188,179,220,152,heuristic
1696,105720,5348,512,370,true,101,82,106,81,heuristic
1697,105721,16068,1024,935,true,250,223,228,234,heuristic
1698,105722,7388,512,499,true,145,93,137,124,heuristic
1699,105723,10760,1024,638,true,169,147,165,157,heuristic
1700,105724,5644,512,396,true,105,99,112,80,heuristic
1701,105725,3936,256,317,true,87,81,71,78,heuristic
1702,105726,6728,512,462,true,115,119,127,101,heuristic
1703,105727,7132,512,488,true,126,110,159,93,heuristic
1704,105728,7296,512,496,true,140,103,127,126,heuristic
1705,105729,7764,512,530,true,129,139,138,124,heuristic
1706,105730,14768,1024,870,true,228,218,207,217,heuristic
1707,105731,3496,256,293,true,77,83,74,59,heuristic
1708,105732,5340,512,371,true,108,88,84,91,heuristic
1709,105733,5492,512,389,true,106,87,98,98,heuristic
1710,105734,7496,512,510,true,121,134,120,135,heuristic
1711,105735,15028,1024,878,true,213,231,210,224,heuristic
1712,105736,15544,1024,906,true,222,235,205,244,heuristic
1713,105737,3384,256,277,true,56,79,72,70,heuristic
1714,105738,3216,256,268,true,71,70,82,45,heuristic
1715,105739,13668,1024,775,true,188,200,187,200,heuristic
1716,105740,11460,1024,669,true,185,146,183,155,heuristic
1717,105741,5636,512,394,true,106,99,88,101,heuristic
1718,105742,14308,1024,821,true,180,230,200,211,heuristic
1719,105743,12440,1024,742,true,188,185,190,179,heuristic
1720,105744,7164,512,491,true,116,123,148,104,heuristic
1721,105745,5420,512,380,true,91,102,83,104,heuristic
1722,105746,7080,512,487,true,134,108,122,123,heuristic
1723,105747,3320,256,274,true,75,66,81,52,heuristic
1724,105748,6648,512,458,true,137,92,108,121,heuristic
1725,105749,6884,512,469,true,121,110,126,112,heuristic
1726,105750,3156,256,258,true,60,68,79,51,heuristic
1727,105751,3340,256,271,true,70,69,73,59,heuristic
1728,105752,6568,512,440,true,116,102,126,96,heuristic
1729,105753,15368,1024,889,true,213,229,228,219,heuristic
1730,105754,7200,512,499,true,122,119,141,117,heuristic
1731,105755,7096,512,483,true,135,112,125,111,heuristic
1732,105756,12852,1024,777,true,186,199,179,213,heuristic
1733,105757,6512,512,446,true,124,103,113,106,heuristic
1734,105758,7220,512,500,true,124,138,122,116,heuristic
1735,105759,14360,1024,838,true,221,202,209,206,heuristic
1736,105760,6760,512,469,true,111,122,130,106,heuristic
1737,105761,7368,512,507,true,141,108,142,116,heuristic
1738,105762,7056,512,482,true,121,116,133,112,heuristic
1739,105763,14456,1024,843,true,218,205,214,206,heuristic
1740,105764,5396,512,371,true,103,100,90,78,heuristic
1741,105765,3188,256,250,true,76,54,64,56,heuristic
1742,105766,5636,512,398,true,104,99,95,100,heuristic
1743,105767,14248,1024,826,true,200,219,222,185,heuristic
1744,105768,7080,512,486,true,140,98,140,108,heuristic
1745,105769,5092,512,347,true,109,74,88,76,heuristic
1746,105770,3068,256,252,true,66,56,64,66,heuristic
1747,105771,12080,1024,708,true,188,172,183,165,heuristic
1748,105772,3556,256,282,true,86,70,62,64,heuristic
1749,105773,5224,512,356,true,92,81,96,87,heuristic
1750,105774,6032,512,397,true,94,108,102,93,heuristic
1751,105775,7100,512,487,true,123,116,107,141,heuristic
1752,105776,10668,1024,631,true,165,148,168,150,heuristic
1753,105777,7744,512,506,true,129,125,126,126,heuristic
1754,105778,6436,512,437,true,116,117,99,105,heuristic
1755,105779,4028,256,331,true,88,72,78,93,heuristic
1756,105780,3192,256,267,true,61,69,65,72,heuristic
1757,105781,10760,1024,641,true,175,155,168,143,heuristic
1758,105782,10420,1024,606,true,148,147,175,136,heuristic
1759,105783,12196,1024,725,true,189,171,190,175,heuristic
1760,105784,5676,512,396,true,116,83,100,97,heuristic
1761,105785,10456,1024,610,true,167,145,168,130,heuristic
1762,105786,7164,512,491,true,135,115,138,103,heuristic
1763,105787,7932,512,517,true,136,120,129,132,heuristic
1764,105788,7264,512,501,true,113,136,114,138,heuristic
1765,105789,7400,512,516,true,151,115,111,139,heuristic
1766,105790,7348,512,505,true,134,129,116,126,heuristic
1767,105791,7552,512,520,true,138,124,134,124,heuristic
1768,105792,7136,512,488,true,142,123,102,121,heuristic
1769,105793,2452,256,210,true,58,50,62,40,heuristic
1770,105794,7360,512,508,true,135,130,127,116,heuristic
1771,105795,8816,512,596,true,167,138,165,126,heuristic
1772,105796,15392,1024,888,true,262,188,226,212,heuristic
1773,105797,6772,512,455,true,123,117,104,111,heuristic
1774,105798,7188,512,501,true,150,97,136,118,heuristic
1775,105799,12516,1024,756,true,186,195,189,186,heuristic
1776,105800,6348,512,428,true,105,107,126,90,heuristic
1777,105801,14544,1024,853,true,250,201,228,174,heuristic
1778,105802,11380,1024,661,true,182,149,169,161,heuristic
1779,105803,8200,512,558,true,141,142,133,142,heuristic
1780,105804,7268,512,501,true,134,121,119,127,heuristic
1781,105805,7080,512,479,true,118,121,124,116,heuristic
1782,105806,11408,1024,668,true,171,157,180,160,heuristic
1783,105807,5264,512,354,true,93,78,89,94,heuristic
1784,105808,6480,512,448,true,113,126,100,109,heuristic
1785,105809,3128,256,259,true,61,68,66,64,heuristic
1786,105810,7032,512,482,true,120,120,109,133,heuristic
1787,105811,7040,512,476,true,121,109,145,101,heuristic
1788,105812,5344,512,369,true,88,97,101,83,heuristic
1789,105813,7480,512,507,true,152,106,133,116,heuristic
1790,105814,7064,512,481,true,126,110,125,120,heuristic
1791,105815,12092,1024,716,true,180,193,177,166,heuristic
1792,105816,3188,256,266,true,70,64,66,66,heuristic
1793,105817,7928,512,530,true,124,148,134,124,heuristic
1794,105818,6448,512,440,true,130,96,120,94,heuristic
1795,105819,10388,1024,606,true,176,126,162,142,heuristic
1796,105820,7084,512,482,true,146,97,132,107,heuristic
1797,105821,6136,512,411,true,92,117,115,87,heuristic
1798,105822,6556,512,451,true,133,93,117,108,heuristic
1799,105823,7172,512,489,true,142,97,119,131,heuristic
1800,105824,7320,512,503,true,127,116,138,122,heuristic
1801,105825,15980,1024,936,true,260,212,209,255,heuristic
1802,105826,3048,256,247,true,79,47,65,56,heuristic
1803,105827,6468,512,441,true,111,111,119,100,heuristic
1804,105828,7100,512,490,true,156,98,134,102,heuristic
1805,105829,3400,256,282,true,75,79,66,62,heuristic
1806,105830,10360,1024,598,true,150,146,159,143,heuristic
1807,105831,3512,256,287,true,92,53,78,64,heuristic
1808,105832,12840,1024,774,true,205,195,208,166,heuristic
1809,105833,7032,512,475,true,131,118,114,112,heuristic
1810,105834,12128,1024,724,true,214,147,185,178,heuristic
1811,105835,6980,512,474,true,109,129,124,112,heuristic
1812,105836,7148,512,491,true,133,115,132,111,heuristic
1813,105837,7112,512,482,true,127,125,107,123,heuristic
1814,105838,6952,512,467,true,121,109,112,125,heuristic
1815,105839,3840,256,311,true,86,76,78,71,heuristic
1816,105840,14644,1024,868,true,250,208,212,198,heuristic
1817,105841,12724,1024,776,true,216,174,214,172,heuristic
1818,105842,7844,512,541,true,136,130,155,120,heuristic
1819,105843,5576,512,390,true,97,104,96,93,heuristic
1820,105844,11596,1024,675,true,176,170,168,161,heuristic
1821,105845,12036,1024,721,true,175,178,192,176,heuristic
1822,105846,6568,512,442,true,118,111,103,110,heuristic
1823,105847,14024,1024,810,true,188,220,218,184,heuristic
1824,105848,10664,1024,626,true,174,145,160,147,heuristic
1825,105849,3872,256,313,true,108,54,75,76,heuristic
1826,105850,12260,1024,730,true,193,180,187,170,heuristic
1827,105851,6724,512,446,true,120,108,123,95,heuristic
1828,105852,3192,256,267,true,79,57,74,57,heuristic
1829,105853,7752,512,531,true,113,143,132,143,heuristic
1830,105854,12164,1024,706,true,197,158,192,159,heuristic
1831,105855,7116,512,492,true,132,128,109,123,heuristic
1832,105856,3108,256,257,true,58,65,47,87,heuristic
1833,105857,14684,1024,867,true,234,203,200,230,heuristic
1834,105858,6756,512,453,true,135,95,99,124,heuristic
1835,105859,5300,512,363,true,105,85,86,87,heuristic
1836,105860,12112,1024,720,true,175,205,197,143,heuristic
1837,105861,5884,512,408,true,119,89,92,108,heuristic
1838,105862,12168,1024,730,true,195,165,204,166,heuristic
1839,105863,6496,512,447,true,119,108,103,117,heuristic
1840,105864,5388,512,372,true,85,91,106,90,heuristic
1841,105865,7068,512,483,true,131,110,127,115,heuristic
1842,105866,12092,1024,715,true,172,186,188,169,heuristic
1843,105867,5356,512,372,true,80,94,106,92,heuristic
1844,105868,15396,1024,901,true,234,230,227,210,heuristic
1845,105869,11664,1024,682,true,187,149,188,158,heuristic
1846,105870,7200,512,499,true,141,121,116,121,heuristic
1847,105871,6664,512,457,true,115,115,108,119,heuristic
1848,105872,12140,1024,722,true,214,157,164,187,heuristic
1849,105873,6732,512,462,true,122,116,106,118,heuristic
1850,105874,5444,512,381,true,107,90,94,90,heuristic
1851,105875,3396,256,285,true,76,77,84,48,heuristic
1852,105876,10472,1024,614,true,159,155,175,125,heuristic
1853,105877,8064,512,541,true,126,149,135,131,heuristic
1854,105878,7096,512,491,true,112,129,123,127,heuristic
1855,105879,7276,512,495,true,126,124,125,120,heuristic
1856,105880,12140,1024,722,true,188,183,197,154,heuristic
1857,105881,12452,1024,752,true,165,210,183,194,heuristic
1858,105882,8180,512,553,true,155,120,141,137,heuristic
1859,105883,6420,512,434,true,120,109,100,105,heuristic
1860,105884,12072,1024,721,true,183,190,167,181,heuristic
1861,105885,7108,512,488,true,120,112,141,115,heuristic
1862,105886,6652,512,454,true,125,107,124,98,heuristic
1863,105887,14536,1024,846,true,232,208,222,184,heuristic
1864,105888,7028,512,473,true,134,114,132,93,heuristic
1865,105889,6040,512,419,true,120,90,131,78,heuristic
1866,105890,11864,1024,697,true,190,152,182,173,heuristic
1867,105891,12392,1024,744,true,197,179,165,203,heuristic
1868,105892,7340,512,503,true,127,121,130,125,heuristic
1869,105893,3220,256,257,true,66,64,62,65,heuristic
1870,105894,4844,512,343,true,83,81,97,82,heuristic
1871,105895,7104,512,486,true,132,116,123,115,heuristic
1872,105896,3108,256,251,true,65,60,73,53,heuristic
1873,105897,7248,512,499,true,117,132,124,126,heuristic
1874,105898,5744,512,408,true,108,104,96,100,heuristic
1875,105899,6464,512,441,true,132,106,105,98,heuristic
1876,105900,7028,512,478,true,128,114,113,123,heuristic
1877,105901,5376,512,369,true,101,83,100,85,heuristic
1878,105902,6656,512,460,true,125,113,132,90,heuristic
1879,105903,3036,256,245,true,58,64,69,54,heuristic
1880,105904,6020,512,425,true,116,98,89,122,heuristic
1881,105905,13788,1024,799,true,224,165,222,188,heuristic
1882,105906,11816,1024,698,true,175,175,162,186,heuristic
1883,105907,3160,256,259,true,69,58,81,51,heuristic
1884,105908,7344,512,505,true,147,110,120,128,heuristic
1885,105909,14916,1024,876,true,204,229,218,225,heuristic
1886,105910,7292,512,495,true,134,115,124,122,heuristic
1887,105911,7116,512,492,true,127,106,122,137,heuristic
1888,105912,14256,1024,825,true,195,228,225,177,heuristic
1889,105913,11292,1024,649,true,163,150,171,165,heuristic
1890,105914,6032,512,402,true,111,87,116,88,heuristic
1891,105915,12144,1024,720,true,192,178,207,143,heuristic
1892,105916,7064,512,483,true,141,101,134,107,heuristic
1893,105917,7616,512,528,true,163,106,121,138,heuristic
1894,105918,3512,256,282,true,65,68,83,66,heuristic
1895,105919,6420,512,435,true,120,96,113,106,heuristic
1896,105920,7028,512,478,true,129,109,128,112,heuristic
1897,105921,7064,512,479,true,115,134,124,106,heuristic
1898,105922,15884,1024,926,true,254,195,262,215,heuristic
1899,105923,4080,256,313,true,77,75,90,71,heuristic
1900,105924,7216,512,504,true,110,142,118,134,heuristic
1901,105925,7204,512,490,true,129,112,122,127,heuristic
1902,105926,6180,512,417,true,99,113,107,98,heuristic
1903,105927,7388,512,516,true,128,142,135,111,heuristic
1904,105928,5324,512,368,true,100,89,96,83,heuristic
1905,105929,7184,512,496,true,125,131,103,137,heuristic
1906,105930,3164,256,259,true,76,57,64,62,heuristic
1907,105931,14048,1024,825,true,220,208,201,196,heuristic
1908,105932,7188,512,496,true,128,125,125,118,heuristic
1909,105933,7120,512,491,true,115,116,148,112,heuristic
1910,105934,3084,256,252,true,74,57,56,65,heuristic
1911,105935,3104,256,257,true,52,70,69,66,heuristic
1912,105936,6612,512,461,true,154,83,118,106,heuristic
1913,105937,7592,512,519,true,150,117,111,141,heuristic
1914,105938,7344,512,505,true,128,114,134,129,heuristic
1915,105939,11468,1024,670,true,184,152,176,158,heuristic
1916,105940,10404,1024,602,true,163,144,152,143,heuristic
1917,105941,6824,512,467,true,121,114,117,115,heuristic
1918,105942,7456,512,519,true,117,139,135,128,heuristic
1919,105943,11884,1024,701,true,214,154,176,157,heuristic
1920,105944,12100,1024,716,true,183,178,193,162,heuristic
1921,105945,14720,1024,859,true,213,212,227,207,heuristic
1922,105946,14344,1024,831,true,244,162,211,214,heuristic
1923,105947,12036,1024,707,true,178,184,175,170,heuristic
1924,105948,8912,512,606,true,156,151,145,154,heuristic
1925,105949,3908,256,316,true,82,72,75,87,heuristic
1926,105950,6440,512,438,true,108,110,120,100,heuristic
1927,105951,3120,256,261,true,85,52,64,60,heuristic
1928,105952,5696,512,404,true,109,84,123,88,heuristic
1929,105953,14492,1024,849,true,202,223,232,192,heuristic
1930,105954,7048,512,480,true,126,121,135,98,heuristic
1931,105955,7104,512,484,true,108,145,126,105,heuristic
1932,105956,5420,512,375,true,87,104,114,70,heuristic
1933,105957,13620,1024,773,true,201,211,186,175,heuristic
1934,105958,6540,512,447,true,117,112,124,94,heuristic
1935,105959,3496,256,293,true,73,74,71,75,heuristic
1936,105960,7200,512,499,true,135,118,102,144,heuristic
1937,105961,7284,512,505,true,135,118,126,126,heuristic
1938,105962,14820,1024,864,true,247,189,207,221,heuristic
1939,105963,10380,1024,603,true,165,147,153,138,heuristic
1940,105964,3136,256,257,true,61,62,66,68,heuristic
1941,105965,5312,512,366,true,123,73,65,105,heuristic
1942,105966,16128,1024,950,true,252,223,219,256,heuristic
1943,105967,7044,512,482,true,107,131,127,117,heuristic
1944,105968,5392,512,371,true,82,94,118,77,heuristic
1945,105969,14344,1024,829,true,214,210,211,194,heuristic
1946,105970,7864,512,541,true,122,142,151,126,heuristic
1947,105971,6440,512,445,true,121,114,114,96,heuristic
1948,105972,7816,512,542,true,140,135,141,126,heuristic
1949,105973,5472,512,389,true,91,96,98,104,heuristic
1950,105974,6088,512,420,true,110,96,114,100,heuristic
1951,105975,8724,512,597,true,172,125,174,126,heuristic
1952,105976,7832,512,545,true,143,129,129,144,heuristic
1953,105977,7176,512,493,true,142,108,133,110,heuristic
1954,105978,8192,512,555,true,136,141,136,142,heuristic
1955,105979,3036,256,248,true,66,63,74,45,heuristic
1956,105980,7936,512,551,true,149,127,151,124,heuristic
1957,105981,6860,512,467,true,136,114,109,108,heuristic
1958,105982,3180,256,265,true,82,51,73,59,heuristic
1959,105983,7016,512,482,true,115,117,121,129,heuristic
1960,105984,10344,1024,599,true,151,149,155,144,heuristic
1961,105985,3260,256,272,true,70,65,62,75,heuristic
1962,105986,7580,512,529,true,152,105,156,116,heuristic
1963,105987,12316,1024,742,true,198,166,197,181,heuristic
1964,105988,6908,512,467,true,137,99,120,111,heuristic
1965,105989,5612,512,407,true,119,101,100,87,heuristic
1966,105990,6384,512,429,true,129,97,93,110,heuristic
1967,105991,16212,1024,959,true,219,259,258,223,heuristic
1968,105992,3052,256,253,true,77,57,59,60,heuristic
1969,105993,3100,256,257,true,69,67,52,69,heuristic
1970,105994,7196,512,488,true,121,127,140,100,heuristic
1971,105995,7240,512,505,true,126,118,124,137,heuristic
1972,105996,2656,256,225,true,50,63,51,61,heuristic
1973,105997,12368,1024,739,true,189,184,190,176,heuristic
1974,105998,6440,512,439,true,107,119,103,110,heuristic
1975,105999,11428,1024,671,true,163,191,141,176,heuristic
1976,106000,7132,512,494,true,125,127,125,117,heuristic
1977,106001,7852,512,520,true,124,147,126,123,heuristic
1978,106002,11648,1024,683,true,176,170,187,150,heuristic
1979,106003,4800,512,341,true,92,80,93,76,heuristic
1980,106004,12476,1024,750,true,157,220,200,173,heuristic
1981,106005,6640,512,452,true,141,84,121,106,heuristic
1982,106006,7400,512,514,true,154,111,120,129,heuristic
1983,106007,12220,1024,729,true,176,196,175,182,heuristic
1984,106008,6532,512,445,true,126,109,110,100,heuristic
1985,106009,12076,1024,712,true,190,158,184,180,heuristic
1986,106010,14560,1024,857,true,243,192,241,181,heuristic
1987,106011,6232,512,408,true,111,99,107,91,heuristic
1988,106012,7800,512,518,true,163,110,125,120,heuristic
1989,106013,5712,512,396,true,105,88,117,86,heuristic
1990,106014,5488,512,388,true,126,79,108,75,heuristic
1991,106015,5424,512,377,true,119,71,107,80,heuristic
1992,106016,6272,512,414,true,115,88,111,100,heuristic
1993,106017,12252,1024,728,true,208,178,163,179,heuristic
1994,106018,6916,512,470,true,112,116,129,113,heuristic
1995,106019,12096,1024,712,true,179,182,169,182,heuristic
1996,106020,6360,512,431,true,96,102,129,104,heuristic
1997,106021,5436,512,380,true,94,97,92,97,heuristic
1998,106022,7860,512,547,true,129,134,135,149,heuristic
1999,106023,6460,512,439,true,101,114,95,129,heuristic
2000,106024,14432,1024,847,true,236,189,216,206,heuristic
2001,106025,7112,512,491,true,130,117,131,113,heuristic
2002,106026,7104,512,487,true,124,119,141,103,heuristic
2003,106027,7148,512,486,true,122,125,122,117,heuristic
2004,106028,5524,512,398,true,117,88,104,89,heuristic
2005,106029,1896,128,183,true,57,37,49,40,heuristic
2006,106030,7904,512,532,true,146,112,162,112,heuristic
2007,106031,3000,256,240,true,59,64,59,58,heuristic
2008,106032,5544,512,382,true,104,91,78,109,heuristic
2009,106033,12344,1024,731,true,195,162,192,182,heuristic
2010,106034,14060,1024,803,true,223,174,230,176,heuristic
2011,106035,6708,512,443,true,126,110,97,110,heuristic
2012,106036,7392,512,516,true,125,122,153,116,heuristic
2013,106037,5556,512,383,true,117,84,85,97,heuristic
2014,106038,6696,512,458,true,118,115,116,109,heuristic
2015,106039,12260,1024,737,true,189,193,195,160,heuristic
2016,106040,3084,256,251,true,74,57,52,68,heuristic
2017,106041,11820,1024,692,true,179,176,197,140,heuristic
2018,106042,15928,1024,938,true,228,247,239,224,heuristic
2019,106043,3200,256,263,true,77,51,70,65,heuristic
2020,106044,6000,512,414,true,122,85,86,121,heuristic
2021,106045,5240,512,352,true,78,99,94,81,heuristic
2022,106046,6168,512,419,true,123,93,95,108,heuristic
2023,106047,13908,1024,797,true,215,170,185,227,heuristic
2024,106048,3528,256,295,true,96,55,60,84,heuristic
2025,106049,13772,1024,793,true,218,171,190,214,heuristic
2026,106050,6376,512,427,true,130,96,99,102,heuristic
2027,106051,12004,1024,705,true,190,156,189,170,heuristic
2028,106052,3176,256,262,true,76,53,65,68,heuristic
2029,106053,12112,1024,721,true,186,173,176,186,heuristic
2030,106054,11660,1024,676,true,186,161,180,149,heuristic
2031,106055,7216,512,502,true,138,124,131,109,heuristic
2032,106056,3376,256,280,true,88,58,62,72,heuristic
2033,106057,10464,1024,613,true,138,174,159,142,heuristic
2034,106058,12460,1024,748,true,202,169,182,195,heuristic
2035,106059,7080,512,487,true,136,116,128,107,heuristic
2036,106060,6580,512,446,true,131,102,120,93,heuristic
2037,106061,3500,256,295,true,62,76,80,77,heuristic
2038,106062,7052,512,483,true,93,133,142,115,heuristic
2039,106063,6460,512,444,true,137,99,107,101,heuristic
2040,106064,14616,1024,855,true,226,193,217,219,heuristic
2041,106065,11636,1024,677,true,182,167,157,171,heuristic
2042,106066,6684,512,455,true,113,106,121,115,heuristic
2043,106067,7332,512,505,true,122,134,144,105,heuristic
2044,106068,3372,256,279,true,66,74,80,59,heuristic
2045,106069,7240,512,498,true,127,117,141,113,heuristic
2046,106070,7180,512,500,true,122,127,134,117,heuristic
2047,106071,15332,1024,885,true,223,208,238,216,heuristic
2048,106072,15040,1024,861,true,246,202,229,184,heuristic
2049,106073,8024,512,534,true,145,127,129,133,heuristic
2050,106074,12220,1024,735,true,205,176,171,183,heuristic
2051,106075,5508,512,393,true,115,79,111,88,heuristic
2052,106076,10344,1024,595,true,149,161,146,139,heuristic
2053,106077,9964,1024,578,true,121,169,151,137,heuristic
2054,106078,10472,1024,609,true,175,132,139,163,heuristic
2055,106079,12176,1024,725,true,174,192,184,175,heuristic
2056,106080,6332,512,435,true,107,114,106,108,heuristic
2057,106081,7396,512,517,true,123,133,122,139,heuristic
2058,106082,7848,512,542,true,154,131,134,123,heuristic
2059,106083,12072,1024,714,true,179,172,189,174,heuristic
2060,106084,3056,256,250,true,69,62,62,57,heuristic
2061,106085,12176,1024,731,true,177,188,184,182,heuristic
2062,106086,12396,1024,746,true,196,181,178,191,heuristic
2063,106087,7144,512,490,true,119,124,123,124,heuristic
2064,106088,11520,1024,672,true,165,171,170,166,heuristic
2065,106089,7140,512,491,true,134,124,118,115,heuristic
2066,106090,14376,1024,838,true,229,197,209,203,heuristic
2067,106091,12396,1024,742,true,189,168,231,154,heuristic
2068,106092,3208,256,269,true,91,45,80,53,heuristic
2069,106093,12556,1024,755,true,222,157,205,171,heuristic
2070,106094,2760,256,238,true,55,71,48,64,heuristic
2071,106095,10712,1024,642,true,144,164,162,172,heuristic
2072,106096,6300,512,420,true,105,110,109,96,heuristic
2073,106097,6976,512,476,true,131,106,120,119,heuristic
2074,106098,3424,256,281,true,74,65,78,64,heuristic
2075,106099,6376,512,435,true,101,110,118,106,heuristic
2076,106100,6424,512,445,true,104,118,125,98,heuristic
2077,106101,7156,512,489,true,136,109,124,120,heuristic
2078,106102,7036,512,476,true,136,101,119,120,heuristic
2079,106103,12300,1024,740,true,227,154,194,165,heuristic
2080,106104,12120,1024,723,true,187,174,177,185,heuristic
2081,106105,5368,512,375,true,111,84,106,74,heuristic
2082,106106,7764,512,530,true,104,147,151,128,heuristic
2083,106107,5632,512,396,true,101,94,115,86,heuristic
2084,106108,6516,512,445,true,91,132,118,104,heuristic
2085,106109,7328,512,504,true,148,113,129,114,heuristic
2086,106110,7072,512,485,true,115,131,122,117,heuristic
2087,106111,6804,512,454,true,114,111,125,104,heuristic
2088,106112,7172,512,489,true,126,114,125,124,heuristic
2089,106113,3072,256,252,true,61,65,64,62,heuristic
2090,106114,6708,512,461,true,116,109,123,113,heuristic
2091,106115,6320,512,426,true,123,97,117,89,heuristic
2092,106116,5304,512,364,true,105,77,102,80,heuristic
2093,106117,7068,512,483,true,122,118,119,124,heuristic
2094,106118,7068,512,483,true,127,117,114,125,heuristic
2095,106119,7124,512,492,true,140,106,128,118,heuristic
2096,106120,14508,1024,854,true,243,190,206,215,heuristic
2097,106121,10432,1024,609,true,174,135,170,130,heuristic
2098,106122,7052,512,475,true,114,124,130,107,heuristic
2099,106123,5540,512,396,true,88,99,115,94,heuristic
2100,106124,6144,512,409,true,114,91,103,101,heuristic
2101,106125,14180,1024,813,true,209,199,216,189,heuristic
2102,106126,6792,512,466,true,111,109,121,125,heuristic
2103,106127,7048,512,473,true,132,96,120,125,heuristic
2104,106128,2336,256,195,true,42,60,45,48,heuristic
2105,106129,16484,1024,989,true,263,234,263,229,heuristic
2106,106130,7220,512,501,true,134,119,133,115,heuristic
2107,106131,7056,512,482,true,131,109,114,128,heuristic
2108,106132,15400,1024,918,true,234,229,241,214,heuristic
2109,106133,3360,256,277,true,79,64,73,61,heuristic
2110,106134,3236,256,272,true,79,58,80,55,heuristic
2111,106135,7024,512,472,true,113,113,118,128,heuristic
2112,106136,6864,512,466,true,128,104,132,102,heuristic
2113,106137,7152,512,492,true,119,126,134,113,heuristic
2114,106138,14292,1024,822,true,203,209,211,199,heuristic
2115,106139,7120,512,490,true,127,124,113,126,heuristic
2116,106140,3952,256,323,true,94,75,71,83,heuristic
2117,106141,7220,512,504,true,120,142,144,98,heuristic
2118,106142,7348,512,516,true,139,132,131,114,heuristic
2119,106143,5688,512,398,true,120,77,101,100,heuristic
2120,106144,12168,1024,722,true,200,156,188,178,heuristic
2121,106145,7104,512,484,true,108,128,159,89,heuristic
2122,106146,13196,1024,783,true,210,183,214,176,heuristic
2123,106147,6412,512,437,true,77,136,138,86,heuristic
2124,106148,5612,512,390,true,118,80,97,95,heuristic
2125,106149,10360,1024,603,true,160,147,171,125,heuristic
2126,106150,14124,1024,807,true,180,217,234,176,heuristic
2127,106151,15580,1024,903,true,226,218,208,251,heuristic
2128,106152,7160,512,489,true,122,104,163,100,heuristic
2129,106153,10672,1024,633,true,186,134,172,141,heuristic
2130,106154,6584,512,463,true,132,108,110,113,heuristic
2131,106155,7124,512,482,true,136,113,101,132,heuristic
2132,106156,1668,128,173,true,45,41,47,40,heuristic
2133,106157,9888,1024,546,true,162,113,139,132,heuristic
2134,106158,7084,512,486,true,117,132,122,115,heuristic
2135,106159,7012,512,485,true,120,109,138,118,heuristic
2136,106160,7360,512,509,true,130,117,134,128,heuristic
2137,106161,7176,512,493,true,121,117,140,115,heuristic
2138,106162,7340,512,507,true,154,92,134,127,heuristic
2139,106163,3160,256,262,true,69,61,64,68,heuristic
2140,106164,3476,256,288,true,101,47,82,58,heuristic
2141,106165,6840,512,459,true,107,113,125,114,heuristic
2142,106166,7092,512,490,true,108,129,131,122,heuristic
2143,106167,15392,1024,900,true,262,209,196,233,heuristic
2144,106168,13988,1024,796,true,190,197,215,194,heuristic
2145,106169,9728,1024,557,true,136,144,147,130,heuristic
2146,106170,12080,1024,707,true,155,197,215,140,heuristic
2147,106171,12484,1024,748,true,204,177,165,202,heuristic
2148,106172,7648,512,516,true,147,125,110,134,heuristic
2149,106173,3216,256,269,true,62,74,59,74,heuristic
2150,106174,12072,1024,711,true,205,151,185,170,heuristic
2151,106175,3536,256,290,true,80,70,71,69,heuristic
2152,106176,11884,1024,696,true,173,186,156,181,heuristic
2153,106177,7160,512,490,true,127,118,118,127,heuristic
2154,106178,5584,512,388,true,106,95,94,93,heuristic
2155,106179,10396,1024,607,true,147,160,130,170,heuristic
2156,106180,3084,256,255,true,69,49,82,55,heuristic
2157,106181,6660,512,460,true,101,120,129,110,heuristic
2158,106182,6528,512,445,true,139,87,111,108,heuristic
2159,106183,3004,256,241,true,48,66,65,62,heuristic
2160,106184,7104,512,481,true,117,122,131,111,heuristic
2161,106185,7052,512,480,true,132,111,132,105,heuristic
2162,106186,7244,512,499,true,121,119,135,124,heuristic
2163,106187,3496,256,293,true,72,68,78,75,heuristic
2164,106188,7400,512,521,true,139,117,128,137,heuristic
2165,106189,6568,512,446,true,105,115,133,93,heuristic
2166,106190,7144,512,486,true,124,113,131,118,heuristic
2167,106191,9716,1024,554,true,141,147,124,142,heuristic
2168,106192,6044,512,415,true,115,86,111,103,heuristic
2169,106193,3792,256,304,true,89,64,76,75,heuristic
2170,106194,1660,128,168,true,36,48,51,33,heuristic
2171,106195,5776,512,415,true,120,92,111,92,heuristic
2172,106196,15512,1024,913,true,258,214,235,206,heuristic
2173,106197,15388,1024,895,true,234,203,251,207,heuristic
2174,106198,3876,256,313,true,76,76,76,85,heuristic
2175,106199,1780,128,181,true,34,55,55,37,heuristic
2176,106200,12156,1024,719,true,206,162,213,138,heuristic
2177,106201,7056,512,486,true,151,113,120,102,heuristic
2178,106202,12260,1024,729,true,182,185,187,175,heuristic
2179,106203,11816,1024,691,true,218,137,177,159,heuristic
2180,106204,7368,512,499,true,112,147,136,104,heuristic
2181,106205,14596,1024,848,true,217,228,216,187,heuristic
2182,106206,3356,256,276,true,87,47,69,73,heuristic
2183,106207,13212,1024,787,true,206,181,204,196,heuristic
2184,106208,7204,512,498,true,127,124,130,117,heuristic
2185,106209,6996,512,470,true,133,98,134,105,heuristic
2186,106210,7340,512,507,true,150,114,127,116,heuristic
2187,106211,14836,1024,865,true,232,192,221,220,heuristic
2188,106212,12160,1024,720,true,155,207,195,163,heuristic
2189,106213,6028,512,416,true,93,119,104,100,heuristic
2190,106214,3208,256,266,true,75,52,64,75,heuristic
2191,106215,12148,1024,718,true,177,172,194,175,heuristic
2192,106216,11904,1024,696,true,195,151,186,164,heuristic
2193,106217,6524,512,455,true,110,118,132,95,heuristic
2194,106218,7632,512,527,true,140,123,140,124,heuristic
2195,106219,14872,1024,866,true,208,212,221,225,heuristic
2196,106220,3240,256,264,true,65,58,77,64,heuristic
2197,106221,12048,1024,710,true,171,202,186,151,heuristic
2198,106222,8096,512,548,true,149,126,149,124,heuristic
2199,106223,6940,512,468,true,126,121,121,100,heuristic
2200,106224,6852,512,461,true,118,109,110,124,heuristic
2201,106225,7196,512,499,true,151,109,108,131,heuristic
2202,106226,7136,512,495,true,133,110,138,114,heuristic
2203,106227,12104,1024,713,true,219,139,174,181,heuristic
2204,106228,3124,256,258,true,64,60,72,62,heuristic
2205,106229,5404,512,371,true,101,79,87,104,heuristic
2206,106230,6840,512,456,true,110,127,124,95,heuristic
2207,106231,15840,1024,924,true,285,178,245,216,heuristic
2208,106232,6472,512,443,true,115,119,113,96,heuristic
2209,106233,15416,1024,894,true,244,215,230,205,heuristic
2210,106234,3244,256,268,true,70,64,70,64,heuristic
2211,106235,7268,512,497,true,124,119,94,160,heuristic
2212,106236,6788,512,472,true,102,128,125,117,heuristic
2213,106237,6352,512,432,true,86,129,101,116,heuristic
2214,106238,12196,1024,733,true,177,197,159,200,heuristic
2215,106239,5340,512,367,true,84,100,86,97,heuristic
2216,106240,11660,1024,687,true,162,185,175,165,heuristic
2217,106241,7920,512,521,true,129,121,146,125,heuristic
2218,106242,6096,512,428,true,101,111,137,79,heuristic
2219,106243,3360,256,276,true,55,86,65,70,heuristic
2220,106244,14392,1024,838,true,227,193,220,198,heuristic
2221,106245,11372,1024,664,true,180,173,159,152,heuristic
2222,106246,12156,1024,727,true,200,160,200,167,heuristic
2223,106247,4692,512,322,true,90,71,82,79,heuristic
2224,106248,7192,512,497,true,119,138,128,112,heuristic
2225,106249,7196,512,500,true,131,118,130,121,heuristic
2226,106250,15472,1024,904,true,230,229,236,209,heuristic
2227,106251,7788,512,531,true,143,130,135,123,heuristic
2228,106252,7168,512,495,true,134,113,119,129,heuristic
2229,106253,5524,512,375,true,103,94,97,81,heuristic
2230,106254,12196,1024,726,true,197,177,199,153,heuristic
2231,106255,5564,512,395,true,99,95,105,96,heuristic
2232,106256,11472,1024,673,true,190,156,184,143,heuristic
2233,106257,7160,512,491,true,125,129,115,122,heuristic
2234,106258,7032,512,471,true,120,122,137,92,heuristic
2235,106259,7320,512,503,true,123,131,134,115,heuristic
2236,106260,7192,512,498,true,154,114,126,104,heuristic
2237,106261,7104,512,492,true,107,126,116,143,heuristic
2238,106262,3076,256,254,true,55,65,71,63,heuristic
2239,106263,7080,512,482,true,131,119,113,119,heuristic
2240,106264,7056,512,480,true,139,101,119,121,heuristic
2241,106265,5508,512,385,true,95,98,107,85,heuristic
2242,106266,14284,1024,817,true,231,191,205,190,heuristic
2243,106267,11984,1024,705,true,170,184,181,170,heuristic
2244,106268,12208,1024,723,true,186,187,192,158,heuristic
2245,106269,7068,512,483,true,115,124,121,123,heuristic
2246,106270,6952,512,468,true,105,126,128,109,heuristic
2247,106271,7768,512,529,true,151,128,129,121,heuristic
2248,106272,7036,512,480,true,130,120,120,110,heuristic
2249,106273,7108,512,482,true,113,122,136,111,heuristic
2250,106274,6504,512,448,true,114,112,120,102,heuristic
2251,106275,11900,1024,700,true,209,141,169,181,heuristic
2252,106276,7096,512,494,true,113,133,139,109,heuristic
2253,106277,7076,512,481,true,112,127,113,129,heuristic
2254,106278,7052,512,483,true,152,91,127,113,heuristic
2255,106279,5360,512,374,true,106,94,92,82,heuristic
2256,106280,10448,1024,603,true,173,143,146,141,heuristic
2257,106281,12144,1024,724,true,203,155,214,152,heuristic
2258,106282,7932,512,554,true,147,137,147,123,heuristic
2259,106283,5336,512,371,true,97,84,111,79,heuristic
2260,106284,7072,512,484,true,120,116,138,110,heuristic
2261,106285,3208,256,270,true,77,43,85,65,heuristic
2262,106286,3228,256,270,true,73,65,64,68,heuristic
2263,106287,7068,512,484,true,126,106,135,117,heuristic
2264,106288,7380,512,517,true,131,114,157,115,heuristic
2265,106289,7276,512,503,true,129,136,127,111,heuristic
2266,106290,7804,512,544,true,147,120,135,142,heuristic
2267,106291,7164,512,491,true,124,121,104,142,heuristic
2268,106292,7320,512,502,true,129,118,125,130,heuristic
2269,106293,7280,512,504,true,147,105,146,106,heuristic
2270,106294,12116,1024,720,true,198,170,176,176,heuristic
2271,106295,3984,256,324,true,92,81,75,76,heuristic
2272,106296,3328,256,273,true,73,64,68,68,heuristic
2273,106297,15404,1024,891,true,260,190,232,209,heuristic
2274,106298,15100,1024,880,true,199,232,224,225,heuristic
2275,106299,12244,1024,732,true,165,190,217,160,heuristic
2276,106300,14340,1024,830,true,177,236,223,194,heuristic
2277,106301,6872,512,466,true,104,125,136,101,heuristic
2278,106302,7220,512,499,true,114,132,154,99,heuristic
2279,106303,2596,256,218,true,61,52,41,64,heuristic
2280,106304,7012,512,474,true,136,106,129,103,heuristic
2281,106305,5384,512,379,true,100,94,74,111,heuristic
2282,106306,7040,512,482,true,123,121,119,119,heuristic
2283,106307,12152,1024,719,true,186,173,170,190,heuristic
2284,106308,5400,512,374,true,105,75,111,83,heuristic
2285,106309,7232,512,504,true,111,141,142,110,heuristic
2286,106310,5612,512,391,true,88,114,93,96,heuristic
2287,106311,6648,512,458,true,139,91,101,127,heuristic
2288,106312,5496,512,389,true,96,109,97,87,heuristic
2289,106313,7788,512,520,true,140,122,125,133,heuristic
2290,106314,11436,1024,668,true,174,163,180,151,heuristic
2291,106315,6892,512,468,true,95,132,141,100,heuristic
2292,106316,16032,1024,937,true,234,235,240,228,heuristic
2293,106317,15956,1024,929,true,245,225,250,209,heuristic
2294,106318,2932,256,245,true,81,43,59,62,heuristic
2295,106319,5180,512,359,true,92,90,90,87,heuristic
2296,106320,7028,512,478,true,133,99,165,81,heuristic
2297,106321,6420,512,434,true,106,97,123,108,heuristic
2298,106322,16176,1024,967,true,274,210,234,249,heuristic
2299,106323,3488,256,278,true,75,58,74,71,heuristic
2300,106324,7024,512,473,true,137,107,109,120,heuristic
2301,106325,8516,512,569,true,152,144,150,123,heuristic
2302,106326,6924,512,479,true,120,118,123,118,heuristic
2303,106327,12292,1024,737,true,176,189,199,173,heuristic
2304,106328,14408,1024,846,true,206,209,225,206,heuristic
2305,106329,14352,1024,833,true,219,201,203,210,heuristic
2306,106330,3144,256,261,true,74,55,61,71,heuristic
2307,106331,7140,512,489,true,138,111,125,115,heuristic
2308,106332,5304,512,363,true,98,75,101,89,heuristic
2309,106333,6484,512,448,true,117,114,108,109,heuristic
2310,106334,10408,1024,611,true,174,136,169,132,heuristic
2311,106335,7148,512,491,true,128,118,128,117,heuristic
2312,106336,7588,512,506,true,156,100,108,142,heuristic
2313,106337,7168,512,496,true,127,129,130,110,heuristic
2314,106338,3212,256,266,true,72,54,64,76,heuristic
2315,106339,2616,256,219,true,52,59,64,44,heuristic
2316,106340,6992,512,477,true,117,120,119,121,heuristic
2317,106341,12116,1024,718,true,175,189,169,185,heuristic
2318,106342,7560,512,522,true,129,139,122,132,heuristic
2319,106343,10524,1024,623,true,183,154,163,123,heuristic
2320,106344,6632,512,451,true,117,125,121,88,heuristic
2321,106345,7124,512,497,true,143,112,138,104,heuristic
2322,106346,3376,256,281,true,69,81,73,58,heuristic
2323,106347,3452,256,287,true,66,79,70,72,heuristic
2324,106348,3372,256,278,true,86,60,87,45,heuristic
2325,106349,8112,512,538,true,137,131,133,137,heuristic
2326,106350,7100,512,487,true,128,128,136,95,heuristic
2327,106351,3416,256,290,true,71,63,82,74,heuristic
2328,106352,5328,512,369,true,119,74,106,70,heuristic
2329,106353,14120,1024,810,true,203,212,218,177,heuristic
2330,106354,15320,1024,887,true,205,250,205,227,heuristic
2331,106355,7116,512,483,true,119,122,121,121,heuristic
2332,106356,6572,512,441,true,116,109,123,93,heuristic
2333,106357,12384,1024,738,true,190,185,183,180,heuristic
2334,106358,15500,1024,906,true,230,235,257,184,heuristic
2335,106359,15824,1024,917,true,203,261,238,215,heuristic
2336,106360,9368,512,600,true,149,158,152,141,heuristic
2337,106361,7160,512,494,true,118,137,110,129,heuristic
2338,106362,12196,1024,725,true,180,191,196,158,heuristic
2339,106363,7416,512,516,true,147,115,137,117,heuristic
2340,106364,3208,256,266,true,67,72,57,70,heuristic
2341,106365,7112,512,483,true,135,102,149,97,heuristic
2342,106366,16080,1024,946,true,237,226,247,236,heuristic
2343,106367,7156,512,489,true,120,124,108,137,heuristic
2344,106368,9288,512,591,true,159,135,143,154,heuristic
2345,106369,7084,512,483,true,134,122,113,114,heuristic
2346,106370,7144,512,491,true,141,120,110,120,heuristic
2347,106371,7220,512,490,true,126,127,140,97,heuristic
2348,106372,8900,512,605,true,141,154,171,139,heuristic
2349,106373,7564,512,516,true,129,124,145,118,heuristic
2350,106374,2664,256,226,true,58,52,61,55,heuristic
2351,106375,11756,1024,694,true,182,178,175,159,heuristic
2352,106376,12096,1024,716,true,167,189,210,150,heuristic
2353,106377,5904,512,416,true,118,88,123,87,heuristic
2354,106378,7268,512,500,true,131,122,116,131,heuristic
2355,106379,14412,1024,836,true,194,202,210,230,heuristic
2356,106380,1372,128,137,true,42,29,29,37,heuristic
2357,106381,6872,512,467,true,112,114,132,109,heuristic
2358,106382,5684,512,404,true,125,81,108,90,heuristic
2359,106383,14808,1024,867,true,192,238,221,216,heuristic
2360,106384,3084,256,256,true,61,76,65,54,heuristic
2361,106385,14280,1024,822,true,193,215,216,198,heuristic
2362,106386,7048,512,478,true,113,124,109,132,heuristic
2363,106387,7092,512,484,true,134,116,105,129,heuristic
2364,106388,11008,1024,653,true,129,185,186,153,heuristic
2365,106389,7928,512,552,true,142,152,133,125,heuristic
2366,106390,12172,1024,719,true,198,177,185,159,heuristic
2367,106391,15988,1024,929,true,250,213,198,268,heuristic
2368,106392,10660,1024,625,true,129,193,151,152,heuristic
2369,106393,5472,512,387,true,99,82,98,108,heuristic
2370,106394,7160,512,490,true,126,117,120,127,heuristic
2371,106395,15476,1024,906,true,249,223,213,221,heuristic
2372,106396,5692,512,407,true,120,82,101,104,heuristic
2373,106397,6844,512,464,true,126,111,125,102,heuristic
2374,106398,3268,256,276,true,81,63,58,74,heuristic
2375,106399,7124,512,494,true,145,109,130,110,heuristic
2376,106400,12024,1024,714,true,190,180,177,167,heuristic
2377,106401,7036,512,476,true,125,116,120,115,heuristic
2378,106402,7084,512,483,true,141,114,138,90,heuristic
2379,106403,11496,1024,676,true,184,159,167,166,heuristic
2380,106404,14264,1024,823,true,219,184,218,202,heuristic
2381,106405,10872,1024,650,true,179,159,186,126,heuristic
2382,106406,7096,512,485,true,132,115,130,108,heuristic
2383,106407,7360,512,508,true,142,120,125,121,heuristic
2384,106408,11716,1024,670,true,171,176,170,153,heuristic
2385,106409,6932,512,477,true,133,120,124,100,heuristic
2386,106410,5448,512,384,true,93,106,91,94,heuristic
2387,106411,7196,512,488,true,130,116,120,122,heuristic
2388,106412,6432,512,436,true,94,115,102,125,heuristic
2389,106413,12352,1024,746,true,218,168,190,170,heuristic
2390,106414,3440,256,285,true,91,44,89,61,heuristic
2391,106415,7604,512,507,true,158,103,134,112,heuristic
2392,106416,11452,1024,667,true,170,163,163,171,heuristic
2393,106417,6652,512,459,true,117,124,109,109,heuristic
2394,106418,6100,512,427,true,109,120,101,97,heuristic
2395,106419,6084,512,431,true,115,90,113,113,heuristic
2396,106420,6640,512,457,true,117,108,135,97,heuristic
2397,106421,16076,1024,943,true,232,234,241,236,heuristic
2398,106422,11396,1024,669,true,162,175,164,168,heuristic
2399,106423,7116,512,480,true,143,103,142,92,heuristic
2400,106424,6704,512,461,true,101,131,137,92,heuristic
2401,106425,3152,256,261,true,69,65,65,62,heuristic
2402,106426,12372,1024,737,true,186,181,199,171,heuristic
2403,106427,7396,512,515,true,125,137,126,127,heuristic
2404,106428,14364,1024,829,true,195,218,221,195,heuristic
2405,106429,5364,512,373,true,116,70,80,107,heuristic
2406,106430,6412,512,431,true,116,100,105,110,heuristic
2407,106431,6572,512,444,true,124,98,112,110,heuristic
2408,106432,3376,256,275,true,70,62,85,58,heuristic
2409,106433,7040,512,476,true,122,124,119,111,heuristic
2410,106434,5412,512,374,true,100,88,84,102,heuristic
2411,106435,6912,512,472,true,119,125,124,104,heuristic
2412,106436,3768,256,302,true,82,71,77,72,heuristic
2413,106437,7092,512,489,true,135,100,145,109,heuristic
2414,106438,6452,512,441,true,128,101,120,92,heuristic
2415,106439,5688,512,405,true,108,86,125,86,heuristic
2416,106440,3204,256,268,true,69,69,74,56,heuristic
2417,106441,5752,512,409,true,107,90,121,91,heuristic
2418,106442,10432,1024,605,true,140,171,140,154,heuristic
2419,106443,12032,1024,705,true,179,166,185,175,heuristic
2420,106444,12208,1024,722,true,200,178,178,166,heuristic
2421,106445,7076,512,485,true,123,132,123,107,heuristic
2422,106446,3980,256,319,true,70,94,86,69,heuristic
2423,106447,3416,256,279,true,87,52,98,42,heuristic
2424,106448,18632,1024,1000,false,251,237,277,235,heuristic
2425,106449,12160,1024,717,true,209,153,178,177,heuristic
2426,106450,14672,1024,860,true,234,211,218,197,heuristic
2427,106451,6044,512,401,true,105,90,108,98,heuristic
2428,106452,14504,1024,843,true,227,209,193,214,heuristic
2429,106453,7360,512,508,true,138,119,139,112,heuristic
2430,106454,3248,256,268,true,76,63,61,68,heuristic
2431,106455,12220,1024,717,true,228,137,191,161,heuristic
2432,106456,6908,512,461,true,119,116,101,125,heuristic
2433,106457,7052,512,479,true,123,115,128,113,heuristic
2434,106458,6620,512,441,true,114,106,108,113,heuristic
2435,106459,5364,512,373,true,85,96,90,102,heuristic
2436,106460,11172,1024,661,true,184,147,167,163,heuristic
2437,106461,11984,1024,698,true,191,165,182,160,heuristic
2438,106462,3180,256,264,true,82,45,83,54,heuristic
2439,106463,11852,1024,699,true,181,174,179,165,heuristic
2440,106464,12348,1024,735,true,201,179,183,172,heuristic
2441,106465,6316,512,423,true,121,91,113,98,heuristic
2442,106466,3332,256,269,true,92,44,61,72,heuristic
2443,106467,13980,1024,804,true,228,172,209,195,heuristic
2444,106468,11660,1024,687,true,177,165,157,188,heuristic
2445,106469,5904,512,420,true,111,98,123,88,heuristic
2446,106470,3812,256,310,true,97,54,83,76,heuristic
2447,106471,6580,512,445,true,110,115,121,99,heuristic
2448,106472,13740,1024,787,true,174,216,196,201,heuristic
2449,106473,7032,512,474,true,115,113,132,114,heuristic
2450,106474,7172,512,493,true,128,120,123,122,heuristic
2451,106475,7188,512,498,true,148,118,111,121,heuristic
2452,106476,12172,1024,719,true,178,202,181,158,heuristic
2453,106477,7128,512,482,true,144,102,131,105,heuristic
2454,106478,12176,1024,732,true,169,187,215,161,heuristic
2455,106479,6620,512,451,true,124,109,119,99,heuristic
2456,106480,14312,1024,822,true,224,182,221,195,heuristic
2457,106481,13904,1024,805,true,211,191,210,193,heuristic
2458,106482,6464,512,441,true,100,127,116,98,heuristic
2459,106483,5712,512,400,true,89,103,110,98,heuristic
2460,106484,11168,1024,666,true,167,174,179,146,heuristic
2461,106485,7296,512,496,true,123,122,129,122,heuristic
2462,106486,6008,512,414,true,110,100,101,103,heuristic
2463,106487,6384,512,428,true,108,92,105,123,heuristic
2464,106488,7160,512,502,true,131,126,113,132,heuristic
2465,106489,10536,1024,614,true,158,159,142,155,heuristic
2466,106490,3384,256,282,true,68,63,73,78,heuristic
2467,106491,10640,1024,625,true,177,150,150,148,heuristic
2468,106492,7016,512,481,true,143,99,122,117,heuristic
2469,106493,3440,256,285,true,78,66,87,54,heuristic
2470,106494,3072,256,253,true,58,73,66,56,heuristic
2471,106495,6940,512,478,true,120,125,113,120,heuristic
2472,106496,7140,512,493,true,118,124,135,116,heuristic
2473,106497,7028,512,474,true,110,128,122,114,heuristic
2474,106498,12100,1024,719,true,182,184,167,186,heuristic
2475,106499,5284,512,363,true,103,88,83,89,heuristic
2476,106500,6076,512,400,true,97,93,106,104,heuristic
2477,106501,5500,512,384,true,79,113,89,103,heuristic
2478,106502,7016,512,471,true,128,103,128,112,heuristic
2479,106503,14408,1024,845,true,217,213,211,204,heuristic
2480,106504,7692,512,528,true,146,119,120,143,heuristic
2481,106505,6192,512,440,true,101,119,119,101,heuristic
2482,106506,7496,512,524,true,128,132,151,113,heuristic
2483,106507,6900,512,473,true,119,121,120,113,heuristic
2484,106508,16116,1024,936,true,213,259,251,213,heuristic
2485,106509,2500,256,216,true,66,40,84,26,heuristic
2486,106510,7244,512,507,true,140,116,145,106,heuristic
2487,106511,3484,256,292,true,76,75,74,67,heuristic
2488,106512,6572,512,446,true,106,113,108,119,heuristic
2489,106513,6580,512,449,true,134,111,115,89,heuristic
2490,106514,7164,512,490,true,116,127,122,125,heuristic
2491,106515,6480,512,445,true,138,89,124,94,heuristic
2492,106516,14024,1024,795,true,202,185,198,210,heuristic
2493,106517,3100,256,255,true,57,71,75,52,heuristic
2494,106518,6356,512,423,true,122,100,116,85,heuristic
2495,106519,8612,512,545,true,133,129,128,155,heuristic
2496,106520,7764,512,534,true,137,137,154,106,heuristic
2497,106521,7180,512,498,true,122,125,122,129,heuristic
2498,106522,11184,1024,675,true,198,147,177,153,heuristic
2499,106523,7520,512,516,true,124,142,117,133,heuristic
2500,106524,12400,1024,744,true,205,175,214,150,heuristic
2501,106525,12360,1024,734,true,190,181,202,161,heuristic
2502,106526,6968,512,477,true,131,111,113,122,heuristic
2503,106527,11336,1024,656,true,160,167,192,137,heuristic
2504,106528,7120,512,485,true,117,114,117,137,heuristic
2505,106529,7036,512,480,true,137,101,124,118,heuristic
2506,106530,12596,1024,757,true,180,207,197,173,heuristic
2507,106531,5364,512,374,true,97,90,107,80,heuristic
2508,106532,3316,256,270,true,75,64,92,39,heuristic
2509,106533,11688,1024,694,true,189,158,178,169,heuristic
2510,106534,7580,512,535,true,155,112,142,126,heuristic
2511,106535,7184,512,496,true,125,125,146,100,heuristic
2512,106536,7168,512,492,true,101,134,106,151,heuristic
2513,106537,7368,512,510,true,129,133,112,136,heuristic
2514,106538,7016,512,475,true,113,132,136,94,heuristic
2515,106539,14020,1024,798,true,207,194,179,218,heuristic
2516,106540,3100,256,255,true,69,61,49,76,heuristic
2517,106541,3428,256,281,true,66,68,91,56,heuristic
2518,106542,7112,512,486,true,127,121,120,118,heuristic
2519,106543,7052,512,480,true,109,124,133,114,heuristic
2520,106544,5428,512,382,true,104,91,96,91,heuristic
2521,106545,12144,1024,724,true,177,186,201,160,heuristic
2522,106546,13572,1024,766,true,194,197,179,196,heuristic
2523,106547,5420,512,375,true,102,91,97,85,heuristic
2524,106548,3320,256,271,true,64,71,80,56,heuristic
2525,106549,13888,1024,811,true,231,182,209,189,heuristic
2526,106550,5488,512,389,true,96,94,106,93,heuristic
2527,106551,14328,1024,825,true,199,227,198,201,heuristic
2528,106552,12176,1024,721,true,197,169,163,192,heuristic
2529,106553,5640,512,393,true,96,111,103,83,heuristic
2530,106554,7416,512,516,true,141,111,115,149,heuristic
2531,106555,5484,512,380,true,99,100,100,81,heuristic
2532,106556,10720,1024,629,true,165,145,159,160,heuristic
2533,106557,6388,512,437,true,119,107,101,110,heuristic
2534,106558,5740,512,403,true,116,87,111,89,heuristic
2535,106559,15620,1024,909,true,216,248,226,219,heuristic
2536,106560,3440,256,285,true,87,51,87,60,heuristic
2537,106561,3344,256,273,true,73,62,58,80,heuristic
2538,106562,7152,512,489,true,127,115,138,109,heuristic
2539,106563,12328,1024,745,true,191,188,173,193,heuristic
2540,106564,10632,1024,634,true,163,171,163,137,heuristic
2541,106565,6852,512,462,true,129,96,101,136,heuristic
2542,106566,15456,1024,900,true,275,157,225,243,heuristic
2543,106567,6408,512,431,true,103,114,114,100,heuristic
2544,106568,5592,512,387,true,94,94,109,90,heuristic
2545,106569,5772,512,415,true,109,101,112,93,heuristic
2546,106570,11500,1024,678,true,165,188,151,174,heuristic
2547,106571,7204,512,501,true,125,130,111,135,heuristic
2548,106572,3784,256,308,true,87,74,88,59,heuristic
2549,106573,12264,1024,726,true,199,172,181,174,heuristic
2550,106574,3424,256,285,true,62,78,75,70,heuristic
2551,106575,6780,512,456,true,131,87,128,110,heuristic
2552,106576,15872,1024,925,true,264,201,234,226,heuristic
2553,106577,12008,1024,715,true,177,177,193,168,heuristic
2554,106578,3172,256,261,true,76,56,69,60,heuristic
2555,106579,5564,512,384,true,95,96,95,98,heuristic
2556,106580,7192,512,497,true,134,111,114,138,heuristic
2557,106581,6948,512,469,true,134,109,110,116,heuristic
2558,106582,6336,512,428,true,115,102,109,102,heuristic
2559,106583,14432,1024,841,true,249,181,188,223,heuristic
2560,106584,6960,512,473,true,120,125,126,102,heuristic
2561,106585,2960,256,242,true,45,70,72,55,heuristic
2562,106586,7200,512,500,true,138,116,133,113,heuristic
2563,106587,7320,512,501,true,128,119,126,128,heuristic
2564,106588,7532,512,507,true,148,111,139,109,heuristic
2565,106589,7228,512,503,true,135,119,119,130,heuristic
2566,106590,12248,1024,733,true,167,195,191,180,heuristic
2567,106591,8416,512,533,true,140,122,139,132,heuristic
2568,106592,14340,1024,829,true,218,207,196,208,heuristic
2569,106593,5472,512,389,true,105,89,113,82,heuristic
2570,106594,7120,512,488,true,143,102,130,113,heuristic
2571,106595,5220,512,353,true,96,78,101,78,heuristic
2572,106596,5740,512,407,true,120,85,99,103,heuristic
2573,106597,11368,1024,663,true,170,178,178,137,heuristic
2574,106598,12512,1024,754,true,167,214,203,170,heuristic
2575,106599,12296,1024,734,true,180,179,184,191,heuristic
2576,106600,7200,512,500,true,136,128,123,113,heuristic
2577,106601,7296,512,493,true,151,107,110,125,heuristic
2578,106602,2968,256,239,true,71,53,57,58,heuristic
2579,106603,7212,512,502,true,122,123,128,129,heuristic
2580,106604,6088,512,430,true,101,118,106,105,heuristic
2581,106605,11828,1024,705,true,180,188,183,154,heuristic
2582,106606,6444,512,440,true,140,83,115,102,heuristic
2583,106607,6456,512,443,true,138,96,113,96,heuristic
2584,106608,5628,512,391,true,107,86,100,98,heuristic
2585,106609,16204,1024,952,true,251,229,251,221,heuristic
2586,106610,7128,512,486,true,139,103,145,99,heuristic
2587,106611,12160,1024,721,true,185,177,178,181,heuristic
2588,106612,7160,512,494,true,116,125,129,124,heuristic
2589,106613,6724,512,446,true,117,104,127,98,heuristic
2590,106614,11936,1024,704,true,168,183,198,155,heuristic
2591,106615,3388,256,280,true,79,66,69,66,heuristic
2592,106616,7528,512,533,true,144,127,143,119,heuristic
2593,106617,5460,512,381,true,100,107,98,76,heuristic
2594,106618,10560,1024,630,true,160,162,163,145,heuristic
2595,106619,12180,1024,722,true,186,183,177,176,heuristic
2596,106620,7208,512,491,true,144,96,140,111,heuristic
2597,106621,7448,512,502,true,136,119,144,103,heuristic
2598,106622,10196,1024,594,true,140,165,153,136,heuristic
2599,106623,6948,512,470,true,125,99,137,109,heuristic
2600,106624,7204,512,501,true,130,130,125,116,heuristic
2601,106625,12612,1024,739,true,188,197,192,162,heuristic
2602,106626,6800,512,460,true,107,133,114,106,heuristic
2603,106627,8068,512,541,true,139,138,129,135,heuristic
2604,106628,6736,512,470,true,123,122,118,107,heuristic
2605,106629,7048,512,483,true,129,122,112,120,heuristic
2606,106630,7368,512,511,true,150,106,124,131,heuristic
2607,106631,3248,256,268,true,54,83,70,61,heuristic
2608,106632,7176,512,498,true,115,115,133,135,heuristic
2609,106633,7068,512,483,true,114,125,123,121,heuristic
2610,106634,14392,1024,830,true,221,187,228,194,heuristic
2611,106635,6668,512,460,true,146,97,107,110,heuristic
2612,106636,12184,1024,717,true,195,179,170,173,heuristic
2613,106637,3852,256,293,true,72,74,84,63,heuristic
2614,106638,6948,512,471,true,125,112,106,128,heuristic
2615,106639,11992,1024,703,true,189,173,171,170,heuristic
2616,106640,6512,512,443,true,121,97,111,114,heuristic
2617,106641,3148,256,260,true,73,54,67,66,heuristic
2618,106642,5500,512,384,true,87,105,103,89,heuristic
2619,106643,7168,512,497,true,127,125,116,129,heuristic
2620,106644,7124,512,493,true,140,109,133,111,heuristic
2621,106645,4072,256,338,true,89,74,101,74,heuristic
2622,106646,7876,512,545,true,131,148,136,130,heuristic
2623,106647,3060,256,251,true,54,73,66,58,heuristic
2624,106648,7140,512,496,true,141,115,147,93,heuristic
2625,106649,7904,512,522,true,158,130,135,99,heuristic
2626,106650,7032,512,480,true,112,131,116,121,heuristic
2627,106651,14132,1024,810,true,206,198,210,196,heuristic
2628,106652,3220,256,270,true,69,53,76,72,heuristic
2629,106653,7292,512,496,true,128,128,115,125,heuristic
2630,106654,14488,1024,835,true,208,209,201,217,heuristic
2631,106655,3124,256,258,true,82,47,80,49,heuristic
2632,106656,6956,512,481,true,136,109,123,113,heuristic
2633,106657,6560,512,452,true,101,128,125,98,heuristic
2634,106658,5584,512,385,true,103,90,103,89,heuristic
2635,106659,5716,512,402,true,114,98,104,86,heuristic
2636,106660,12096,1024,716,true,186,177,168,185,heuristic
2637,106661,7160,512,501,true,129,131,133,108,heuristic
2638,106662,6776,512,459,true,116,115,117,111,heuristic
2639,106663,11032,1024,648,true,162,185,131,170,heuristic
2640,106664,7764,512,510,true,153,121,109,127,heuristic
2641,106665,17032,1024,995,true,249,244,271,231,heuristic
2642,106666,7084,512,488,true,131,116,127,114,heuristic
2643,106667,5972,512,411,true,109,94,106,102,heuristic
2644,106668,3192,256,266,true,61,73,67,65,heuristic
2645,106669,6432,512,437,true,118,108,122,89,heuristic
2646,106670,11780,1024,697,true,171,176,172,178,heuristic
2647,106671,15472,1024,904,true,220,229,239,216,heuristic
2648,106672,15804,1024,924,true,214,248,224,238,heuristic
2649,106673,7064,512,483,true,124,115,123,121,heuristic
2650,106674,5732,512,410,true,112,98,94,106,heuristic
2651,106675,3568,256,281,true,98,47,74,62,heuristic
2652,106676,3204,256,266,true,66,65,74,61,heuristic
2653,106677,3088,256,250,true,76,51,74,49,heuristic
2654,106678,7440,512,517,true,118,136,140,123,heuristic
2655,106679,3144,256,258,true,83,53,60,62,heuristic
2656,106680,16200,1024,957,true,216,269,223,249,heuristic
2657,106681,12756,1024,758,true,203,177,180,198,heuristic
2658,106682,6412,512,432,true,129,86,103,114,heuristic
2659,106683,3420,256,286,true,93,55,67,71,heuristic
2660,106684,7264,512,500,true,136,130,117,117,heuristic
2661,106685,3312,256,276,true,74,71,75,56,heuristic
2662,106686,3228,256,271,true,82,53,69,67,heuristic
2663,106687,7140,512,485,true,121,118,133,113,heuristic
2664,106688,7344,512,503,true,117,137,134,115,heuristic
2665,106689,12188,1024,722,true,173,187,158,204,heuristic
2666,106690,5324,512,368,true,103,87,92,86,heuristic
2667,106691,3476,256,288,true,97,66,53,72,heuristic
2668,106692,10172,1024,588,true,155,137,160,136,heuristic
2669,106693,3468,256,287,true,82,57,78,70,heuristic
2670,106694,10576,1024,614,true,150,164,151,149,heuristic
2671,106695,14544,1024,852,true,208,233,227,184,heuristic
2672,106696,7172,512,493,true,103,147,134,109,heuristic
2673,106697,11316,1024,650,true,167,160,177,146,heuristic
2674,106698,6736,512,464,true,132,100,125,107,heuristic
2675,106699,12028,1024,711,true,191,167,172,181,heuristic
2676,106700,8028,512,532,true,130,134,124,144,heuristic
2677,106701,6340,512,430,true,120,97,110,103,heuristic
2678,106702,7140,512,489,true,127,112,124,126,heuristic
2679,106703,6856,512,463,true,136,97,118,112,heuristic
2680,106704,4864,256,369,true,120,72,109,68,heuristic
2681,106705,7168,512,492,true,123,125,131,113,heuristic
2682,106706,7152,512,489,true,114,123,137,115,heuristic
2683,106707,15576,1024,919,true,226,244,231,218,heuristic
2684,106708,6424,512,434,true,110,100,115,109,heuristic
2685,106709,7028,512,469,true,113,122,136,98,heuristic
2686,106710,15196,1024,882,true,219,222,239,202,heuristic
2687,106711,10444,1024,612,true,170,135,146,161,heuristic
2688,106712,7120,512,484,true,128,118,118,120,heuristic
2689,106713,6164,512,433,true,116,93,133,91,heuristic
2690,106714,3420,256,284,true,82,58,84,60,heuristic
2691,106715,7032,512,486,true,91,141,133,121,heuristic
2692,106716,7256,512,497,true,125,121,126,125,heuristic
2693,106717,7080,512,487,true,125,107,151,104,heuristic
2694,106718,6944,512,464,true,128,100,126,110,heuristic
2695,106719,12988,1024,768,true,171,221,184,192,heuristic
2696,106720,12032,1024,700,true,179,175,184,162,heuristic
2697,106721,12340,1024,740,true,207,178,135,220,heuristic
2698,106722,7168,512,485,true,138,118,134,95,heuristic
2699,106723,6760,512,465,true,108,122,117,118,heuristic
2700,106724,6472,512,443,true,119,123,101,100,heuristic
2701,106725,5336,512,371,true,97,81,94,99,heuristic
2702,106726,7032,512,479,true,136,108,118,117,heuristic
2703,106727,15596,1024,904,true,226,218,239,221,heuristic
2704,106728,15764,1024,918,true,216,234,258,210,heuristic
2705,106729,5364,512,378,true,100,94,93,91,heuristic
2706,106730,15492,1024,905,true,233,217,226,229,heuristic
2707,106731,12288,1024,748,true,185,180,178,205,heuristic
2708,106732,7152,512,489,true,146,115,116,112,heuristic
2709,106733,7116,512,494,true,139,113,128,114,heuristic
2710,106734,13072,1024,796,true,227,171,188,210,heuristic
2711,106735,5504,512,381,true,93,109,109,70,heuristic
2712,106736,5324,512,368,true,80,103,102,83,heuristic
2713,106737,7168,512,487,true,126,124,120,117,heuristic
2714,106738,14296,1024,823,true,207,181,224,211,heuristic
2715,106739,6060,512,423,true,103,118,110,92,heuristic
2716,106740,6536,512,446,true,108,110,117,111,heuristic
2717,106741,7060,512,481,true,137,111,129,104,heuristic
2718,106742,12212,1024,729,true,200,175,197,157,heuristic
2719,106743,2340,256,199,true,56,42,57,44,heuristic
2720,106744,1680,128,165,true,51,32,52,30,heuristic
2721,106745,7456,512,512,true,133,119,129,131,heuristic
2722,106746,11908,1024,696,true,163,176,203,154,heuristic
2723,106747,11820,1024,692,true,176,183,142,191,heuristic
2724,106748,7388,512,519,true,134,124,113,148,heuristic
2725,106749,3164,256,260,true,70,62,77,51,heuristic
2726,106750,5540,512,390,true,103,84,95,108,heuristic
2727,106751,7272,512,501,true,163,100,141,97,heuristic
2728,106752,7184,512,496,true,120,126,111,139,heuristic
2729,106753,6420,512,433,true,105,114,121,93,heuristic
2730,106754,11800,1024,674,true,201,160,169,144,heuristic
2731,106755,6868,512,465,true,110,121,141,93,heuristic
2732,106756,3412,256,285,true,82,56,64,83,heuristic
2733,106757,6420,512,437,true,113,110,122,92,heuristic
2734,106758,7432,512,522,true,145,121,146,110,heuristic
2735,106759,3048,256,247,true,58,74,69,46,heuristic
2736,106760,7068,512,483,true,120,121,128,114,heuristic
2737,106761,11824,1024,693,true,199,165,170,159,heuristic
2738,106762,6448,512,435,true,93,125,115,102,heuristic
2739,106763,11736,1024,695,true,199,143,169,184,heuristic
2740,106764,11916,1024,703,true,201,154,154,194,heuristic
2741,106765,12844,1024,775,true,188,200,199,188,heuristic
2742,106766,6432,512,443,true,129,94,130,90,heuristic
2743,106767,18560,1024,1000,false,276,220,265,239,heuristic
2744,106768,5396,512,370,true,89,86,93,102,heuristic
2745,106769,10396,1024,606,true,134,165,162,145,heuristic
2746,106770,5400,512,375,true,101,90,97,87,heuristic
2747,106771,7048,512,479,true,130,108,136,105,heuristic
2748,106772,11092,1024,648,true,190,152,155,151,heuristic
2749,106773,12396,1024,750,true,200,180,203,167,heuristic
2750,106774,12236,1024,731,true,193,151,206,181,heuristic
2751,106775,9156,512,589,true,173,133,145,138,heuristic
2752,106776,2984,256,244,true,61,58,66,59,heuristic
2753,106777,7368,512,511,true,141,105,146,119,heuristic
2754,106778,7092,512,489,true,106,140,143,100,heuristic
2755,106779,8692,512,561,true,151,139,130,141,heuristic
2756,106780,7364,512,508,true,150,114,110,134,heuristic
2757,106781,3316,256,276,true,89,56,69,62,heuristic
2758,106782,12532,1024,761,true,204,196,215,146,heuristic
2759,106783,13820,1024,784,true,190,190,221,183,heuristic
2760,106784,12200,1024,726,true,173,195,199,159,heuristic
2761,106785,7572,512,531,true,144,121,138,128,heuristic
2762,106786,7112,512,490,true,105,122,140,123,heuristic
2763,106787,12052,1024,706,true,175,174,200,157,heuristic
2764,106788,6788,512,462,true,109,118,126,109,heuristic
2765,106789,7108,512,481,true,109,145,127,100,heuristic
2766,106790,2480,256,211,true,62,47,34,68,heuristic
2767,106791,8012,512,539,true,128,139,123,149,heuristic
2768,106792,7132,512,488,true,138,112,108,130,heuristic
2769,106793,5744,512,408,true,129,78,104,97,heuristic
2770,106794,6456,512,438,true,97,119,116,106,heuristic
2771,106795,15728,1024,906,true,272,184,230,220,heuristic
2772,106796,4044,256,323,true,82,84,80,77,heuristic
2773,106797,7100,512,487,true,117,118,128,124,heuristic
2774,106798,7272,512,502,true,125,129,131,117,heuristic
2775,106799,12552,1024,765,true,202,180,192,191,heuristic
2776,106800,7044,512,478,true,97,121,146,114,heuristic
2777,106801,7072,512,485,true,121,129,120,115,heuristic
2778,106802,6892,512,460,true,132,96,112,120,heuristic
2779,106803,3128,256,256,true,56,73,57,70,heuristic
2780,106804,14320,1024,836,true,223,199,209,205,heuristic
2781,106805,7360,512,508,true,112,134,116,146,heuristic
2782,106806,12200,1024,727,true,185,172,177,193,heuristic
2783,106807,7460,512,518,true,131,131,129,127,heuristic
2784,106808,7040,512,472,true,130,100,110,132,heuristic
2785,106809,3172,256,264,true,76,57,69,62,heuristic
2786,106810,7132,512,486,true,113,134,124,115,heuristic
2787,106811,11876,1024,705,true,179,177,178,171,heuristic
2788,106812,6476,512,444,true,121,97,123,103,heuristic
2789,106813,11492,1024,678,true,190,159,137,192,heuristic
2790,106814,6452,512,442,true,117,103,120,102,heuristic
2791,106815,7744,512,529,true,128,136,124,141,heuristic
2792,106816,3176,256,263,true,80,56,71,56,heuristic
2793,106817,3180,256,258,true,78,51,75,54,heuristic
2794,106818,6712,512,458,true,125,99,129,105,heuristic
2795,106819,6176,512,417,true,113,89,118,97,heuristic
2796,106820,7168,512,492,true,126,135,118,113,heuristic
2797,106821,5404,512,372,true,92,94,90,96,heuristic
2798,106822,14744,1024,870,true,239,190,228,213,heuristic
2799,106823,2372,256,198,true,54,44,42,58,heuristic
2800,106824,7460,512,517,true,137,116,144,120,heuristic
2801,106825,3640,256,299,true,82,65,85,67,heuristic
2802,106826,7364,512,509,true,133,122,127,127,heuristic
2803,106827,6892,512,472,true,115,116,130,111,heuristic
2804,106828,5648,512,396,true,106,93,107,90,heuristic
2805,106829,3676,256,297,true,81,68,76,72,heuristic
2806,106830,7180,512,495,true,123,119,148,105,heuristic
2807,106831,6860,512,467,true,121,120,119,107,heuristic
2808,106832,7068,512,484,true,132,116,133,103,heuristic
2809,106833,5744,512,408,true,119,86,105,98,heuristic
2810,106834,13104,1024,791,true,215,195,176,205,heuristic
2811,106835,3160,256,263,true,62,66,86,49,heuristic
2812,106836,7040,512,477,true,124,111,146,96,heuristic
2813,106837,4152,256,315,true,75,85,75,80,heuristic
2814,106838,11496,1024,674,true,196,153,158,167,heuristic
2815,106839,2856,256,246,true,77,50,75,44,heuristic
2816,106840,14360,1024,827,true,219,194,182,232,heuristic
2817,106841,7220,512,493,true,110,146,130,107,heuristic
2818,106842,5636,512,397,true,97,90,104,106,heuristic
2819,106843,3444,256,292,true,77,62,80,73,heuristic
2820,106844,5708,512,399,true,101,95,105,98,heuristic
2821,106845,15120,1024,865,true,248,194,243,180,heuristic
2822,106846,7056,512,480,true,107,128,118,127,heuristic
2823,106847,7020,512,476,true,116,111,128,121,heuristic
2824,106848,14600,1024,850,true,229,220,235,166,heuristic
2825,106849,6824,512,460,true,127,111,119,103,heuristic
2826,106850,11620,1024,687,true,186,165,183,153,heuristic
2827,106851,3184,256,265,true,69,68,66,62,heuristic
2828,106852,10624,1024,625,true,147,169,151,158,heuristic
2829,106853,6584,512,458,true,138,96,130,94,heuristic
2830,106854,6348,512,428,true,94,128,112,94,heuristic
2831,106855,6336,512,425,true,132,79,112,102,heuristic
2832,106856,7564,512,522,true,132,125,109,156,heuristic
2833,106857,11392,1024,664,true,182,153,170,159,heuristic
2834,106858,10644,1024,629,true,167,157,160,145,heuristic
2835,106859,7100,512,481,true,111,127,120,123,heuristic
2836,106860,7900,512,551,true,145,127,136,143,heuristic
2837,106861,14692,1024,868,true,240,205,209,214,heuristic
2838,106862,6344,512,431,true,105,110,116,100,heuristic
2839,106863,6392,512,457,true,90,130,131,106,heuristic
2840,106864,7156,512,494,true,128,124,126,116,heuristic
2841,106865,7196,512,497,true,128,113,132,124,heuristic
2842,106866,1988,128,179,true,48,40,56,35,heuristic
2843,106867,7048,512,479,true,139,110,115,115,heuristic
2844,106868,12244,1024,736,true,206,175,178,177,heuristic
2845,106869,5348,512,373,true,80,102,100,91,heuristic
2846,106870,12124,1024,722,true,184,184,202,152,heuristic
2847,106871,7096,512,479,true,132,110,119,118,heuristic
2848,106872,7472,512,519,true,143,129,123,124,heuristic
2849,106873,7020,512,478,true,114,134,120,110,heuristic
2850,106874,16088,1024,945,true,271,222,197,255,heuristic
2851,106875,7772,512,531,true,140,123,158,110,heuristic
2852,106876,6792,512,459,true,105,122,124,108,heuristic
2853,106877,7180,512,495,true,126,121,120,128,heuristic
2854,106878,10380,1024,600,true,143,165,159,133,heuristic
2855,106879,7380,512,512,true,146,120,121,125,heuristic
2856,106880,12112,1024,720,true,173,192,192,163,heuristic
2857,106881,3140,256,253,true,68,62,70,53,heuristic
2858,106882,7128,512,492,true,124,125,123,120,heuristic
2859,106883,6452,512,428,true,109,104,96,119,heuristic
2860,106884,6408,512,435,true,104,120,110,101,heuristic
2861,106885,8348,512,570,true,148,148,150,124,heuristic
2862,106886,10320,1024,593,true,154,146,120,173,heuristic
2863,106887,5448,512,382,true,111,80,108,83,heuristic
2864,106888,8156,512,547,true,114,153,150,130,heuristic
2865,106889,7684,512,526,true,132,144,123,127,heuristic
2866,106890,3200,256,269,true,62,75,68,64,heuristic
2867,106891,1588,128,154,true,32,42,29,51,heuristic
2868,106892,8168,512,550,true,152,134,148,116,heuristic
2869,106893,12176,1024,724,true,185,178,180,181,heuristic
2870,106894,3340,256,276,true,77,62,69,68,heuristic
2871,106895,12672,1024,754,true,206,188,147,213,heuristic
2872,106896,12068,1024,709,true,172,185,181,171,heuristic
2873,106897,5432,512,385,true,116,70,102,97,heuristic
2874,106898,7024,512,480,true,135,106,136,103,heuristic
2875,106899,3248,256,269,true,71,64,52,82,heuristic
2876,106900,3396,256,281,true,71,71,80,59,heuristic
2877,106901,7140,512,489,true,127,119,120,123,heuristic
2878,106902,13932,1024,806,true,201,199,189,217,heuristic
2879,106903,6476,512,443,true,128,96,119,100,heuristic
2880,106904,7064,512,483,true,136,110,148,89,heuristic
2881,106905,1588,128,159,true,41,43,42,33,heuristic
2882,106906,11340,1024,656,true,168,170,159,159,heuristic
2883,106907,6800,512,460,true,111,105,112,132,heuristic
2884,106908,6908,512,471,true,117,112,124,118,heuristic
2885,106909,12492,1024,749,true,199,176,203,171,heuristic
2886,106910,3184,256,265,true,75,59,73,58,heuristic
2887,106911,7204,512,496,true,127,122,127,120,heuristic
2888,106912,5484,512,388,true,85,99,116,88,heuristic
2889,106913,6844,512,464,true,116,113,140,95,heuristic
2890,106914,7112,512,489,true,103,132,130,124,heuristic
2891,106915,5668,512,393,true,89,101,100,103,heuristic
2892,106916,3144,256,259,true,73,57,71,58,heuristic
2893,106917,6480,512,448,true,124,95,123,106,heuristic
2894,106918,3360,256,270,true,64,72,74,60,heuristic
2895,106919,5164,512,359,true,88,90,99,82,heuristic
2896,106920,5604,512,404,true,107,108,105,84,heuristic
2897,106921,12188,1024,727,true,196,181,179,171,heuristic
2898,106922,5684,512,398,true,107,99,87,105,heuristic
2899,106923,11432,1024,667,true,198,156,171,142,heuristic
2900,106924,7328,512,516,true,162,104,123,127,heuristic
2901,106925,7180,512,499,true,110,144,107,138,heuristic
2902,106926,7220,512,489,true,118,124,132,115,heuristic
2903,106927,7212,512,498,true,136,110,124,128,heuristic
2904,106928,12300,1024,729,true,190,167,194,178,heuristic
2905,106929,7784,512,535,true,114,135,138,148,heuristic
2906,106930,7156,512,489,true,125,114,123,127,heuristic
2907,106931,6916,512,474,true,133,120,120,101,heuristic
2908,106932,12256,1024,725,true,195,193,198,139,heuristic
2909,106933,16288,1024,951,true,255,230,266,200,heuristic
2910,106934,12312,1024,737,true,208,183,205,141,heuristic
2911,106935,7152,512,489,true,126,128,135,100,heuristic
2912,106936,7468,512,508,true,127,125,137,119,heuristic
2913,106937,7172,512,494,true,137,112,127,118,heuristic
2914,106938,9344,512,604,true,161,145,164,134,heuristic
2915,106939,11064,1024,661,true,169,184,137,171,heuristic
2916,106940,2736,256,233,true,58,59,78,38,heuristic
2917,106941,13696,1024,780,true,211,172,180,217,heuristic
2918,106942,6580,512,447,true,90,131,106,120,heuristic
2919,106943,6016,512,417,true,124,97,122,74,heuristic
2920,106944,3444,256,281,true,64,69,78,70,heuristic
2921,106945,3280,256,270,true,80,61,75,54,heuristic
2922,106946,7168,512,492,true,141,114,117,120,heuristic
2923,106947,6344,512,427,true,147,82,90,108,heuristic
2924,106948,7152,512,486,true,139,105,112,130,heuristic
2925,106949,12288,1024,735,true,193,170,174,198,heuristic
2926,106950,7024,512,473,true,118,123,140,92,heuristic
2927,106951,6108,512,431,true,111,108,126,86,heuristic
2928,106952,3084,256,255,true,74,56,71,54,heuristic
2929,106953,7176,512,494,true,120,126,153,95,heuristic
2930,106954,14608,1024,855,true,194,236,210,215,heuristic
2931,106955,12116,1024,717,true,205,189,186,137,heuristic
2932,106956,7152,512,493,true,142,111,118,122,heuristic
2933,106957,7184,512,496,true,143,124,118,111,heuristic
2934,106958,10232,1024,598,true,155,133,157,153,heuristic
2935,106959,7084,512,484,true,139,120,144,81,heuristic
2936,106960,3176,256,262,true,72,66,50,74,heuristic
2937,106961,5316,512,361,true,90,100,95,76,heuristic
2938,106962,3488,256,292,true,86,59,84,63,heuristic
2939,106963,4832,256,369,true,104,77,83,105,heuristic
2940,106964,12196,1024,730,true,197,179,208,146,heuristic
2941,106965,5592,512,391,true,99,100,100,92,heuristic
2942,106966,6872,512,455,true,98,141,131,85,heuristic
2943,106967,7184,512,495,true,117,133,120,125,heuristic
2944,106968,5064,512,355,true,86,92,106,71,heuristic
2945,106969,5908,512,417,true,122,93,91,111,heuristic
2946,106970,6652,512,455,true,125,110,115,105,heuristic
2947,106971,7052,512,475,true,132,112,123,108,heuristic
2948,106972,5680,512,397,true,116,84,96,101,heuristic
2949,106973,11444,1024,665,true,169,162,167,167,heuristic
2950,106974,10360,1024,607,true,158,135,174,140,heuristic
2951,106975,7004,512,472,true,98,131,109,134,heuristic
2952,106976,7368,512,510,true,123,138,140,109,heuristic
2953,106977,7776,512,547,true,161,119,140,127,heuristic
2954,106978,12060,1024,711,true,177,174,179,181,heuristic
2955,106979,5356,512,372,true,99,89,101,83,heuristic
2956,106980,7508,512,524,true,162,109,111,142,heuristic
2957,106981,7180,512,494,true,135,118,133,108,heuristic
2958,106982,7512,512,521,true,148,117,103,153,heuristic
2959,106983,12728,1024,752,true,225,163,215,149,heuristic
2960,106984,5036,512,348,true,93,78,107,70,heuristic
2961,106985,7100,512,487,true,137,111,106,133,heuristic
2962,106986,6432,512,437,true,125,102,106,104,heuristic
2963,106987,3268,256,273,true,67,73,78,55,heuristic
2964,106988,14328,1024,826,true,228,184,208,206,heuristic
2965,106989,12084,1024,713,true,197,159,180,177,heuristic
2966,106990,7796,512,517,true,140,123,120,134,heuristic
2967,106991,12228,1024,733,true,207,171,169,186,heuristic
2968,106992,3160,256,259,true,69,56,67,67,heuristic
2969,106993,7008,512,473,true,115,126,130,102,heuristic
2970,106994,2432,256,205,true,44,52,80,29,heuristic
2971,106995,7440,512,517,true,127,123,119,148,heuristic
2972,106996,11068,1024,630,true,178,137,153,162,heuristic
2973,106997,7036,512,480,true,123,127,129,101,heuristic
2974,106998,3208,256,266,true,71,62,76,57,heuristic
2975,106999,3888,256,318,true,96,69,73,80,heuristic
2976,107000,3152,256,264,true,72,61,70,61,heuristic
2977,107001,7116,512,485,true,137,113,135,100,heuristic
2978,107002,11816,1024,691,true,174,159,188,170,heuristic
2979,107003,3060,256,250,true,70,66,57,57,heuristic
2980,107004,11816,1024,696,true,189,171,187,149,heuristic
2981,107005,7084,512,488,true,125,130,140,93,heuristic
2982,107006,12228,1024,736,true,180,192,198,166,heuristic
2983,107007,6692,512,458,true,121,112,129,96,heuristic
2984,107008,7056,512,477,true,125,121,118,113,heuristic
2985,107009,11860,1024,694,true,183,179,179,153,heuristic
2986,107010,6424,512,434,true,116,105,105,108,heuristic
2987,107011,7312,512,507,true,134,130,124,119,heuristic
2988,107012,7156,512,489,true,126,119,121,123,heuristic
2989,107013,12132,1024,720,true,189,178,192,161,heuristic
2990,107014,12164,1024,717,true,184,170,213,150,heuristic
2991,107015,7064,512,479,true,109,132,125,113,heuristic
2992,107016,5500,512,383,true,96,97,112,78,heuristic
2993,107017,14532,1024,840,true,182,253,197,208,heuristic
2994,107018,12180,1024,722,true,147,197,183,195,heuristic
2995,107019,7156,512,488,true,121,133,125,109,heuristic
2996,107020,3352,256,276,true,79,52,89,56,heuristic
2997,107021,3452,256,283,true,96,52,79,56,heuristic
2998,107022,6528,512,445,true,106,126,108,105,heuristic
2999,107023,6420,512,435,true,94,119,112,110,heuristic
3000,107024,15804,1024,911,true,222,236,239,214,heuristic
3001,107025,15896,1024,929,true,225,236,211,257,heuristic
3002,107026,8208,512,574,true,151,151,134,138,heuristic
3003,107027,11828,1024,697,true,192,172,165,168,heuristic
3004,107028,5464,512,383,true,105,84,113,81,heuristic
3005,107029,7404,512,511,true,149,108,138,116,heuristic
3006,107030,7052,512,479,true,138,101,114,126,heuristic
3007,107031,3224,256,270,true,82,65,73,50,heuristic
3008,107032,5432,512,378,true,99,98,88,93,heuristic
3009,107033,7068,512,484,true,137,107,131,109,heuristic
3010,107034,7004,512,472,true,120,111,138,103,heuristic
3011,107035,3392,256,284,true,77,66,71,70,heuristic
3012,107036,1764,128,180,true,63,26,54,37,heuristic
3013,107037,5620,512,393,true,115,76,95,107,heuristic
3014,107038,8440,512,562,true,142,150,133,137,heuristic
3015,107039,5604,512,399,true,114,88,95,102,heuristic
3016,107040,3140,256,257,true,79,56,61,61,heuristic
3017,107041,7056,512,480,true,129,108,115,128,heuristic
3018,107042,7388,512,514,true,146,125,135,108,heuristic
3019,107043,7292,512,506,true,138,126,123,119,heuristic
3020,107044,7072,512,483,true,122,126,120,115,heuristic
3021,107045,3352,256,278,true,94,55,55,74,heuristic
3022,107046,6428,512,436,true,120,102,113,101,heuristic
3023,107047,14296,1024,833,true,231,207,224,171,heuristic
3024,107048,4024,256,331,true,85,92,81,73,heuristic
3025,107049,6000,512,429,true,132,85,113,99,heuristic
3026,107050,9896,1024,562,true,161,126,133,142,heuristic
3027,107051,12476,1024,732,true,191,177,152,212,heuristic
3028,107052,15940,1024,925,true,256,197,245,227,heuristic
3029,107053,2636,256,224,true,48,70,53,53,heuristic
3030,107054,3648,256,301,true,72,74,81,74,heuristic
3031,107055,11956,1024,717,true,200,157,198,162,heuristic
3032,107056,7000,512,472,true,115,130,89,138,heuristic
3033,107057,2960,256,241,true,54,66,82,39,heuristic
3034,107058,6048,512,421,true,99,117,124,81,heuristic
3035,107059,3496,256,289,true,80,60,62,87,heuristic
3036,107060,10660,1024,629,true,165,146,159,159,heuristic
3037,107061,2420,256,207,true,61,44,57,45,heuristic
3038,107062,6880,512,468,true,112,127,108,121,heuristic
3039,107063,10456,1024,610,true,185,140,156,129,heuristic
3040,107064,3624,256,298,true,91,63,67,77,heuristic
3041,107065,4660,256,354,true,116,77,77,84,heuristic
3042,107066,5416,512,374,true,105,85,80,104,heuristic
3043,107067,7488,512,508,true,134,130,114,130,heuristic
3044,107068,7172,512,493,true,147,113,116,117,heuristic
3045,107069,3476,256,289,true,63,81,77,68,heuristic
3046,107070,3108,256,257,true,74,56,69,58,heuristic
3047,107071,12172,1024,723,true,216,148,196,163,heuristic
3048,107072,7148,512,484,true,146,111,107,120,heuristic
3049,107073,6724,512,460,true,111,117,119,113,heuristic
3050,107074,7600,512,519,true,134,129,138,118,heuristic
3051,107075,14528,1024,843,true,227,204,188,224,heuristic
3052,107076,6416,512,434,true,122,98,120,94,heuristic
3053,107077,7068,512,483,true,137,115,131,100,heuristic
3054,107078,7088,512,487,true,123,131,116,117,heuristic
3055,107079,10460,1024,611,true,159,154,163,135,heuristic
3056,107080,11628,1024,687,true,211,135,179,162,heuristic
3057,107081,14596,1024,856,true,275,166,215,200,heuristic
3058,107082,5756,512,410,true,100,106,101,103,heuristic
3059,107083,7212,512,491,true,138,114,117,122,heuristic
3060,107084,7092,512,489,true,132,115,130,112,heuristic
3061,107085,4892,512,352,true,100,77,105,70,heuristic
3062,107086,12216,1024,730,true,188,174,153,215,heuristic
3063,107087,15400,1024,898,true,260,195,261,182,heuristic
3064,107088,7156,512,490,true,134,116,114,126,heuristic
3065,107089,14380,1024,828,true,183,223,216,206,heuristic
3066,107090,3832,256,313,true,94,67,80,72,heuristic
3067,107091,5788,512,419,true,119,100,108,92,heuristic
3068,107092,12144,1024,729,true,219,150,177,183,heuristic
3069,107093,12988,1024,764,true,227,154,193,190,heuristic
3070,107094,10788,1024,645,true,169,144,186,146,heuristic
3071,107095,12180,1024,721,true,207,164,195,155,heuristic
3072,107096,6960,512,471,true,124,110,119,118,heuristic
3073,107097,14784,1024,860,true,201,231,226,202,heuristic
3074,107098,6696,512,459,true,121,124,103,111,heuristic
3075,107099,3136,256,253,true,64,70,65,54,heuristic
3076,107100,6320,512,420,true,90,122,108,100,heuristic
3077,107101,11596,1024,677,true,192,129,182,174,heuristic
3078,107102,11728,1024,693,true,180,179,183,151,heuristic
3079,107103,7148,512,492,true,138,123,96,135,heuristic
3080,107104,12160,1024,720,true,181,177,184,178,heuristic
3081,107105,12196,1024,725,true,194,183,176,172,heuristic
3082,107106,11508,1024,676,true,171,164,157,184,heuristic
3083,107107,14380,1024,838,true,233,187,213,205,heuristic
3084,107108,7184,512,496,true,133,120,140,103,heuristic
3085,107109,6332,512,428,true,118,103,107,100,heuristic
3086,107110,3532,256,298,true,67,74,80,77,heuristic
3087,107111,8392,512,559,true,160,114,145,140,heuristic
3088,107112,6904,512,465,true,125,112,89,139,heuristic
3089,107113,3264,256,279,true,75,60,94,50,heuristic
3090,107114,15504,1024,913,true,245,202,244,222,heuristic
3091,107115,6360,512,432,true,107,115,124,86,heuristic
3092,107116,3312,256,268,true,76,62,66,64,heuristic
3093,107117,6728,512,467,true,129,104,132,102,heuristic
3094,107118,3088,256,257,true,72,54,64,67,heuristic
3095,107119,6340,512,430,true,99,120,113,98,heuristic
3096,107120,10816,1024,637,true,184,137,149,167,heuristic
3097,107121,5712,512,406,true,109,99,120,78,heuristic
3098,107122,12260,1024,737,true,203,164,176,194,heuristic
3099,107123,3216,256,271,true,87,44,79,61,heuristic
3100,107124,3464,256,291,true,81,79,65,66,heuristic
3101,107125,8828,512,603,true,164,143,157,139,heuristic
3102,107126,7144,512,490,true,117,125,137,111,heuristic
3103,107127,7256,512,493,true,145,122,119,107,heuristic
3104,107128,7100,512,487,true,144,106,103,134,heuristic
3105,107129,7232,512,507,true,134,131,128,114,heuristic
3106,107130,16008,1024,938,true,251,222,237,228,heuristic
3107,107131,15288,1024,890,true,225,226,214,225,heuristic
3108,107132,12224,1024,718,true,187,173,207,151,heuristic
3109,107133,5752,512,407,true,110,101,105,91,heuristic
3110,107134,3172,256,263,true,70,64,70,59,heuristic
3111,107135,10520,1024,621,true,174,145,143,159,heuristic
3112,107136,7324,512,500,true,138,107,122,133,heuristic
3113,107137,7032,512,475,true,116,136,107,116,heuristic
3114,107138,12564,1024,764,true,203,178,183,200,heuristic
3115,107139,13564,1024,760,true,161,213,189,197,heuristic
3116,107140,7224,512,506,true,140,115,127,124,heuristic
3117,107141,7020,512,472,true,130,119,121,102,heuristic
3118,107142,7036,512,480,true,137,112,124,107,heuristic
3119,107143,5120,512,350,true,81,103,94,72,heuristic
3120,107144,14276,1024,818,true,237,182,222,177,heuristic
3121,107145,12212,1024,733,true,190,175,202,166,heuristic
3122,107146,5600,512,389,true,96,94,93,106,heuristic
3123,107147,6340,512,429,true,115,109,93,112,heuristic
3124,107148,4412,256,336,true,97,74,84,81,heuristic
3125,107149,11940,1024,708,true,164,176,196,172,heuristic
3126,107150,3060,256,249,true,62,61,66,60,heuristic
3127,107151,3272,256,270,true,69,60,85,56,heuristic
3128,107152,5600,512,388,true,100,100,103,85,heuristic
3129,107153,3880,256,316,true,95,66,85,70,heuristic
3130,107154,6924,512,475,true,136,108,124,107,heuristic
3131,107155,7804,512,540,true,169,117,118,136,heuristic
3132,107156,5600,512,396,true,121,75,110,90,heuristic
3133,107157,6652,512,458,true,118,107,115,118,heuristic
3134,107158,15812,1024,922,true,216,229,271,206,heuristic
3135,107159,8052,512,538,true,150,110,164,114,heuristic
3136,107160,7456,512,516,true,137,124,114,141,heuristic
3137,107161,7712,512,531,true,136,127,130,138,heuristic
3138,107162,10456,1024,607,true,172,135,181,119,heuristic
3139,107163,6372,512,443,true,109,120,108,106,heuristic
3140,107164,3408,256,281,true,74,66,73,68,heuristic
3141,107165,7864,512,538,true,125,146,120,147,heuristic
3142,107166,7052,512,480,true,115,122,137,106,heuristic
3143,107167,7076,512,486,true,134,117,102,133,heuristic
3144,107168,15756,1024,917,true,239,201,268,209,heuristic
3145,107169,3244,256,267,true,64,57,82,64,heuristic
3146,107170,6972,512,480,true,130,113,116,121,heuristic
3147,107171,15980,1024,939,true,245,238,250,206,heuristic
3148,107172,6856,512,463,true,132,108,116,107,heuristic
3149,107173,3812,256,306,true,87,68,81,70,heuristic
3150,107174,5648,512,397,true,109,92,82,114,heuristic
3151,107175,2432,128,231,true,69,43,62,57,heuristic
3152,107176,14452,1024,841,true,216,193,220,212,heuristic
3153,107177,6792,512,473,true,143,105,106,119,heuristic
3154,107178,1608,128,160,true,49,27,45,39,heuristic
3155,107179,7564,512,522,true,160,102,133,127,heuristic
3156,107180,12276,1024,740,true,185,176,210,169,heuristic
3157,107181,12436,1024,741,true,205,176,182,178,heuristic
3158,107182,3388,256,283,true,77,66,73,67,heuristic
3159,107183,13060,1024,770,true,221,166,183,200,heuristic
3160,107184,7400,512,502,true,139,112,113,138,heuristic
3161,107185,14368,1024,825,true,227,182,208,208,heuristic
3162,107186,12176,1024,724,true,188,184,176,176,heuristic
3163,107187,15720,1024,933,true,254,203,239,237,heuristic
3164,107188,7156,512,497,true,129,131,136,101,heuristic
3165,107189,4856,256,374,true,102,90,76,106,heuristic
3166,107190,6896,512,472,true,116,112,103,141,heuristic
3167,107191,5132,512,352,true,97,69,97,89,heuristic
3168,107192,6656,512,449,true,129,109,88,123,heuristic
3169,107193,6752,512,452,true,120,106,112,114,heuristic
3170,107194,7228,512,492,true,125,113,141,113,heuristic
3171,107195,11932,1024,706,true,218,148,163,177,heuristic
3172,107196,13484,1024,760,true,226,175,182,177,heuristic
3173,107197,11624,1024,669,true,141,191,175,162,heuristic
3174,107198,12064,1024,713,true,209,148,164,192,heuristic
3175,107199,6456,512,443,true,111,109,119,104,heuristic
3176,107200,12184,1024,726,true,179,193,212,142,heuristic
3177,107201,7284,512,498,true,107,151,104,136,heuristic
3178,107202,7088,512,476,true,139,103,127,107,heuristic
3179,107203,3220,256,272,true,86,51,85,50,heuristic
3180,107204,7100,512,482,true,133,106,110,133,heuristic
3181,107205,5676,512,396,true,129,87,88,92,heuristic
3182,107206,10352,1024,596,true,157,163,125,151,heuristic
3183,107207,12268,1024,742,true,190,175,180,197,heuristic
3184,107208,14336,1024,825,true,180,230,226,189,heuristic
3185,107209,3164,256,259,true,70,51,78,60,heuristic
3186,107210,15276,1024,888,true,206,245,232,205,heuristic
3187,107211,2900,256,239,true,67,49,74,49,heuristic
3188,107212,5664,512,404,true,97,109,100,98,heuristic
3189,107213,5572,512,397,true,110,89,105,93,heuristic
3190,107214,1724,128,175,true,48,47,48,32,heuristic
3191,107215,7100,512,488,true,127,132,112,117,heuristic
3192,107216,5648,512,401,true,107,96,98,100,heuristic
3193,107217,3128,256,254,true,61,63,68,62,heuristic
3194,107218,3284,256,269,true,79,61,83,46,heuristic
3195,107219,5560,512,394,true,103,100,120,71,heuristic
3196,107220,12212,1024,728,true,185,182,188,173,heuristic
3197,107221,7440,512,516,true,135,127,120,134,heuristic
3198,107222,7124,512,487,true,123,112,144,108,heuristic
3199,107223,5448,512,378,true,85,96,108,89,heuristic
3200,107224,3024,256,246,true,53,63,83,47,heuristic
3201,107225,6460,512,438,true,102,121,104,111,heuristic
3202,107226,5868,512,407,true,109,80,126,92,heuristic
3203,107227,4104,256,334,true,79,87,97,71,heuristic
3204,107228,12156,1024,730,true,209,166,207,148,heuristic
3205,107229,7200,512,495,true,143,103,127,122,heuristic
3206,107230,7092,512,478,true,138,118,108,114,heuristic
3207,107231,12308,1024,727,true,180,180,191,176,heuristic
3208,107232,7040,512,481,true,130,122,123,106,heuristic
3209,107233,7200,512,500,true,131,135,111,123,heuristic
3210,107234,12192,1024,728,true,175,189,167,197,heuristic
3211,107235,5396,512,371,true,94,89,109,79,heuristic
3212,107236,7052,512,475,true,135,117,123,100,heuristic
3213,107237,15460,1024,901,true,216,238,223,224,heuristic
3214,107238,4856,256,373,true,89,90,98,96,heuristic
3215,107239,14360,1024,829,true,201,211,202,215,heuristic
3216,107240,7276,512,499,true,144,114,114,127,heuristic
3217,107241,8404,512,577,true,155,142,130,150,heuristic
3218,107242,14104,1024,829,true,235,190,192,212,heuristic
3219,107243,11180,1024,666,true,209,142,122,193,heuristic
3220,107244,3196,256,263,true,65,68,60,70,heuristic
3221,107245,6904,512,475,true,106,146,105,118,heuristic
3222,107246,7304,512,498,true,131,124,128,115,heuristic
3223,107247,14264,1024,814,true,236,185,190,203,heuristic
3224,107248,3140,256,258,true,77,53,59,69,heuristic
3225,107249,3176,256,262,true,84,58,55,65,heuristic
3226,107250,7876,512,551,true,156,129,130,136,heuristic
3227,107251,11892,1024,690,true,177,174,179,160,heuristic
3228,107252,7132,512,486,true,109,133,123,121,heuristic
3229,107253,7080,512,487,true,125,106,139,117,heuristic
3230,107254,6920,512,460,true,112,116,101,131,heuristic
3231,107255,4788,256,361,true,80,97,93,91,heuristic
3232,107256,7864,512,538,true,142,127,129,140,heuristic
3233,107257,6716,512,463,true,133,103,132,95,heuristic
3234,107258,5492,512,379,true,88,104,118,69,heuristic
3235,107259,6340,512,429,true,115,106,116,92,heuristic
3236,107260,11500,1024,675,true,175,166,171,163,heuristic
3237,107261,12420,1024,737,true,200,161,184,192,heuristic
3238,107262,7524,512,528,true,140,106,150,132,heuristic
3239,107263,3884,256,316,true,93,59,87,77,heuristic
3240,107264,11400,1024,659,true,185,140,181,153,heuristic
3241,107265,10004,512,625,true,153,157,135,180,heuristic
3242,107266,5452,512,383,true,115,84,108,76,heuristic
3243,107267,7136,512,494,true,123,112,134,125,heuristic
3244,107268,2140,128,197,true,42,49,66,40,heuristic
3245,107269,14072,1024,807,true,223,192,192,200,heuristic
3246,107270,8080,512,563,true,150,137,138,138,heuristic
3247,107271,10552,1024,623,true,146,172,139,166,heuristic
3248,107272,7396,512,506,true,138,118,119,131,heuristic
3249,107273,6920,512,474,true,123,107,110,134,heuristic
3250,107274,4628,512,312,true,87,75,84,66,heuristic
3251,107275,5304,512,363,true,104,72,102,85,heuristic
3252,107276,5644,512,394,true,122,76,106,90,heuristic
3253,107277,14432,1024,842,true,203,230,240,169,heuristic
3254,107278,1328,128,138,true,42,29,29,38,heuristic
3255,107279,7268,512,494,true,138,108,153,95,heuristic
3256,107280,12552,1024,750,true,183,192,201,174,heuristic
3257,107281,10444,1024,612,true,134,165,186,127,heuristic
3258,107282,5456,512,384,true,105,90,87,102,heuristic
3259,107283,7028,512,478,true,129,102,118,129,heuristic
3260,107284,12488,1024,749,true,212,165,212,160,heuristic
3261,107285,14388,1024,841,true,187,221,234,199,heuristic
3262,107286,7108,512,492,true,145,117,112,118,heuristic
3263,107287,3280,256,272,true,74,65,73,60,heuristic
3264,107288,12568,1024,769,true,235,153,177,204,heuristic
3265,107289,12464,1024,747,true,194,180,183,190,heuristic
3266,107290,7368,512,509,true,144,104,140,121,heuristic
3267,107291,13772,1024,790,true,222,174,199,195,heuristic
3268,107292,11192,1024,666,true,183,136,193,154,heuristic
3269,107293,7328,512,503,true,140,105,151,107,heuristic
3270,107294,7848,512,539,true,136,132,142,129,heuristic
3271,107295,7520,512,520,true,150,109,122,139,heuristic
3272,107296,7212,512,502,true,119,130,129,124,heuristic
3273,107297,7196,512,494,true,110,135,143,106,heuristic
3274,107298,14852,1024,861,true,214,221,215,211,heuristic
3275,107299,4428,512,304,true,49,101,98,56,heuristic
3276,107300,5524,512,384,true,106,95,88,95,heuristic
3277,107301,11500,1024,676,true,174,162,180,160,heuristic
3278,107302,7100,512,488,true,140,107,147,94,heuristic
3279,107303,5628,512,398,true,109,89,102,98,heuristic
3280,107304,7380,512,493,true,139,112,138,104,heuristic
3281,107305,6356,512,454,true,119,122,128,85,heuristic
3282,107306,10660,1024,625,true,179,157,139,150,heuristic
3283,107307,3056,256,253,true,56,72,79,46,heuristic
3284,107308,5876,512,405,true,111,87,115,92,heuristic
3285,107309,7248,512,508,true,124,134,119,131,heuristic
3286,107310,12492,1024,753,true,203,190,157,203,heuristic
3287,107311,4704,512,325,true,95,71,97,62,heuristic
3288,107312,3216,256,267,true,65,69,71,62,heuristic
3289,107313,6712,512,455,true,119,112,103,121,heuristic
3290,107314,7380,512,514,true,114,150,126,124,heuristic
3291,107315,8540,512,575,true,166,140,139,130,heuristic
3292,107316,3232,256,265,true,74,64,69,58,heuristic
3293,107317,5356,512,376,true,103,84,102,87,heuristic
3294,107318,5648,512,400,true,105,106,91,98,heuristic
3295,107319,5552,512,392,true,93,92,94,113,heuristic
3296,107320,11968,1024,712,true,211,135,191,175,heuristic
3297,107321,7404,512,501,true,106,143,137,115,heuristic
3298,107322,7360,512,505,true,131,115,121,138,heuristic
3299,107323,7360,512,508,true,163,90,132,123,heuristic
3300,107324,7400,512,513,true,142,111,139,121,heuristic
3301,107325,7664,512,535,true,139,112,126,158,heuristic
3302,107326,3208,256,258,true,69,57,80,52,heuristic
3303,107327,7168,512,496,true,125,118,137,116,heuristic
3304,107328,13668,1024,770,true,209,181,173,207,heuristic
3305,107329,7124,512,481,true,128,117,114,122,heuristic
3306,107330,12288,1024,747,true,168,203,167,209,heuristic
3307,107331,3200,256,270,true,71,61,64,74,heuristic
3308,107332,6976,512,480,true,134,114,130,102,heuristic
3309,107333,7420,512,514,true,139,114,131,130,heuristic
3310,107334,3084,256,256,true,60,56,67,73,heuristic
3311,107335,12088,1024,717,true,221,137,184,175,heuristic
3312,107336,14304,1024,825,true,174,231,216,204,heuristic
3313,107337,12000,1024,712,true,192,161,206,153,heuristic
3314,107338,11916,1024,700,true,159,183,196,162,heuristic
3315,107339,12136,1024,715,true,188,194,174,159,heuristic
3316,107340,7068,512,484,true,115,127,137,105,heuristic
3317,107341,11112,1024,643,true,149,172,157,165,heuristic
3318,107342,7156,512,490,true,114,125,148,103,heuristic
3319,107343,5392,512,369,true,105,77,91,96,heuristic
3320,107344,7836,512,547,true,127,145,153,122,heuristic
3321,107345,5608,512,401,true,88,112,103,98,heuristic
3322,107346,6140,512,431,true,123,108,104,96,heuristic
3323,107347,15488,1024,903,true,197,255,207,244,heuristic
3324,107348,7356,512,506,true,127,132,125,122,heuristic
3325,107349,12344,1024,733,true,205,163,186,179,heuristic
3326,107350,5732,512,401,true,103,100,119,79,heuristic
3327,107351,6680,512,462,true,107,113,139,103,heuristic
3328,107352,5328,512,365,true,92,89,100,84,heuristic
3329,107353,3088,256,253,true,64,56,72,61,heuristic
3330,107354,6672,512,459,true,126,101,125,107,heuristic
3331,107355,14192,1024,813,true,213,203,219,178,heuristic
3332,107356,6668,512,456,true,126,106,124,100,heuristic
3333,107357,12096,1024,713,true,194,178,164,177,heuristic
3334,107358,15348,1024,890,true,233,213,226,218,heuristic
3335,107359,5792,512,404,true,111,99,90,104,heuristic
3336,107360,7172,512,500,true,126,123,126,125,heuristic
3337,107361,17056,1024,997,true,267,240,241,249,heuristic
3338,107362,7428,512,513,true,126,134,139,114,heuristic
3339,107363,3364,256,273,true,72,65,72,64,heuristic
3340,107364,12128,1024,709,true,183,171,199,156,heuristic
3341,107365,7120,512,490,true,125,116,118,131,heuristic
3342,107366,11532,1024,673,true,161,183,161,168,heuristic
3343,107367,7148,512,488,true,116,120,120,132,heuristic
3344,107368,8680,512,582,true,135,158,155,134,heuristic
3345,107369,3344,256,276,true,78,72,71,55,heuristic
3346,107370,7032,512,479,true,124,131,115,109,heuristic
3347,107371,14328,1024,823,true,229,177,208,209,heuristic
3348,107372,7332,512,510,true,151,110,135,114,heuristic
3349,107373,5336,512,370,true,89,99,97,85,heuristic
3350,107374,5408,512,372,true,105,95,90,82,heuristic
3351,107375,15520,1024,904,true,244,232,205,223,heuristic
3352,107376,3300,256,277,true,87,57,67,66,heuristic
3353,107377,7216,512,488,true,139,108,116,125,heuristic
3354,107378,15684,1024,910,true,246,210,225,229,heuristic
3355,107379,6716,512,460,true,108,124,122,106,heuristic
3356,107380,5648,512,393,true,113,79,129,72,heuristic
3357,107381,10284,1024,595,true,142,156,161,136,heuristic
3358,107382,7772,512,535,true,147,124,148,116,heuristic
3359,107383,7196,512,496,true,110,135,142,109,heuristic
3360,107384,7312,512,501,true,126,131,141,103,heuristic
3361,107385,7164,512,490,true,108,118,123,141,heuristic
3362,107386,5404,512,375,true,96,95,101,83,heuristic
3363,107387,12204,1024,727,true,198,167,201,161,heuristic
3364,107388,10736,1024,633,true,183,131,159,160,heuristic
3365,107389,7148,512,491,true,120,130,149,92,heuristic
3366,107390,3068,256,253,true,76,47,85,45,heuristic
3367,107391,3296,256,276,true,77,70,65,64,heuristic
3368,107392,14500,1024,852,true,204,220,238,190,heuristic
3369,107393,7184,512,496,true,144,109,132,111,heuristic
3370,107394,12352,1024,736,true,162,196,177,201,heuristic
3371,107395,7156,512,501,true,147,99,138,117,heuristic
3372,107396,6532,512,445,true,113,107,106,119,heuristic
3373,107397,7276,512,506,true,113,138,109,146,heuristic
3374,107398,7088,512,486,true,145,102,115,124,heuristic
3375,107399,3332,256,281,true,66,75,68,72,heuristic
3376,107400,7088,512,489,true,116,127,124,122,heuristic
3377,107401,7828,512,538,true,134,139,143,122,heuristic
3378,107402,7248,512,497,true,129,132,118,118,heuristic
3379,107403,2928,256,245,true,67,54,65,59,heuristic
3380,107404,12196,1024,725,true,194,173,180,178,heuristic
3381,107405,7056,512,480,true,115,123,124,118,heuristic
3382,107406,3452,256,282,true,86,56,66,74,heuristic
3383,107407,7376,512,512,true,136,123,124,129,heuristic
3384,107408,3992,256,330,true,83,79,84,84,heuristic
3385,107409,2640,256,221,true,51,58,54,58,heuristic
3386,107410,14616,1024,851,true,211,197,238,205,heuristic
3387,107411,6340,512,424,true,117,99,101,107,heuristic
3388,107412,7788,512,539,true,153,122,130,134,heuristic
3389,107413,7044,512,477,true,107,120,142,108,heuristic
3390,107414,6228,512,418,true,114,96,105,103,heuristic
3391,107415,7364,512,512,true,134,129,133,116,heuristic
3392,107416,7108,512,483,true,121,115,129,118,heuristic
3393,107417,14400,1024,833,true,216,198,235,184,heuristic
3394,107418,5032,512,354,true,97,78,89,90,heuristic
3395,107419,7164,512,495,true,144,113,131,107,heuristic
3396,107420,3120,256,260,true,64,66,74,56,heuristic
3397,107421,3368,256,277,true,73,65,70,69,heuristic
3398,107422,5484,512,386,true,107,87,104,88,heuristic
3399,107423,6316,512,420,true,114,97,106,103,heuristic
3400,107424,7364,512,509,true,156,126,122,105,heuristic
3401,107425,15272,1024,875,true,216,219,246,194,heuristic
3402,107426,6336,512,429,true,116,86,108,119,heuristic
3403,107427,5436,512,378,true,93,85,115,85,heuristic
3404,107428,7148,512,495,true,97,141,137,120,heuristic
3405,107429,7244,512,506,true,127,126,142,111,heuristic
3406,107430,12544,1024,745,true,205,171,193,176,heuristic
3407,107431,12496,1024,756,true,177,176,189,214,heuristic
3408,107432,7160,512,493,true,112,125,129,127,heuristic
3409,107433,14172,1024,820,true,247,163,226,184,heuristic
3410,107434,3080,256,255,true,80,59,51,65,heuristic
3411,107435,3068,256,247,true,65,64,57,61,heuristic
3412,107436,5540,512,390,true,96,100,122,72,heuristic
3413,107437,6184,512,437,true,116,105,113,103,heuristic
3414,107438,12332,1024,732,true,169,198,197,168,heuristic
3415,107439,6876,512,468,true,149,85,116,118,heuristic
3416,107440,13792,1024,799,true,198,202,165,234,heuristic
3417,107441,3092,256,250,true,69,62,53,66,heuristic
3418,107442,15000,1024,891,true,231,216,249,195,heuristic
3419,107443,7120,512,491,true,122,124,139,106,heuristic
3420,107444,7180,512,494,true,125,119,106,144,heuristic
3421,107445,6016,512,413,true,138,72,119,84,heuristic
3422,107446,3100,256,256,true,64,64,72,56,heuristic
3423,107447,7044,512,482,true,126,121,127,108,heuristic
3424,107448,7164,512,491,true,133,111,146,101,heuristic
3425,107449,3396,256,284,true,78,68,69,69,heuristic
3426,107450,6448,512,440,true,102,128,125,85,heuristic
3427,107451,7324,512,504,true,143,112,132,117,heuristic
3428,107452,3160,256,257,true,71,62,60,64,heuristic
3429,107453,3204,256,264,true,73,62,82,47,heuristic
3430,107454,7224,512,504,true,127,129,133,115,heuristic
3431,107455,7212,512,501,true,137,124,96,144,heuristic
3432,107456,6772,512,466,true,109,122,120,115,heuristic
3433,107457,6780,512,456,true,126,105,126,99,heuristic
3434,107458,4992,512,348,true,95,79,92,82,heuristic
3435,107459,10344,1024,599,true,167,143,148,141,heuristic
3436,107460,12192,1024,724,true,202,177,182,163,heuristic
3437,107461,7736,512,526,true,134,133,132,127,heuristic
3438,107462,6612,512,451,true,121,98,109,123,heuristic
3439,107463,7456,512,506,true,146,111,128,121,heuristic
3440,107464,6480,512,433,true,125,101,104,103,heuristic
3441,107465,14620,1024,868,true,210,229,217,212,heuristic
3442,107466,7128,512,494,true,124,130,126,114,heuristic
3443,107467,7340,512,507,true,129,135,124,119,heuristic
3444,107468,12200,1024,726,true,200,164,170,192,heuristic
3445,107469,7060,512,482,true,127,108,120,127,heuristic
3446,107470,6408,512,431,true,100,109,110,112,heuristic
3447,107471,5752,512,410,true,95,100,117,98,heuristic
3448,107472,12432,1024,747,true,203,170,213,161,heuristic
3449,107473,7344,512,508,true,142,106,132,128,heuristic
3450,107474,14524,1024,842,true,225,204,194,219,heuristic
3451,107475,6492,512,447,true,88,127,124,108,heuristic
3452,107476,7356,512,507,true,143,118,117,129,heuristic
3453,107477,3172,256,261,true,67,62,60,72,heuristic
3454,107478,5484,512,379,true,101,89,104,85,heuristic
3455,107479,5496,512,390,true,87,101,79,123,heuristic
3456,107480,7380,512,512,true,147,103,145,117,heuristic
3457,107481,3308,256,268,true,72,68,51,77,heuristic
3458,107482,3008,256,243,true,56,61,62,64,heuristic
3459,107483,7356,512,511,true,124,122,147,118,heuristic
3460,107484,7448,512,521,true,136,131,128,126,heuristic
3461,107485,11880,1024,721,true,207,146,205,163,heuristic
3462,107486,3148,256,263,true,62,66,73,62,heuristic
3463,107487,7728,512,533,true,133,137,130,133,heuristic
3464,107488,10168,1024,587,true,139,166,141,141,heuristic
3465,107489,6392,512,438,true,107,105,121,105,heuristic
3466,107490,10408,1024,610,true,145,163,170,132,heuristic
3467,107491,7120,512,497,true,123,122,129,123,heuristic
3468,107492,7216,512,504,true,128,126,114,136,heuristic
3469,107493,6724,512,462,true,116,123,108,115,heuristic
3470,107494,11420,1024,671,true,169,159,167,176,heuristic
3471,107495,7316,512,498,true,121,135,126,116,heuristic
3472,107496,10436,1024,601,true,170,130,161,140,heuristic
3473,107497,6944,512,474,true,115,129,118,112,heuristic
3474,107498,7176,512,495,true,138,105,111,141,heuristic
3475,107499,12204,1024,726,true,211,156,178,181,heuristic
3476,107500,5640,512,397,true,106,95,126,70,heuristic
3477,107501,3452,256,287,true,70,77,82,58,heuristic
3478,107502,10392,1024,607,true,144,157,167,139,heuristic
3479,107503,7076,512,485,true,129,124,132,100,heuristic
3480,107504,5472,512,385,true,79,106,102,98,heuristic
3481,107505,7192,512,498,true,118,127,136,117,heuristic
3482,107506,7224,512,505,true,133,124,128,120,heuristic
3483,107507,5328,512,369,true,113,82,94,80,heuristic
3484,107508,12280,1024,734,true,203,150,190,191,heuristic
3485,107509,7112,512,483,true,123,121,127,112,heuristic
3486,107510,7024,512,472,true,117,108,120,127,heuristic
3487,107511,7116,512,490,true,127,125,120,118,heuristic
3488,107512,3116,256,252,true,48,81,66,57,heuristic
3489,107513,14324,1024,826,true,206,201,201,218,heuristic
3490,107514,3452,256,287,true,73,65,84,65,heuristic
3491,107515,10756,1024,637,true,156,166,165,150,heuristic
3492,107516,12164,1024,717,true,198,162,204,153,heuristic
3493,107517,5672,512,398,true,103,101,111,83,heuristic
3494,107518,5292,512,361,true,90,79,106,86,heuristic
3495,107519,14476,1024,848,true,227,201,201,219,heuristic
3496,107520,3336,256,271,true,83,56,85,47,heuristic
3497,107521,16136,1024,946,true,240,233,259,214,heuristic
3498,107522,8616,512,581,true,165,128,167,121,heuristic
3499,107523,6200,512,407,true,91,112,126,78,heuristic
3500,107524,16216,1024,955,true,257,226,173,299,heuristic
3501,107525,12228,1024,738,true,166,208,217,147,heuristic
3502,107526,12364,1024,735,true,165,200,177,193,heuristic
3503,107527,7168,512,496,true,118,134,120,124,heuristic
3504,107528,11200,1024,652,true,174,148,157,173,heuristic
3505,107529,7292,512,507,true,121,134,116,136,heuristic
3506,107530,7188,512,492,true,130,124,117,121,heuristic
3507,107531,14448,1024,844,true,222,213,209,200,heuristic
3508,107532,3384,256,282,true,74,69,82,57,heuristic
3509,107533,11868,1024,696,true,172,191,188,145,heuristic
3510,107534,5708,512,399,true,101,90,108,100,heuristic
3511,107535,7064,512,482,true,110,127,140,105,heuristic
3512,107536,7380,512,513,true,141,123,139,110,heuristic
3513,107537,5764,512,411,true,104,98,100,109,heuristic
3514,107538,5412,512,374,true,113,76,101,84,heuristic
3515,107539,6568,512,443,true,138,100,120,85,heuristic
3516,107540,7076,512,486,true,100,143,127,116,heuristic
3517,107541,7332,512,506,true,134,118,146,108,heuristic
3518,107542,7664,512,522,true,142,122,137,121,heuristic
3519,107543,3336,256,272,true,76,63,86,47,heuristic
3520,107544,14368,1024,837,true,240,178,201,218,heuristic
3521,107545,10436,1024,606,true,169,144,144,149,heuristic
3522,107546,6940,512,483,true,112,121,110,140,heuristic
3523,107547,7944,512,556,true,178,116,133,129,heuristic
3524,107548,5628,512,405,true,117,89,99,100,heuristic
3525,107549,12388,1024,741,true,189,192,190,170,heuristic
3526,107550,7000,512,466,true,122,106,127,111,heuristic
3527,107551,12032,1024,708,true,151,199,203,155,heuristic
3528,107552,7172,512,492,true,130,123,117,122,heuristic
3529,107553,12232,1024,723,true,166,193,194,170,heuristic
3530,107554,7032,512,479,true,112,128,118,121,heuristic
3531,107555,11916,1024,703,true,211,157,175,160,heuristic
3532,107556,6368,512,433,true,129,88,122,94,heuristic
3533,107557,6440,512,433,true,127,85,115,106,heuristic
3534,107558,12396,1024,743,true,206,168,207,162,heuristic
3535,107559,7212,512,502,true,140,119,127,116,heuristic
3536,107560,6396,512,435,true,114,100,120,101,heuristic
3537,107561,6884,512,474,true,103,137,134,100,heuristic
3538,107562,3152,256,258,true,71,62,67,58,heuristic
3539,107563,3344,256,273,true,73,66,68,66,heuristic
3540,107564,12336,1024,728,true,186,168,231,143,heuristic
3541,107565,7168,512,484,true,114,132,105,133,heuristic
3542,107566,3388,256,283,true,82,61,70,70,heuristic
3543,107567,7380,512,513,true,112,144,130,127,heuristic
3544,107568,6696,512,455,true,125,104,124,102,heuristic
3545,107569,6860,512,478,true,109,127,134,108,heuristic
3546,107570,10468,1024,613,true,160,137,167,149,heuristic
3547,107571,6892,512,471,true,122,126,113,110,heuristic
3548,107572,5484,512,386,true,100,97,96,93,heuristic
3549,107573,10692,1024,638,true,173,147,139,179,heuristic
3550,107574,11892,1024,713,true,168,182,195,168,heuristic
3551,107575,7184,512,496,true,130,127,119,120,heuristic
3552,107576,7996,512,533,true,139,132,145,117,heuristic
3553,107577,6996,512,487,true,128,105,141,113,heuristic
3554,107578,14648,1024,858,true,226,205,221,206,heuristic
3555,107579,7188,512,496,true,124,127,121,124,heuristic
3556,107580,7056,512,480,true,131,115,115,119,heuristic
3557,107581,6560,512,436,true,114,93,121,108,heuristic
3558,107582,6428,512,442,true,126,104,106,106,heuristic
3559,107583,7300,512,508,true,124,131,135,118,heuristic
3560,107584,5428,512,379,true,118,72,91,98,heuristic
3561,107585,11124,1024,652,true,183,146,139,184,heuristic
3562,107586,5304,512,363,true,93,89,107,74,heuristic
3563,107587,7112,512,483,true,117,124,128,114,heuristic
3564,107588,7196,512,499,true,108,132,150,109,heuristic
3565,107589,10760,1024,637,true,169,150,174,144,heuristic
3566,107590,7380,512,498,true,144,117,110,127,heuristic
3567,107591,7232,512,506,true,111,135,135,125,heuristic
3568,107592,7544,512,532,true,142,124,146,120,heuristic
3569,107593,11888,1024,697,true,172,161,171,193,heuristic
3570,107594,7592,512,529,true,139,123,139,128,heuristic
3571,107595,12096,1024,704,true,188,161,209,146,heuristic
3572,107596,12124,1024,723,true,194,145,212,172,heuristic
3573,107597,7276,512,493,true,116,126,141,110,heuristic
3574,107598,16136,1024,941,true,228,248,248,217,heuristic
3575,107599,11472,1024,668,true,181,155,170,162,heuristic
3576,107600,12328,1024,741,true,199,167,195,180,heuristic
3577,107601,7148,512,491,true,127,106,124,134,heuristic
3578,107602,3352,256,279,true,72,70,74,63,heuristic
3579,107603,15520,1024,901,true,265,198,217,221,heuristic
3580,107604,11440,1024,670,true,166,170,145,189,heuristic
3581,107605,6948,512,471,true,128,104,118,121,heuristic
3582,107606,6980,512,477,true,125,109,120,123,heuristic
3583,107607,7244,512,492,true,128,129,112,123,heuristic
3584,107608,7052,512,483,true,151,100,135,97,heuristic
3585,107609,3840,256,313,true,93,71,81,68,heuristic
3586,107610,5568,512,385,true,92,97,103,93,heuristic
3587,107611,6972,512,472,true,122,105,131,114,heuristic
3588,107612,7160,512,497,true,131,109,146,111,heuristic
3589,107613,7296,512,501,true,152,119,122,108,heuristic
3590,107614,3116,256,259,true,71,58,72,58,heuristic
3591,107615,2676,256,230,true,53,66,68,43,heuristic
3592,107616,3604,256,290,true,99,56,58,77,heuristic
3593,107617,7032,512,476,true,123,107,131,115,heuristic
3594,107618,12068,1024,709,true,192,161,161,195,heuristic
3595,107619,6320,512,422,true,107,114,121,80,heuristic
3596,107620,12064,1024,706,true,172,202,145,187,heuristic
3597,107621,8208,512,554,true,131,152,144,127,heuristic
3598,107622,12264,1024,736,true,214,152,172,198,heuristic
3599,107623,5468,512,388,true,91,100,87,110,heuristic
3600,107624,6884,512,469,true,127,120,127,95,heuristic
3601,107625,12416,1024,744,true,221,161,212,150,heuristic
3602,107626,7452,512,504,true,146,111,137,110,heuristic
3603,107627,15052,1024,883,true,202,238,205,238,heuristic
3604,107628,7088,512,485,true,127,109,109,140,heuristic
3605,107629,5432,512,378,true,95,96,102,85,heuristic
3606,107630,12148,1024,718,true,211,144,181,182,heuristic
3607,107631,7128,512,486,true,115,137,108,126,heuristic
3608,107632,6548,512,449,true,128,108,93,120,heuristic
3609,107633,4728,512,324,true,81,79,72,92,heuristic
3610,107634,10468,1024,613,true,144,161,149,159,heuristic
3611,107635,12096,1024,717,true,209,169,164,175,heuristic
3612,107636,3204,256,266,true,68,62,53,83,heuristic
3613,107637,7068,512,479,true,115,123,120,121,heuristic
3614,107638,7800,512,538,true,140,125,142,131,heuristic
3615,107639,12256,1024,725,true,226,136,218,145,heuristic
3616,107640,7200,512,500,true,136,113,123,128,heuristic
3617,107641,6424,512,434,true,120,106,115,93,heuristic
3618,107642,7140,512,489,true,113,131,113,132,heuristic
3619,107643,11488,1024,662,true,192,139,181,150,heuristic
3620,107644,7004,512,468,true,125,102,136,105,heuristic
3621,107645,6684,512,455,true,115,122,112,106,heuristic
3622,107646,13964,1024,803,true,205,201,195,202,heuristic
3623,107647,7344,512,504,true,145,107,155,97,heuristic
3624,107648,5476,512,384,true,115,77,101,91,heuristic
3625,107649,12188,1024,726,true,185,185,188,168,heuristic
3626,107650,7616,512,527,true,150,124,126,127,heuristic
3627,107651,7272,512,491,true,126,105,145,115,heuristic
3628,107652,10476,1024,616,true,157,167,152,140,heuristic
3629,107653,6060,512,424,true,123,85,109,107,heuristic
3630,107654,11364,1024,662,true,185,170,154,153,heuristic
3631,107655,3292,256,275,true,78,56,83,58,heuristic
3632,107656,6820,512,458,true,114,117,122,105,heuristic
3633,107657,5340,512,372,true,94,97,84,97,heuristic
3634,107658,7200,512,500,true,127,128,117,128,heuristic
3635,107659,7252,512,507,true,129,124,143,111,heuristic
3636,107660,15372,1024,891,true,210,240,219,222,heuristic
3637,107661,6564,512,452,true,121,113,107,111,heuristic
3638,107662,11816,1024,679,true,148,186,189,156,heuristic
3639,107663,14480,1024,848,true,228,218,198,204,heuristic
3640,107664,11652,1024,685,true,188,159,174,164,heuristic
3641,107665,4704,512,320,true,96,69,100,55,heuristic
3642,107666,7060,512,486,true,121,128,123,114,heuristic
3643,107667,6992,512,478,true,129,118,135,96,heuristic
3644,107668,5332,512,367,true,95,102,87,83,heuristic
3645,107669,7140,512,497,true,136,110,142,109,heuristic
3646,107670,3608,256,291,true,72,81,96,42,heuristic
3647,107671,14376,1024,827,true,204,214,226,183,heuristic
3648,107672,7180,512,495,true,139,114,138,104,heuristic
3649,107673,10524,1024,622,true,147,160,179,136,heuristic
3650,107674,5712,512,401,true,90,106,98,107,heuristic
3651,107675,8132,512,552,true,143,131,154,124,heuristic
3652,107676,6724,512,462,true,124,92,131,115,heuristic
3653,107677,5612,512,391,true,95,108,98,90,heuristic
3654,107678,3076,256,250,true,72,60,60,58,heuristic
3655,107679,6476,512,448,true,127,101,100,120,heuristic
3656,107680,2372,256,202,true,65,40,57,40,heuristic
3657,107681,4868,512,334,true,89,83,88,74,heuristic
3658,107682,3516,256,298,true,73,79,83,63,heuristic
3659,107683,4044,256,305,true,77,73,67,88,heuristic
3660,107684,6328,512,423,true,101,105,105,112,heuristic
3661,107685,12164,1024,717,true,176,171,199,171,heuristic
3662,107686,7088,512,488,true,117,126,115,130,heuristic
3663,107687,3096,256,251,true,59,66,65,61,heuristic
3664,107688,5736,512,406,true,99,113,103,91,heuristic
3665,107689,12040,1024,702,true,167,186,175,174,heuristic
3666,107690,7324,512,503,true,121,129,122,131,heuristic
3667,107691,15208,1024,887,true,235,217,232,203,heuristic
3668,107692,6432,512,432,true,91,127,102,112,heuristic
3669,107693,12112,1024,720,true,215,150,183,172,heuristic
3670,107694,11116,1024,632,true,159,145,166,162,heuristic
3671,107695,15392,1024,889,true,235,226,232,196,heuristic
3672,107696,11712,1024,669,true,180,154,180,155,heuristic
3673,107697,12056,1024,719,true,150,200,192,177,heuristic
3674,107698,6380,512,435,true,109,109,106,111,heuristic
3675,107699,3064,256,252,true,60,70,55,67,heuristic
3676,107700,12028,1024,705,true,189,160,178,178,heuristic
3677,107701,7072,512,484,true,120,124,127,113,heuristic
3678,107702,7196,512,500,true,129,120,99,152,heuristic
3679,107703,7176,512,498,true,96,145,141,116,heuristic
3680,107704,11788,1024,689,true,162,185,155,187,heuristic
3681,107705,7040,512,477,true,143,87,124,123,heuristic
3682,107706,5492,512,389,true,88,109,79,113,heuristic
3683,107707,3108,256,251,true,69,59,55,68,heuristic
3684,107708,7008,512,473,true,108,131,105,129,heuristic
3685,107709,7100,512,487,true,132,104,127,124,heuristic
3686,107710,7132,512,494,true,137,120,115,122,heuristic
3687,107711,12132,1024,721,true,216,160,179,166,heuristic
3688,107712,15436,1024,890,true,246,205,206,233,heuristic
3689,107713,7356,512,520,true,127,132,138,123,heuristic
3690,107714,3472,256,292,true,63,72,87,70,heuristic
3691,107715,7096,512,491,true,138,119,100,134,heuristic
3692,107716,5336,512,367,true,90,87,97,93,heuristic
3693,107717,3184,256,265,true,78,55,76,56,heuristic
3694,107718,4716,512,322,true,90,69,87,76,heuristic
3695,107719,7492,512,522,true,121,144,146,111,heuristic
3696,107720,3528,256,298,true,58,86,79,75,heuristic
3697,107721,7828,512,544,true,135,137,164,108,heuristic
3698,107722,12416,1024,747,true,185,186,205,171,heuristic
3699,107723,6096,512,432,true,114,103,96,119,heuristic
3700,107724,7232,512,508,true,136,125,144,103,heuristic
3701,107725,6872,512,466,true,127,103,129,107,heuristic
3702,107726,12188,1024,723,true,194,180,193,156,heuristic
3703,107727,6496,512,438,true,120,95,116,107,heuristic
3704,107728,6816,512,452,true,115,107,119,111,heuristic
3705,107729,7128,512,486,true,120,114,132,120,heuristic
3706,107730,13880,1024,794,true,180,222,236,156,heuristic
3707,107731,7180,512,490,true,126,123,116,125,heuristic
3708,107732,7488,512,508,true,130,131,119,128,heuristic
3709,107733,9204,512,586,true,167,142,142,135,heuristic
3710,107734,12140,1024,723,true,180,173,187,183,heuristic
3711,107735,12148,1024,725,true,185,176,172,192,heuristic
3712,107736,5648,512,400,true,101,101,122,76,heuristic
3713,107737,10316,1024,597,true,192,124,152,129,heuristic
3714,107738,15368,1024,890,true,255,185,194,256,heuristic
3715,107739,12244,1024,726,true,183,162,186,195,heuristic
3716,107740,6748,512,449,true,122,110,102,115,heuristic
3717,107741,15408,1024,892,true,242,205,219,226,heuristic
3718,107742,12212,1024,730,true,186,179,202,163,heuristic
3719,107743,7772,512,534,true,141,120,153,120,heuristic
3720,107744,7236,512,493,true,111,138,129,115,heuristic
3721,107745,7060,512,481,true,116,128,133,104,heuristic
3722,107746,5580,512,388,true,110,83,97,98,heuristic
3723,107747,11812,1024,693,true,183,163,153,194,heuristic
3724,107748,12168,1024,722,true,153,192,192,185,heuristic
3725,107749,15408,1024,888,true,247,208,213,220,heuristic
3726,107750,12336,1024,747,true,184,187,207,169,heuristic
3727,107751,14472,1024,846,true,264,176,183,223,heuristic
3728,107752,6904,512,470,true,118,104,118,130,heuristic
3729,107753,12108,1024,715,true,183,170,176,186,heuristic
3730,107754,3508,256,296,true,74,80,74,68,heuristic
3731,107755,7224,512,496,true,135,125,130,106,heuristic
3732,107756,5292,512,365,true,106,75,98,86,heuristic
3733,107757,7108,512,485,true,123,111,132,119,heuristic
3734,107758,15780,1024,916,true,225,245,237,209,heuristic
3735,107759,3176,256,263,true,67,62,74,60,heuristic
3736,107760,3608,256,291,true,85,58,65,83,heuristic
3737,107761,7160,512,491,true,130,113,124,124,heuristic
3738,107762,7024,512,477,true,125,114,128,110,heuristic
3739,107763,12904,1024,778,true,192,187,247,152,heuristic
3740,107764,3488,256,292,true,86,53,83,70,heuristic
3741,107765,15628,1024,910,true,236,241,205,228,heuristic
3742,107766,12088,1024,714,true,172,198,160,184,heuristic
3743,107767,7140,512,484,true,134,113,122,115,heuristic
3744,107768,6788,512,450,true,121,118,101,110,heuristic
3745,107769,7100,512,479,true,128,122,117,112,heuristic
3746,107770,7488,512,524,true,119,133,126,146,heuristic
3747,107771,11824,1024,697,true,188,144,179,186,heuristic
3748,107772,7908,512,519,true,147,125,123,124,heuristic
3749,107773,7680,512,517,true,122,135,136,124,heuristic
3750,107774,3804,256,308,true,81,79,67,81,heuristic
3751,107775,12136,1024,714,true,199,159,195,161,heuristic
3752,107776,7348,512,504,true,126,119,145,114,heuristic
3753,107777,14712,1024,865,true,267,180,195,223,heuristic
3754,107778,12068,1024,710,true,183,184,199,144,heuristic
3755,107779,10500,1024,622,true,165,151,161,145,heuristic
3756,107780,7340,512,503,true,148,94,149,112,heuristic
3757,107781,3080,256,250,true,81,52,74,43,heuristic
3758,107782,14460,1024,848,true,227,211,223,187,heuristic
3759,107783,7168,512,499,true,120,122,148,109,heuristic
3760,107784,12272,1024,732,true,188,166,199,179,heuristic
3761,107785,6416,512,433,true,126,111,116,80,heuristic
3762,107786,7212,512,491,true,124,121,121,125,heuristic
3763,107787,11360,1024,661,true,166,164,167,164,heuristic
3764,107788,7536,512,519,true,135,137,126,121,heuristic
3765,107789,7164,512,498,true,136,117,119,126,heuristic
3766,107790,10712,1024,631,true,168,151,160,152,heuristic
3767,107791,1408,128,146,true,30,44,40,32,heuristic
3768,107792,15488,1024,902,true,228,214,231,229,heuristic
3769,107793,3688,256,295,true,85,70,65,75,heuristic
3770,107794,10380,1024,607,true,154,147,167,139,heuristic
3771,107795,7560,512,515,true,120,134,131,130,heuristic
3772,107796,16476,1024,981,true,265,234,247,235,heuristic
3773,107797,6840,512,458,true,138,103,113,104,heuristic
3774,107798,12388,1024,746,true,202,171,214,159,heuristic
3775,107799,6508,512,444,true,129,101,111,103,heuristic
3776,107800,7192,512,497,true,134,115,148,100,heuristic
3777,107801,11588,1024,690,true,189,156,195,150,heuristic
3778,107802,2892,256,240,true,71,52,58,59,heuristic
3779,107803,7084,512,486,true,126,117,138,105,heuristic
3780,107804,3848,256,314,true,81,70,91,72,heuristic
3781,107805,7096,512,487,true,128,107,127,125,heuristic
3782,107806,12300,1024,751,true,180,189,193,189,heuristic
3783,107807,7072,512,484,true,108,126,128,122,heuristic
3784,107808,14560,1024,847,true,198,226,219,204,heuristic
3785,107809,7112,512,491,true,150,108,127,106,heuristic
3786,107810,12288,1024,736,true,208,178,143,207,heuristic
3787,107811,3320,256,277,true,63,78,89,47,heuristic
3788,107812,3404,256,283,true,95,46,70,72,heuristic
3789,107813,6872,512,467,true,127,110,126,104,heuristic
3790,107814,3788,256,303,true,84,75,75,69,heuristic
3791,107815,6504,512,439,true,104,116,114,105,heuristic
3792,107816,6948,512,474,true,134,105,116,119,heuristic
3793,107817,12608,1024,753,true,210,195,184,164,heuristic
3794,107818,15748,1024,910,true,217,239,246,208,heuristic
3795,107819,12140,1024,722,true,228,134,185,175,heuristic
3796,107820,7252,512,497,true,124,131,102,140,heuristic
3797,107821,6968,512,482,true,105,139,126,112,heuristic
3798,107822,3232,256,272,true,55,73,77,67,heuristic
3799,107823,7116,512,489,true,147,109,138,95,heuristic
3800,107824,7008,512,469,true,135,116,122,96,heuristic
3801,107825,7012,512,474,true,117,130,124,103,heuristic
3802,107826,5712,512,404,true,86,107,126,85,heuristic
3803,107827,6836,512,462,true,121,107,121,113,heuristic
3804,107828,7344,512,495,true,143,116,130,106,heuristic
3805,107829,7156,512,490,true,136,111,128,115,heuristic
3806,107830,6896,512,472,true,133,103,118,118,heuristic
3807,107831,7124,512,484,true,117,114,148,105,heuristic
3808,107832,3388,256,283,true,68,67,79,69,heuristic
3809,107833,13652,1024,816,true,215,189,174,238,heuristic
3810,107834,10456,1024,611,true,141,155,152,163,heuristic
3811,107835,12116,1024,717,true,171,176,186,184,heuristic
3812,107836,5664,512,392,true,90,97,114,91,heuristic
3813,107837,13636,1024,776,true,198,195,174,209,heuristic
3814,107838,5428,512,373,true,94,96,93,90,heuristic
3815,107839,3516,256,298,true,100,52,72,74,heuristic
3816,107840,15656,1024,918,true,254,204,225,235,heuristic
3817,107841,8172,512,551,true,152,120,148,131,heuristic
3818,107842,1364,128,142,true,44,27,43,28,heuristic
3819,107843,3492,256,292,true,73,66,77,76,heuristic
3820,107844,15372,1024,892,true,252,203,214,223,heuristic
3821,107845,11908,1024,701,true,195,160,163,183,heuristic
3822,107846,3000,256,250,true,66,54,72,58,heuristic
3823,107847,3740,256,300,true,71,66,85,78,heuristic
3824,107848,6348,512,447,true,131,91,129,96,heuristic
3825,107849,3188,256,266,true,68,60,72,66,heuristic
3826,107850,7428,512,509,true,122,118,146,123,heuristic
3827,107851,14484,1024,846,true,221,225,202,198,heuristic
3828,107852,3096,256,255,true,74,56,64,61,heuristic
3829,107853,6376,512,433,true,113,105,114,101,heuristic
3830,107854,10052,1024,570,true,137,135,146,152,heuristic
3831,107855,12032,1024,706,true,167,184,181,174,heuristic
3832,107856,5424,512,369,true,83,100,85,101,heuristic
3833,107857,3144,256,255,true,80,50,80,45,heuristic
3834,107858,15740,1024,911,true,255,196,236,224,heuristic
3835,107859,6740,512,457,true,111,112,111,123,heuristic
3836,107860,7224,512,502,true,130,119,132,121,heuristic
3837,107861,5692,512,398,true,137,73,94,94,heuristic
3838,107862,3104,256,258,true,72,56,66,64,heuristic
3839,107863,12272,1024,733,true,182,192,167,192,heuristic
3840,107864,14856,1024,878,true,225,212,230,211,heuristic
3841,107865,7192,512,497,true,107,120,130,140,heuristic
3842,107866,7588,512,526,true,131,114,142,139,heuristic
3843,107867,8684,512,583,true,138,163,144,138,heuristic
3844,107868,12132,1024,720,true,197,174,191,158,heuristic
3845,107869,6880,512,467,true,100,118,117,132,heuristic
3846,107870,6112,512,405,true,98,99,109,99,heuristic
3847,107871,6944,512,468,true,139,102,129,98,heuristic
3848,107872,3196,256,267,true,83,59,72,53,heuristic
3849,107873,6948,512,464,true,119,118,95,132,heuristic
3850,107874,5420,512,375,true,101,100,95,79,heuristic
3851,107875,7100,512,490,true,124,125,136,105,heuristic
3852,107876,3964,256,326,true,88,83,87,68,heuristic
3853,107877,5560,512,394,true,115,82,89,108,heuristic
3854,107878,7016,512,475,true,137,102,120,116,heuristic
3855,107879,12080,1024,715,true,192,179,169,175,heuristic
3856,107880,7280,512,507,true,132,118,126,131,heuristic
3857,107881,6952,512,469,true,124,109,114,122,heuristic
3858,107882,7264,512,496,true,136,112,131,117,heuristic
3859,107883,7116,512,490,true,121,117,113,139,heuristic
3860,107884,15292,1024,880,true,217,232,248,183,heuristic
3861,107885,14316,1024,828,true,233,183,215,197,heuristic
3862,107886,7132,512,488,true,132,124,120,112,heuristic
3863,107887,7152,512,488,true,128,102,137,121,heuristic
3864,107888,7464,512,517,true,132,128,133,124,heuristic
3865,107889,7104,512,481,true,126,120,117,118,heuristic
3866,107890,6932,512,477,true,98,132,134,113,heuristic
3867,107891,7076,512,485,true,131,113,115,126,heuristic
3868,107892,12176,1024,725,true,201,161,205,158,heuristic
3869,107893,5708,512,406,true,102,109,98,97,heuristic
3870,107894,7424,512,513,true,124,131,131,127,heuristic
3871,107895,15440,1024,897,true,236,227,202,232,heuristic
3872,107896,7604,512,522,true,154,132,133,103,heuristic
3873,107897,7112,512,481,true,123,122,115,121,heuristic
3874,107898,7120,512,487,true,127,125,102,133,heuristic
3875,107899,7372,512,512,true,125,140,126,121,heuristic
3876,107900,12384,1024,741,true,205,158,187,191,heuristic
3877,107901,3812,256,310,true,60,99,81,70,heuristic
3878,107902,7092,512,488,true,134,124,133,97,heuristic
3879,107903,7864,512,543,true,139,136,128,140,heuristic
3880,107904,3760,256,308,true,80,71,88,69,heuristic
3881,107905,3180,256,265,true,69,51,76,69,heuristic
3882,107906,12592,1024,750,true,172,210,221,147,heuristic
3883,107907,8152,512,547,true,138,139,144,126,heuristic
3884,107908,6304,512,421,true,125,86,132,78,heuristic
3885,107909,14588,1024,843,true,227,216,216,184,heuristic
3886,107910,5396,512,375,true,97,96,88,94,heuristic
3887,107911,3952,256,327,true,85,82,87,73,heuristic
3888,107912,7300,512,508,true,131,112,150,115,heuristic
3889,107913,15380,1024,897,true,226,228,203,240,heuristic
3890,107914,11992,1024,705,true,212,146,181,166,heuristic
3891,107915,7140,512,485,true,127,125,133,100,heuristic
3892,107916,2712,256,231,true,49,69,62,51,heuristic
3893,107917,8368,512,567,true,163,115,123,166,heuristic
3894,107918,12312,1024,739,true,174,193,213,159,heuristic
3895,107919,13944,1024,779,true,205,181,222,171,heuristic
3896,107920,15240,1024,900,true,227,213,221,239,heuristic
3897,107921,3752,256,313,true,81,78,75,79,heuristic
3898,107922,6344,512,431,true,108,111,95,117,heuristic
3899,107923,6688,512,452,true,129,99,125,99,heuristic
3900,107924,16100,1024,945,true,259,216,224,246,heuristic
3901,107925,6044,512,420,true,109,94,104,113,heuristic
3902,107926,5416,512,375,true,91,96,104,84,heuristic
3903,107927,5324,512,364,true,97,79,104,84,heuristic
3904,107928,7068,512,483,true,91,148,123,121,heuristic
3905,107929,15996,1024,955,true,265,220,255,215,heuristic
3906,107930,6316,512,444,true,117,103,131,93,heuristic
3907,107931,2772,256,227,true,81,41,55,50,heuristic
3908,107932,14552,1024,861,true,232,191,249,189,heuristic
3909,107933,6744,512,464,true,112,108,131,113,heuristic
3910,107934,7084,512,483,true,131,119,117,116,heuristic
3911,107935,7180,512,496,true,123,123,144,106,heuristic
3912,107936,14276,1024,819,true,206,199,173,241,heuristic
3913,107937,5684,512,404,true,96,106,100,102,heuristic
3914,107938,3572,256,282,true,71,64,61,86,heuristic
3915,107939,6056,512,422,true,118,89,103,112,heuristic
3916,107940,12140,1024,717,true,186,177,162,192,heuristic
3917,107941,3076,256,254,true,64,55,74,61,heuristic
3918,107942,1556,128,160,true,34,47,34,45,heuristic
3919,107943,10472,1024,615,true,171,143,189,112,heuristic
3920,107944,11996,1024,696,true,160,178,189,169,heuristic
3921,107945,6368,512,433,true,115,102,133,83,heuristic
3922,107946,12180,1024,722,true,165,197,199,161,heuristic
3923,107947,11348,1024,658,true,186,129,191,152,heuristic
3924,107948,7384,512,500,true,154,87,128,131,heuristic
3925,107949,12448,1024,739,true,199,177,206,157,heuristic
3926,107950,11956,1024,698,true,175,174,185,164,heuristic
3927,107951,8528,512,576,true,145,142,170,119,heuristic
3928,107952,14488,1024,839,true,186,219,233,201,heuristic
3929,107953,3360,256,277,true,68,68,86,55,heuristic
3930,107954,12192,1024,728,true,184,192,195,157,heuristic
3931,107955,5412,512,381,true,104,102,100,75,heuristic
3932,107956,14096,1024,801,true,185,225,195,196,heuristic
3933,107957,3356,256,276,true,78,65,77,56,heuristic
3934,107958,6932,512,463,true,122,106,126,109,heuristic
3935,107959,3432,256,287,true,82,67,65,73,heuristic
3936,107960,5420,512,376,true,92,95,105,84,heuristic
3937,107961,14032,1024,798,true,203,194,190,211,heuristic
3938,107962,10484,1024,617,true,170,142,168,137,heuristic
3939,107963,7152,512,488,true,130,117,125,116,heuristic
3940,107964,14096,1024,827,true,216,198,210,203,heuristic
3941,107965,3920,256,319,true,89,74,90,66,heuristic
3942,107966,5708,512,400,true,111,82,98,109,heuristic
3943,107967,7516,512,518,true,149,115,139,115,heuristic
3944,107968,3216,256,268,true,78,66,73,51,heuristic
3945,107969,7328,512,499,true,128,123,129,119,heuristic
3946,107970,6928,512,475,true,122,112,124,117,heuristic
3947,107971,3140,256,259,true,77,52,57,73,heuristic
3948,107972,5460,512,385,true,98,91,87,109,heuristic
3949,107973,12056,1024,707,true,152,195,198,162,heuristic
3950,107974,13748,1024,789,true,199,199,191,200,heuristic
3951,107975,7112,512,490,true,119,135,121,115,heuristic
3952,107976,7316,512,502,true,120,130,123,129,heuristic
3953,107977,7368,512,509,true,140,126,133,110,heuristic
3954,107978,12096,1024,717,true,191,171,204,151,heuristic
3955,107979,12284,1024,732,true,159,222,189,162,heuristic
3956,107980,3856,256,316,true,84,74,86,72,heuristic
3957,107981,12020,1024,708,true,179,163,192,174,heuristic
3958,107982,6716,512,459,true,110,124,132,93,heuristic
3959,107983,6304,512,421,true,115,94,103,109,heuristic
3960,107984,11724,1024,684,true,198,165,169,152,heuristic
3961,107985,5544,512,390,true,86,93,109,102,heuristic
3962,107986,15864,1024,926,true,254,221,227,224,heuristic
3963,107987,3096,256,255,true,84,57,57,57,heuristic
3964,107988,16148,1024,945,true,241,229,246,229,heuristic
3965,107989,3180,256,263,true,78,57,64,64,heuristic
3966,107990,11736,1024,694,true,181,190,179,144,heuristic
3967,107991,3352,256,275,true,75,59,56,85,heuristic
3968,107992,7280,512,493,true,138,108,116,131,heuristic
3969,107993,7188,512,497,true,111,138,143,105,heuristic
3970,107994,7116,512,491,true,126,114,123,128,heuristic
3971,107995,6032,512,420,true,146,65,111,98,heuristic
3972,107996,13992,1024,797,true,216,182,206,193,heuristic
3973,107997,2888,256,239,true,42,71,73,53,heuristic
3974,107998,12280,1024,735,true,192,187,194,162,heuristic
3975,107999,3204,256,266,true,65,65,52,84,heuristic
3976,108000,6400,512,440,true,120,95,118,107,heuristic
3977,108001,5692,512,399,true,123,79,102,95,heuristic
3978,108002,4592,512,314,true,81,78,75,80,heuristic
3979,108003,3028,256,243,true,77,50,55,61,heuristic
3980,108004,1724,128,176,true,41,46,50,39,heuristic
3981,108005,7572,512,515,true,142,118,136,119,heuristic
3982,108006,7460,512,520,true,150,117,131,122,heuristic
3983,108007,3172,256,263,true,64,72,76,51,heuristic
3984,108008,7324,512,499,true,131,118,148,102,heuristic
3985,108009,2888,256,254,true,70,67,64,53,heuristic
3986,108010,6340,512,430,true,130,96,101,103,heuristic
3987,108011,10472,1024,611,true,157,143,160,151,heuristic
3988,108012,7052,512,480,true,130,118,136,96,heuristic
3989,108013,7568,512,523,true,143,123,131,126,heuristic
3990,108014,5624,512,395,true,102,103,99,91,heuristic
3991,108015,10300,1024,592,true,155,138,157,142,heuristic
3992,108016,7080,512,481,true,111,127,124,119,heuristic
3993,108017,12396,1024,743,true,191,197,166,189,heuristic
3994,108018,6784,512,456,true,104,129,106,117,heuristic
3995,108019,6160,512,413,true,116,83,107,107,heuristic
3996,108020,7232,512,492,true,144,120,110,118,heuristic
3997,108021,7336,512,501,true,134,119,136,112,heuristic
3998,108022,5312,512,366,true,86,98,94,88,heuristic
3999,108023,3596,256,305,true,72,84,69,80,heuristic
4000,108024,14320,1024,825,true,213,189,251,172,heuristic
4001,108025,11876,1024,692,true,183,174,182,153,heuristic
4002,108026,10500,1024,622,true,201,129,135,157,heuristic
4003,108027,11864,1024,691,true,176,176,161,178,heuristic
4004,108028,12380,1024,739,true,231,135,190,183,heuristic
4005,108029,7180,512,496,true,139,111,139,107,heuristic
4006,108030,7016,512,479,true,144,104,122,109,heuristic
4007,108031,6444,512,439,true,119,104,113,103,heuristic
4008,108032,14408,1024,842,true,216,202,191,233,heuristic
4009,108033,11728,1024,685,true,172,179,154,180,heuristic
4010,108034,7212,512,497,true,140,101,139,117,heuristic
4011,108035,10404,1024,609,true,162,144,159,144,heuristic
4012,108036,6920,512,458,true,127,93,122,116,heuristic
4013,108037,7148,512,487,true,117,119,130,121,heuristic
4014,108038,6872,512,463,true,127,110,104,122,heuristic
4015,108039,15320,1024,883,true,219,227,215,222,heuristic
4016,108040,12396,1024,741,true,218,159,179,185,heuristic
4017,108041,7236,512,494,true,119,135,120,120,heuristic
4018,108042,11960,1024,707,true,180,180,169,178,heuristic
4019,108043,11484,1024,670,true,193,145,166,166,heuristic
4020,108044,7040,512,476,true,136,117,116,107,heuristic
4021,108045,11256,1024,680,true,169,173,158,180,heuristic
4022,108046,7204,512,495,true,124,117,121,133,heuristic
4023,108047,2392,128,220,true,37,70,59,54,heuristic
4024,108048,4996,512,349,true,89,78,93,89,heuristic
4025,108049,7220,512,505,true,142,110,125,128,heuristic
4026,108050,14580,1024,851,true,242,179,217,213,heuristic
4027,108051,3496,256,291,true,66,74,78,73,heuristic
4028,108052,3160,256,263,true,69,70,91,33,heuristic
4029,108053,13068,1024,767,true,202,187,192,186,heuristic
4030,108054,7104,512,488,true,106,125,136,121,heuristic
4031,108055,7064,512,477,true,130,113,116,118,heuristic
4032,108056,12120,1024,717,true,202,155,166,194,heuristic
4033,108057,6988,512,474,true,118,111,134,111,heuristic
4034,108058,10432,1024,608,true,166,128,148,166,heuristic
4035,108059,3308,256,283,true,71,71,75,66,heuristic
4036,108060,4632,512,319,true,70,97,89,63,heuristic
4037,108061,3148,256,260,true,73,50,67,70,heuristic
4038,108062,5356,512,372,true,108,75,106,83,heuristic
4039,108063,11804,1024,692,true,177,170,168,177,heuristic
4040,108064,7080,512,485,true,108,138,125,114,heuristic
4041,108065,7388,512,511,true,133,117,150,111,heuristic
4042,108066,7176,512,498,true,133,125,111,129,heuristic
4043,108067,15492,1024,889,true,225,217,227,220,heuristic
4044,108068,6804,512,454,true,151,83,114,106,heuristic
4045,108069,12568,1024,743,true,209,174,174,186,heuristic
4046,108070,5364,512,373,true,78,109,92,94,heuristic
4047,108071,6212,512,413,true,96,118,102,97,heuristic
4048,108072,7548,512,511,true,125,121,144,121,heuristic
4049,108073,7060,512,481,true,141,103,129,108,heuristic
4050,108074,7400,512,518,true,113,143,151,111,heuristic
4051,108075,7968,512,532,true,146,128,139,119,heuristic
4052,108076,5656,512,402,true,115,87,105,95,heuristic
4053,108077,12220,1024,734,true,199,157,179,199,heuristic
4054,108078,7780,512,537,true,132,138,136,131,heuristic
4055,108079,3596,256,288,true,79,76,73,60,heuristic
4056,108080,7352,512,520,true,139,118,137,126,heuristic
4057,108081,7060,512,482,true,137,94,134,117,heuristic
4058,108082,7048,512,478,true,125,112,115,126,heuristic
4059,108083,3064,256,251,true,69,54,69,59,heuristic
4060,108084,7188,512,501,true,144,115,135,107,heuristic
4061,108085,6452,512,433,true,88,116,108,121,heuristic
4062,108086,12140,1024,722,true,187,171,187,177,heuristic
4063,108087,3276,256,275,true,88,58,67,62,heuristic
4064,108088,17592,1024,1000,false,224,291,260,225,heuristic
4065,108089,6752,512,467,true,124,110,127,106,heuristic
4066,108090,15468,1024,899,true,249,196,209,245,heuristic
4067,108091,12144,1024,716,true,187,175,174,180,heuristic
4068,108092,3512,256,294,true,66,79,86,63,heuristic
4069,108093,7160,512,489,true,121,122,136,110,heuristic
4070,108094,7180,512,495,true,117,135,116,127,heuristic
4071,108095,7192,512,497,true,120,122,131,124,heuristic
4072,108096,7224,512,490,true,137,117,118,118,heuristic
4073,108097,2736,256,214,true,68,41,49,56,heuristic
4074,108098,12188,1024,722,true,194,168,187,173,heuristic
4075,108099,10688,1024,636,true,144,174,182,136,heuristic
4076,108100,3720,256,298,true,70,76,85,67,heuristic
4077,108101,4880,512,338,true,90,83,82,83,heuristic
4078,108102,15072,1024,877,true,234,197,232,214,heuristic
4079,108103,12024,1024,703,true,182,187,159,175,heuristic
4080,108104,6524,512,448,true,108,113,98,129,heuristic
4081,108105,7360,512,509,true,128,127,151,103,heuristic
4082,108106,12292,1024,736,true,191,180,170,195,heuristic
4083,108107,8080,512,541,true,129,142,125,145,heuristic
4084,108108,8036,512,564,true,128,159,136,141,heuristic
4085,108109,11992,1024,708,true,176,190,158,184,heuristic
4086,108110,5424,512,376,true,109,86,100,81,heuristic
4087,108111,7808,512,528,true,147,125,147,109,heuristic
4088,108112,7160,512,487,true,134,105,132,116,heuristic
4089,108113,7424,512,512,true,142,130,114,126,heuristic
4090,108114,6764,512,456,true,127,99,129,101,heuristic
4091,108115,9652,1024,555,true,149,124,148,134,heuristic
4092,108116,3564,256,284,true,69,80,79,56,heuristic
4093,108117,3128,256,256,true,80,61,61,54,heuristic
4094,108118,5472,512,383,true,106,92,117,68,heuristic
4095,108119,5608,512,395,true,119,85,115,76,heuristic
4096,108120,3196,256,263,true,63,66,62,72,heuristic
4097,108121,7056,512,480,true,122,108,125,125,heuristic
4098,108122,5312,512,362,true,97,79,95,91,heuristic
4099,108123,6316,512,423,true,117,91,105,110,heuristic
4100,108124,3328,256,283,true,75,76,73,59,heuristic
4101,108125,7116,512,495,true,112,140,139,104,heuristic
4102,108126,7216,512,492,true,129,116,134,113,heuristic
4103,108127,15944,1024,937,true,254,220,194,269,heuristic
4104,108128,11856,1024,709,true,176,180,163,190,heuristic
4105,108129,5344,512,372,true,119,68,102,83,heuristic
4106,108130,6448,512,436,true,134,98,114,90,heuristic
4107,108131,6304,512,426,true,108,100,115,103,heuristic
4108,108132,7472,512,519,true,117,147,117,138,heuristic
4109,108133,6992,512,468,true,116,113,104,135,heuristic
4110,108134,3144,256,255,true,81,48,56,70,heuristic
4111,108135,7012,512,470,true,121,121,121,107,heuristic
4112,108136,11568,1024,691,true,207,156,179,149,heuristic
4113,108137,7488,512,516,true,118,129,109,160,heuristic
4114,108138,7284,512,504,true,140,119,136,109,heuristic
4115,108139,3048,256,244,true,67,64,67,46,heuristic
4116,108140,11844,1024,690,true,172,167,184,167,heuristic
4117,108141,5716,512,390,true,118,80,98,94,heuristic
4118,108142,15388,1024,894,true,190,254,237,213,heuristic
4119,108143,6780,512,455,true,111,110,115,119,heuristic
4120,108144,9168,512,592,true,154,146,168,124,heuristic
4121,108145,6972,512,471,true,139,97,132,103,heuristic
4122,108146,7120,512,489,true,151,100,121,117,heuristic
4123,108147,6524,512,444,true,117,110,111,106,heuristic
4124,108148,12404,1024,745,true,179,188,197,181,heuristic
4125,108149,3412,256,285,true,77,78,54,76,heuristic
4126,108150,3112,256,258,true,84,57,66,51,heuristic
4127,108151,12232,1024,735,true,184,178,182,191,heuristic
4128,108152,7112,512,490,true,129,118,138,105,heuristic
4129,108153,12268,1024,743,true,203,168,195,177,heuristic
4130,108154,7372,512,510,true,133,127,130,120,heuristic
4131,108155,2304,256,189,true,59,42,45,43,heuristic
4132,108156,11520,1024,680,true,167,159,175,179,heuristic
4133,108157,3392,256,283,true,60,67,84,72,heuristic
4134,108158,3364,256,277,true,87,52,72,66,heuristic
4135,108159,12228,1024,729,true,163,204,223,139,heuristic
4136,108160,6832,512,461,true,120,112,107,122,heuristic
4137,108161,7056,512,480,true,133,112,122,113,heuristic
4138,108162,7440,512,516,true,142,123,115,136,heuristic
4139,108163,7020,512,476,true,121,120,124,111,heuristic
4140,108164,3356,256,280,true,72,61,72,75,heuristic
4141,108165,3080,256,250,true,65,54,71,60,heuristic
4142,108166,7364,512,520,true,134,138,139,109,heuristic
4143,108167,7176,512,494,true,125,120,108,141,heuristic
4144,108168,12276,1024,725,true,208,155,179,183,heuristic
4145,108169,5332,512,370,true,92,87,94,97,heuristic
4146,108170,6232,512,408,true,130,69,118,91,heuristic
4147,108171,6872,512,467,true,122,107,117,121,heuristic
4148,108172,7104,512,486,true,121,129,130,106,heuristic
4149,108173,2144,128,204,true,57,49,58,40,heuristic
4150,108174,5504,512,390,true,90,102,101,97,heuristic
4151,108175,3624,256,293,true,93,49,68,83,heuristic
4152,108176,12624,1024,756,true,177,199,180,200,heuristic
4153,108177,6872,512,466,true,143,94,110,119,heuristic
4154,108178,11532,1024,680,true,197,158,157,168,heuristic
4155,108179,6388,512,429,true,105,108,127,89,heuristic
4156,108180,3196,256,268,true,74,65,70,59,heuristic
4157,108181,12064,1024,713,true,165,183,167,198,heuristic
4158,108182,3568,256,285,true,78,67,80,60,heuristic
4159,108183,7116,512,484,true,141,107,99,137,heuristic
4160,108184,7328,512,501,true,123,115,123,140,heuristic
4161,108185,14228,1024,817,true,235,192,212,178,heuristic
4162,108186,16212,1024,961,true,289,196,239,237,heuristic
4163,108187,3256,256,268,true,72,56,68,72,heuristic
4164,108188,7148,512,488,true,122,111,127,128,heuristic
4165,108189,7112,512,490,true,129,106,141,114,heuristic
4166,108190,7056,512,480,true,138,118,122,102,heuristic
4167,108191,3180,256,263,true,69,59,72,63,heuristic
4168,108192,15020,1024,857,true,235,201,221,200,heuristic
4169,108193,7408,512,505,true,124,142,117,122,heuristic
4170,108194,7116,512,490,true,142,101,113,134,heuristic
4171,108195,7224,512,498,true,142,128,114,114,heuristic
4172,108196,6388,512,437,true,138,87,114,98,heuristic
4173,108197,6648,512,462,true,121,114,121,106,heuristic
4174,108198,4548,512,303,true,74,79,74,76,heuristic
4175,108199,6800,512,461,true,138,93,141,89,heuristic
4176,108200,3224,256,269,true,68,71,72,58,heuristic
4177,108201,12072,1024,715,true,178,175,196,166,heuristic
4178,108202,7080,512,482,true,112,127,139,104,heuristic
4179,108203,3232,256,270,true,74,58,73,65,heuristic
4180,108204,7420,512,511,true,134,123,114,140,heuristic
4181,108205,14416,1024,836,true,206,200,233,197,heuristic
4182,108206,12496,1024,756,true,206,179,191,180,heuristic
4183,108207,10668,1024,624,true,188,138,139,159,heuristic
4184,108208,7172,512,497,true,140,108,125,124,heuristic
4185,108209,14840,1024,873,true,218,225,224,206,heuristic
4186,108210,12152,1024,726,true,188,174,198,166,heuristic
4187,108211,7044,512,477,true,120,113,116,128,heuristic
4188,108212,12164,1024,729,true,184,185,219,141,heuristic
4189,108213,3804,256,312,true,63,100,91,58,heuristic
4190,108214,3144,256,255,true,77,53,71,54,heuristic
4191,108215,7048,512,479,true,122,108,128,121,heuristic
4192,108216,12372,1024,741,true,213,157,205,166,heuristic
4193,108217,3488,256,277,true,64,73,84,56,heuristic
4194,108218,16124,1024,950,true,255,213,244,238,heuristic
4195,108219,3104,256,249,true,76,54,68,51,heuristic
4196,108220,12160,1024,717,true,192,162,202,161,heuristic
4197,108221,6540,512,448,true,125,107,104,112,heuristic
4198,108222,7028,512,481,true,120,113,122,126,heuristic
4199,108223,7120,512,492,true,130,123,121,118,heuristic
4200,108224,7016,512,471,true,135,97,129,110,heuristic
4201,108225,5404,512,373,true,116,81,88,88,heuristic
4202,108226,6612,512,439,true,115,108,112,104,heuristic
4203,108227,7448,512,528,true,115,156,150,107,heuristic
4204,108228,3384,256,278,true,76,64,83,55,heuristic
4205,108229,12360,1024,727,true,169,184,187,187,heuristic
4206,108230,6724,512,446,true,123,98,104,121,heuristic
4207,108231,12564,1024,752,true,192,181,177,202,heuristic
4208,108232,10316,1024,592,true,127,178,151,136,heuristic
4209,108233,3108,256,257,true,90,44,54,69,heuristic
4210,108234,12140,1024,722,true,207,161,132,222,heuristic
4211,108235,7108,512,489,true,146,115,120,108,heuristic
4212,108236,7060,512,478,true,123,127,126,102,heuristic
4213,108237,10612,1024,626,true,160,150,156,160,heuristic
4214,108238,6444,512,441,true,121,100,110,110,heuristic
4215,108239,11648,1024,677,true,196,141,173,167,heuristic
4216,108240,6800,512,464,true,136,99,115,114,heuristic
4217,108241,11420,1024,671,true,182,156,190,143,heuristic
4218,108242,7760,512,528,true,150,128,129,121,heuristic
4219,108243,11388,1024,668,true,162,176,162,168,heuristic
4220,108244,3056,256,249,true,85,44,68,52,heuristic
4221,108245,4736,512,321,true,88,70,77,86,heuristic
4222,108246,6820,512,465,true,119,116,120,110,heuristic
4223,108247,11568,1024,680,true,182,174,170,154,heuristic
4224,108248,12356,1024,737,true,199,179,214,145,heuristic
4225,108249,14580,1024,857,true,246,169,204,238,heuristic
4226,108250,6364,512,431,true,118,101,127,85,heuristic
4227,108251,11772,1024,684,true,171,168,178,167,heuristic
4228,108252,6048,512,422,true,115,93,115,99,heuristic
4229,108253,14120,1024,806,true,197,197,212,200,heuristic
4230,108254,3868,256,318,true,88,73,77,80,heuristic
4231,108255,3184,256,265,true,72,59,76,58,heuristic
4232,108256,2476,256,211,true,40,60,54,57,heuristic
4233,108257,6760,512,470,true,105,122,140,103,heuristic
4234,108258,5432,512,374,true,93,88,107,86,heuristic
4235,108259,5184,512,360,true,92,96,105,67,heuristic
4236,108260,10772,1024,642,true,163,152,158,169,heuristic
4237,108261,12356,1024,745,true,183,186,187,189,heuristic
4238,108262,3224,256,270,true,64,70,57,79,heuristic
4239,108263,3460,256,289,true,93,49,78,69,heuristic
4240,108264,3440,256,285,true,77,61,76,71,heuristic
4241,108265,12272,1024,727,true,185,190,161,191,heuristic
4242,108266,4780,512,332,true,101,79,71,81,heuristic
4243,108267,12044,1024,704,true,188,180,179,157,heuristic
4244,108268,7160,512,491,true,107,131,120,133,heuristic
4245,108269,6312,512,424,true,112,96,99,117,heuristic
4246,108270,12160,1024,721,true,223,146,154,198,heuristic
4247,108271,6912,512,471,true,114,115,117,125,heuristic
4248,108272,6704,512,461,true,117,121,125,98,heuristic
4249,108273,5428,512,378,true,115,78,102,83,heuristic
4250,108274,12052,1024,709,true,184,163,177,185,heuristic
4251,108275,7060,512,482,true,128,120,126,108,heuristic
4252,108276,8040,512,534,true,147,123,133,131,heuristic
4253,108277,11352,1024,678,true,182,150,197,149,heuristic
4254,108278,6872,512,467,true,121,120,129,97,heuristic
4255,108279,11128,1024,666,true,160,181,166,159,heuristic
4256,108280,12168,1024,724,true,186,180,195,163,heuristic
4257,108281,14464,1024,843,true,247,185,251,160,heuristic
4258,108282,5696,512,396,true,102,101,100,93,heuristic
4259,108283,11332,1024,658,true,181,151,165,161,heuristic
4260,108284,6748,512,452,true,118,111,116,107,heuristic
4261,108285,11912,1024,702,true,180,174,177,171,heuristic
4262,108286,7112,512,490,true,110,128,130,122,heuristic
4263,108287,5496,512,389,true,99,101,111,78,heuristic
4264,108288,7072,512,485,true,130,106,133,116,heuristic
4265,108289,7644,512,527,true,114,150,141,122,heuristic
4266,108290,10804,1024,642,true,136,184,158,164,heuristic
4267,108291,15528,1024,915,true,238,236,207,234,heuristic
4268,108292,7188,512,490,true,113,128,140,109,heuristic
4269,108293,7256,512,503,true,133,119,126,125,heuristic
4270,108294,7004,512,469,true,132,99,114,124,heuristic
4271,108295,7592,512,514,true,137,116,138,123,heuristic
4272,108296,5744,512,408,true,122,84,115,87,heuristic
4273,108297,7676,512,532,true,140,131,129,132,heuristic
4274,108298,12648,1024,761,true,193,188,202,178,heuristic
4275,108299,3144,256,255,true,82,48,66,59,heuristic
4276,108300,5488,512,387,true,115,79,98,95,heuristic
4277,108301,7432,512,515,true,123,127,133,132,heuristic
4278,108302,11308,1024,648,true,162,163,184,139,heuristic
4279,108303,3688,256,306,true,88,67,74,77,heuristic
4280,108304,6544,512,442,true,141,78,94,129,heuristic
4281,108305,7080,512,481,true,140,110,96,135,heuristic
4282,108306,14156,1024,811,true,221,174,212,204,heuristic
4283,108307,6600,512,457,true,133,89,115,120,heuristic
4284,108308,7596,512,520,true,128,146,113,133,heuristic
4285,108309,7160,512,495,true,119,113,133,130,heuristic
4286,108310,14236,1024,821,true,206,208,200,207,heuristic
4287,108311,10368,1024,601,true,139,168,145,149,heuristic
4288,108312,7416,512,513,true,121,141,122,129,heuristic
4289,108313,5440,512,381,true,87,91,89,114,heuristic
4290,108314,7404,512,519,true,143,126,123,127,heuristic
4291,108315,7080,512,482,true,115,119,115,133,heuristic
4292,108316,3076,256,253,true,64,62,65,62,heuristic
4293,108317,12364,1024,751,true,214,181,181,175,heuristic
4294,108318,16744,1024,998,true,280,220,252,246,heuristic
4295,108319,7896,512,529,true,136,133,148,112,heuristic
4296,108320,7160,512,490,true,117,122,138,113,heuristic
4297,108321,6824,512,466,true,101,139,116,110,heuristic
4298,108322,14320,1024,828,true,185,232,209,202,heuristic
4299,108323,14508,1024,855,true,235,177,226,217,heuristic
4300,108324,7604,512,521,true,108,151,134,128,heuristic
4301,108325,12384,1024,747,true,181,193,202,171,heuristic
4302,108326,10484,1024,617,true,160,144,156,157,heuristic
4303,108327,10640,1024,629,true,168,141,155,165,heuristic
4304,108328,7096,512,487,true,121,114,138,114,heuristic
4305,108329,7032,512,475,true,109,129,114,123,heuristic
4306,108330,3180,256,264,true,63,64,56,81,heuristic
4307,108331,6676,512,457,true,126,118,95,118,heuristic
4308,108332,3800,256,307,true,82,82,72,71,heuristic
4309,108333,7060,512,481,true,126,109,116,130,heuristic
4310,108334,12348,1024,735,true,207,166,177,185,heuristic
4311,108335,5660,512,399,true,122,90,112,75,heuristic
4312,108336,7348,512,496,true,142,120,121,113,heuristic
4313,108337,15716,1024,921,true,202,280,255,184,heuristic
4314,108338,12308,1024,721,true,199,165,176,181,heuristic
4315,108339,7000,512,471,true,127,111,116,117,heuristic
4316,108340,7052,512,479,true,112,127,112,128,heuristic
4317,108341,5764,512,412,true,120,75,122,95,heuristic
4318,108342,3864,256,310,true,57,102,81,70,heuristic
4319,108343,6708,512,443,true,118,104,111,110,heuristic
4320,108344,5344,512,368,true,104,79,96,89,heuristic
4321,108345,13792,1024,788,true,201,202,203,182,heuristic
4322,108346,7360,512,494,true,125,119,144,106,heuristic
4323,108347,15308,1024,884,true,227,215,216,226,heuristic
4324,108348,5780,512,416,true,109,95,128,84,heuristic
4325,108349,7040,512,477,true,122,117,129,109,heuristic
4326,108350,5356,512,371,true,83,104,97,87,heuristic
4327,108351,3152,256,262,true,76,62,66,58,heuristic
4328,108352,3408,256,282,true,60,91,57,74,heuristic
4329,108353,7456,512,520,true,127,130,128,135,heuristic
4330,108354,7072,512,489,true,124,123,127,115,heuristic
4331,108355,6556,512,437,true,114,109,122,92,heuristic
4332,108356,5344,512,368,true,103,76,96,93,heuristic
4333,108357,6844,512,465,true,117,116,116,116,heuristic
4334,108358,12084,1024,712,true,186,144,195,187,heuristic
4335,108359,6372,512,426,true,108,111,111,96,heuristic
4336,108360,5292,512,367,true,94,92,92,89,heuristic
4337,108361,7148,512,492,true,121,130,121,120,heuristic
4338,108362,12092,1024,716,true,196,170,192,158,heuristic
4339,108363,6884,512,470,true,119,121,129,101,heuristic
4340,108364,6844,512,464,true,136,102,113,113,heuristic
4341,108365,7084,512,488,true,130,113,129,116,heuristic
4342,108366,6356,512,429,true,120,95,100,114,heuristic
4343,108367,7212,512,479,true,118,123,131,107,heuristic
4344,108368,10620,1024,623,true,156,140,174,153,heuristic
4345,108369,7020,512,472,true,114,128,116,114,heuristic
4346,108370,7100,512,484,true,133,115,132,104,heuristic
4347,108371,7156,512,488,true,125,117,140,106,heuristic
4348,108372,9172,512,590,true,128,171,152,139,heuristic
4349,108373,3412,256,283,true,68,84,65,66,heuristic
4350,108374,6168,512,414,true,105,105,107,97,heuristic
4351,108375,2520,256,221,true,69,37,43,72,heuristic
4352,108376,7380,512,512,true,142,118,122,130,heuristic
4353,108377,5608,512,390,true,113,95,99,83,heuristic
4354,108378,5372,512,369,true,102,83,100,84,heuristic
4355,108379,7256,512,510,true,123,130,123,134,heuristic
4356,108380,7256,512,498,true,119,123,146,110,heuristic
4357,108381,15236,1024,893,true,255,183,256,199,heuristic
4358,108382,12092,1024,711,true,182,172,171,186,heuristic
4359,108383,3244,256,274,true,83,58,76,57,heuristic
4360,108384,3336,256,270,true,61,77,73,59,heuristic
4361,108385,6448,512,441,true,108,113,125,95,heuristic
4362,108386,7100,512,480,true,126,106,130,118,heuristic
4363,108387,13760,1024,788,true,222,178,186,202,heuristic
4364,108388,7748,512,525,true,128,135,123,139,heuristic
4365,108389,10484,1024,612,true,152,156,164,140,heuristic
4366,108390,15572,1024,909,true,237,197,232,243,heuristic
4367,108391,16116,1024,948,true,272,232,218,226,heuristic
4368,108392,6692,512,447,true,123,110,79,135,heuristic
4369,108393,6892,512,457,true,139,108,105,105,heuristic
4370,108394,3256,256,271,true,79,66,64,62,heuristic
4371,108395,7216,512,503,true,140,119,114,130,heuristic
4372,108396,10592,1024,625,true,154,152,151,168,heuristic
4373,108397,7096,512,491,true,123,148,114,106,heuristic
4374,108398,7132,512,487,true,137,107,136,107,heuristic
4375,108399,12220,1024,730,true,220,169,156,185,heuristic
4376,108400,6312,512,423,true,90,126,105,102,heuristic
4377,108401,5520,512,383,true,108,89,80,106,heuristic
4378,108402,6692,512,455,true,121,112,123,99,heuristic
4379,108403,7092,512,485,true,129,136,124,96,heuristic
4380,108404,7780,512,514,true,135,126,146,107,heuristic
4381,108405,12396,1024,743,true,192,188,186,177,heuristic
4382,108406,7164,512,495,true,146,100,114,135,heuristic
4383,108407,12152,1024,715,true,181,178,191,165,heuristic
4384,108408,3488,256,292,true,72,69,94,57,heuristic
4385,108409,8092,512,541,true,145,130,141,125,heuristic
4386,108410,16168,1024,957,true,251,213,249,244,heuristic
4387,108411,3212,256,267,true,70,70,70,57,heuristic
4388,108412,12476,1024,762,true,189,197,210,166,heuristic
4389,108413,6988,512,476,true,143,97,116,120,heuristic
4390,108414,14492,1024,851,true,239,197,192,223,heuristic
4391,108415,6748,512,449,true,108,112,112,117,heuristic
4392,108416,7352,512,509,true,122,141,114,132,heuristic
4393,108417,14476,1024,847,true,205,214,222,206,heuristic
4394,108418,7352,512,506,true,116,136,135,119,heuristic
4395,108419,14356,1024,833,true,214,197,198,224,heuristic
4396,108420,6380,512,429,true,123,88,105,113,heuristic
4397,108421,7156,512,487,true,129,113,150,95,heuristic
4398,108422,3488,256,291,true,71,77,61,82,heuristic
4399,108423,8748,512,588,true,148,149,149,142,heuristic
4400,108424,12828,1024,771,true,214,188,183,186,heuristic
4401,108425,7072,512,480,true,134,110,132,104,heuristic
4402,108426,6624,512,452,true,122,102,115,113,heuristic
4403,108427,3392,256,284,true,74,71,79,60,heuristic
4404,108428,7468,512,519,true,144,104,144,127,heuristic
4405,108429,12100,1024,707,true,175,170,190,172,heuristic
4406,108430,6972,512,474,true,129,113,148,84,heuristic
4407,108431,12744,1024,767,true,197,201,203,166,heuristic
4408,108432,7376,512,512,true,124,134,151,103,heuristic
4409,108433,4824,256,366,true,102,89,83,92,heuristic
4410,108434,3068,256,253,true,67,53,74,59,heuristic
4411,108435,3168,256,261,true,79,57,68,57,heuristic
4412,108436,11468,1024,670,true,205,134,179,152,heuristic
4413,108437,7128,512,482,true,112,125,129,116,heuristic
4414,108438,12224,1024,730,true,173,199,197,161,heuristic
4415,108439,6508,512,450,true,131,104,121,94,heuristic
4416,108440,5804,512,412,true,115,96,111,90,heuristic
4417,108441,7080,512,487,true,138,113,133,103,heuristic
4418,108442,13176,1024,777,true,203,186,210,178,heuristic
4419,108443,12120,1024,722,true,177,189,184,172,heuristic
4420,108444,11100,1024,640,true,173,149,174,144,heuristic
4421,108445,5356,512,372,true,103,83,78,108,heuristic
4422,108446,6944,512,469,true,100,127,126,116,heuristic
4423,108447,3116,256,260,true,68,72,61,59,heuristic
4424,108448,3392,256,281,true,83,65,71,62,heuristic
4425,108449,12196,1024,726,true,168,190,201,167,heuristic
4426,108450,7084,512,487,true,116,121,110,140,heuristic
4427,108451,12328,1024,746,true,187,177,204,178,heuristic
4428,108452,5424,512,382,true,90,113,113,66,heuristic
4429,108453,7728,512,505,true,138,125,107,135,heuristic
4430,108454,2900,256,238,true,73,45,69,51,heuristic
4431,108455,1644,128,168,true,53,36,39,40,heuristic
4432,108456,4112,256,336,true,81,87,104,64,heuristic
4433,108457,15580,1024,914,true,263,185,222,244,heuristic
4434,108458,3104,256,257,true,67,57,67,66,heuristic
4435,108459,5660,512,400,true,78,122,105,95,heuristic
4436,108460,6348,512,433,true,127,81,112,113,heuristic
4437,108461,5768,512,415,true,100,121,111,83,heuristic
4438,108462,3544,256,294,true,86,60,86,62,heuristic
4439,108463,7004,512,473,true,126,109,112,126,heuristic
4440,108464,12080,1024,713,true,191,170,201,151,heuristic
4441,108465,7152,512,492,true,138,109,142,103,heuristic
4442,108466,6760,512,454,true,118,107,108,121,heuristic
4443,108467,7156,512,500,true,124,119,136,121,heuristic
4444,108468,5508,512,382,true,92,106,110,74,heuristic
4445,108469,5428,512,377,true,108,83,100,86,heuristic
4446,108470,7204,512,497,true,123,131,134,109,heuristic
4447,108471,3952,256,328,true,99,74,66,89,heuristic
4448,108472,13904,1024,800,true,190,204,210,196,heuristic
4449,108473,10336,1024,597,true,157,150,159,131,heuristic
4450,108474,6276,512,418,true,116,94,129,79,heuristic
4451,108475,7208,512,501,true,130,121,139,111,heuristic
4452,108476,7844,512,543,true,114,152,152,125,heuristic
4453,108477,7224,512,502,true,109,131,130,132,heuristic
4454,108478,5416,512,379,true,98,101,97,83,heuristic
4455,108479,6388,512,430,true,106,110,123,91,heuristic
4456,108480,7136,512,488,true,91,147,124,126,heuristic
4457,108481,6904,512,464,true,109,127,136,92,heuristic
4458,108482,7212,512,499,true,140,118,124,117,heuristic
4459,108483,12960,1024,787,true,197,206,218,166,heuristic
4460,108484,3756,256,300,true,70,79,74,77,heuristic
4461,108485,12512,1024,755,true,214,160,216,165,heuristic
4462,108486,3184,256,265,true,78,49,67,71,heuristic
4463,108487,11740,1024,697,true,174,185,178,160,heuristic
4464,108488,7012,512,475,true,122,121,111,121,heuristic
4465,108489,7024,512,474,true,101,143,119,111,heuristic
4466,108490,12128,1024,720,true,178,181,185,176,heuristic
4467,108491,3148,256,260,true,61,64,73,62,heuristic
4468,108492,7448,512,508,true,134,125,139,110,heuristic
4469,108493,7120,512,491,true,140,115,115,121,heuristic
4470,108494,12476,1024,758,true,179,196,189,194,heuristic
4471,108495,14536,1024,839,true,215,204,212,208,heuristic
4472,108496,6420,512,434,true,109,108,124,93,heuristic
4473,108497,3664,256,305,true,86,69,67,83,heuristic
4474,108498,3396,256,282,true,74,69,68,71,heuristic
4475,108499,7044,512,481,true,113,119,126,123,heuristic
4476,108500,11680,1024,692,true,184,161,197,150,heuristic
4477,108501,6920,512,467,true,123,115,115,114,heuristic
4478,108502,6440,512,438,true,111,107,110,110,heuristic
4479,108503,3500,256,279,true,70,72,72,65,heuristic
4480,108504,12124,1024,723,true,201,160,183,179,heuristic
4481,108505,2444,256,205,true,53,43,69,40,heuristic
4482,108506,7256,512,501,true,124,123,118,136,heuristic
4483,108507,5796,512,402,true,90,114,103,95,heuristic
4484,108508,12056,1024,707,true,175,186,170,176,heuristic
4485,108509,5412,512,374,true,105,96,81,92,heuristic
4486,108510,7268,512,500,true,120,116,130,134,heuristic
4487,108511,5504,512,384,true,84,103,93,104,heuristic
4488,108512,3196,256,262,true,59,78,76,49,heuristic
4489,108513,10256,1024,610,true,154,150,161,145,heuristic
4490,108514,7552,512,524,true,146,126,115,137,heuristic
4491,108515,14376,1024,838,true,216,218,187,217,heuristic
4492,108516,7556,512,521,true,148,121,138,114,heuristic
4493,108517,6532,512,439,true,119,111,110,99,heuristic
4494,108518,6452,512,441,true,129,85,118,109,heuristic
4495,108519,7148,512,487,true,131,119,117,120,heuristic
4496,108520,5672,512,402,true,113,93,100,96,heuristic
4497,108521,7160,512,490,true,122,126,126,116,heuristic
4498,108522,7068,512,477,true,130,105,131,111,heuristic
4499,108523,5724,512,399,true,100,96,111,92,heuristic
4500,108524,14264,1024,816,true,235,184,218,179,heuristic
4501,108525,7432,512,520,true,138,132,124,126,heuristic
4502,108526,14480,1024,849,true,262,179,201,207,heuristic
4503,108527,10800,1024,629,true,165,152,166,146,heuristic
4504,108528,11752,1024,697,true,169,187,180,161,heuristic
4505,108529,3076,256,255,true,58,70,63,64,heuristic
4506,108530,7392,512,516,true,132,119,114,151,heuristic
4507,108531,7096,512,485,true,117,122,121,125,heuristic
4508,108532,4720,512,325,true,68,87,80,90,heuristic
4509,108533,7064,512,483,true,122,118,129,114,heuristic
4510,108534,11068,1024,651,true,170,157,151,173,heuristic
4511,108535,11644,1024,684,true,174,169,184,157,heuristic
4512,108536,5652,512,401,true,101,96,114,90,heuristic
4513,108537,7032,512,485,true,130,109,134,112,heuristic
4514,108538,15076,1024,865,true,215,206,259,185,heuristic
4515,108539,6748,512,452,true,115,108,123,106,heuristic
4516,108540,7480,512,512,true,135,124,120,133,heuristic
4517,108541,3476,256,279,true,80,62,62,75,heuristic
4518,108542,7108,512,489,true,128,119,126,116,heuristic
4519,108543,6936,512,467,true,121,102,115,129,heuristic
4520,108544,6976,512,472,true,117,131,142,82,heuristic
4521,108545,11936,1024,688,true,196,166,178,148,heuristic
4522,108546,10140,1024,584,true,142,153,140,149,heuristic
4523,108547,11312,1024,657,true,204,143,146,164,heuristic
4524,108548,7232,512,503,true,143,110,133,117,heuristic
4525,108549,6112,512,432,true,98,115,105,114,heuristic
4526,108550,7484,512,523,true,124,131,133,135,heuristic
4527,108551,11832,1024,694,true,189,157,180,168,heuristic
4528,108552,4760,512,333,true,90,70,90,83,heuristic
4529,108553,7128,512,493,true,150,96,134,113,heuristic
4530,108554,14460,1024,848,true,228,199,225,196,heuristic
4531,108555,4836,512,341,true,105,58,77,101,heuristic
4532,108556,6916,512,471,true,128,104,110,129,heuristic
4533,108557,7192,512,486,true,133,112,104,137,heuristic
4534,108558,7372,512,511,true,155,109,140,107,heuristic
4535,108559,7208,512,490,true,128,122,122,118,heuristic
4536,108560,15876,1024,929,true,224,244,226,235,heuristic
4537,108561,12240,1024,732,true,184,184,185,179,heuristic
4538,108562,10396,1024,607,true,154,154,152,147,heuristic
4539,108563,3908,256,322,true,108,61,75,78,heuristic
4540,108564,15864,1024,922,true,224,236,246,216,heuristic
4541,108565,12420,1024,748,true,161,216,205,166,heuristic
4542,108566,5504,512,392,true,114,88,107,83,heuristic
4543,108567,10660,1024,628,true,136,178,151,163,heuristic
4544,108568,15444,1024,900,true,247,224,205,224,heuristic
4545,108569,3040,256,246,true,76,54,65,51,heuristic
4546,108570,12328,1024,731,true,186,188,183,174,heuristic
4547,108571,16008,1024,942,true,240,242,214,246,heuristic
4548,108572,5448,512,383,true,110,89,101,83,heuristic
4549,108573,6952,512,467,true,142,100,122,103,heuristic
4550,108574,5548,512,399,true,111,94,93,101,heuristic
4551,108575,14764,1024,871,true,217,220,196,238,heuristic
4552,108576,7176,512,495,true,161,99,134,101,heuristic
4553,108577,12188,1024,728,true,195,176,189,168,heuristic
4554,108578,7104,512,481,true,117,121,134,109,heuristic
4555,108579,14356,1024,822,true,232,184,203,203,heuristic
4556,108580,5436,512,378,true,103,98,103,74,heuristic
4557,108581,7152,512,489,true,113,126,134,116,heuristic
4558,108582,5732,512,404,true,106,98,103,97,heuristic
4559,108583,14892,1024,880,true,235,207,232,206,heuristic
4560,108584,12196,1024,725,true,173,199,169,184,heuristic
4561,108585,4856,512,336,true,85,84,98,69,heuristic
4562,108586,14560,1024,852,true,218,205,239,190,heuristic
4563,108587,6812,512,457,true,118,110,98,131,heuristic
4564,108588,5428,512,377,true,85,98,105,89,heuristic
4565,108589,12160,1024,723,true,193,162,202,166,heuristic
4566,108590,7288,512,502,true,133,116,122,131,heuristic
4567,108591,6480,512,433,true,130,91,117,95,heuristic
4568,108592,12332,1024,731,true,175,192,153,211,heuristic
4569,108593,5300,512,366,true,97,97,74,98,heuristic
4570,108594,14376,1024,834,true,218,198,216,202,heuristic
4571,108595,5440,512,381,true,109,79,80,113,heuristic
4572,108596,6976,512,470,true,141,104,105,120,heuristic
4573,108597,10568,1024,620,true,169,134,158,159,heuristic
4574,108598,3440,256,284,true,83,63,74,64,heuristic
4575,108599,7292,512,496,true,121,142,130,103,heuristic
4576,108600,7380,512,516,true,132,120,132,132,heuristic
4577,108601,5572,512,386,true,98,96,86,106,heuristic
4578,108602,7132,512,488,true,119,133,131,105,heuristic
4579,108603,15252,1024,912,true,225,231,261,195,heuristic
4580,108604,7052,512,480,true,116,116,125,123,heuristic
4581,108605,7196,512,498,true,140,113,128,117,heuristic
4582,108606,11220,1024,673,true,179,162,170,162,heuristic
4583,108607,6996,512,470,true,132,111,113,114,heuristic
4584,108608,7104,512,481,true,126,114,139,102,heuristic
4585,108609,1324,128,138,true,38,25,44,31,heuristic
4586,108610,7424,512,512,true,133,121,144,114,heuristic
4587,108611,4928,512,337,true,81,86,62,108,heuristic
4588,108612,3916,256,324,true,93,72,91,68,heuristic
4589,108613,6512,512,438,true,110,113,102,113,heuristic
4590,108614,4916,512,340,true,86,97,79,78,heuristic
4591,108615,7632,512,527,true,135,131,157,104,heuristic
4592,108616,12084,1024,714,true,185,174,186,169,heuristic
4593,108617,7416,512,510,true,139,120,136,115,heuristic
4594,108618,8528,512,579,true,146,135,156,142,heuristic
4595,108619,14764,1024,875,true,250,184,224,217,heuristic
4596,108620,10568,1024,630,true,149,159,178,144,heuristic
4597,108621,7480,512,507,true,136,129,123,119,heuristic
4598,108622,3180,256,265,true,66,76,63,60,heuristic
4599,108623,10392,1024,606,true,177,129,164,136,heuristic
4600,108624,7168,512,491,true,138,99,133,121,heuristic
4601,108625,7244,512,496,true,131,118,128,119,heuristic
4602,108626,7000,512,471,true,117,123,138,93,heuristic
4603,108627,7000,512,480,true,121,114,126,119,heuristic
4604,108628,1428,128,146,true,43,35,33,35,heuristic
4605,108629,7324,512,499,true,134,121,112,132,heuristic
4606,108630,5384,512,374,true,103,94,103,74,heuristic
4607,108631,12512,1024,751,true,187,193,174,197,heuristic
4608,108632,16144,1024,947,true,255,220,257,215,heuristic
4609,108633,5616,512,393,true,98,106,116,73,heuristic
4610,108634,6864,512,464,true,107,125,126,106,heuristic
4611,108635,7304,512,499,true,128,138,128,105,heuristic
4612,108636,5324,512,367,true,84,89,81,113,heuristic
4613,108637,6936,512,467,true,125,118,112,112,heuristic
4614,108638,12184,1024,723,true,170,184,188,181,heuristic
4615,108639,6564,512,459,true,150,93,118,98,heuristic
4616,108640,7184,512,496,true,120,126,129,121,heuristic
4617,108641,7076,512,485,true,116,128,140,101,heuristic
4618,108642,7112,512,483,true,145,93,137,108,heuristic
4619,108643,8056,512,539,true,139,114,180,106,heuristic
4620,108644,12280,1024,725,true,163,187,226,149,heuristic
4621,108645,12656,1024,764,true,221,174,186,183,heuristic
4622,108646,8084,512,564,true,144,140,144,136,heuristic
4623,108647,7340,512,503,true,117,140,132,114,heuristic
4624,108648,3068,256,252,true,47,73,65,67,heuristic
4625,108649,12296,1024,736,true,194,171,208,163,heuristic
4626,108650,8196,512,562,true,155,127,153,127,heuristic
4627,108651,6208,512,439,true,113,111,111,104,heuristic
4628,108652,3360,256,286,true,82,66,70,68,heuristic
4629,108653,4760,512,334,true,88,79,79,88,heuristic
4630,108654,7036,512,475,true,100,131,137,107,heuristic
4631,108655,7260,512,499,true,131,126,132,110,heuristic
4632,108656,10476,1024,615,true,148,161,168,138,heuristic
4633,108657,12388,1024,746,true,213,164,214,155,heuristic
4634,108658,5600,512,393,true,107,90,109,87,heuristic
4635,108659,11908,1024,702,true,196,153,182,171,heuristic
4636,108660,12228,1024,729,true,195,154,211,169,heuristic
4637,108661,14080,1024,813,true,244,178,156,235,heuristic
4638,108662,7224,512,504,true,136,106,129,133,heuristic
4639,108663,7436,512,513,true,148,102,132,131,heuristic
4640,108664,3164,256,260,true,52,82,67,59,heuristic
4641,108665,7124,512,491,true,103,136,139,113,heuristic
4642,108666,7088,512,488,true,136,94,145,113,heuristic
4643,108667,6880,512,465,true,142,90,111,122,heuristic
4644,108668,7112,512,483,true,119,132,129,103,heuristic
4645,108669,10500,1024,622,true,177,135,147,163,heuristic
4646,108670,3492,256,293,true,89,59,91,54,heuristic
4647,108671,6748,512,451,true,113,115,120,103,heuristic
4648,108672,7924,512,552,true,127,137,161,127,heuristic
4649,108673,14408,1024,831,true,212,202,225,192,heuristic
4650,108674,10444,1024,607,true,173,140,176,118,heuristic
4651,108675,7136,512,488,true,116,118,125,129,heuristic
4652,108676,5620,512,394,true,99,101,99,95,heuristic
4653,108677,7256,512,500,true,135,129,132,104,heuristic
4654,108678,15472,1024,906,true,234,225,220,227,heuristic
4655,108679,7940,512,527,true,130,140,116,141,heuristic
4656,108680,7104,512,487,true,132,125,124,106,heuristic
4657,108681,11812,1024,683,true,188,164,168,163,heuristic
4658,108682,7128,512,481,true,135,111,128,107,heuristic
4659,108683,5320,512,368,true,100,85,98,85,heuristic
4660,108684,7076,512,486,true,105,134,156,91,heuristic
4661,108685,14536,1024,857,true,204,222,211,220,heuristic
4662,108686,7396,512,517,true,135,122,148,112,heuristic
4663,108687,5640,512,394,true,98,104,98,94,heuristic
4664,108688,11812,1024,704,true,195,150,166,193,heuristic
4665,108689,5884,512,415,true,116,91,127,81,heuristic
4666,108690,7092,512,488,true,131,121,125,111,heuristic
4667,108691,7296,512,496,true,132,110,144,110,heuristic
4668,108692,7100,512,483,true,113,133,128,109,heuristic
4669,108693,6192,512,440,true,103,104,137,96,heuristic
4670,108694,7340,512,504,true,146,114,112,132,heuristic
4671,108695,7176,512,499,true,130,116,140,113,heuristic
4672,108696,12148,1024,728,true,206,176,163,183,heuristic
4673,108697,3460,256,285,true,70,68,69,78,heuristic
4674,108698,11112,1024,663,true,151,174,186,152,heuristic
4675,108699,6752,512,463,true,111,125,126,101,heuristic
4676,108700,10528,1024,617,true,157,158,172,130,heuristic
4677,108701,3088,256,258,true,69,66,56,67,heuristic
4678,108702,7108,512,492,true,127,126,118,121,heuristic
4679,108703,1368,128,136,true,33,35,39,29,heuristic
4680,108704,7256,512,498,true,115,123,139,121,heuristic
4681,108705,11932,1024,702,true,170,180,174,178,heuristic
4682,108706,14764,1024,871,true,243,207,221,200,heuristic
4683,108707,7040,512,477,true,101,138,136,102,heuristic
4684,108708,7172,512,492,true,149,112,134,97,heuristic
4685,108709,7272,512,502,true,139,112,131,120,heuristic
4686,108710,7088,512,477,true,130,121,129,97,heuristic
4687,108711,14308,1024,822,true,211,218,188,205,heuristic
4688,108712,3204,256,263,true,60,67,55,81,heuristic
4689,108713,7256,512,501,true,143,98,122,138,heuristic
4690,108714,15860,1024,922,true,229,231,243,219,heuristic
4691,108715,12224,1024,731,true,176,206,153,196,heuristic
4692,108716,7044,512,482,true,108,125,131,118,heuristic
4693,108717,12200,1024,725,true,208,141,178,198,heuristic
4694,108718,3260,256,278,true,97,55,66,60,heuristic
4695,108719,11484,1024,676,true,155,172,169,180,heuristic
4696,108720,15480,1024,897,true,227,215,213,242,heuristic
4697,108721,7164,512,492,true,142,99,120,131,heuristic
4698,108722,16244,1024,968,true,213,288,266,201,heuristic
4699,108723,1644,128,163,true,42,41,42,38,heuristic
4700,108724,10600,1024,628,true,165,153,164,146,heuristic
4701,108725,10556,1024,608,true,148,151,163,146,heuristic
4702,108726,5256,512,363,true,93,80,98,92,heuristic
4703,108727,3220,256,268,true,66,69,61,72,heuristic
4704,108728,6716,512,458,true,142,99,112,105,heuristic
4705,108729,5692,512,405,true,106,91,105,103,heuristic
4706,108730,10448,1024,608,true,155,145,143,165,heuristic
4707,108731,6868,512,462,true,117,113,110,122,heuristic
4708,108732,1680,128,165,true,49,34,35,47,heuristic
4709,108733,12084,1024,718,true,199,172,187,160,heuristic
4710,108734,6484,512,445,true,124,87,109,125,heuristic
4711,108735,10696,1024,622,true,178,152,162,130,heuristic
4712,108736,10736,1024,632,true,181,125,175,151,heuristic
4713,108737,14896,1024,861,true,207,227,228,199,heuristic
4714,108738,6768,512,458,true,138,98,93,129,heuristic
4715,108739,3216,256,271,true,79,60,58,74,heuristic
4716,108740,12956,1024,772,true,205,161,188,218,heuristic
4717,108741,3040,256,250,true,47,79,71,53,heuristic
4718,108742,7184,512,495,true,135,118,121,121,heuristic
4719,108743,5620,512,393,true,105,88,106,94,heuristic
4720,108744,7472,512,521,true,142,128,137,114,heuristic
4721,108745,3292,256,276,true,80,58,83,55,heuristic
4722,108746,14232,1024,829,true,212,224,211,182,heuristic
4723,108747,7052,512,481,true,145,87,119,130,heuristic
4724,108748,6892,512,472,true,146,102,120,104,heuristic
4725,108749,14048,1024,823,true,230,190,188,215,heuristic
4726,108750,11812,1024,689,true,175,174,201,139,heuristic
4727,108751,4700,512,323,true,89,68,81,85,heuristic
4728,108752,15824,1024,928,true,229,229,251,219,heuristic
4729,108753,15876,1024,924,true,241,225,224,234,heuristic
4730,108754,5560,512,394,true,113,85,92,104,heuristic
4731,108755,7124,512,486,true,125,126,126,109,heuristic
4732,108756,11640,1024,697,true,182,172,173,170,heuristic
4733,108757,6908,512,474,true,135,112,127,100,heuristic
4734,108758,6408,512,441,true,102,122,119,98,heuristic
4735,108759,3172,256,262,true,73,72,61,56,heuristic
4736,108760,7660,512,539,true,134,138,138,129,heuristic
4737,108761,7904,512,553,true,158,120,130,145,heuristic
4738,108762,7172,512,493,true,138,109,127,119,heuristic
4739,108763,14636,1024,859,true,219,219,226,195,heuristic
4740,108764,7184,512,497,true,147,107,130,113,heuristic
4741,108765,1476,128,154,true,60,23,41,30,heuristic
4742,108766,12192,1024,727,true,193,183,189,162,heuristic
4743,108767,6372,512,454,true,109,116,129,100,heuristic
4744,108768,7232,512,493,true,116,137,122,118,heuristic
4745,108769,16336,1024,962,true,277,219,244,222,heuristic
4746,108770,14408,1024,842,true,182,240,241,179,heuristic
4747,108771,15820,1024,920,true,270,198,234,218,heuristic
4748,108772,14476,1024,846,true,214,209,217,206,heuristic
4749,108773,3396,256,275,true,87,54,79,55,heuristic
4750,108774,12076,1024,708,true,169,186,163,190,heuristic
4751,108775,12080,1024,718,true,187,176,162,193,heuristic
4752,108776,3956,256,324,true,76,80,93,75,heuristic
4753,108777,5404,512,375,true,95,95,81,104,heuristic
4754,108778,5944,512,407,true,108,89,102,108,heuristic
4755,108779,7072,512,484,true,116,117,144,107,heuristic
4756,108780,7056,512,485,true,146,97,133,109,heuristic
4757,108781,11988,1024,703,true,186,178,192,147,heuristic
4758,108782,5728,512,404,true,122,74,116,92,heuristic
4759,108783,3536,256,288,true,83,62,81,62,heuristic
4760,108784,16308,1024,964,true,265,238,232,229,heuristic
4761,108785,6424,512,439,true,121,92,121,105,heuristic
4762,108786,7176,512,494,true,126,110,148,110,heuristic
4763,108787,7692,512,527,true,156,119,140,112,heuristic
4764,108788,11684,1024,682,true,178,167,178,159,heuristic
4765,108789,16076,1024,942,true,224,247,232,239,heuristic
4766,108790,10372,1024,601,true,161,144,155,141,heuristic
4767,108791,6940,512,479,true,117,98,144,120,heuristic
4768,108792,12376,1024,737,true,191,173,200,173,heuristic
4769,108793,6600,512,457,true,105,137,113,102,heuristic
4770,108794,15416,1024,907,true,236,224,235,212,heuristic
4771,108795,3416,256,279,true,64,73,67,75,heuristic
4772,108796,14284,1024,818,true,219,210,242,147,heuristic
4773,108797,7724,512,535,true,132,130,118,155,heuristic
4774,108798,11740,1024,691,true,169,178,180,164,heuristic
4775,108799,6048,512,420,true,91,120,118,91,heuristic
4776,108800,5796,512,402,true,97,99,112,94,heuristic
4777,108801,12088,1024,715,true,185,187,166,177,heuristic
4778,108802,12108,1024,714,true,168,181,193,172,heuristic
4779,108803,6152,512,411,true,111,93,108,99,heuristic
4780,108804,7164,512,490,true,145,99,126,120,heuristic
4781,108805,3212,256,268,true,77,64,73,54,heuristic
4782,108806,15784,1024,917,true,222,244,235,216,heuristic
4783,108807,15476,1024,908,true,256,198,222,232,heuristic
4784,108808,6768,512,471,true,127,103,114,127,heuristic
4785,108809,15492,1024,903,true,267,190,227,219,heuristic
4786,108810,7016,512,471,true,129,116,132,94,heuristic
4787,108811,7076,512,485,true,111,139,121,114,heuristic
4788,108812,7360,512,507,true,120,142,142,103,heuristic
4789,108813,11792,1024,689,true,190,168,166,165,heuristic
4790,108814,7132,512,484,true,141,114,116,113,heuristic
4791,108815,3244,256,264,true,65,69,80,50,heuristic
4792,108816,7056,512,485,true,130,106,134,115,heuristic
4793,108817,14168,1024,818,true,212,199,204,203,heuristic
4794,108818,3244,256,264,true,55,84,55,70,heuristic
4795,108819,7340,512,507,true,158,97,127,125,heuristic
4796,108820,12644,1024,757,true,224,161,179,193,heuristic
4797,108821,3116,256,263,true,83,50,62,68,heuristic
4798,108822,1508,128,153,true,40,41,40,32,heuristic
4799,108823,12228,1024,732,true,180,191,199,162,heuristic
4800,108824,6856,512,468,true,122,111,118,117,heuristic
4801,108825,6848,512,465,true,134,93,112,126,heuristic
4802,108826,12152,1024,722,true,214,155,148,205,heuristic
4803,108827,5400,512,381,true,103,88,82,108,heuristic
4804,108828,5176,512,352,true,89,98,79,86,heuristic
4805,108829,7136,512,488,true,127,121,121,119,heuristic
4806,108830,5592,512,391,true,131,66,111,83,heuristic
4807,108831,6788,512,462,true,99,140,106,117,heuristic
4808,108832,14816,1024,865,true,205,218,198,244,heuristic
4809,108833,6460,512,439,true,116,106,104,113,heuristic
4810,108834,6408,512,430,true,98,118,120,94,heuristic
4811,108835,3068,256,252,true,81,51,66,54,heuristic
4812,108836,6700,512,465,true,98,138,145,84,heuristic
4813,108837,7132,512,487,true,135,107,143,102,heuristic
4814,108838,10252,1024,581,true,150,134,155,142,heuristic
4815,108839,7336,512,506,true,113,144,143,106,heuristic
4816,108840,6728,512,466,true,119,114,117,116,heuristic
4817,108841,6788,512,459,true,111,113,140,95,heuristic
4818,108842,12364,1024,739,true,218,156,190,175,heuristic
4819,108843,12068,1024,709,true,190,173,173,173,heuristic
4820,108844,3316,256,270,true,71,55,72,72,heuristic
4821,108845,3856,256,309,true,92,62,79,76,heuristic
4822,108846,7080,512,482,true,123,116,128,115,heuristic
4823,108847,14124,1024,816,true,213,219,184,200,heuristic
4824,108848,12296,1024,734,true,213,173,167,181,heuristic
4825,108849,5356,512,365,true,98,93,94,80,heuristic
4826,108850,12096,1024,716,true,178,183,180,175,heuristic
4827,108851,5716,512,405,true,97,106,101,101,heuristic
4828,108852,11660,1024,680,true,193,151,171,165,heuristic
4829,108853,7284,512,494,true,120,134,130,110,heuristic
4830,108854,8068,512,545,true,145,133,155,112,heuristic
4831,108855,7156,512,482,true,148,105,118,111,heuristic
4832,108856,2844,256,232,true,59,64,67,42,heuristic
4833,108857,6924,512,463,true,123,113,102,125,heuristic
4834,108858,6444,512,439,true,118,102,106,113,heuristic
4835,108859,5492,512,388,true,89,111,100,88,heuristic
4836,108860,7196,512,498,true,124,138,121,115,heuristic
4837,108861,8224,512,556,true,130,153,140,133,heuristic
4838,108862,5264,512,355,true,91,83,89,92,heuristic
4839,108863,7032,512,474,true,118,118,132,106,heuristic
4840,108864,7140,512,490,true,111,127,132,120,heuristic
4841,108865,6916,512,473,true,120,123,121,109,heuristic
4842,108866,7204,512,493,true,134,111,125,123,heuristic
4843,108867,6592,512,454,true,139,87,109,119,heuristic
4844,108868,14036,1024,801,true,217,184,209,191,heuristic
4845,108869,5348,512,374,true,117,79,100,78,heuristic
4846,108870,1492,128,157,true,42,40,52,23,heuristic
4847,108871,6620,512,452,true,122,109,119,102,heuristic
4848,108872,5828,512,416,true,87,118,128,83,heuristic
4849,108873,14000,1024,807,true,225,180,202,200,heuristic
4850,108874,3340,256,273,true,81,55,70,67,heuristic
4851,108875,7236,512,497,true,137,121,131,108,heuristic
4852,108876,11916,1024,703,true,208,156,178,161,heuristic
4853,108877,6752,512,453,true,130,103,115,105,heuristic
4854,108878,14884,1024,859,true,219,209,204,227,heuristic
4855,108879,3252,256,273,true,76,69,65,63,heuristic
4856,108880,7040,512,472,true,129,118,112,113,heuristic
4857,108881,11404,1024,669,true,148,190,160,171,heuristic
4858,108882,6656,512,455,true,135,96,143,81,heuristic
4859,108883,7052,512,480,true,128,123,99,130,heuristic
4860,108884,7884,512,547,true,130,137,144,136,heuristic
4861,108885,11676,1024,676,true,184,155,156,181,heuristic
4862,108886,10604,1024,630,true,163,150,121,196,heuristic
4863,108887,7336,512,506,true,143,111,131,121,heuristic
4864,108888,7332,512,506,true,134,123,121,128,heuristic
4865,108889,5632,512,384,true,93,99,100,92,heuristic
4866,108890,7376,512,511,true,127,125,119,140,heuristic
4867,108891,5484,512,387,true,96,102,94,95,heuristic
4868,108892,3120,256,254,true,82,54,72,46,heuristic
4869,108893,3388,256,278,true,59,73,62,84,heuristic
4870,108894,12164,1024,720,true,217,143,170,190,heuristic
4871,108895,7028,512,473,true,109,139,107,118,heuristic
4872,108896,3164,256,260,true,69,57,70,64,heuristic
4873,108897,15416,1024,893,true,255,210,217,211,heuristic
4874,108898,5596,512,395,true,110,83,106,96,heuristic
4875,108899,12200,1024,730,true,190,200,180,160,heuristic
4876,108900,5068,256,387,true,83,110,100,94,heuristic
4877,108901,14628,1024,858,true,204,225,224,205,heuristic
4878,108902,3160,256,258,true,70,56,81,51,heuristic
4879,108903,7352,512,506,true,125,141,110,130,heuristic
4880,108904,14500,1024,842,true,188,238,228,188,heuristic
4881,108905,3712,256,301,true,84,68,73,76,heuristic
4882,108906,7128,512,485,true,117,126,134,108,heuristic
4883,108907,8768,512,592,true,142,149,172,129,heuristic
4884,108908,3384,256,267,true,72,62,60,73,heuristic
4885,108909,7188,512,493,true,129,111,135,118,heuristic
4886,108910,7128,512,486,true,123,114,121,128,heuristic
4887,108911,10464,1024,609,true,168,162,153,126,heuristic
4888,108912,7380,512,513,true,133,120,149,111,heuristic
4889,108913,6316,512,424,true,111,109,104,100,heuristic
4890,108914,11988,1024,708,true,167,191,198,152,heuristic
4891,108915,14452,1024,840,true,207,214,231,188,heuristic
4892,108916,14448,1024,845,true,223,213,196,213,heuristic
4893,108917,3452,256,290,true,79,72,73,66,heuristic
4894,108918,7740,512,542,true,136,127,148,131,heuristic
4895,108919,5340,512,367,true,100,93,91,83,heuristic
4896,108920,7752,512,530,true,104,155,132,139,heuristic
4897,108921,6700,512,455,true,107,117,112,119,heuristic
4898,108922,7296,512,491,true,128,117,122,124,heuristic
4899,108923,10936,1024,647,true,161,165,160,161,heuristic
4900,108924,7148,512,486,true,119,127,119,121,heuristic
4901,108925,14216,1024,804,true,201,191,232,180,heuristic
4902,108926,5712,512,400,true,106,110,87,97,heuristic
4903,108927,7748,512,531,true,119,147,146,119,heuristic
4904,108928,7128,512,485,true,125,131,120,109,heuristic
4905,108929,3180,256,264,true,64,68,75,57,heuristic
4906,108930,7196,512,488,true,130,113,108,137,heuristic
4907,108931,10900,1024,642,true,167,168,167,140,heuristic
4908,108932,12408,1024,747,true,161,210,190,186,heuristic
4909,108933,6588,512,453,true,117,116,122,98,heuristic
4910,108934,7132,512,487,true,142,101,142,102,heuristic
4911,108935,4172,256,319,true,101,61,80,77,heuristic
4912,108936,6272,512,414,true,116,87,119,92,heuristic
4913,108937,12116,1024,720,true,198,148,185,189,heuristic
4914,108938,6528,512,445,true,102,112,120,111,heuristic
4915,108939,7104,512,488,true,146,90,130,122,heuristic
4916,108940,6936,512,467,true,130,100,111,126,heuristic
4917,108941,8620,512,582,true,166,128,153,135,heuristic
4918,108942,3356,256,275,true,80,51,66,78,heuristic
4919,108943,14380,1024,827,true,198,214,216,199,heuristic
4920,108944,6868,512,469,true,124,110,112,123,heuristic
4921,108945,10696,1024,626,true,141,171,166,148,heuristic
4922,108946,6400,512,429,true,116,102,104,107,heuristic
4923,108947,7208,512,497,true,134,110,134,119,heuristic
4924,108948,7140,512,486,true,142,94,131,119,heuristic
4925,108949,11900,1024,699,true,151,201,175,172,heuristic
4926,108950,7264,512,500,true,128,137,108,127,heuristic
4927,108951,7152,512,492,true,152,93,119,128,heuristic
4928,108952,10052,1024,589,true,157,138,153,141,heuristic
4929,108953,7128,512,494,true,125,131,95,143,heuristic
4930,108954,6896,512,472,true,119,112,126,115,heuristic
4931,108955,7168,512,492,true,142,110,127,113,heuristic
4932,108956,7040,512,478,true,108,125,145,100,heuristic
4933,108957,7248,512,511,true,126,120,132,133,heuristic
4934,108958,7152,512,492,true,143,116,121,112,heuristic
4935,108959,5336,512,366,true,84,97,93,92,heuristic
4936,108960,7128,512,497,true,136,113,114,134,heuristic
4937,108961,3112,256,258,true,67,59,69,63,heuristic
4938,108962,7172,512,496,true,139,106,122,129,heuristic
4939,108963,6960,512,476,true,115,114,113,134,heuristic
4940,108964,5748,512,409,true,102,96,110,101,heuristic
4941,108965,12832,1024,776,true,185,204,172,215,heuristic
4942,108966,7720,512,523,true,140,125,111,147,heuristic
4943,108967,6448,512,440,true,110,98,106,126,heuristic
4944,108968,11924,1024,705,true,201,152,166,186,heuristic
4945,108969,6696,512,459,true,133,101,132,93,heuristic
4946,108970,14392,1024,841,true,202,217,236,186,heuristic
4947,108971,7140,512,490,true,150,108,118,114,heuristic
4948,108972,3104,256,256,true,80,55,50,71,heuristic
4949,108973,6428,512,440,true,121,102,103,114,heuristic
4950,108974,5456,512,385,true,110,83,100,92,heuristic
4951,108975,5404,512,375,true,110,89,87,89,heuristic
4952,108976,7244,512,500,true,117,122,140,121,heuristic
4953,108977,7404,512,515,true,154,98,129,134,heuristic
4954,108978,11180,1024,668,true,183,158,171,156,heuristic
4955,108979,7364,512,509,true,129,127,126,127,heuristic
4956,108980,3216,256,272,true,71,65,68,68,heuristic
4957,108981,14044,1024,815,true,193,206,230,186,heuristic
4958,108982,5432,512,378,true,93,99,102,84,heuristic
4959,108983,3552,256,296,true,91,63,69,73,heuristic
4960,108984,7348,512,505,true,117,146,134,108,heuristic
4961,108985,8576,512,576,true,144,147,151,134,heuristic
4962,108986,6332,512,427,true,118,103,119,87,heuristic
4963,108987,8776,512,563,true,147,145,113,158,heuristic
4964,108988,10880,1024,645,true,149,175,173,148,heuristic
4965,108989,1444,128,150,true,47,32,33,38,heuristic
4966,108990,7252,512,511,true,140,117,127,127,heuristic
4967,108991,7996,512,535,true,136,134,147,118,heuristic
4968,108992,5784,512,417,true,104,111,115,87,heuristic
4969,108993,7764,512,529,true,132,123,153,121,heuristic
4970,108994,6652,512,460,true,119,127,131,83,heuristic
4971,108995,3428,256,288,true,98,54,88,48,heuristic
4972,108996,6756,512,456,true,116,112,119,109,heuristic
4973,108997,11688,1024,689,true,165,185,178,161,heuristic
4974,108998,7376,512,509,true,122,130,148,109,heuristic
4975,108999,7272,512,501,true,115,137,141,108,heuristic
4976,109000,6680,512,454,true,150,79,125,100,heuristic
4977,109001,4820,512,337,true,87,76,102,72,heuristic
4978,109002,6820,512,463,true,135,111,116,101,heuristic
4979,109003,7060,512,482,true,132,105,128,117,heuristic
4980,109004,12328,1024,741,true,168,197,193,183,heuristic
4981,109005,7160,512,490,true,122,134,122,112,heuristic
4982,109006,8096,512,548,true,141,150,134,123,heuristic
4983,109007,5944,512,410,true,123,87,89,111,heuristic
4984,109008,13788,1024,798,true,233,178,216,171,heuristic
4985,109009,14228,1024,819,true,190,227,211,191,heuristic
4986,109010,3064,256,250,true,63,65,70,52,heuristic
4987,109011,7236,512,494,true,125,113,131,125,heuristic
4988,109012,12116,1024,709,true,201,156,189,163,heuristic
4989,109013,5412,512,373,true,102,94,95,82,heuristic
4990,109014,14624,1024,848,true,201,203,234,210,heuristic
4991,109015,16016,1024,945,true,227,253,262,203,heuristic
4992,109016,7096,512,489,true,135,114,122,118,heuristic
4993,109017,3232,256,273,true,61,67,95,50,heuristic
4994,109018,7068,512,484,true,123,119,126,116,heuristic
4995,109019,3240,256,272,true,61,72,78,61,heuristic
4996,109020,7056,512,480,true,125,119,112,124,heuristic
4997,109021,10420,1024,602,true,158,150,154,140,heuristic
4998,109022,7392,512,515,true,130,132,116,137,heuristic
4999,109023,12716,1024,763,true,187,190,220,166,heuristic
5000,109024,14200,1024,817,true,205,209,228,175,heuristic
5001,109025,7124,512,492,true,145,112,136,99,heuristic
5002,109026,6560,512,441,true,95,120,125,101,heuristic
5003,109027,13692,1024,791,true,195,204,190,202,heuristic
5004,109028,12332,1024,732,true,177,166,186,203,heuristic
5005,109029,7560,512,514,true,129,133,136,116,heuristic
5006,109030,3200,256,269,true,76,51,69,73,heuristic
5007,109031,7532,512,514,true,122,136,148,108,heuristic
5008,109032,7756,512,526,true,112,158,155,101,heuristic
5009,109033,6264,512,412,true,118,100,94,100,heuristic
5010,109034,15720,1024,903,true,220,221,171,291,heuristic
5011,109035,12208,1024,727,true,188,183,153,203,heuristic
5012,109036,6412,512,432,true,129,99,105,99,heuristic
5013,109037,3200,256,267,true,61,74,64,68,heuristic
5014,109038,4044,256,323,true,86,76,67,94,heuristic
5015,109039,3492,256,293,true,91,61,73,68,heuristic
5016,109040,5596,512,389,true,108,89,95,97,heuristic
5017,109041,6440,512,438,true,119,106,108,105,heuristic
5018,109042,7188,512,497,true,127,117,137,116,heuristic
5019,109043,12232,1024,722,true,170,190,190,172,heuristic
5020,109044,12372,1024,737,true,181,188,200,168,heuristic
5021,109045,5404,512,376,true,91,107,90,88,heuristic
5022,109046,7308,512,505,true,139,127,121,118,heuristic
5023,109047,6208,512,443,true,99,120,124,100,heuristic
5024,109048,7932,512,550,true,128,133,157,132,heuristic
5025,109049,5720,512,401,true,112,88,96,105,heuristic
5026,109050,7000,512,471,true,120,118,104,129,heuristic
5027,109051,7188,512,496,true,114,126,142,114,heuristic
5028,109052,12164,1024,733,true,192,181,191,169,heuristic
5029,109053,12088,1024,714,true,193,154,175,192,heuristic
5030,109054,10696,1024,639,true,166,167,143,163,heuristic
5031,109055,10616,1024,622,true,182,136,174,130,heuristic
5032,109056,5560,512,383,true,114,83,108,78,heuristic
5033,109057,7120,512,496,true,128,114,144,110,heuristic
5034,109058,7224,512,494,true,118,130,144,102,heuristic
5035,109059,12420,1024,748,true,207,176,223,142,heuristic
5036,109060,3240,256,265,true,68,60,66,71,heuristic
5037,109061,7132,512,496,true,143,107,140,106,heuristic
5038,109062,5688,512,406,true,102,109,104,91,heuristic
5039,109063,7344,512,503,true,121,119,133,130,heuristic
5040,109064,11628,1024,688,true,172,161,153,202,heuristic
5041,109065,5444,512,382,true,106,82,81,113,heuristic
5042,109066,7040,512,476,true,120,106,107,143,heuristic
5043,109067,3280,256,271,true,65,70,87,49,heuristic
5044,109068,6764,512,456,true,132,88,127,109,heuristic
5045,109069,5456,512,383,true,104,87,101,91,heuristic
5046,109070,7788,512,534,true,143,133,119,139,heuristic
5047,109071,15456,1024,903,true,246,209,229,219,heuristic
5048,109072,6356,512,424,true,101,106,139,78,heuristic
5049,109073,9184,512,613,true,149,159,159,146,heuristic
5050,109074,7136,512,494,true,111,132,136,115,heuristic
5051,109075,14276,1024,825,true,215,189,224,197,heuristic
5052,109076,6364,512,435,true,114,113,119,89,heuristic
5053,109077,8860,512,600,true,141,161,149,149,heuristic
5054,109078,12108,1024,721,true,193,168,206,154,heuristic
5055,109079,12132,1024,717,true,169,195,175,178,heuristic
5056,109080,11540,1024,682,true,167,182,144,189,heuristic
5057,109081,3200,256,268,true,76,63,64,65,heuristic
5058,109082,6788,512,472,true,132,121,120,99,heuristic
5059,109083,12788,1024,765,true,202,177,200,186,heuristic
5060,109084,7208,512,501,true,137,110,142,112,heuristic
5061,109085,5632,512,396,true,98,106,105,87,heuristic
5062,109086,6692,512,457,true,102,130,118,107,heuristic
5063,109087,6644,512,453,true,109,113,109,122,heuristic
5064,109088,1492,128,157,true,40,36,52,29,heuristic
5065,109089,15524,1024,901,true,245,221,206,229,heuristic
5066,109090,7076,512,486,true,135,109,124,118,heuristic
5067,109091,5340,512,367,true,100,87,104,76,heuristic
5068,109092,3168,256,260,true,72,56,68,64,heuristic
5069,109093,10476,1024,608,true,156,140,162,150,heuristic
5070,109094,6760,512,459,true,103,123,111,122,heuristic
5071,109095,5628,512,394,true,95,104,97,98,heuristic
5072,109096,6464,512,435,true,107,114,121,93,heuristic
5073,109097,7372,512,521,true,163,104,140,114,heuristic
5074,109098,7076,512,486,true,129,113,130,114,heuristic
5075,109099,12676,1024,764,true,216,173,204,171,heuristic
5076,109100,5332,512,366,true,103,86,111,66,heuristic
5077,109101,5672,512,395,true,85,109,108,93,heuristic
5078,109102,14092,1024,800,true,208,175,217,200,heuristic
5079,109103,11712,1024,689,true,171,184,159,175,heuristic
5080,109104,7216,512,498,true,111,133,136,118,heuristic
5081,109105,7084,512,488,true,126,125,132,105,heuristic
5082,109106,3336,256,275,true,70,63,77,65,heuristic
5083,109107,7164,512,491,true,133,112,136,110,heuristic
5084,109108,8192,512,541,true,126,144,144,127,heuristic
5085,109109,6448,512,444,true,115,115,119,95,heuristic
5086,109110,5400,512,375,true,99,86,93,97,heuristic
5087,109111,12504,1024,739,true,157,203,207,172,heuristic
5088,109112,15400,1024,894,true,216,228,209,241,heuristic
5089,109113,7112,512,494,true,110,137,145,102,heuristic
5090,109114,7288,512,496,true,108,143,125,120,heuristic
5091,109115,15356,1024,891,true,228,207,237,219,heuristic
5092,109116,5204,512,355,true,78,100,97,80,heuristic
5093,109117,4900,256,377,true,104,90,99,84,heuristic
5094,109118,7096,512,486,true,123,124,118,121,heuristic
5095,109119,3392,256,281,true,61,72,79,69,heuristic
5096,109120,5460,512,386,true,116,77,93,100,heuristic
5097,109121,2384,256,198,true,30,69,53,46,heuristic
5098,109122,11628,1024,679,true,145,204,146,184,heuristic
5099,109123,7908,512,549,true,130,148,138,133,heuristic
5100,109124,7220,512,500,true,126,122,137,115,heuristic
5101,109125,5536,512,389,true,83,113,90,103,heuristic
5102,109126,11752,1024,680,true,159,178,186,157,heuristic
5103,109127,7296,512,504,true,132,129,130,113,heuristic
5104,109128,5476,512,389,true,103,91,103,92,heuristic
5105,109129,12316,1024,742,true,186,198,175,183,heuristic
5106,109130,15356,1024,879,true,210,230,226,213,heuristic
5107,109131,7700,512,529,true,133,138,153,105,heuristic
5108,109132,7360,512,508,true,134,114,122,138,heuristic
5109,109133,11816,1024,709,true,149,199,200,161,heuristic
5110,109134,12488,1024,738,true,142,216,201,179,heuristic
5111,109135,3088,256,252,true,75,52,68,57,heuristic
5112,109136,11960,1024,694,true,193,166,163,172,heuristic
5113,109137,6668,512,464,true,121,114,120,109,heuristic
5114,109138,2456,256,210,true,48,55,50,57,heuristic
5115,109139,11592,1024,682,true,166,176,196,144,heuristic
5116,109140,16064,1024,941,true,237,244,239,221,heuristic
5117,109141,3356,256,275,true,78,61,73,63,heuristic
5118,109142,7188,512,496,true,116,125,122,133,heuristic
5119,109143,15752,1024,928,true,239,214,230,245,heuristic
5120,109144,15780,1024,922,true,239,205,220,258,heuristic
5121,109145,6332,512,424,true,128,85,103,108,heuristic
5122,109146,7076,512,481,true,142,114,121,104,heuristic
5123,109147,7084,512,487,true,114,140,131,102,heuristic
5124,109148,7768,512,530,true,166,109,147,108,heuristic
5125,109149,12076,1024,711,true,178,167,180,186,heuristic
5126,109150,5672,512,403,true,117,75,99,112,heuristic
5127,109151,6964,512,459,true,127,107,121,104,heuristic
5128,109152,6908,512,475,true,113,114,145,103,heuristic
5129,109153,13696,1024,788,true,203,191,216,178,heuristic
5130,109154,6632,512,454,true,121,107,119,107,heuristic
5131,109155,6412,512,433,true,90,124,112,107,heuristic
5132,109156,11600,1024,683,true,175,167,197,144,heuristic
5133,109157,6916,512,465,true,137,98,113,117,heuristic
5134,109158,6472,512,443,true,105,121,128,89,heuristic
5135,109159,7688,512,522,true,135,131,126,130,heuristic
5136,109160,12084,1024,714,true,184,178,184,168,heuristic
5137,109161,7228,512,503,true,133,126,128,116,heuristic
5138,109162,14372,1024,836,true,220,207,195,214,heuristic
5139,109163,14480,1024,837,true,240,184,189,224,heuristic
5140,109164,6732,512,452,true,102,132,115,103,heuristic
5141,109165,15852,1024,919,true,232,217,228,242,heuristic
5142,109166,4080,256,331,true,92,75,92,72,heuristic
5143,109167,6700,512,460,true,113,128,120,99,heuristic
5144,109168,6856,512,463,true,135,105,120,103,heuristic
5145,109169,13536,1024,799,true,202,199,230,168,heuristic
5146,109170,12144,1024,728,true,178,199,195,156,heuristic
5147,109171,5368,512,367,true,97,86,105,79,heuristic
5148,109172,6964,512,474,true,111,133,131,99,heuristic
5149,109173,3160,256,263,true,72,62,62,67,heuristic
5150,109174,5404,512,372,true,107,87,89,89,heuristic
5151,109175,14768,1024,876,true,250,197,208,221,heuristic
5152,109176,12400,1024,743,true,154,204,191,194,heuristic
5153,109177,6440,512,439,true,102,121,125,91,heuristic
5154,109178,7308,512,495,true,132,129,118,116,heuristic
5155,109179,6264,512,412,true,121,82,112,97,heuristic
5156,109180,4692,512,322,true,93,71,66,92,heuristic
5157,109181,12120,1024,718,true,204,163,152,199,heuristic
5158,109182,7444,512,517,true,150,118,114,135,heuristic
5159,109183,3208,256,271,true,64,67,86,54,heuristic
5160,109184,3072,256,249,true,61,59,67,62,heuristic
5161,109185,10492,1024,619,true,145,159,152,163,heuristic
5162,109186,7072,512,480,true,111,128,128,113,heuristic
5163,109187,7516,512,518,true,133,124,136,125,heuristic
5164,109188,3112,256,259,true,81,51,63,64,heuristic
5165,109189,7196,512,497,true,101,144,141,111,heuristic
5166,109190,7268,512,490,true,133,116,122,119,heuristic
5167,109191,7064,512,484,true,127,115,130,112,heuristic
5168,109192,5444,512,381,true,102,91,86,102,heuristic
5169,109193,7100,512,487,true,122,111,153,101,heuristic
5170,109194,7100,512,487,true,111,132,131,113,heuristic
5171,109195,11500,1024,679,true,198,144,167,170,heuristic
5172,109196,9652,1024,550,true,146,137,150,117,heuristic
5173,109197,3132,256,259,true,63,66,68,62,heuristic
5174,109198,10492,1024,619,true,156,154,149,160,heuristic
5175,109199,11700,1024,685,true,193,170,172,150,heuristic
5176,109200,7896,512,546,true,138,135,158,115,heuristic
5177,109201,5660,512,399,true,97,107,94,101,heuristic
5178,109202,15076,1024,885,true,249,182,231,223,heuristic
5179,109203,11364,1024,657,true,144,186,162,165,heuristic
5180,109204,11400,1024,667,true,179,167,168,153,heuristic
5181,109205,3380,256,285,true,85,62,67,71,heuristic
5182,109206,10240,1024,577,true,151,132,132,162,heuristic
5183,109207,7144,512,490,true,123,125,123,119,heuristic
5184,109208,14336,1024,828,true,204,209,214,201,heuristic
5185,109209,7336,512,517,true,130,127,142,118,heuristic
5186,109210,6868,512,472,true,133,114,103,122,heuristic
5187,109211,12092,1024,710,true,179,177,198,156,heuristic
5188,109212,3292,256,276,true,74,67,81,54,heuristic
5189,109213,7440,512,515,true,139,119,117,140,heuristic
5190,109214,7056,512,476,true,136,117,132,91,heuristic
5191,109215,12440,1024,729,true,194,176,187,172,heuristic
5192,109216,6676,512,466,true,125,119,138,84,heuristic
5193,109217,7168,512,497,true,124,125,138,110,heuristic
5194,109218,7164,512,491,true,121,120,138,112,heuristic
5195,109219,7072,512,485,true,141,121,99,124,heuristic
5196,109220,11800,1024,705,true,185,174,200,146,heuristic
5197,109221,3384,256,278,true,75,61,76,66,heuristic
5198,109222,3180,256,264,true,80,52,71,61,heuristic
5199,109223,6672,512,443,true,129,103,110,101,heuristic
5200,109224,6704,512,460,true,131,96,116,117,heuristic
5201,109225,6924,512,464,true,114,114,126,110,heuristic
5202,109226,7248,512,511,true,137,126,125,123,heuristic
5203,109227,8116,512,542,true,122,145,133,142,heuristic
5204,109228,10756,1024,641,true,150,162,154,175,heuristic
5205,109229,16424,1024,983,true,255,230,259,239,heuristic
5206,109230,3356,256,287,true,85,55,78,69,heuristic
5207,109231,6440,512,437,true,109,123,104,101,heuristic
5208,109232,14696,1024,858,true,224,216,175,243,heuristic
5209,109233,15920,1024,937,true,218,255,254,210,heuristic
5210,109234,7136,512,488,true,125,130,120,113,heuristic
5211,109235,3340,256,271,true,72,62,58,79,heuristic
5212,109236,12888,1024,781,true,171,208,259,143,heuristic
5213,109237,2336,256,197,true,62,40,55,40,heuristic
5214,109238,3192,256,265,true,78,59,74,54,heuristic
5215,109239,15640,1024,898,true,243,202,233,220,heuristic
5216,109240,12024,1024,699,true,168,176,170,185,heuristic
5217,109241,7128,512,488,true,127,117,114,130,heuristic
5218,109242,1496,128,158,true,40,42,32,44,heuristic
5219,109243,6920,512,464,true,115,122,90,137,heuristic
5220,109244,10516,1024,620,true,169,126,162,163,heuristic
5221,109245,12240,1024,735,true,187,182,178,188,heuristic
5222,109246,3104,256,256,true,79,61,62,54,heuristic
5223,109247,6424,512,437,true,104,130,94,109,heuristic
5224,109248,11948,1024,708,true,189,171,175,173,heuristic
5225,109249,2748,256,221,true,61,45,64,51,heuristic
5226,109250,5392,512,373,true,93,92,102,86,heuristic
5227,109251,5740,512,406,true,96,106,104,100,heuristic
5228,109252,12248,1024,734,true,208,172,184,170,heuristic
5229,109253,5496,512,376,true,103,82,91,100,heuristic
5230,109254,2444,256,204,true,57,43,59,45,heuristic
5231,109255,6800,512,453,true,116,102,115,120,heuristic
5232,109256,12196,1024,730,true,206,177,168,179,heuristic
5233,109257,10844,1024,647,true,170,153,169,155,heuristic
5234,109258,6552,512,440,true,119,110,119,92,heuristic
5235,109259,7072,512,483,true,128,117,127,111,heuristic
5236,109260,6436,512,438,true,135,81,111,111,heuristic
5237,109261,11844,1024,700,true,192,167,180,161,heuristic
5238,109262,5572,512,388,true,104,93,104,87,heuristic
5239,109263,14548,1024,845,true,194,233,232,186,heuristic
5240,109264,3440,256,286,true,91,63,72,60,heuristic
5241,109265,6492,512,446,true,119,108,116,103,heuristic
5242,109266,7164,512,490,true,142,114,146,88,heuristic
5243,109267,7824,512,543,true,126,152,140,125,heuristic
5244,109268,6740,512,448,true,107,112,124,105,heuristic
5245,109269,15324,1024,884,true,208,246,229,201,heuristic
5246,109270,3192,256,266,true,74,60,60,72,heuristic
5247,109271,15708,1024,915,true,226,236,230,223,heuristic
5248,109272,6600,512,447,true,123,93,116,115,heuristic
5249,109273,8036,512,533,true,153,120,128,132,heuristic
5250,109274,3184,256,264,true,55,75,71,63,heuristic
5251,109275,3200,256,268,true,71,69,60,68,heuristic
5252,109276,5456,512,385,true,107,93,95,90,heuristic
5253,109277,7316,512,501,true,132,125,117,127,heuristic
5254,109278,5732,512,405,true,104,103,100,98,heuristic
5255,109279,3196,256,267,true,72,63,72,60,heuristic
5256,109280,6912,512,473,true,131,112,116,114,heuristic
5257,109281,7432,512,514,true,124,121,161,108,heuristic
5258,109282,11448,1024,667,true,170,182,185,130,heuristic
5259,109283,3080,256,251,true,54,72,73,52,heuristic
5260,109284,15668,1024,920,true,215,233,235,237,heuristic
5261,109285,6732,512,463,true,119,120,112,112,heuristic
5262,109286,10620,1024,624,true,167,158,155,144,heuristic
5263,109287,3376,256,281,true,72,71,76,62,heuristic
5264,109288,12084,1024,709,true,187,178,164,180,heuristic
5265,109289,7036,512,474,true,128,111,119,116,heuristic
5266,109290,14380,1024,828,true,249,176,187,216,heuristic
5267,109291,5416,512,375,true,85,107,97,86,heuristic
5268,109292,5580,512,388,true,98,96,94,100,heuristic
5269,109293,7020,512,472,true,132,116,116,108,heuristic
5270,109294,13008,1024,784,true,210,184,189,201,heuristic
5271,109295,15816,1024,922,true,262,212,240,208,heuristic
5272,109296,11188,1024,665,true,185,143,178,159,heuristic
5273,109297,6960,512,473,true,135,94,103,141,heuristic
5274,109298,5328,512,364,true,93,83,94,94,heuristic
5275,109299,6916,512,473,true,127,123,112,111,heuristic
5276,109300,5460,512,382,true,92,98,111,81,heuristic
5277,109301,7384,512,513,true,145,132,125,111,heuristic
5278,109302,7128,512,485,true,111,127,139,108,heuristic
5279,109303,10252,1024,597,true,175,129,151,142,heuristic
5280,109304,6940,512,464,true,132,109,124,99,heuristic
5281,109305,3264,256,264,true,80,48,62,74,heuristic
5282,109306,3076,256,253,true,70,66,74,43,heuristic
5283,109307,5488,512,378,true,109,86,101,82,heuristic
5284,109308,2688,256,232,true,69,44,66,53,heuristic
5285,109309,3380,256,286,true,74,66,79,67,heuristic
5286,109310,12064,1024,709,true,190,183,168,168,heuristic
5287,109311,6772,512,457,true,149,91,122,95,heuristic
5288,109312,3272,256,274,true,66,70,68,70,heuristic
5289,109313,3372,256,280,true,64,67,65,84,heuristic
5290,109314,6316,512,424,true,100,111,112,101,heuristic
5291,109315,7092,512,485,true,111,130,109,135,heuristic
5292,109316,6508,512,445,true,128,91,106,120,heuristic
5293,109317,7456,512,519,true,130,136,126,127,heuristic
5294,109318,6900,512,462,true,105,126,123,108,heuristic
5295,109319,5420,512,376,true,103,84,113,76,heuristic
5296,109320,7168,512,495,true,126,134,112,123,heuristic
5297,109321,3248,256,269,true,64,70,64,71,heuristic
5298,109322,10060,1024,571,true,177,121,147,126,heuristic
5299,109323,5480,512,380,true,103,88,102,87,heuristic
5300,109324,12040,1024,707,true,193,171,194,149,heuristic
5301,109325,3948,256,323,true,76,96,77,74,heuristic
5302,109326,7052,512,488,true,130,107,140,111,heuristic
5303,109327,7136,512,492,true,138,118,126,110,heuristic
5304,109328,12036,1024,717,true,171,184,190,172,heuristic
5305,109329,7320,512,498,true,135,118,117,128,heuristic
5306,109330,2996,256,250,true,72,54,66,58,heuristic
5307,109331,6376,512,434,true,100,114,103,117,heuristic
5308,109332,12144,1024,712,true,190,177,183,162,heuristic
5309,109333,6996,512,472,true,120,123,103,126,heuristic
5310,109334,3576,256,288,true,64,80,86,58,heuristic
5311,109335,5496,512,382,true,94,103,82,103,heuristic
5312,109336,12188,1024,724,true,178,183,172,191,heuristic
5313,109337,6020,512,397,true,107,94,114,82,heuristic
5314,109338,2400,256,201,true,56,52,60,33,heuristic
5315,109339,12168,1024,718,true,196,183,177,162,heuristic
5316,109340,15856,1024,924,true,253,229,220,222,heuristic
5317,109341,3788,256,305,true,69,79,99,58,heuristic
5318,109342,7040,512,481,true,132,109,137,103,heuristic
5319,109343,6460,512,439,true,125,101,113,100,heuristic
5320,109344,3324,256,269,true,76,70,66,57,heuristic
5321,109345,7148,512,488,true,114,125,133,116,heuristic
5322,109346,12164,1024,717,true,193,164,203,157,heuristic
5323,109347,3420,256,288,true,68,83,73,64,heuristic
5324,109348,6920,512,474,true,121,111,117,125,heuristic
5325,109349,10476,1024,615,true,159,149,145,162,heuristic
5326,109350,5156,512,347,true,99,71,78,99,heuristic
5327,109351,15796,1024,917,true,226,219,227,245,heuristic
5328,109352,7468,512,518,true,108,157,139,114,heuristic
5329,109353,13952,1024,808,true,210,191,221,186,heuristic
5330,109354,14612,1024,848,true,173,253,222,200,heuristic
5331,109355,3408,256,276,true,77,76,63,60,heuristic
5332,109356,7412,512,509,true,115,139,125,130,heuristic
5333,109357,5528,512,386,true,128,79,92,87,heuristic
5334,109358,14488,1024,842,true,192,237,226,187,heuristic
5335,109359,7232,512,501,true,120,133,133,115,heuristic
5336,109360,11552,1024,688,true,166,176,169,177,heuristic
5337,109361,7080,512,486,true,130,118,112,126,heuristic
5338,109362,12076,1024,724,true,206,164,191,163,heuristic
5339,109363,5512,512,388,true,107,101,76,104,heuristic
5340,109364,10376,1024,607,true,153,150,142,162,heuristic
5341,109365,7164,512,491,true,131,114,114,132,heuristic
5342,109366,7088,512,478,true,130,123,119,106,heuristic
5343,109367,12220,1024,731,true,181,182,191,177,heuristic
5344,109368,12144,1024,727,true,179,183,204,161,heuristic
5345,109369,5504,512,392,true,97,97,104,94,heuristic
5346,109370,5280,512,358,true,103,77,103,75,heuristic
5347,109371,11484,1024,676,true,200,142,153,181,heuristic
5348,109372,3420,256,280,true,76,66,65,73,heuristic
5349,109373,7184,512,495,true,152,94,107,142,heuristic
5350,109374,6936,512,468,true,112,113,118,125,heuristic
5351,109375,12104,1024,719,true,214,152,198,155,heuristic
5352,109376,6928,512,465,true,130,107,130,98,heuristic
5353,109377,5096,512,348,true,109,66,78,95,heuristic
5354,109378,5296,512,362,true,91,107,92,72,heuristic
5355,109379,12460,1024,746,true,219,143,207,177,heuristic
5356,109380,3212,256,271,true,72,56,66,77,heuristic
5357,109381,6604,512,447,true,118,104,135,90,heuristic
5358,109382,6656,512,456,true,130,106,116,104,heuristic
5359,109383,7116,512,490,true,142,106,122,120,heuristic
5360,109384,7096,512,487,true,149,104,115,119,heuristic
5361,109385,6936,512,463,true,100,129,117,117,heuristic
5362,109386,14148,1024,815,true,223,193,194,205,heuristic
5363,109387,7300,512,497,true,147,108,119,123,heuristic
5364,109388,5524,512,397,true,115,83,102,97,heuristic
5365,109389,11920,1024,703,true,191,161,171,180,heuristic
5366,109390,12108,1024,718,true,183,181,188,166,heuristic
5367,109391,1712,128,169,true,55,28,34,52,heuristic
5368,109392,7232,512,499,true,149,113,118,119,heuristic
5369,109393,3096,256,254,true,69,61,69,55,heuristic
5370,109394,7220,512,492,true,131,124,124,113,heuristic
5371,109395,7248,512,502,true,127,116,141,118,heuristic
5372,109396,10448,1024,609,true,149,157,162,141,heuristic
5373,109397,2732,256,231,true,67,52,68,44,heuristic
5374,109398,6012,512,426,true,100,120,99,107,heuristic
5375,109399,7116,512,491,true,119,133,122,117,heuristic
5376,109400,5432,512,378,true,110,81,105,82,heuristic
5377,109401,5700,512,406,true,132,79,114,81,heuristic
5378,109402,12020,1024,701,true,184,172,184,161,heuristic
5379,109403,6960,512,472,true,128,119,107,118,heuristic
5380,109404,12260,1024,735,true,197,165,180,193,heuristic
5381,109405,11348,1024,657,true,162,163,169,163,heuristic
5382,109406,6728,512,465,true,123,117,116,109,heuristic
5383,109407,13880,1024,811,true,232,178,191,210,heuristic
5384,109408,7300,512,499,true,126,126,133,114,heuristic
5385,109409,14136,1024,811,true,208,212,203,188,heuristic
5386,109410,13260,1024,798,true,207,194,197,200,heuristic
5387,109411,7248,512,497,true,128,135,126,108,heuristic
5388,109412,7028,512,474,true,113,131,123,107,heuristic
5389,109413,7248,512,496,true,125,123,125,123,heuristic
5390,109414,6644,512,458,true,121,115,103,119,heuristic
5391,109415,7056,512,480,true,118,123,105,134,heuristic
5392,109416,3176,256,263,true,80,59,70,54,heuristic
5393,109417,14440,1024,838,true,234,183,197,224,heuristic
5394,109418,5888,512,413,true,94,120,114,85,heuristic
5395,109419,7008,512,473,true,128,105,124,116,heuristic
5396,109420,6612,512,451,true,143,84,113,111,heuristic
5397,109421,5528,512,387,true,101,105,93,88,heuristic
5398,109422,11800,1024,705,true,194,160,170,181,heuristic
5399,109423,7216,512,499,true,161,93,117,128,heuristic
5400,109424,2728,256,231,true,57,63,55,56,heuristic
5401,109425,6512,512,451,true,129,102,120,100,heuristic
5402,109426,10780,1024,628,true,173,154,168,133,heuristic
5403,109427,3600,256,288,true,96,50,70,72,heuristic
5404,109428,7132,512,487,true,136,115,106,130,heuristic
5405,109429,12164,1024,728,true,186,177,172,193,heuristic
5406,109430,13612,1024,765,true,186,193,201,185,heuristic
5407,109431,6192,512,421,true,98,113,115,95,heuristic
5408,109432,6840,512,478,true,118,118,127,115,heuristic
5409,109433,6860,512,465,true,148,108,106,103,heuristic
5410,109434,10436,1024,609,true,155,151,149,154,heuristic
5411,109435,3212,256,270,true,73,60,61,76,heuristic
5412,109436,6904,512,474,true,120,119,117,118,heuristic
5413,109437,6364,512,432,true,104,115,117,96,heuristic
5414,109438,6552,512,442,true,109,118,124,91,heuristic
5415,109439,6040,512,417,true,96,116,99,106,heuristic
5416,109440,7124,512,485,true,135,107,107,136,heuristic
5417,109441,12188,1024,728,true,182,180,178,188,heuristic
5418,109442,6756,512,468,true,128,115,102,123,heuristic
5419,109443,7492,512,514,true,139,126,137,112,heuristic
5420,109444,5940,512,424,true,123,94,112,95,heuristic
5421,109445,12408,1024,750,true,201,169,195,185,heuristic
5422,109446,11324,1024,651,true,189,135,159,168,heuristic
5423,109447,5696,512,400,true,93,101,120,86,heuristic
5424,109448,5744,512,408,true,102,108,111,87,heuristic
5425,109449,7044,512,478,true,130,107,129,112,heuristic
5426,109450,10596,1024,630,true,142,162,158,168,heuristic
5427,109451,2956,256,237,true,65,53,65,54,heuristic
5428,109452,11448,1024,667,true,169,166,165,167,heuristic
5429,109453,7908,512,552,true,152,133,145,122,heuristic
5430,109454,3184,256,268,true,80,54,75,59,heuristic
5431,109455,7100,512,488,true,126,126,113,123,heuristic
5432,109456,7064,512,482,true,130,100,117,135,heuristic
5433,109457,14116,1024,814,true,196,197,199,222,heuristic
5434,109458,11240,1024,647,true,147,183,172,145,heuristic
5435,109459,14092,1024,812,true,197,202,240,173,heuristic
5436,109460,15972,1024,938,true,257,217,230,234,heuristic
5437,109461,6288,512,421,true,100,109,106,106,heuristic
5438,109462,7132,512,491,true,144,105,121,121,heuristic
5439,109463,15952,1024,943,true,245,224,248,226,heuristic
5440,109464,7168,512,492,true,126,122,143,101,heuristic
5441,109465,5600,512,392,true,98,99,98,97,heuristic
5442,109466,3688,256,290,true,85,64,75,66,heuristic
5443,109467,3176,256,262,true,73,57,90,42,heuristic
5444,109468,7380,512,512,true,134,118,150,110,heuristic
5445,109469,6304,512,422,true,95,117,118,92,heuristic
5446,109470,7392,512,512,true,131,129,98,154,heuristic
5447,109471,7256,512,498,true,114,136,120,128,heuristic
5448,109472,6884,512,469,true,119,115,136,99,heuristic
5449,109473,2440,256,207,true,62,39,50,56,heuristic
5450,109474,6424,512,438,true,114,110,116,98,heuristic
5451,109475,12276,1024,733,true,188,183,185,177,heuristic
5452,109476,10412,1024,600,true,147,150,164,139,heuristic
5453,109477,7864,512,522,true,123,131,146,122,heuristic
5454,109478,7060,512,481,true,125,105,126,125,heuristic
5455,109479,7204,512,501,true,132,116,135,118,heuristic
5456,109480,3148,256,256,true,53,74,68,61,heuristic
5457,109481,7152,512,493,true,121,139,119,114,heuristic
5458,109482,12808,1024,767,true,147,233,207,180,heuristic
5459,109483,11560,1024,679,true,179,162,178,160,heuristic
5460,109484,7076,512,482,true,138,110,123,111,heuristic
5461,109485,7260,512,488,true,132,117,117,122,heuristic
5462,109486,5460,512,386,true,96,105,111,74,heuristic
5463,109487,12276,1024,729,true,197,166,208,158,heuristic
5464,109488,5248,512,361,true,97,83,107,74,heuristic
5465,109489,7204,512,501,true,141,107,123,130,heuristic
5466,109490,6904,512,469,true,109,121,121,118,heuristic
5467,109491,7160,512,485,true,118,120,123,124,heuristic
5468,109492,7328,512,504,true,117,134,119,134,heuristic
5469,109493,12828,1024,775,true,194,217,205,159,heuristic
5470,109494,3308,256,278,true,65,70,80,63,heuristic
5471,109495,3460,256,290,true,75,68,88,59,heuristic
5472,109496,5328,512,370,true,106,90,112,62,heuristic
5473,109497,13036,1024,787,true,201,195,192,199,heuristic
5474,109498,10644,1024,630,true,184,139,152,155,heuristic
5475,109499,5736,512,402,true,111,86,110,95,heuristic
5476,109500,12304,1024,740,true,194,186,208,152,heuristic
5477,109501,6684,512,462,true,125,113,117,107,heuristic
5478,109502,7040,512,478,true,121,127,119,111,heuristic
5479,109503,7000,512,472,true,127,108,114,123,heuristic
5480,109504,7076,512,481,true,128,126,101,126,heuristic
5481,109505,7196,512,498,true,131,129,91,147,heuristic
5482,109506,7264,512,500,true,137,121,143,99,heuristic
5483,109507,14276,1024,818,true,207,195,218,198,heuristic
5484,109508,7156,512,488,true,111,126,135,116,heuristic
5485,109509,5380,512,377,true,93,106,108,70,heuristic
5486,109510,16176,1024,951,true,265,211,240,235,heuristic
5487,109511,7416,512,506,true,116,133,129,128,heuristic
5488,109512,12060,1024,712,true,183,177,196,156,heuristic
5489,109513,6916,512,474,true,115,131,115,113,heuristic
5490,109514,6888,512,465,true,120,111,150,84,heuristic
5491,109515,3928,256,293,true,77,79,91,46,heuristic
5492,109516,14620,1024,856,true,238,188,214,216,heuristic
5493,109517,11824,1024,708,true,201,156,182,169,heuristic
5494,109518,3676,256,299,true,76,80,76,67,heuristic
5495,109519,11600,1024,688,true,178,164,172,174,heuristic
5496,109520,7184,512,496,true,142,103,136,115,heuristic
5497,109521,5480,512,386,true,116,86,76,108,heuristic
5498,109522,7136,512,494,true,102,137,138,117,heuristic
5499,109523,7112,512,490,true,140,103,128,119,heuristic
5500,109524,8544,512,539,true,154,114,142,129,heuristic
5501,109525,12032,1024,701,true,199,157,176,169,heuristic
5502,109526,4732,512,327,true,79,83,66,99,heuristic
5503,109527,6620,512,437,true,112,101,114,110,heuristic
5504,109528,3196,256,267,true,73,56,70,68,heuristic
5505,109529,3468,256,288,true,72,74,67,75,heuristic
5506,109530,12236,1024,731,true,215,163,179,174,heuristic
5507,109531,11656,1024,686,true,186,171,172,157,heuristic
5508,109532,7036,512,475,true,124,103,124,124,heuristic
5509,109533,5680,512,399,true,78,140,96,85,heuristic
5510,109534,11608,1024,685,true,176,171,184,154,heuristic
5511,109535,12168,1024,729,true,199,165,192,173,heuristic
5512,109536,6712,512,462,true,117,112,132,101,heuristic
5513,109537,3608,256,295,true,72,76,71,76,heuristic
5514,109538,10432,1024,613,true,160,145,163,145,heuristic
5515,109539,12188,1024,728,true,195,178,189,166,heuristic
5516,109540,7180,512,495,true,129,107,135,124,heuristic
5517,109541,7008,512,481,true,122,117,107,135,heuristic
5518,109542,12060,1024,707,true,158,211,189,149,heuristic
5519,109543,11040,1024,630,true,172,157,139,162,heuristic
5520,109544,3364,256,278,true,77,61,68,72,heuristic
5521,109545,7144,512,490,true,123,123,141,103,heuristic
5522,109546,6348,512,428,true,108,101,131,88,heuristic
5523,109547,7868,512,543,true,132,137,143,131,heuristic
5524,109548,8048,512,542,true,141,143,128,130,heuristic
5525,109549,14440,1024,841,true,194,233,211,203,heuristic
5526,109550,3080,256,254,true,57,78,66,53,heuristic
5527,109551,7260,512,500,true,124,137,115,124,heuristic
5528,109552,3364,256,278,true,83,68,67,60,heuristic
5529,109553,7896,512,545,true,146,133,129,137,heuristic
5530,109554,7120,512,492,true,122,114,128,128,heuristic
5531,109555,7168,512,496,true,142,112,128,114,heuristic
5532,109556,12124,1024,719,true,184,181,184,170,heuristic
5533,109557,3812,256,310,true,73,85,88,64,heuristic
5534,109558,3100,256,255,true,70,54,65,66,heuristic
5535,109559,5980,512,420,true,113,101,104,102,heuristic
5536,109560,5252,512,356,true,103,74,97,82,heuristic
5537,109561,6876,512,463,true,119,117,134,93,heuristic
5538,109562,4040,256,330,true,85,90,91,64,heuristic
5539,109563,11788,1024,684,true,184,179,168,153,heuristic
5540,109564,7444,512,502,true,133,104,126,139,heuristic
5541,109565,11800,1024,699,true,158,187,181,173,heuristic
5542,109566,11372,1024,660,true,173,155,125,207,heuristic
5543,109567,3216,256,267,true,85,56,81,45,heuristic
5544,109568,6904,512,470,true,129,112,141,88,heuristic
5545,109569,9128,512,577,true,170,125,134,148,heuristic
5546,109570,12112,1024,719,true,206,157,194,162,heuristic
5547,109571,12064,1024,709,true,188,176,187,158,heuristic
5548,109572,7412,512,519,true,132,119,163,105,heuristic
5549,109573,7020,512,472,true,93,134,111,134,heuristic
5550,109574,12140,1024,728,true,189,189,151,199,heuristic
5551,109575,7172,512,497,true,135,114,132,116,heuristic
5552,109576,12148,1024,724,true,185,169,203,167,heuristic
5553,109577,6876,512,472,true,147,100,121,104,heuristic
5554,109578,3124,256,254,true,69,48,66,71,heuristic
5555,109579,6676,512,458,true,131,105,110,112,heuristic
5556,109580,5564,512,395,true,98,113,109,75,heuristic
5557,109581,7104,512,493,true,121,133,125,114,heuristic
5558,109582,5324,512,367,true,84,97,93,93,heuristic
5559,109583,4492,256,336,true,88,88,87,73,heuristic
5560,109584,15736,1024,925,true,237,218,214,256,heuristic
5561,109585,3304,256,268,true,83,60,70,55,heuristic
5562,109586,6556,512,451,true,97,117,132,105,heuristic
5563,109587,7768,512,534,true,145,132,125,132,heuristic
5564,109588,3688,256,295,true,53,91,86,65,heuristic
5565,109589,5448,512,381,true,105,86,100,90,heuristic
5566,109590,7080,512,483,true,138,123,124,98,heuristic
5567,109591,7208,512,501,true,132,129,100,140,heuristic
5568,109592,7268,512,512,true,128,124,133,127,heuristic
5569,109593,12556,1024,756,true,193,186,188,189,heuristic
5570,109594,7060,512,482,true,122,108,119,133,heuristic
5571,109595,12236,1024,731,true,188,181,182,180,heuristic
5572,109596,6548,512,455,true,121,104,122,108,heuristic
5573,109597,5480,512,386,true,104,101,84,97,heuristic
5574,109598,6912,512,472,true,135,100,131,106,heuristic
5575,109599,6848,512,471,true,123,119,121,108,heuristic
5576,109600,5264,512,354,true,87,95,80,92,heuristic
5577,109601,15764,1024,918,true,248,221,227,222,heuristic
5578,109602,7268,512,504,true,120,115,130,139,heuristic
5579,109603,6484,512,444,true,113,115,123,93,heuristic
5580,109604,7368,512,505,true,139,118,138,110,heuristic
5581,109605,11372,1024,659,true,181,153,168,157,heuristic
5582,109606,11712,1024,688,true,216,136,183,153,heuristic
5583,109607,12116,1024,713,true,177,188,190,158,heuristic
5584,109608,10520,1024,622,true,146,162,153,161,heuristic
5585,109609,3452,256,284,true,74,66,75,69,heuristic
5586,109610,6844,512,464,true,127,104,108,125,heuristic
5587,109611,5468,512,383,true,90,101,88,104,heuristic
5588,109612,7732,512,533,true,125,142,119,147,heuristic
5589,109613,6024,512,419,true,123,80,127,89,heuristic
5590,109614,7072,512,480,true,130,109,118,123,heuristic
5591,109615,7076,512,481,true,130,128,139,84,heuristic
5592,109616,6384,512,425,true,137,87,118,83,heuristic
5593,109617,10356,1024,601,true,160,132,153,156,heuristic
5594,109618,5424,512,377,true,104,87,99,87,heuristic
5595,109619,5376,512,370,true,87,97,120,66,heuristic
5596,109620,11864,1024,703,true,157,183,184,179,heuristic
5597,109621,7748,512,536,true,161,103,140,132,heuristic
5598,109622,12580,1024,752,true,203,183,205,161,heuristic
5599,109623,15536,1024,911,true,212,239,216,244,heuristic
5600,109624,3336,256,279,true,74,71,66,68,heuristic
5601,109625,10596,1024,617,true,165,154,149,149,heuristic
5602,109626,1656,128,166,true,44,45,44,33,heuristic
5603,109627,6128,512,412,true,117,91,108,96,heuristic
5604,109628,7144,512,485,true,124,118,113,130,heuristic
5605,109629,7152,512,492,true,139,108,136,109,heuristic
5606,109630,7160,512,491,true,122,122,145,102,heuristic
5607,109631,7112,512,494,true,116,136,108,134,heuristic
5608,109632,13636,1024,775,true,181,214,216,164,heuristic
5609,109633,12332,1024,727,true,177,187,185,178,heuristic
5610,109634,7016,512,472,true,122,116,115,119,heuristic
5611,109635,3200,256,265,true,82,57,71,55,heuristic
5612,109636,7072,512,484,true,131,115,129,109,heuristic
5613,109637,6996,512,486,true,101,136,119,130,heuristic
5614,109638,7044,512,477,true,108,127,126,116,heuristic
5615,109639,12128,1024,712,true,176,190,182,164,heuristic
5616,109640,12060,1024,709,true,173,184,182,170,heuristic
5617,109641,7904,512,551,true,134,150,153,114,heuristic
5618,109642,6700,512,459,true,119,112,96,132,heuristic
5619,109643,3472,256,289,true,76,75,72,66,heuristic
5620,109644,12176,1024,710,true,205,147,203,155,heuristic
5621,109645,12196,1024,724,true,195,183,165,181,heuristic
5622,109646,3140,256,258,true,62,62,61,73,heuristic
5623,109647,6424,512,434,true,116,96,103,119,heuristic
5624,109648,7060,512,480,true,113,141,119,107,heuristic
5625,109649,7196,512,493,true,140,121,112,120,heuristic
5626,109650,3724,256,292,true,72,71,84,65,heuristic
5627,109651,2484,256,213,true,55,55,67,36,heuristic
5628,109652,15544,1024,918,true,206,226,231,255,heuristic
5629,109653,5696,512,400,true,98,97,104,101,heuristic
5630,109654,6492,512,447,true,122,100,111,114,heuristic
5631,109655,7220,512,501,true,131,124,125,121,heuristic
5632,109656,12200,1024,727,true,199,155,196,177,heuristic
5633,109657,11784,1024,687,true,170,185,185,147,heuristic
5634,109658,3028,256,253,true,75,48,67,63,heuristic
5635,109659,3208,256,265,true,58,72,76,59,heuristic
5636,109660,14496,1024,847,true,204,215,215,213,heuristic
5637,109661,7348,512,506,true,122,129,139,116,heuristic
5638,109662,11888,1024,696,true,163,180,182,171,heuristic
5639,109663,13180,1024,778,true,225,170,214,169,heuristic
5640,109664,6416,512,433,true,125,81,137,90,heuristic
5641,109665,12476,1024,750,true,197,204,198,151,heuristic
5642,109666,7240,512,505,true,139,116,128,122,heuristic
5643,109667,5424,512,377,true,101,82,92,102,heuristic
5644,109668,8120,512,568,true,134,143,141,150,heuristic
5645,109669,3092,256,253,true,55,69,77,52,heuristic
5646,109670,6892,512,466,true,129,111,135,91,heuristic
5647,109671,5156,512,358,true,94,88,98,78,heuristic
5648,109672,10664,1024,630,true,169,149,192,120,heuristic
5649,109673,5376,512,369,true,107,87,79,96,heuristic
5650,109674,16068,1024,937,true,222,251,253,211,heuristic
5651,109675,6716,512,449,true,118,111,130,90,heuristic
5652,109676,12172,1024,735,true,194,170,190,181,heuristic
5653,109677,6448,512,440,true,128,95,103,114,heuristic
5654,109678,6940,512,478,true,133,104,127,114,heuristic
5655,109679,12084,1024,713,true,189,159,173,192,heuristic
5656,109680,3092,256,254,true,79,53,63,59,heuristic
5657,109681,12256,1024,739,true,177,197,190,175,heuristic
5658,109682,11560,1024,668,true,197,140,179,152,heuristic
5659,109683,14560,1024,852,true,224,199,222,207,heuristic
5660,109684,3100,256,255,true,71,57,58,69,heuristic
5661,109685,12428,1024,751,true,194,183,179,195,heuristic
5662,109686,15964,1024,931,true,273,209,232,217,heuristic
5663,109687,3492,256,292,true,74,62,90,66,heuristic
5664,109688,7808,512,540,true,133,142,133,132,heuristic
5665,109689,12084,1024,710,true,184,162,190,174,heuristic
5666,109690,11460,1024,670,true,167,170,186,147,heuristic
5667,109691,6324,512,422,true,104,113,105,100,heuristic
5668,109692,5620,512,393,true,101,102,114,76,heuristic
5669,109693,12224,1024,726,true,204,156,205,161,heuristic
5670,109694,6940,512,469,true,111,120,115,123,heuristic
5671,109695,7092,512,486,true,137,100,139,110,heuristic
5672,109696,3936,256,322,true,83,66,95,78,heuristic
5673,109697,3496,256,294,true,86,67,75,66,heuristic
5674,109698,7124,512,485,true,137,91,140,117,heuristic
5675,109699,7404,512,519,true,142,123,136,118,heuristic
5676,109700,7396,512,513,true,118,125,170,100,heuristic
5677,109701,13064,1024,767,true,201,186,180,200,heuristic
5678,109702,6756,512,470,true,144,107,104,115,heuristic
5679,109703,6064,512,410,true,86,109,103,112,heuristic
5680,109704,7672,512,537,true,168,100,139,130,heuristic
5681,109705,7060,512,481,true,145,98,120,118,heuristic
5682,109706,7168,512,492,true,107,132,134,119,heuristic
5683,109707,12128,1024,718,true,187,174,167,190,heuristic
5684,109708,3076,256,253,true,67,50,65,71,heuristic
5685,109709,7460,512,502,true,117,128,134,123,heuristic
5686,109710,5408,512,377,true,95,87,95,100,heuristic
5687,109711,3148,256,260,true,64,63,72,61,heuristic
5688,109712,6508,512,451,true,129,109,112,101,heuristic
5689,109713,5440,512,379,true,98,90,107,84,heuristic
5690,109714,7020,512,476,true,135,98,125,118,heuristic
5691,109715,12292,1024,744,true,187,194,197,166,heuristic
5692,109716,7284,512,502,true,120,129,134,119,heuristic
5693,109717,6152,512,411,true,113,99,112,87,heuristic
5694,109718,6876,512,468,true,132,103,135,98,heuristic
5695,109719,6892,512,468,true,142,85,124,117,heuristic
5696,109720,12156,1024,719,true,223,148,198,150,heuristic
5697,109721,6372,512,449,true,110,125,111,103,heuristic
5698,109722,3152,256,256,true,74,50,75,57,heuristic
5699,109723,5380,512,370,true,108,86,105,71,heuristic
5700,109724,5668,512,393,true,98,104,95,96,heuristic
5701,109725,7236,512,502,true,146,105,136,115,heuristic
5702,109726,15328,1024,887,true,227,241,220,199,heuristic
5703,109727,14464,1024,844,true,231,205,182,226,heuristic
5704,109728,7248,512,507,true,123,120,156,108,heuristic
5705,109729,7996,512,559,true,129,166,150,114,heuristic
5706,109730,13708,1024,783,true,169,218,211,185,heuristic
5707,109731,14696,1024,868,true,204,236,202,226,heuristic
5708,109732,3384,256,280,true,56,94,64,66,heuristic
5709,109733,7240,512,497,true,131,112,121,133,heuristic
5710,109734,10756,1024,637,true,179,147,158,153,heuristic
5711,109735,3408,256,283,true,78,57,76,72,heuristic
5712,109736,7104,512,486,true,103,130,147,106,heuristic
5713,109737,7524,512,531,true,156,108,129,138,heuristic
5714,109738,7052,512,480,true,140,99,118,123,heuristic
5715,109739,12184,1024,718,true,218,154,182,164,heuristic
5716,109740,7092,512,484,true,126,123,131,104,heuristic
5717,109741,7140,512,489,true,128,118,130,113,heuristic
5718,109742,7288,512,509,true,138,109,129,133,heuristic
5719,109743,10488,1024,619,true,159,156,143,161,heuristic
5720,109744,3044,256,246,true,73,46,64,63,heuristic
5721,109745,7040,512,476,true,119,122,123,112,heuristic
5722,109746,5408,512,372,true,121,71,86,94,heuristic
5723,109747,3488,256,292,true,77,81,68,66,heuristic
5724,109748,3136,256,254,true,64,59,61,70,heuristic
5725,109749,13976,1024,818,true,204,204,187,223,heuristic
5726,109750,14320,1024,825,true,200,214,206,205,heuristic
5727,109751,13968,1024,811,true,204,220,174,213,heuristic
5728,109752,11120,1024,664,true,179,168,153,164,heuristic
5729,109753,10784,1024,648,true,177,144,152,175,heuristic
5730,109754,12088,1024,718,true,226,149,172,171,heuristic
5731,109755,7072,512,484,true,124,116,135,109,heuristic
5732,109756,7836,512,543,true,154,126,107,156,heuristic
5733,109757,13568,1024,808,true,202,224,184,198,heuristic
5734,109758,7040,512,477,true,123,125,104,125,heuristic
5735,109759,3460,256,288,true,79,69,85,55,heuristic
5736,109760,11424,1024,665,true,155,188,168,154,heuristic
5737,109761,16104,1024,949,true,225,249,256,219,heuristic
5738,109762,7128,512,494,true,119,124,119,132,heuristic
5739,109763,12072,1024,712,true,188,164,173,187,heuristic
5740,109764,12240,1024,731,true,179,201,189,162,heuristic
5741,109765,6632,512,448,true,137,103,95,113,heuristic
5742,109766,3188,256,264,true,68,68,67,61,heuristic
5743,109767,7368,512,510,true,132,129,124,125,heuristic
5744,109768,3384,256,279,true,63,74,77,65,heuristic
5745,109769,6932,512,476,true,146,100,130,100,heuristic
5746,109770,1760,128,181,true,49,44,48,40,heuristic
5747,109771,3304,256,279,true,82,53,67,77,heuristic
5748,109772,5776,512,411,true,124,93,99,95,heuristic
5749,109773,6672,512,459,true,108,117,135,99,heuristic
5750,109774,15600,1024,920,true,238,224,223,235,heuristic
5751,109775,3224,256,269,true,77,61,79,52,heuristic
5752,109776,11732,1024,694,true,186,175,188,145,heuristic
5753,109777,7188,512,496,true,121,125,141,109,heuristic
5754,109778,3488,256,298,true,87,69,86,56,heuristic
5755,109779,7448,512,518,true,138,120,135,125,heuristic
5756,109780,3360,256,276,true,72,55,79,70,heuristic
5757,109781,9116,512,583,true,166,132,140,145,heuristic
5758,109782,6324,512,422,true,120,90,111,101,heuristic
5759,109783,11460,1024,669,true,168,171,160,170,heuristic
5760,109784,2756,256,224,true,74,43,57,50,heuristic
5761,109785,11960,1024,702,true,207,152,199,144,heuristic
5762,109786,7224,512,495,true,124,122,125,124,heuristic
5763,109787,12108,1024,714,true,165,190,201,158,heuristic
5764,109788,5748,512,414,true,110,104,110,90,heuristic
5765,109789,7980,512,550,true,143,126,147,134,heuristic
5766,109790,7096,512,486,true,145,102,127,112,heuristic
5767,109791,5200,512,365,true,105,78,85,97,heuristic
5768,109792,6936,512,478,true,131,123,110,114,heuristic
5769,109793,5532,512,399,true,119,85,113,82,heuristic
5770,109794,12216,1024,725,true,186,187,176,176,heuristic
5771,109795,6944,512,480,true,123,125,121,111,heuristic
5772,109796,5620,512,394,true,107,95,112,80,heuristic
5773,109797,7092,512,490,true,124,119,124,123,heuristic
5774,109798,5524,512,387,true,102,91,103,91,heuristic
5775,109799,7116,512,488,true,132,115,121,120,heuristic
5776,109800,6212,512,445,true,95,119,118,113,heuristic
5777,109801,3416,256,279,true,79,58,85,57,heuristic
5778,109802,7016,512,471,true,130,103,118,120,heuristic
5779,109803,3472,256,289,true,73,70,69,77,heuristic
5780,109804,1424,128,146,true,36,36,35,39,heuristic
5781,109805,12280,1024,734,true,173,200,177,184,heuristic
5782,109806,6464,512,441,true,117,113,116,95,heuristic
5783,109807,5620,512,394,true,116,77,122,79,heuristic
5784,109808,12128,1024,720,true,197,169,178,176,heuristic
5785,109809,7152,512,492,true,118,126,136,112,heuristic
5786,109810,7136,512,489,true,114,132,136,107,heuristic
5787,109811,7124,512,485,true,105,133,130,117,heuristic
5788,109812,3360,256,277,true,71,63,80,63,heuristic
5789,109813,7184,512,496,true,134,120,115,127,heuristic
5790,109814,3744,256,297,true,64,78,79,76,heuristic
5791,109815,7216,512,507,true,136,120,129,122,heuristic
5792,109816,6008,512,415,true,109,107,95,104,heuristic
5793,109817,7148,512,487,true,132,122,126,107,heuristic
5794,109818,12304,1024,724,true,158,196,190,180,heuristic
5795,109819,7276,512,504,true,125,124,144,111,heuristic
5796,109820,3736,256,303,true,72,77,96,58,heuristic
5797,109821,6900,512,469,true,130,113,127,99,heuristic
5798,109822,11444,1024,666,true,152,161,194,159,heuristic
5799,109823,12228,1024,722,true,208,161,197,156,heuristic
5800,109824,7188,512,497,true,124,133,113,127,heuristic
5801,109825,6924,512,463,true,119,102,134,108,heuristic
5802,109826,6680,512,459,true,135,100,100,124,heuristic
5803,109827,7180,512,494,true,145,112,109,128,heuristic
5804,109828,10292,1024,586,true,139,167,146,134,heuristic
5805,109829,12132,1024,725,true,165,207,172,181,heuristic
5806,109830,6360,512,422,true,103,103,109,107,heuristic
5807,109831,7176,512,497,true,101,142,131,123,heuristic
5808,109832,6388,512,437,true,115,100,118,104,heuristic
5809,109833,10448,1024,613,true,136,175,171,131,heuristic
5810,109834,6456,512,442,true,114,107,124,97,heuristic
5811,109835,7344,512,508,true,121,125,125,137,heuristic
5812,109836,7012,512,474,true,127,108,115,124,heuristic
5813,109837,5400,512,371,true,98,90,93,90,heuristic
5814,109838,12108,1024,719,true,196,160,206,157,heuristic
5815,109839,3276,256,279,true,71,69,75,64,heuristic
5816,109840,7076,512,481,true,139,99,122,121,heuristic
5817,109841,7088,512,482,true,123,116,127,116,heuristic
5818,109842,12480,1024,743,true,196,175,193,179,heuristic
5819,109843,3200,256,269,true,69,73,66,61,heuristic
5820,109844,3484,256,292,true,71,79,67,75,heuristic
5821,109845,6816,512,455,true,112,113,119,111,heuristic
5822,109846,5304,512,363,true,87,99,80,97,heuristic
5823,109847,6444,512,439,true,105,111,120,103,heuristic
5824,109848,7288,512,496,true,140,107,128,121,heuristic
5825,109849,7492,512,527,true,135,114,132,146,heuristic
5826,109850,6588,512,448,true,112,107,112,117,heuristic
5827,109851,7024,512,474,true,128,98,126,122,heuristic
5828,109852,7052,512,476,true,129,105,134,108,heuristic
5829,109853,7748,512,530,true,139,131,138,122,heuristic
5830,109854,7100,512,486,true,139,103,129,115,heuristic
5831,109855,11504,1024,665,true,190,149,145,181,heuristic
5832,109856,7180,512,490,true,135,104,154,97,heuristic
5833,109857,7784,512,534,true,139,121,158,116,heuristic
5834,109858,6980,512,481,true,141,119,116,105,heuristic
5835,109859,6640,512,452,true,132,95,102,123,heuristic
5836,109860,3292,256,272,true,75,61,74,62,heuristic
5837,109861,12148,1024,718,true,181,180,197,160,heuristic
5838,109862,6704,512,468,true,116,118,111,123,heuristic
5839,109863,1368,128,142,true,39,33,35,35,heuristic
5840,109864,7268,512,505,true,122,140,132,111,heuristic
5841,109865,7312,512,501,true,132,128,137,104,heuristic
5842,109866,7424,512,512,true,128,132,124,128,heuristic
5843,109867,7052,512,481,true,120,123,123,115,heuristic
5844,109868,12076,1024,717,true,204,173,174,166,heuristic
5845,109869,3360,256,276,true,79,63,72,62,heuristic
5846,109870,7048,512,483,true,120,117,115,131,heuristic
5847,109871,7100,512,487,true,121,133,107,126,heuristic
5848,109872,12476,1024,746,true,169,201,209,167,heuristic
5849,109873,3412,256,284,true,86,64,74,60,heuristic
5850,109874,12260,1024,737,true,203,164,163,207,heuristic
5851,109875,7148,512,492,true,134,104,140,114,heuristic
5852,109876,5752,512,410,true,123,84,111,92,heuristic
5853,109877,12460,1024,753,true,167,201,184,201,heuristic
5854,109878,13380,1024,801,true,218,188,217,178,heuristic
5855,109879,3172,256,262,true,75,53,56,78,heuristic
5856,109880,14364,1024,831,true,215,206,231,179,heuristic
5857,109881,7020,512,472,true,134,104,121,113,heuristic
5858,109882,7188,512,493,true,104,144,123,122,heuristic
5859,109883,7076,512,485,true,122,120,116,127,heuristic
5860,109884,7124,512,492,true,127,107,138,120,heuristic
5861,109885,7024,512,484,true,124,130,113,117,heuristic
5862,109886,11672,1024,685,true,162,197,172,154,heuristic
5863,109887,3496,256,294,true,77,72,74,71,heuristic
5864,109888,10532,1024,628,true,156,154,168,150,heuristic
5865,109889,14844,1024,890,true,217,236,196,241,heuristic
5866,109890,3104,256,257,true,61,65,68,63,heuristic
5867,109891,7096,512,486,true,117,142,124,103,heuristic
5868,109892,3384,256,282,true,80,69,73,60,heuristic
5869,109893,3148,256,257,true,66,61,74,56,heuristic
5870,109894,5960,512,415,true,102,102,110,101,heuristic
5871,109895,13948,1024,779,true,187,201,184,207,heuristic
5872,109896,6380,512,434,true,107,104,118,105,heuristic
5873,109897,6856,512,466,true,122,116,128,100,heuristic
5874,109898,5496,512,379,true,93,91,98,97,heuristic
5875,109899,1708,128,172,true,39,42,51,40,heuristic
5876,109900,6056,512,421,true,112,101,81,127,heuristic
5877,109901,6960,512,483,true,130,129,114,110,heuristic
5878,109902,6476,512,444,true,112,104,116,112,heuristic
5879,109903,3976,256,323,true,90,73,81,79,heuristic
5880,109904,3152,256,257,true,69,62,75,51,heuristic
5881,109905,7504,512,526,true,145,126,135,120,heuristic
5882,109906,12152,1024,719,true,191,158,170,200,heuristic
5883,109907,7664,512,530,true,149,114,155,112,heuristic
5884,109908,3424,256,281,true,80,68,78,55,heuristic
5885,109909,7172,512,493,true,134,109,108,142,heuristic
5886,109910,12176,1024,721,true,196,167,173,185,heuristic
5887,109911,15640,1024,915,true,251,223,220,221,heuristic
5888,109912,3144,256,254,true,59,65,66,64,heuristic
5889,109913,3756,256,297,true,80,61,82,74,heuristic
5890,109914,7656,512,529,true,141,131,135,122,heuristic
5891,109915,7216,512,500,true,146,108,149,97,heuristic
5892,109916,12036,1024,706,true,195,167,177,167,heuristic
5893,109917,7876,512,550,true,149,130,156,115,heuristic
5894,109918,6544,512,445,true,122,108,119,96,heuristic
5895,109919,7240,512,495,true,128,122,127,118,heuristic
5896,109920,3328,256,268,true,73,58,71,66,heuristic
5897,109921,5504,512,388,true,91,106,104,87,heuristic
5898,109922,3316,256,277,true,81,47,67,82,heuristic
5899,109923,12192,1024,729,true,192,167,211,159,heuristic
5900,109924,6996,512,465,true,123,100,126,116,heuristic
5901,109925,5468,512,387,true,114,74,102,97,heuristic
5902,109926,6956,512,471,true,141,95,117,118,heuristic
5903,109927,10676,1024,629,true,174,133,157,165,heuristic
5904,109928,7112,512,482,true,130,107,127,118,heuristic
5905,109929,5576,512,390,true,104,95,96,95,heuristic
5906,109930,14508,1024,849,true,229,237,181,202,heuristic
5907,109931,6492,512,442,true,113,114,98,117,heuristic
5908,109932,10412,1024,609,true,179,134,144,152,heuristic
5909,109933,15616,1024,923,true,247,220,220,236,heuristic
5910,109934,5424,512,376,true,108,76,98,94,heuristic
5911,109935,6344,512,426,true,99,122,103,102,heuristic
5912,109936,3432,256,284,true,72,68,80,64,heuristic
5913,109937,5320,512,363,true,111,82,96,74,heuristic
5914,109938,7016,512,475,true,146,98,117,114,heuristic
5915,109939,6700,512,459,true,114,108,122,115,heuristic
5916,109940,15084,1024,887,true,246,210,244,187,heuristic
5917,109941,14216,1024,829,true,231,194,223,181,heuristic
5918,109942,2356,256,202,true,61,43,66,32,heuristic
5919,109943,11380,1024,661,true,144,183,183,151,heuristic
5920,109944,5988,512,432,true,94,116,119,103,heuristic
5921,109945,16036,1024,938,true,252,221,243,222,heuristic
5922,109946,2708,256,227,true,67,51,52,57,heuristic
5923,109947,12316,1024,742,true,192,195,195,160,heuristic
5924,109948,12536,1024,749,true,204,186,175,184,heuristic
5925,109949,7044,512,478,true,128,116,116,118,heuristic
5926,109950,4512,256,358,true,101,85,96,76,heuristic
5927,109951,6752,512,468,true,120,114,124,110,heuristic
5928,109952,6872,512,466,true,135,109,118,104,heuristic
5929,109953,7176,512,490,true,123,117,131,119,heuristic
5930,109954,7232,512,495,true,131,121,137,106,heuristic
5931,109955,7556,512,521,true,133,125,162,101,heuristic
5932,109956,5384,512,379,true,100,89,95,95,heuristic
5933,109957,4232,256,339,true,114,56,78,91,heuristic
5934,109958,3740,256,298,true,74,77,76,71,heuristic
5935,109959,3288,256,275,true,81,49,71,74,heuristic
5936,109960,14028,1024,823,true,223,197,177,226,heuristic
5937,109961,10336,1024,593,true,156,140,178,119,heuristic
5938,109962,15620,1024,912,true,238,202,263,209,heuristic
5939,109963,13680,1024,781,true,209,185,211,176,heuristic
5940,109964,3148,256,257,true,80,49,68,60,heuristic
5941,109965,1284,128,131,true,35,33,36,27,heuristic
5942,109966,5580,512,388,true,108,88,106,86,heuristic
5943,109967,6996,512,481,true,120,125,117,119,heuristic
5944,109968,7208,512,500,true,131,110,150,109,heuristic
5945,109969,3068,256,253,true,66,65,64,58,heuristic
5946,109970,7388,512,514,true,123,140,119,132,heuristic
5947,109971,13908,1024,787,true,219,167,187,214,heuristic
5948,109972,7108,512,489,true,110,135,132,112,heuristic
5949,109973,15484,1024,907,true,238,213,233,223,heuristic
5950,109974,13264,1024,799,true,207,198,230,164,heuristic
5951,109975,3312,256,269,true,51,83,74,61,heuristic
5952,109976,6896,512,457,true,124,106,142,85,heuristic
5953,109977,3160,256,254,true,78,51,69,56,heuristic
5954,109978,15992,1024,949,true,257,230,255,207,heuristic
5955,109979,7404,512,515,true,130,124,137,124,heuristic
5956,109980,7840,512,540,true,147,131,134,128,heuristic
5957,109981,11608,1024,690,true,190,153,198,149,heuristic
5958,109982,7168,512,492,true,128,128,148,88,heuristic
5959,109983,8028,512,532,true,121,146,157,108,heuristic
5960,109984,6664,512,458,true,127,101,111,119,heuristic
5961,109985,7136,512,496,true,146,111,127,112,heuristic
5962,109986,7200,512,489,true,131,118,157,83,heuristic
5963,109987,15436,1024,895,true,242,200,244,209,heuristic
5964,109988,7000,512,472,true,111,120,115,126,heuristic
5965,109989,10472,1024,611,true,178,138,144,151,heuristic
5966,109990,5044,512,358,true,87,92,81,98,heuristic
5967,109991,7244,512,494,true,126,118,137,113,heuristic
5968,109992,11236,1024,631,true,164,144,152,171,heuristic
5969,109993,11636,1024,678,true,177,153,168,180,heuristic
5970,109994,5268,512,366,true,94,89,100,83,heuristic
5971,109995,14416,1024,848,true,216,217,223,192,heuristic
5972,109996,6488,512,446,true,122,116,87,121,heuristic
5973,109997,12516,1024,739,true,198,193,178,170,heuristic
5974,109998,6064,512,424,true,111,108,104,101,heuristic
5975,109999,3388,256,279,true,80,69,72,58,heuristic
5976,110000,1632,128,164,true,57,30,38,39,heuristic
5977,110001,7776,512,536,true,133,136,139,128,heuristic
5978,110002,6880,512,469,true,120,108,121,120,heuristic
5979,110003,12144,1024,718,true,181,187,191,159,heuristic
5980,110004,3348,256,273,true,76,55,64,78,heuristic
5981,110005,15692,1024,915,true,204,254,243,214,heuristic
5982,110006,7736,512,527,true,130,136,141,120,heuristic
5983,110007,15048,1024,858,true,237,213,225,183,heuristic
5984,110008,12188,1024,723,true,199,182,156,186,heuristic
5985,110009,7388,512,515,true,146,114,158,97,heuristic
5986,110010,6820,512,458,true,120,110,133,95,heuristic
5987,110011,7068,512,480,true,124,123,125,108,heuristic
5988,110012,6068,512,426,true,103,104,103,116,heuristic
5989,110013,11408,1024,668,true,182,163,182,141,heuristic
5990,110014,7548,512,512,true,129,132,116,135,heuristic
5991,110015,11752,1024,695,true,220,148,177,150,heuristic
5992,110016,7196,512,483,true,136,114,145,88,heuristic
5993,110017,6872,512,466,true,120,117,116,113,heuristic
5994,110018,14604,1024,858,true,219,219,213,207,heuristic
5995,110019,5912,512,414,true,99,118,104,93,heuristic
5996,110020,7164,512,495,true,142,115,129,109,heuristic
5997,110021,5912,512,403,true,114,97,94,98,heuristic
5998,110022,6368,512,432,true,118,106,101,107,heuristic
5999,110023,7344,512,509,true,120,133,127,129,heuristic
6000,110024,10632,1024,622,true,168,151,158,145,heuristic
6001,110025,11744,1024,692,true,191,195,127,179,heuristic
6002,110026,12300,1024,723,true,159,217,189,158,heuristic
6003,110027,7128,512,493,true,139,119,118,117,heuristic
6004,110028,7048,512,483,true,137,113,113,120,heuristic
6005,110029,14372,1024,834,true,236,184,229,185,heuristic
6006,110030,3248,256,265,true,72,65,64,64,heuristic
6007,110031,6508,512,449,true,101,123,117,108,heuristic
6008,110032,7072,512,489,true,124,128,123,114,heuristic
6009,110033,10452,1024,609,true,168,140,160,141,heuristic
6010,110034,11684,1024,691,true,176,177,182,156,heuristic
6011,110035,7024,512,487,true,100,137,140,110,heuristic
6012,110036,6788,512,451,true,97,128,124,102,heuristic
6013,110037,14620,1024,855,true,202,231,210,212,heuristic
6014,110038,3392,256,279,true,69,70,89,51,heuristic
6015,110039,7620,512,524,true,134,126,136,128,heuristic
6016,110040,12204,1024,726,true,182,177,198,169,heuristic
6017,110041,12156,1024,716,true,157,203,182,174,heuristic
6018,110042,13512,1024,756,true,193,196,183,184,heuristic
6019,110043,7084,512,483,true,115,115,126,127,heuristic
6020,110044,5444,512,381,true,93,93,99,96,heuristic
6021,110045,5444,512,377,true,118,66,110,83,heuristic
6022,110046,6980,512,476,true,107,131,126,112,heuristic
6023,110047,12212,1024,733,true,198,173,218,144,heuristic
6024,110048,7180,512,490,true,125,110,133,122,heuristic
6025,110049,12304,1024,737,true,176,201,174,186,heuristic
6026,110050,3036,256,248,true,56,77,54,61,heuristic
6027,110051,7064,512,483,true,114,116,124,129,heuristic
6028,110052,12304,1024,747,true,238,137,181,191,heuristic
6029,110053,5608,512,401,true,108,109,99,85,heuristic
6030,110054,7140,512,490,true,122,128,108,132,heuristic
6031,110055,6496,512,447,true,118,118,118,93,heuristic
6032,110056,3136,256,263,true,68,72,74,49,heuristic
6033,110057,7084,512,486,true,152,100,119,115,heuristic
6034,110058,10480,1024,617,true,162,146,151,158,heuristic
6035,110059,7204,512,497,true,154,88,138,117,heuristic
6036,110060,8148,512,549,true,132,131,161,125,heuristic
6037,110061,3804,256,311,true,91,75,78,67,heuristic
6038,110062,7044,512,474,true,112,119,127,116,heuristic
6039,110063,11736,1024,678,true,172,170,162,174,heuristic
6040,110064,5680,512,401,true,110,90,118,83,heuristic
6041,110065,7052,512,479,true,132,96,114,137,heuristic
6042,110066,7576,512,515,true,141,128,128,118,heuristic
6043,110067,3228,256,261,true,63,70,54,74,heuristic
6044,110068,12228,1024,722,true,185,173,220,144,heuristic
6045,110069,12300,1024,736,true,203,161,194,178,heuristic
6046,110070,3232,256,261,true,58,74,65,64,heuristic
6047,110071,11756,1024,699,true,166,179,182,172,heuristic
6048,110072,4616,512,315,true,110,54,65,86,heuristic
6049,110073,14480,1024,848,true,200,219,218,211,heuristic
6050,110074,7112,512,482,true,123,114,121,124,heuristic
6051,110075,3344,256,277,true,69,64,71,73,heuristic
6052,110076,5456,512,379,true,109,67,92,111,heuristic
6053,110077,3972,256,332,true,90,78,78,86,heuristic
6054,110078,8156,512,551,true,146,127,134,144,heuristic
6055,110079,6944,512,470,true,110,127,115,118,heuristic
6056,110080,7208,512,490,true,128,137,134,91,heuristic
6057,110081,6984,512,474,true,98,135,120,121,heuristic
6058,110082,7076,512,475,true,118,113,124,120,heuristic
6059,110083,3024,256,245,true,70,57,53,65,heuristic
6060,110084,12124,1024,719,true,201,183,152,183,heuristic
6061,110085,12024,1024,704,true,193,155,176,180,heuristic
6062,110086,10648,1024,631,true,145,185,158,143,heuristic
6063,110087,6392,512,427,true,127,87,109,104,heuristic
6064,110088,7368,512,503,true,125,123,144,111,heuristic
6065,110089,7088,512,485,true,153,114,92,126,heuristic
6066,110090,4348,256,351,true,85,81,85,100,heuristic
6067,110091,7308,512,500,true,102,141,138,119,heuristic
6068,110092,3856,256,309,true,77,73,86,73,heuristic
6069,110093,3180,256,264,true,91,40,76,57,heuristic
6070,110094,12032,1024,712,true,179,179,177,177,heuristic
6071,110095,3216,256,258,true,80,59,59,60,heuristic
6072,110096,5320,512,368,true,98,86,104,80,heuristic
6073,110097,15468,1024,898,true,228,219,186,265,heuristic
6074,110098,7024,512,477,true,140,105,125,107,heuristic
6075,110099,2980,256,250,true,73,61,65,51,heuristic
6076,110100,7152,512,488,true,137,110,125,116,heuristic
6077,110101,6964,512,469,true,148,92,137,92,heuristic
6078,110102,7140,512,497,true,140,113,116,128,heuristic
6079,110103,5812,512,393,true,105,102,95,91,heuristic
6080,110104,12356,1024,733,true,162,197,196,178,heuristic
6081,110105,7840,512,546,true,142,138,143,123,heuristic
6082,110106,3860,256,317,true,88,79,61,89,heuristic
6083,110107,5368,512,374,true,107,85,106,76,heuristic
6084,110108,12176,1024,725,true,191,181,171,182,heuristic
6085,110109,3804,256,308,true,69,88,75,76,heuristic
6086,110110,7340,512,508,true,145,121,133,109,heuristic
6087,110111,11896,1024,703,true,172,193,170,168,heuristic
6088,110112,6980,512,477,true,121,102,151,103,heuristic
6089,110113,14264,1024,822,true,244,175,218,185,heuristic
6090,110114,6956,512,461,true,125,117,108,111,heuristic
6091,110115,3280,256,275,true,90,58,66,61,heuristic
6092,110116,6128,512,409,true,97,105,88,119,heuristic
6093,110117,5312,512,365,true,85,100,111,69,heuristic
6094,110118,8016,512,563,true,149,136,137,141,heuristic
6095,110119,6816,512,457,true,112,103,135,107,heuristic
6096,110120,14048,1024,792,true,205,198,224,165,heuristic
6097,110121,7204,512,489,true,134,113,128,114,heuristic
6098,110122,5508,512,393,true,106,83,118,86,heuristic
6099,110123,7072,512,483,true,132,119,115,117,heuristic
6100,110124,7280,512,507,true,143,121,147,96,heuristic
6101,110125,12508,1024,739,true,197,176,180,186,heuristic
6102,110126,6908,512,470,true,116,125,137,92,heuristic
6103,110127,14368,1024,825,true,200,216,233,176,heuristic
6104,110128,7180,512,494,true,154,110,125,105,heuristic
6105,110129,7240,512,498,true,149,103,136,110,heuristic
6106,110130,15728,1024,931,true,251,219,229,232,heuristic
6107,110131,10800,1024,643,true,186,144,192,121,heuristic
6108,110132,7016,512,486,true,119,108,124,135,heuristic
6109,110133,7048,512,478,true,114,133,116,115,heuristic
6110,110134,3408,256,284,true,70,68,85,61,heuristic
6111,110135,7108,512,481,true,130,110,114,127,heuristic
6112,110136,7104,512,488,true,130,118,101,139,heuristic
6113,110137,7116,512,483,true,116,126,127,114,heuristic
6114,110138,7384,512,514,true,132,117,135,130,heuristic
6115,110139,7380,512,513,true,126,119,139,129,heuristic
6116,110140,7852,512,546,true,126,147,144,129,heuristic
6117,110141,3064,256,251,true,65,49,68,69,heuristic
6118,110142,11672,1024,685,true,180,159,168,178,heuristic
6119,110143,12176,1024,721,true,186,160,181,194,heuristic
6120,110144,6712,512,459,true,120,124,120,95,heuristic
6121,110145,12080,1024,713,true,194,156,199,164,heuristic
6122,110146,3800,256,307,true,81,67,83,76,heuristic
6123,110147,3072,256,254,true,69,63,78,44,heuristic
6124,110148,4056,256,326,true,103,60,79,84,heuristic
6125,110149,7232,512,503,true,145,103,130,125,heuristic
6126,110150,7072,512,484,true,140,110,117,117,heuristic
6127,110151,14080,1024,801,true,214,198,193,196,heuristic
6128,110152,5308,512,365,true,97,83,111,74,heuristic
6129,110153,7284,512,508,true,147,112,119,130,heuristic
6130,110154,11648,1024,688,true,155,179,183,171,heuristic
6131,110155,14468,1024,833,true,191,233,186,223,heuristic
6132,110156,3108,256,257,true,70,63,64,60,heuristic
6133,110157,3036,256,244,true,59,64,69,52,heuristic
6134,110158,3212,256,270,true,83,64,71,52,heuristic
6135,110159,6360,512,420,true,129,95,104,92,heuristic
6136,110160,5452,512,383,true,100,94,100,89,heuristic
6137,110161,11396,1024,659,true,180,147,162,170,heuristic
6138,110162,12692,1024,753,true,175,203,197,178,heuristic
6139,110163,15844,1024,930,true,234,219,273,204,heuristic
6140,110164,13596,1024,769,true,189,200,184,196,heuristic
6141,110165,14796,1024,863,true,231,208,210,214,heuristic
6142,110166,4040,256,322,true,96,81,87,58,heuristic
6143,110167,5436,512,380,true,112,87,95,86,heuristic
6144,110168,5484,512,376,true,105,96,86,89,heuristic
6145,110169,14200,1024,812,true,206,193,207,206,heuristic
6146,110170,7140,512,490,true,133,121,98,138,heuristic
6147,110171,7144,512,496,true,131,128,140,97,heuristic
6148,110172,7084,512,487,true,139,114,130,104,heuristic
6149,110173,5436,512,380,true,104,93,107,76,heuristic
6150,110174,7180,512,496,true,109,130,147,110,heuristic
6151,110175,7168,512,491,true,137,120,118,116,heuristic
6152,110176,8424,512,556,true,145,136,138,137,heuristic
6153,110177,3140,256,257,true,61,69,81,46,heuristic
6154,110178,11180,1024,662,true,164,167,185,146,heuristic
6155,110179,7152,512,493,true,117,133,143,100,heuristic
6156,110180,6760,512,451,true,111,109,101,130,heuristic
6157,110181,3492,256,279,true,71,83,67,58,heuristic
6158,110182,16308,1024,958,true,248,232,273,205,heuristic
6159,110183,14400,1024,829,true,205,210,223,191,heuristic
6160,110184,7124,512,486,true,118,124,130,114,heuristic
6161,110185,11764,1024,682,true,175,171,170,166,heuristic
6162,110186,3044,256,246,true,55,70,66,55,heuristic
6163,110187,10724,1024,633,true,151,166,148,168,heuristic
6164,110188,9664,1024,542,true,148,124,127,143,heuristic
6165,110189,12356,1024,736,true,190,163,170,213,heuristic
6166,110190,6328,512,428,true,111,102,102,113,heuristic
6167,110191,7232,512,503,true,138,120,135,110,heuristic
6168,110192,11552,1024,681,true,149,183,209,140,heuristic
6169,110193,5404,512,372,true,107,78,93,94,heuristic
6170,110194,12176,1024,731,true,220,151,181,179,heuristic
6171,110195,12324,1024,741,true,157,208,189,187,heuristic
6172,110196,5496,512,389,true,108,90,119,72,heuristic
6173,110197,12324,1024,745,true,220,161,181,183,heuristic
6174,110198,7132,512,484,true,141,105,128,110,heuristic
6175,110199,7224,512,490,true,132,108,111,139,heuristic
6176,110200,5696,512,396,true,100,105,104,87,heuristic
6177,110201,3096,256,254,true,60,75,73,46,heuristic
6178,110202,11100,1024,655,true,182,139,180,154,heuristic
6179,110203,3172,256,262,true,81,50,70,61,heuristic
6180,110204,6380,512,428,true,113,99,101,115,heuristic
6181,110205,7096,512,486,true,116,139,118,113,heuristic
6182,110206,7028,512,474,true,127,111,127,109,heuristic
6183,110207,6884,512,469,true,134,104,116,115,heuristic
6184,110208,3244,256,270,true,76,52,71,71,heuristic
6185,110209,7264,512,499,true,154,90,140,115,heuristic
6186,110210,5492,512,389,true,123,71,113,82,heuristic
6187,110211,6808,512,477,true,118,131,133,95,heuristic
6188,110212,6352,512,429,true,119,91,128,91,heuristic
6189,110213,5724,512,407,true,111,92,119,85,heuristic
6190,110214,7060,512,478,true,125,112,133,108,heuristic
6191,110215,11888,1024,708,true,168,181,189,170,heuristic
6192,110216,3292,256,272,true,74,70,87,41,heuristic
6193,110217,7108,512,481,true,142,100,147,92,heuristic
6194,110218,7300,512,497,true,132,116,127,122,heuristic
6195,110219,15828,1024,918,true,252,202,200,264,heuristic
6196,110220,6536,512,442,true,117,90,116,119,heuristic
6197,110221,7380,512,512,true,145,121,119,127,heuristic
6198,110222,6896,512,469,true,137,95,116,121,heuristic
6199,110223,6328,512,427,true,89,115,145,78,heuristic
6200,110224,6804,512,459,true,89,126,130,114,heuristic
6201,110225,15328,1024,883,true,205,218,236,224,heuristic
6202,110226,2164,128,202,true,57,42,41,62,heuristic
6203,110227,10384,1024,601,true,147,156,151,147,heuristic
6204,110228,3372,256,284,true,83,56,73,72,heuristic
6205,110229,10412,1024,605,true,162,142,154,147,heuristic
6206,110230,3152,256,261,true,64,62,62,73,heuristic
6207,110231,7192,512,498,true,131,111,128,128,heuristic
6208,110232,3132,256,256,true,75,48,78,55,heuristic
6209,110233,3384,256,282,true,87,65,81,49,heuristic
6210,110234,7180,512,495,true,130,113,107,145,heuristic
6211,110235,14488,1024,838,true,200,220,182,236,heuristic
6212,110236,7056,512,480,true,119,137,103,121,heuristic
6213,110237,7048,512,478,true,136,101,133,108,heuristic
6214,110238,7792,512,535,true,142,134,124,135,heuristic
6215,110239,10776,1024,641,true,168,140,166,167,heuristic
6216,110240,3364,256,278,true,68,60,83,67,heuristic
6217,110241,5332,512,367,true,98,82,99,88,heuristic
6218,110242,5960,512,412,true,110,93,104,105,heuristic
6219,110243,14648,1024,859,true,222,220,224,193,heuristic
6220,110244,14000,1024,824,true,235,186,216,187,heuristic
6221,110245,7696,512,528,true,120,141,136,131,heuristic
6222,110246,5264,512,358,true,88,82,99,89,heuristic
6223,110247,7176,512,494,true,141,97,131,125,heuristic
6224,110248,6372,512,434,true,123,94,110,107,heuristic
6225,110249,5352,512,370,true,91,97,97,85,heuristic
6226,110250,7084,512,487,true,101,138,140,108,heuristic
6227,110251,3172,256,262,true,72,53,72,65,heuristic
6228,110252,7328,512,504,true,124,133,138,109,heuristic
6229,110253,3920,256,319,true,91,61,88,79,heuristic
6230,110254,14788,1024,862,true,230,189,239,204,heuristic
6231,110255,1772,128,182,true,51,32,54,45,heuristic
6232,110256,13608,1024,763,true,190,201,173,199,heuristic
6233,110257,2524,256,216,true,44,70,46,56,heuristic
6234,110258,12740,1024,765,true,209,184,192,180,heuristic
6235,110259,12176,1024,725,true,167,197,188,173,heuristic
6236,110260,6308,512,422,true,116,101,92,113,heuristic
6237,110261,3460,256,290,true,61,93,71,65,heuristic
6238,110262,6760,512,469,true,132,106,121,110,heuristic
6239,110263,12248,1024,733,true,176,196,188,173,heuristic
6240,110264,3160,256,262,true,81,57,62,62,heuristic
6241,110265,5724,512,403,true,99,95,86,123,heuristic
6242,110266,3180,256,264,true,54,75,65,70,heuristic
6243,110267,10500,1024,618,true,147,146,161,164,heuristic
6244,110268,3080,256,255,true,68,68,70,49,heuristic
6245,110269,14680,1024,865,true,231,209,202,223,heuristic
6246,110270,12260,1024,740,true,193,176,202,169,heuristic
6247,110271,7216,512,492,true,142,102,127,121,heuristic
6248,110272,10992,1024,649,true,175,157,170,147,heuristic
6249,110273,6720,512,460,true,112,119,121,108,heuristic
6250,110274,6476,512,443,true,108,120,102,113,heuristic
6251,110275,12520,1024,746,true,171,216,194,165,heuristic
6252,110276,7144,512,490,true,112,124,149,105,heuristic
6253,110277,6680,512,440,true,117,98,125,100,heuristic
6254,110278,7696,512,538,true,157,118,153,110,heuristic
6255,110279,6736,512,449,true,99,113,119,118,heuristic
6256,110280,3404,256,283,true,74,70,71,68,heuristic
6257,110281,3260,256,267,true,49,74,85,59,heuristic
6258,110282,7104,512,488,true,111,131,121,125,heuristic
6259,110283,11928,1024,707,true,199,156,178,174,heuristic
6260,110284,3028,256,243,true,55,62,65,61,heuristic
6261,110285,7388,512,510,true,130,118,119,143,heuristic
6262,110286,6340,512,430,true,116,101,118,95,heuristic
6263,110287,7604,512,521,true,143,116,110,152,heuristic
6264,110288,7084,512,487,true,149,97,143,98,heuristic
6265,110289,7276,512,499,true,125,122,137,115,heuristic
6266,110290,7332,512,505,true,146,122,141,96,heuristic
6267,110291,7348,512,506,true,125,123,133,125,heuristic
6268,110292,6720,512,445,true,108,108,121,108,heuristic
6269,110293,14128,1024,820,true,221,170,215,214,heuristic
6270,110294,7656,512,523,true,151,122,121,129,heuristic
6271,110295,7340,512,503,true,137,108,128,130,heuristic
6272,110296,3488,256,292,true,70,81,69,72,heuristic
6273,110297,7276,512,502,true,135,120,129,118,heuristic
6274,110298,12944,1024,782,true,203,202,214,163,heuristic
6275,110299,3352,256,276,true,72,59,64,81,heuristic
6276,110300,14624,1024,853,true,258,200,209,186,heuristic
6277,110301,5348,512,374,true,106,90,105,73,heuristic
6278,110302,6444,512,435,true,96,118,113,108,heuristic
6279,110303,11976,1024,703,true,183,158,187,175,heuristic
6280,110304,7076,512,481,true,138,98,137,108,heuristic
6281,110305,1408,128,142,true,32,40,32,38,heuristic
6282,110306,14888,1024,875,true,203,217,236,219,heuristic
6283,110307,3148,256,267,true,75,58,72,62,heuristic
6284,110308,7748,512,537,true,160,99,150,128,heuristic
6285,110309,12316,1024,728,true,225,152,198,153,heuristic
6286,110310,5424,512,377,true,92,96,117,72,heuristic
6287,110311,15948,1024,942,true,274,198,261,209,heuristic
6288,110312,7044,512,478,true,120,124,120,114,heuristic
6289,110313,5872,512,409,true,109,111,93,96,heuristic
6290,110314,14296,1024,823,true,218,216,201,188,heuristic
6291,110315,3392,256,282,true,73,66,79,64,heuristic
6292,110316,3396,256,286,true,72,76,77,61,heuristic
6293,110317,7136,512,487,true,126,102,112,147,heuristic
6294,110318,1472,128,153,true,28,44,51,30,heuristic
6295,110319,10256,1024,592,true,137,150,156,149,heuristic
6296,110320,4664,256,347,true,86,84,92,85,heuristic
6297,110321,6148,512,433,true,124,107,79,123,heuristic
6298,110322,12164,1024,722,true,205,163,194,160,heuristic
6299,110323,7276,512,506,true,128,131,103,144,heuristic
6300,110324,12112,1024,716,true,188,172,191,165,heuristic
6301,110325,7248,512,500,true,124,119,113,144,heuristic
6302,110326,7400,512,518,true,133,124,128,133,heuristic
6303,110327,6348,512,432,true,124,98,113,97,heuristic
6304,110328,6216,512,411,true,94,110,117,90,heuristic
6305,110329,3304,256,278,true,85,61,71,61,heuristic
6306,110330,7356,512,506,true,126,133,128,119,heuristic
6307,110331,7704,512,526,true,133,136,121,136,heuristic
6308,110332,15924,1024,926,true,249,217,200,260,heuristic
6309,110333,7244,512,506,true,123,121,123,139,heuristic
6310,110334,8200,512,557,true,143,138,136,140,heuristic
6311,110335,10608,1024,621,true,158,149,141,173,heuristic
6312,110336,7472,512,519,true,137,129,128,125,heuristic
6313,110337,14264,1024,816,true,208,225,196,187,heuristic
6314,110338,7708,512,531,true,169,96,137,129,heuristic
6315,110339,12172,1024,731,true,213,151,212,155,heuristic
6316,110340,15212,1024,868,true,238,204,206,220,heuristic
6317,110341,5476,512,387,true,77,107,113,90,heuristic
6318,110342,7284,512,509,true,118,129,133,129,heuristic
6319,110343,7192,512,498,true,152,109,130,107,heuristic
6320,110344,7420,512,515,true,124,138,128,125,heuristic
6321,110345,7356,512,507,true,118,132,148,109,heuristic
6322,110346,7060,512,481,true,102,127,130,122,heuristic
6323,110347,7720,512,524,true,126,125,139,134,heuristic
6324,110348,3888,256,316,true,87,74,80,75,heuristic
6325,110349,3196,256,263,true,72,67,65,59,heuristic
6326,110350,4224,256,346,true,91,83,84,88,heuristic
6327,110351,14064,1024,810,true,211,188,224,187,heuristic
6328,110352,6848,512,461,true,100,111,125,125,heuristic
6329,110353,10700,1024,639,true,154,158,170,157,heuristic
6330,110354,5640,512,398,true,104,113,104,77,heuristic
6331,110355,7128,512,487,true,117,118,127,125,heuristic
6332,110356,5776,512,411,true,112,100,110,89,heuristic
6333,110357,3196,256,268,true,73,65,78,52,heuristic
6334,110358,10828,1024,650,true,173,160,179,138,heuristic
6335,110359,10352,1024,601,true,162,139,160,140,heuristic
6336,110360,7140,512,489,true,123,116,132,118,heuristic
6337,110361,3320,256,278,true,95,52,67,64,heuristic
6338,110362,5312,512,365,true,102,73,116,74,heuristic
6339,110363,13648,1024,773,true,179,203,186,205,heuristic
6340,110364,7344,512,509,true,147,105,132,125,heuristic
6341,110365,15996,1024,935,true,246,238,223,228,heuristic
6342,110366,11484,1024,677,true,182,161,193,141,heuristic
6343,110367,7188,512,496,true,111,136,135,114,heuristic
6344,110368,10472,1024,614,true,172,138,151,153,heuristic
6345,110369,16112,1024,952,true,228,251,255,218,heuristic
6346,110370,7136,512,500,true,130,129,130,111,heuristic
6347,110371,12456,1024,753,true,177,207,169,200,heuristic
6348,110372,3140,256,259,true,80,58,55,66,heuristic
6349,110373,5316,512,376,true,104,86,104,82,heuristic
6350,110374,3244,256,274,true,88,54,67,65,heuristic
6351,110375,6480,512,443,true,125,91,116,111,heuristic
6352,110376,3208,256,267,true,72,59,69,67,heuristic
6353,110377,5656,512,399,true,98,107,94,100,heuristic
6354,110378,7016,512,471,true,128,106,137,100,heuristic
6355,110379,7036,512,464,true,106,127,120,111,heuristic
6356,110380,14084,1024,816,true,210,185,220,201,heuristic
6357,110381,10472,1024,611,true,142,163,165,141,heuristic
6358,110382,12016,1024,720,true,179,193,189,159,heuristic
6359,110383,5440,512,380,true,84,101,106,89,heuristic
6360,110384,10492,1024,619,true,160,162,155,142,heuristic
6361,110385,7088,512,487,true,108,124,118,137,heuristic
6362,110386,5468,512,387,true,91,105,93,98,heuristic
6363,110387,7008,512,480,true,124,131,117,108,heuristic
6364,110388,7544,512,511,true,126,125,131,129,heuristic
6365,110389,7168,512,492,true,145,104,130,113,heuristic
6366,110390,2720,256,233,true,70,47,62,54,heuristic
6367,110391,7752,512,531,true,136,130,138,127,heuristic
6368,110392,7140,512,489,true,123,112,129,125,heuristic
6369,110393,7596,512,527,true,133,126,140,128,heuristic
6370,110394,5432,512,379,true,115,76,102,86,heuristic
6371,110395,2608,256,228,true,60,49,57,62,heuristic
6372,110396,3348,256,274,true,71,72,68,63,heuristic
6373,110397,12400,1024,744,true,212,178,167,187,heuristic
6374,110398,6812,512,467,true,136,103,114,114,heuristic
6375,110399,12044,1024,715,true,212,158,147,198,heuristic
6376,110400,12080,1024,712,true,212,149,170,181,heuristic
6377,110401,7172,512,492,true,143,112,109,128,heuristic
6378,110402,6968,512,463,true,110,113,139,101,heuristic
6379,110403,7336,512,504,true,151,101,135,117,heuristic
6380,110404,7220,512,500,true,132,118,119,131,heuristic
6381,110405,3100,256,256,true,58,63,76,59,heuristic
6382,110406,3812,256,310,true,83,72,87,68,heuristic
6383,110407,7096,512,482,true,136,115,122,109,heuristic
6384,110408,14360,1024,834,true,199,223,210,202,heuristic
6385,110409,8268,512,562,true,158,133,156,115,heuristic
6386,110410,6992,512,476,true,99,129,130,118,heuristic
6387,110411,7124,512,481,true,130,102,146,103,heuristic
6388,110412,5672,512,394,true,92,101,106,95,heuristic
6389,110413,12164,1024,717,true,209,149,200,159,heuristic
6390,110414,3692,256,296,true,73,67,93,63,heuristic
6391,110415,7104,512,485,true,140,103,145,97,heuristic
6392,110416,16176,1024,952,true,235,247,240,230,heuristic
6393,110417,5292,512,362,true,107,84,82,89,heuristic
6394,110418,7400,512,512,true,137,118,130,127,heuristic
6395,110419,1624,128,164,true,56,34,42,32,heuristic
6396,110420,6984,512,466,true,133,94,122,117,heuristic
6397,110421,3272,256,270,true,74,64,69,63,heuristic
6398,110422,7172,512,498,true,127,127,115,129,heuristic
6399,110423,7148,512,488,true,125,124,126,113,heuristic
6400,110424,12152,1024,719,true,205,153,189,172,heuristic
6401,110425,7240,512,502,true,144,112,132,114,heuristic
6402,110426,12160,1024,718,true,186,174,178,180,heuristic
6403,110427,6116,512,429,true,98,113,125,93,heuristic
6404,110428,11840,1024,690,true,199,152,164,175,heuristic
6405,110429,12132,1024,721,true,186,177,201,157,heuristic
6406,110430,12336,1024,745,true,178,203,214,150,heuristic
6407,110431,6524,512,447,true,109,116,102,120,heuristic
6408,110432,14032,1024,820,true,190,221,216,193,heuristic
6409,110433,12088,1024,715,true,185,179,189,162,heuristic
6410,110434,5608,512,391,true,121,83,90,97,heuristic
6411,110435,7172,512,500,true,119,135,129,117,heuristic
6412,110436,7196,512,498,true,116,134,146,102,heuristic
6413,110437,7212,512,499,true,120,135,112,132,heuristic
6414,110438,7160,512,489,true,124,129,118,118,heuristic
6415,110439,7312,512,500,true,146,115,137,102,heuristic
6416,110440,7308,512,500,true,124,122,134,120,heuristic
6417,110441,6468,512,445,true,109,103,108,125,heuristic
6418,110442,7028,512,478,true,127,111,113,127,heuristic
6419,110443,11816,1024,705,true,184,178,180,163,heuristic
6420,110444,3856,256,316,true,96,58,94,68,heuristic
6421,110445,7352,512,505,true,120,118,134,133,heuristic
6422,110446,3216,256,271,true,80,56,84,51,heuristic
6423,110447,12172,1024,715,true,220,135,164,196,heuristic
6424,110448,14484,1024,850,true,230,195,234,191,heuristic
6425,110449,12880,1024,772,true,187,178,213,194,heuristic
6426,110450,7008,512,469,true,117,111,116,125,heuristic
6427,110451,3288,256,274,true,71,73,68,62,heuristic
6428,110452,12140,1024,723,true,201,151,198,173,heuristic
6429,110453,1344,128,137,true,30,42,31,34,heuristic
6430,110454,6388,512,426,true,111,111,103,101,heuristic
6431,110455,12048,1024,704,true,180,156,189,179,heuristic
6432,110456,7096,512,486,true,145,106,125,110,heuristic
6433,110457,11520,1024,673,true,148,186,162,177,heuristic
6434,110458,8412,512,567,true,155,133,156,123,heuristic
6435,110459,12204,1024,726,true,185,181,201,159,heuristic
6436,110460,15692,1024,900,true,246,217,223,214,heuristic
6437,110461,14268,1024,816,true,253,166,195,202,heuristic
6438,110462,10496,1024,616,true,171,133,161,151,heuristic
6439,110463,11540,1024,673,true,175,165,171,162,heuristic
6440,110464,7460,512,518,true,139,123,140,116,heuristic
6441,110465,12196,1024,726,true,170,178,193,185,heuristic
6442,110466,12300,1024,735,true,202,180,202,151,heuristic
6443,110467,5688,512,406,true,123,84,135,64,heuristic
6444,110468,13804,1024,792,true,234,180,183,195,heuristic
6445,110469,7484,512,523,true,125,157,139,102,heuristic
6446,110470,5108,512,350,true,101,84,91,74,heuristic
6447,110471,11444,1024,666,true,189,144,184,149,heuristic
6448,110472,5352,512,371,true,105,85,93,88,heuristic
6449,110473,2504,256,211,true,64,37,53,57,heuristic
6450,110474,11692,1024,695,true,176,173,178,168,heuristic
6451,110475,10468,1024,614,true,165,146,182,121,heuristic
6452,110476,10628,1024,624,true,149,163,159,153,heuristic
6453,110477,7148,512,495,true,140,114,124,117,heuristic
6454,110478,12464,1024,754,true,169,212,205,168,heuristic
6455,110479,6260,512,422,true,121,95,109,97,heuristic
6456,110480,7352,512,510,true,123,123,135,129,heuristic
6457,110481,5444,512,381,true,94,93,93,101,heuristic
6458,110482,14260,1024,825,true,244,205,188,188,heuristic
6459,110483,11484,1024,675,true,177,159,177,162,heuristic
6460,110484,6592,512,449,true,103,120,132,94,heuristic
6461,110485,11980,1024,693,true,179,173,182,159,heuristic
6462,110486,3760,256,316,true,90,81,84,61,heuristic
6463,110487,12804,1024,768,true,227,157,220,164,heuristic
6464,110488,5492,512,388,true,99,97,101,91,heuristic
6465,110489,12112,1024,721,true,183,170,193,175,heuristic
6466,110490,7468,512,522,true,147,124,124,127,heuristic
6467,110491,12100,1024,718,true,195,164,159,200,heuristic
6468,110492,3108,256,256,true,60,74,57,65,heuristic
6469,110493,3188,256,261,true,72,66,72,51,heuristic
6470,110494,6832,512,460,true,131,110,95,124,heuristic
6471,110495,7388,512,510,true,153,117,114,126,heuristic
6472,110496,7148,512,488,true,137,112,124,115,heuristic
6473,110497,7112,512,489,true,135,106,131,117,heuristic
6474,110498,3484,256,276,true,65,73,75,63,heuristic
6475,110499,7040,512,477,true,145,96,126,110,heuristic
6476,110500,5580,512,387,true,96,95,97,99,heuristic
6477,110501,7048,512,489,true,137,116,119,117,heuristic
6478,110502,5516,512,383,true,102,99,93,89,heuristic
6479,110503,6472,512,442,true,130,89,112,111,heuristic
6480,110504,6992,512,477,true,120,121,125,111,heuristic
6481,110505,12268,1024,716,true,204,157,181,174,heuristic
6482,110506,6692,512,457,true,122,101,120,114,heuristic
6483,110507,3456,256,284,true,65,81,84,54,heuristic
6484,110508,10708,1024,630,true,193,122,163,152,heuristic
6485,110509,6172,512,435,true,111,92,113,119,heuristic
6486,110510,7712,512,536,true,149,123,145,119,heuristic
6487,110511,6624,512,448,true,119,116,106,107,heuristic
6488,110512,7476,512,524,true,125,148,126,125,heuristic
6489,110513,3092,256,258,true,76,57,76,49,heuristic
6490,110514,11892,1024,720,true,208,165,185,162,heuristic
6491,110515,6908,512,471,true,109,134,113,115,heuristic
6492,110516,12380,1024,734,true,195,176,203,160,heuristic
6493,110517,3188,256,264,true,70,64,69,61,heuristic
6494,110518,7272,512,501,true,138,114,135,114,heuristic
6495,110519,14024,1024,813,true,191,211,225,186,heuristic
6496,110520,5408,512,373,true,94,95,88,96,heuristic
6497,110521,5616,512,392,true,119,74,107,92,heuristic
6498,110522,15684,1024,925,true,240,222,241,222,heuristic
6499,110523,6808,512,463,true,131,113,123,96,heuristic
6500,110524,7024,512,473,true,122,125,126,100,heuristic
6501,110525,7028,512,475,true,148,102,120,105,heuristic
6502,110526,12216,1024,729,true,207,154,200,168,heuristic
6503,110527,7128,512,487,true,131,114,141,101,heuristic
6504,110528,5452,512,379,true,102,85,102,90,heuristic
6505,110529,13656,1024,787,true,214,188,182,203,heuristic
6506,110530,12832,1024,772,true,194,189,217,172,heuristic
6507,110531,7012,512,484,true,130,120,133,101,heuristic
6508,110532,12152,1024,714,true,178,181,156,199,heuristic
6509,110533,11656,1024,686,true,177,179,183,147,heuristic
6510,110534,12232,1024,723,true,182,170,179,192,heuristic
6511,110535,10308,1024,590,true,160,145,156,129,heuristic
6512,110536,7136,512,488,true,144,101,136,107,heuristic
6513,110537,3408,256,284,true,75,68,61,80,heuristic
6514,110538,6392,512,428,true,112,104,106,106,heuristic
6515,110539,7156,512,484,true,132,116,115,121,heuristic
6516,110540,5160,256,402,true,119,91,106,86,heuristic
6517,110541,11548,1024,688,true,156,181,156,195,heuristic
6518,110542,6424,512,438,true,125,105,102,106,heuristic
6519,110543,14284,1024,822,true,190,213,200,219,heuristic
6520,110544,7076,512,481,true,126,113,138,104,heuristic
6521,110545,2912,256,241,true,65,49,73,54,heuristic
6522,110546,7096,512,490,true,130,118,133,109,heuristic
6523,110547,8304,512,518,true,139,116,138,125,heuristic
6524,110548,6368,512,432,true,97,119,104,112,heuristic
6525,110549,6832,512,469,true,120,117,121,111,heuristic
6526,110550,7300,512,503,true,132,134,137,100,heuristic
6527,110551,11568,1024,681,true,180,162,175,164,heuristic
6528,110552,3416,256,279,true,63,75,71,70,heuristic
6529,110553,6740,512,444,true,83,139,117,105,heuristic
6530,110554,7088,512,484,true,133,101,117,133,heuristic
6531,110555,10644,1024,626,true,157,157,166,146,heuristic
6532,110556,5308,512,364,true,88,86,83,107,heuristic
6533,110557,7288,512,493,true,125,123,124,121,heuristic
6534,110558,16384,1024,976,true,233,247,260,236,heuristic
6535,110559,7252,512,501,true,123,124,115,139,heuristic
6536,110560,11856,1024,693,true,161,188,168,176,heuristic
6537,110561,6872,512,467,true,110,131,118,108,heuristic
6538,110562,3384,256,282,true,76,73,80,53,heuristic
6539,110563,5732,512,405,true,119,84,108,94,heuristic
6540,110564,12092,1024,715,true,177,182,187,169,heuristic
6541,110565,12096,1024,712,true,165,196,193,158,heuristic
6542,110566,3064,256,252,true,72,61,64,55,heuristic
6543,110567,5784,512,417,true,116,94,106,101,heuristic
6544,110568,7080,512,486,true,120,115,141,110,heuristic
6545,110569,12192,1024,728,true,189,177,194,168,heuristic
6546,110570,6816,512,457,true,111,113,140,93,heuristic
6547,110571,7120,512,481,true,118,117,138,108,heuristic
6548,110572,9664,1024,557,true,154,126,132,145,heuristic
6549,110573,5696,512,401,true,109,95,109,88,heuristic
6550,110574,11996,1024,708,true,184,160,187,177,heuristic
6551,110575,7124,512,485,true,136,109,128,112,heuristic
6552,110576,3160,256,260,true,70,67,69,54,heuristic
6553,110577,9172,512,582,true,169,128,146,139,heuristic
6554,110578,5496,512,389,true,118,77,108,86,heuristic
6555,110579,12188,1024,724,true,166,189,193,176,heuristic
6556,110580,7504,512,526,true,159,109,133,125,heuristic
6557,110581,5452,512,380,true,110,88,91,91,heuristic
6558,110582,7588,512,516,true,140,119,138,119,heuristic
6559,110583,3068,256,248,true,80,46,62,60,heuristic
6560,110584,12952,1024,785,true,184,209,215,177,heuristic
6561,110585,12088,1024,714,true,191,169,178,176,heuristic
6562,110586,12816,1024,772,true,207,189,190,186,heuristic
6563,110587,6692,512,443,true,115,107,132,89,heuristic
6564,110588,7076,512,485,true,118,128,119,120,heuristic
6565,110589,14268,1024,817,true,208,203,210,196,heuristic
6566,110590,6868,512,466,true,143,97,122,104,heuristic
6567,110591,6388,512,430,true,111,104,116,99,heuristic
6568,110592,7092,512,478,true,114,131,119,114,heuristic
6569,110593,7192,512,487,true,123,128,119,117,heuristic
6570,110594,7052,512,480,true,127,107,128,118,heuristic
6571,110595,7892,512,548,true,129,146,155,118,heuristic
6572,110596,12408,1024,747,true,196,172,174,205,heuristic
6573,110597,6484,512,448,true,108,122,114,104,heuristic
6574,110598,7228,512,494,true,119,132,127,116,heuristic
6575,110599,13588,1024,767,true,189,180,218,180,heuristic
6576,110600,7104,512,488,true,122,124,130,112,heuristic
6577,110601,7100,512,492,true,129,116,124,123,heuristic
6578,110602,6676,512,454,true,109,97,138,110,heuristic
6579,110603,12180,1024,721,true,217,138,185,181,heuristic
6580,110604,3808,256,304,true,79,59,84,82,heuristic
6581,110605,3184,256,264,true,67,66,72,59,heuristic
6582,110606,7084,512,482,true,130,117,112,123,heuristic
6583,110607,15420,1024,896,true,248,234,223,191,heuristic
6584,110608,15528,1024,899,true,218,242,232,207,heuristic
6585,110609,5556,512,388,true,94,103,98,93,heuristic
6586,110610,7136,512,495,true,120,125,129,121,heuristic
6587,110611,6804,512,461,true,129,99,117,116,heuristic
6588,110612,3508,256,297,true,91,74,66,66,heuristic
6589,110613,3164,256,260,true,59,70,72,59,heuristic
6590,110614,11788,1024,688,true,168,179,171,170,heuristic
6591,110615,12292,1024,732,true,180,180,213,159,heuristic
6592,110616,3388,256,283,true,74,61,73,75,heuristic
6593,110617,6840,512,460,true,129,105,131,95,heuristic
6594,110618,3120,256,260,true,72,63,56,69,heuristic
6595,110619,11708,1024,694,true,156,193,178,167,heuristic
6596,110620,7412,512,516,true,138,123,133,122,heuristic
6597,110621,10812,1024,651,true,185,146,171,149,heuristic
6598,110622,3008,256,241,true,56,63,69,53,heuristic
6599,110623,7352,512,506,true,161,99,136,110,heuristic
6600,110624,5660,512,404,true,121,86,114,83,heuristic
6601,110625,7380,512,512,true,150,116,129,117,heuristic
6602,110626,6732,512,464,true,83,146,124,111,heuristic
6603,110627,3276,256,271,true,65,69,65,72,heuristic
6604,110628,16064,1024,940,true,259,224,198,259,heuristic
6605,110629,6592,512,445,true,114,114,132,85,heuristic
6606,110630,7404,512,506,true,135,126,109,136,heuristic
6607,110631,3936,256,322,true,90,83,68,81,heuristic
6608,110632,9712,1024,553,true,160,122,151,120,heuristic
6609,110633,3480,256,289,true,85,64,66,74,heuristic
6610,110634,3180,256,263,true,80,48,79,56,heuristic
6611,110635,7440,512,523,true,136,133,131,123,heuristic
6612,110636,7944,512,556,true,130,152,140,134,heuristic
6613,110637,12204,1024,726,true,196,181,175,174,heuristic
6614,110638,3204,256,269,true,74,57,58,80,heuristic
6615,110639,5056,512,346,true,93,79,107,67,heuristic
6616,110640,10476,1024,617,true,173,155,124,165,heuristic
6617,110641,10784,1024,634,true,157,166,134,177,heuristic
6618,110642,15376,1024,891,true,224,217,217,233,heuristic
6619,110643,6628,512,459,true,130,106,125,98,heuristic
6620,110644,3124,256,261,true,72,64,68,57,heuristic
6621,110645,5760,512,411,true,129,79,98,105,heuristic
6622,110646,1476,128,153,true,53,27,38,35,heuristic
6623,110647,15612,1024,907,true,215,235,252,205,heuristic
6624,110648,3400,256,285,true,66,72,74,73,heuristic
6625,110649,7168,512,492,true,156,92,147,97,heuristic
6626,110650,6636,512,455,true,113,106,124,112,heuristic
6627,110651,12000,1024,705,true,225,149,170,161,heuristic
6628,110652,14700,1024,871,true,223,211,219,218,heuristic
6629,110653,3196,256,267,true,60,70,77,60,heuristic
6630,110654,7036,512,480,true,118,135,104,123,heuristic
6631,110655,11008,1024,642,true,146,163,168,165,heuristic
6632,110656,5664,512,401,true,99,102,90,110,heuristic
6633,110657,3124,256,255,true,82,56,67,50,heuristic
6634,110658,7192,512,497,true,125,127,117,128,heuristic
6635,110659,3176,256,263,true,64,70,80,49,heuristic
6636,110660,7372,512,504,true,131,131,110,132,heuristic
6637,110661,6040,512,422,true,115,98,112,97,heuristic
6638,110662,10372,1024,606,true,179,129,171,127,heuristic
6639,110663,3124,256,261,true,75,61,75,50,heuristic
6640,110664,13640,1024,768,true,188,199,176,205,heuristic
6641,110665,6456,512,442,true,121,106,115,100,heuristic
6642,110666,12080,1024,709,true,173,187,181,168,heuristic
6643,110667,7336,512,506,true,120,128,142,116,heuristic
6644,110668,3312,256,280,true,85,56,78,61,heuristic
6645,110669,6544,512,448,true,105,106,115,122,heuristic
6646,110670,6636,512,460,true,117,120,122,101,heuristic
6647,110671,14320,1024,821,true,213,214,182,212,heuristic
6648,110672,14176,1024,816,true,208,187,197,224,heuristic
6649,110673,14692,1024,850,true,225,195,202,228,heuristic
6650,110674,5624,512,394,true,117,90,83,104,heuristic
6651,110675,7300,512,508,true,145,116,113,134,heuristic
6652,110676,5312,512,366,true,93,90,116,67,heuristic
6653,110677,5828,512,403,true,97,104,95,107,heuristic
6654,110678,12400,1024,743,true,193,186,170,194,heuristic
6655,110679,3184,256,264,true,69,61,59,75,heuristic
6656,110680,7876,512,525,true,157,100,133,135,heuristic
6657,110681,6404,512,441,true,112,109,131,89,heuristic
6658,110682,14448,1024,852,true,217,212,221,202,heuristic
6659,110683,3328,256,283,true,84,67,68,64,heuristic
6660,110684,13744,1024,793,true,203,179,199,212,heuristic
6661,110685,10476,1024,611,true,154,135,167,155,heuristic
6662,110686,7640,512,526,true,142,135,125,124,heuristic
6663,110687,7332,512,502,true,137,111,131,123,heuristic
6664,110688,14520,1024,853,true,264,181,204,204,heuristic
6665,110689,12084,1024,713,true,175,174,222,142,heuristic
6666,110690,3748,256,298,true,73,73,87,65,heuristic
6667,110691,6900,512,468,true,139,99,126,104,heuristic
6668,110692,6944,512,469,true,140,90,109,130,heuristic
6669,110693,11388,1024,656,true,167,145,199,145,heuristic
6670,110694,3488,256,292,true,73,78,73,68,heuristic
6671,110695,3612,256,291,true,95,52,85,59,heuristic
6672,110696,5644,512,399,true,110,88,108,93,heuristic
6673,110697,14472,1024,841,true,226,205,197,213,heuristic
6674,110698,10020,1024,582,true,157,136,136,153,heuristic
6675,110699,3052,256,248,true,68,58,77,45,heuristic
6676,110700,6848,512,465,true,119,111,127,108,heuristic
6677,110701,12064,1024,708,true,173,172,178,185,heuristic
6678,110702,7096,512,490,true,155,103,120,112,heuristic
6679,110703,6504,512,434,true,127,97,85,125,heuristic
6680,110704,12120,1024,718,true,165,195,188,170,heuristic
6681,110705,7848,512,539,true,143,125,135,136,heuristic
6682,110706,3368,256,274,true,70,73,75,56,heuristic
6683,110707,12768,1024,768,true,204,163,200,201,heuristic
6684,110708,3228,256,270,true,74,61,60,75,heuristic
6685,110709,16084,1024,953,true,225,262,201,265,heuristic
6686,110710,12252,1024,734,true,203,175,178,178,heuristic
6687,110711,3244,256,268,true,70,61,67,70,heuristic
6688,110712,15988,1024,936,true,207,261,210,258,heuristic
6689,110713,12484,1024,753,true,212,168,186,187,heuristic
6690,110714,7000,512,472,true,134,117,123,98,heuristic
6691,110715,7556,512,515,true,142,120,124,129,heuristic
6692,110716,7084,512,488,true,159,93,137,99,heuristic
6693,110717,7352,512,507,true,129,127,127,124,heuristic
6694,110718,7096,512,486,true,129,123,121,113,heuristic
6695,110719,7192,512,496,true,130,126,126,114,heuristic
6696,110720,3092,256,247,true,66,49,82,50,heuristic
6697,110721,6748,512,470,true,128,113,124,105,heuristic
6698,110722,6676,512,460,true,121,104,115,120,heuristic
6699,110723,20708,2048,1000,false,264,242,251,243,heuristic
6700,110724,14504,1024,851,true,228,201,240,182,heuristic
6701,110725,15328,1024,884,true,239,188,215,242,heuristic
6702,110726,7036,512,476,true,112,122,104,138,heuristic
6703,110727,5668,512,393,true,92,96,118,87,heuristic
6704,110728,7124,512,489,true,121,114,135,119,heuristic
6705,110729,4968,512,353,true,95,80,84,94,heuristic
6706,110730,7044,512,477,true,125,116,112,124,heuristic
6707,110731,5476,512,379,true,111,83,111,74,heuristic
6708,110732,3720,256,298,true,75,74,72,77,heuristic
6709,110733,7356,512,507,true,123,128,117,139,heuristic
6710,110734,10748,1024,639,true,175,156,165,143,heuristic
6711,110735,11676,1024,687,true,153,174,165,195,heuristic
6712,110736,12100,1024,719,true,176,186,194,163,heuristic
6713,110737,7284,512,498,true,124,116,134,124,heuristic
6714,110738,3080,256,255,true,50,73,71,61,heuristic
6715,110739,6736,512,464,true,135,112,113,104,heuristic
6716,110740,5588,512,386,true,95,112,92,87,heuristic
6717,110741,11724,1024,692,true,181,156,192,163,heuristic
6718,110742,6984,512,474,true,129,110,133,102,heuristic
6719,110743,2512,256,209,true,74,41,53,41,heuristic
6720,110744,7412,512,509,true,144,123,133,109,heuristic
6721,110745,6404,512,434,true,113,94,120,107,heuristic
6722,110746,7012,512,481,true,116,117,137,111,heuristic
6723,110747,6460,512,443,true,115,114,106,108,heuristic
6724,110748,6536,512,449,true,128,107,100,114,heuristic
6725,110749,6000,512,420,true,103,105,109,103,heuristic
6726,110750,12132,1024,721,true,189,170,193,169,heuristic
6727,110751,10380,1024,603,true,146,162,155,140,heuristic
6728,110752,9356,512,596,true,164,135,137,160,heuristic
6729,110753,7208,512,502,true,134,124,127,117,heuristic
6730,110754,5528,512,387,true,103,94,107,83,heuristic
6731,110755,7116,512,484,true,131,110,124,119,heuristic
6732,110756,2604,256,216,true,59,51,59,47,heuristic
6733,110757,5588,512,396,true,106,91,100,99,heuristic
6734,110758,3160,256,261,true,51,73,79,58,heuristic
6735,110759,7596,512,524,true,156,108,138,122,heuristic
6736,110760,7112,512,490,true,136,112,112,130,heuristic
6737,110761,6992,512,469,true,129,104,110,126,heuristic
6738,110762,7684,512,529,true,139,121,147,122,heuristic
6739,110763,7184,512,496,true,140,105,118,133,heuristic
6740,110764,12004,1024,706,true,202,146,183,175,heuristic
6741,110765,14512,1024,845,true,235,196,189,225,heuristic
6742,110766,6064,512,410,true,119,81,116,94,heuristic
6743,110767,5020,256,379,true,108,93,90,88,heuristic
6744,110768,3068,256,252,true,71,57,69,55,heuristic
6745,110769,7128,512,487,true,117,127,121,122,heuristic
6746,110770,12156,1024,726,true,166,199,177,184,heuristic
6747,110771,12292,1024,732,true,195,175,152,210,heuristic
6748,110772,7724,512,524,true,171,97,165,91,heuristic
6749,110773,14388,1024,837,true,246,182,225,184,heuristic
6750,110774,6888,512,460,true,123,101,121,115,heuristic
6751,110775,7700,512,539,true,152,101,138,148,heuristic
6752,110776,12024,1024,703,true,182,177,143,201,heuristic
6753,110777,7524,512,511,true,129,129,143,110,heuristic
6754,110778,7208,512,503,true,106,146,130,121,heuristic
6755,110779,12808,1024,765,true,173,222,197,173,heuristic
6756,110780,11444,1024,669,true,194,139,165,171,heuristic
6757,110781,7160,512,494,true,143,120,132,99,heuristic
6758,110782,5712,512,406,true,125,78,104,99,heuristic
6759,110783,7220,512,506,true,151,109,135,111,heuristic
6760,110784,3876,256,313,true,84,71,78,80,heuristic
6761,110785,11336,1024,652,true,162,155,185,150,heuristic
6762,110786,3192,256,266,true,79,62,58,67,heuristic
6763,110787,5508,512,381,true,96,99,84,102,heuristic
6764,110788,7432,512,500,true,122,131,117,130,heuristic
6765,110789,12268,1024,731,true,199,187,171,174,heuristic
6766,110790,10424,1024,603,true,156,159,157,131,heuristic
6767,110791,3188,256,262,true,73,68,71,50,heuristic
6768,110792,6552,512,443,true,103,106,110,124,heuristic
6769,110793,7360,512,508,true,126,128,120,134,heuristic
6770,110794,6940,512,482,true,101,132,136,113,heuristic
6771,110795,11268,1024,638,true,164,146,174,154,heuristic
6772,110796,5436,512,379,true,100,106,96,77,heuristic
6773,110797,12436,1024,749,true,183,204,201,161,heuristic
6774,110798,7136,512,484,true,114,128,137,105,heuristic
6775,110799,11792,1024,684,true,216,118,164,186,heuristic
6776,110800,11512,1024,677,true,186,150,168,173,heuristic
6777,110801,7084,512,485,true,135,123,130,97,heuristic
6778,110802,10440,1024,608,true,175,140,151,142,heuristic
6779,110803,12720,1024,755,true,207,183,203,162,heuristic
6780,110804,6296,512,419,true,119,88,131,81,heuristic
6781,110805,7076,512,485,true,123,117,111,134,heuristic
6782,110806,12096,1024,716,true,152,202,181,181,heuristic
6783,110807,12108,1024,718,true,157,193,211,157,heuristic
6784,110808,3712,256,286,true,68,76,69,73,heuristic
6785,110809,7096,512,486,true,137,112,118,119,heuristic
6786,110810,13300,1024,792,true,200,206,217,169,heuristic
6787,110811,7000,512,467,true,123,104,117,123,heuristic
6788,110812,7008,512,473,true,106,134,126,107,heuristic
6789,110813,11560,1024,675,true,164,180,168,163,heuristic
6790,110814,7204,512,490,true,128,112,126,124,heuristic
6791,110815,6712,512,458,true,99,135,113,111,heuristic
6792,110816,3044,256,251,true,63,61,74,53,heuristic
6793,110817,11800,1024,705,true,194,162,209,140,heuristic
6794,110818,14896,1024,872,true,247,199,192,234,heuristic
6795,110819,7140,512,486,true,126,109,121,130,heuristic
6796,110820,7184,512,495,true,135,113,141,106,heuristic
6797,110821,12172,1024,720,true,189,181,183,167,heuristic
6798,110822,5476,512,389,true,96,98,115,80,heuristic
6799,110823,11424,1024,661,true,164,169,174,154,heuristic
6800,110824,5756,512,412,true,116,83,126,87,heuristic
6801,110825,5688,512,398,true,96,114,85,103,heuristic
6802,110826,12076,1024,706,true,166,204,185,151,heuristic
6803,110827,7492,512,525,true,146,115,135,129,heuristic
6804,110828,6336,512,423,true,118,98,119,88,heuristic
6805,110829,8172,512,556,true,164,114,145,133,heuristic
6806,110830,7820,512,542,true,134,136,145,127,heuristic
6807,110831,6312,512,423,true,121,90,98,114,heuristic
6808,110832,3440,256,285,true,88,62,77,58,heuristic
6809,110833,11480,1024,675,true,185,167,202,121,heuristic
6810,110834,13600,1024,769,true,181,194,230,164,heuristic
6811,110835,7028,512,479,true,140,104,124,111,heuristic
6812,110836,14704,1024,864,true,237,211,185,231,heuristic
6813,110837,3136,256,265,true,74,63,58,70,heuristic
6814,110838,6520,512,447,true,112,109,118,108,heuristic
6815,110839,6792,512,459,true,117,121,101,120,heuristic
6816,110840,7204,512,501,true,131,126,140,104,heuristic
6817,110841,5704,512,410,true,117,99,105,89,heuristic
6818,110842,6856,512,463,true,117,114,134,98,heuristic
6819,110843,5680,512,396,true,106,100,104,86,heuristic
6820,110844,10412,1024,606,true,139,165,161,141,heuristic
6821,110845,7312,512,511,true,140,115,146,110,heuristic
6822,110846,6516,512,445,true,105,122,109,109,heuristic
6823,110847,5340,512,368,true,81,106,84,97,heuristic
6824,110848,7064,512,482,true,134,108,120,120,heuristic
6825,110849,6356,512,422,true,106,103,108,105,heuristic
6826,110850,6360,512,434,true,105,114,105,110,heuristic
6827,110851,7012,512,469,true,132,102,117,118,heuristic
6828,110852,7140,512,493,true,147,105,123,118,heuristic
6829,110853,11772,1024,698,true,164,181,168,185,heuristic
6830,110854,7212,512,492,true,128,127,128,109,heuristic
6831,110855,3372,256,279,true,60,66,73,80,heuristic
6832,110856,12060,1024,708,true,168,190,167,183,heuristic
6833,110857,7068,512,483,true,131,109,131,112,heuristic
6834,110858,3172,256,261,true,64,63,69,65,heuristic
6835,110859,5660,512,400,true,97,104,100,99,heuristic
6836,110860,3540,256,286,true,70,68,76,72,heuristic
6837,110861,12128,1024,720,true,182,172,205,161,heuristic
6838,110862,10492,1024,618,true,141,165,153,159,heuristic
6839,110863,7180,512,499,true,152,107,130,110,heuristic
6840,110864,11828,1024,697,true,204,155,178,160,heuristic
6841,110865,12156,1024,719,true,192,177,183,167,heuristic
6842,110866,13512,1024,767,true,218,171,175,203,heuristic
6843,110867,3480,256,289,true,68,75,82,64,heuristic
6844,110868,13824,1024,795,true,213,181,195,206,heuristic
6845,110869,3448,256,283,true,88,52,73,70,heuristic
6846,110870,7812,512,521,true,150,122,147,102,heuristic
6847,110871,3084,256,256,true,86,49,58,63,heuristic
6848,110872,7044,512,478,true,119,123,143,93,heuristic
6849,110873,12196,1024,726,true,164,193,187,182,heuristic
6850,110874,10004,1024,582,true,156,139,142,145,heuristic
6851,110875,3088,256,253,true,67,64,82,40,heuristic
6852,110876,8980,512,563,true,143,144,157,119,heuristic
6853,110877,12464,1024,748,true,199,174,157,218,heuristic
6854,110878,3048,256,248,true,65,55,56,72,heuristic
6855,110879,7128,512,486,true,145,101,128,112,heuristic
6856,110880,3788,256,304,true,93,58,87,66,heuristic
6857,110881,7344,512,509,true,136,128,126,119,heuristic
6858,110882,5836,512,415,true,91,121,108,95,heuristic
6859,110883,7156,512,493,true,140,117,142,94,heuristic
6860,110884,3100,256,256,true,70,49,78,59,heuristic
6861,110885,12384,1024,737,true,149,217,226,145,heuristic
6862,110886,7192,512,497,true,138,107,130,122,heuristic
6863,110887,12084,1024,713,true,177,183,182,171,heuristic
6864,110888,6356,512,429,true,112,119,106,92,heuristic
6865,110889,6960,512,475,true,132,103,122,118,heuristic
6866,110890,12440,1024,753,true,192,178,200,183,heuristic
6867,110891,7736,512,523,true,140,125,138,120,heuristic
6868,110892,5460,512,385,true,112,86,100,87,heuristic
6869,110893,7056,512,480,true,140,100,119,121,heuristic
6870,110894,3184,256,264,true,77,56,51,80,heuristic
6871,110895,10888,1024,639,true,173,151,163,152,heuristic
6872,110896,7292,512,509,true,120,136,138,115,heuristic
6873,110897,6468,512,443,true,113,111,118,101,heuristic
6874,110898,3336,256,271,true,75,69,66,61,heuristic
6875,110899,7136,512,496,true,127,116,141,112,heuristic
6876,110900,7356,512,508,true,127,136,130,115,heuristic
6877,110901,12120,1024,723,true,171,171,212,169,heuristic
6878,110902,3320,256,267,true,75,60,97,35,heuristic
6879,110903,3196,256,268,true,79,50,53,86,heuristic
6880,110904,14328,1024,826,true,199,215,211,201,heuristic
6881,110905,7200,512,486,true,136,107,128,115,heuristic
6882,110906,7468,512,523,true,157,119,107,140,heuristic
6883,110907,3116,256,256,true,83,47,70,56,heuristic
6884,110908,7048,512,478,true,110,132,126,110,heuristic
6885,110909,7468,512,523,true,148,125,117,133,heuristic
6886,110910,6912,512,472,true,133,108,121,110,heuristic
6887,110911,5552,512,381,true,102,87,102,90,heuristic
6888,110912,6336,512,429,true,123,103,91,112,heuristic
6889,110913,11992,1024,691,true,168,174,160,189,heuristic
6890,110914,7068,512,484,true,128,116,132,108,heuristic
6891,110915,7156,512,494,true,126,111,114,143,heuristic
6892,110916,5468,512,385,true,93,98,103,91,heuristic
6893,110917,7252,512,502,true,134,119,120,129,heuristic
6894,110918,7024,512,477,true,127,105,128,117,heuristic
6895,110919,12176,1024,720,true,169,192,183,176,heuristic
6896,110920,6536,512,451,true,125,106,130,90,heuristic
6897,110921,10876,1024,639,true,179,159,152,149,heuristic
6898,110922,3372,256,279,true,85,55,77,62,heuristic
6899,110923,6696,512,445,true,130,96,133,86,heuristic
6900,110924,5472,512,383,true,95,102,95,91,heuristic
6901,110925,1320,128,136,true,36,33,35,32,heuristic
6902,110926,12024,1024,704,true,167,178,169,190,heuristic
6903,110927,5304,512,367,true,96,87,89,95,heuristic
6904,110928,12104,1024,719,true,173,190,172,184,heuristic
6905,110929,6768,512,472,true,110,117,111,134,heuristic
6906,110930,15684,1024,920,true,239,231,230,220,heuristic
6907,110931,1744,128,176,true,63,23,36,54,heuristic
6908,110932,7184,512,485,true,131,110,133,111,heuristic
6909,110933,6308,512,422,true,120,96,96,110,heuristic
6910,110934,15348,1024,889,true,276,171,217,225,heuristic
6911,110935,14628,1024,853,true,228,202,236,187,heuristic
6912,110936,7036,512,474,true,137,115,123,99,heuristic
6913,110937,7116,512,480,true,132,112,146,90,heuristic
6914,110938,13780,1024,797,true,194,213,218,172,heuristic
6915,110939,6928,512,468,true,133,117,109,109,heuristic
6916,110940,7236,512,501,true,128,113,135,125,heuristic
6917,110941,7692,512,509,true,134,107,143,125,heuristic
6918,110942,6968,512,471,true,122,119,109,121,heuristic
6919,110943,7368,512,506,true,143,132,134,97,heuristic
6920,110944,3176,256,264,true,72,61,69,62,heuristic
6921,110945,12060,1024,708,true,175,189,189,155,heuristic
6922,110946,12240,1024,729,true,193,182,176,178,heuristic
6923,110947,11416,1024,669,true,184,160,171,154,heuristic
6924,110948,7264,512,500,true,128,107,151,114,heuristic
6925,110949,7232,512,507,true,132,124,125,126,heuristic
6926,110950,14512,1024,836,true,210,216,203,207,heuristic
6927,110951,2376,256,202,true,69,33,57,43,heuristic
6928,110952,12076,1024,716,true,194,168,164,190,heuristic
6929,110953,7372,512,506,true,136,116,131,123,heuristic
6930,110954,6972,512,465,true,114,105,121,125,heuristic
6931,110955,12044,1024,708,true,197,169,166,176,heuristic
6932,110956,3872,256,313,true,104,52,73,84,heuristic
6933,110957,7068,512,484,true,133,114,122,115,heuristic
6934,110958,5428,512,382,true,90,103,104,85,heuristic
6935,110959,5748,512,391,true,102,93,111,85,heuristic
6936,110960,12140,1024,727,true,205,159,172,191,heuristic
6937,110961,12136,1024,718,true,218,155,155,190,heuristic
6938,110962,12400,1024,758,true,189,196,201,172,heuristic
6939,110963,7524,512,518,true,121,131,155,111,heuristic
6940,110964,10856,1024,646,true,148,175,147,176,heuristic
6941,110965,5600,512,389,true,91,103,112,83,heuristic
6942,110966,7144,512,491,true,137,111,118,125,heuristic
6943,110967,3188,256,265,true,66,65,61,73,heuristic
6944,110968,7480,512,502,true,138,116,115,133,heuristic
6945,110969,3312,256,276,true,76,70,76,54,heuristic
6946,110970,6056,512,418,true,114,91,100,113,heuristic
6947,110971,3496,256,291,true,82,74,74,61,heuristic
6948,110972,6584,512,456,true,141,107,112,96,heuristic
6949,110973,7200,512,500,true,121,134,134,111,heuristic
6950,110974,5452,512,383,true,82,105,113,83,heuristic
6951,110975,12688,1024,751,true,193,185,184,189,heuristic
6952,110976,7100,512,484,true,130,105,139,110,heuristic
6953,110977,7048,512,472,true,116,128,114,114,heuristic
6954,110978,12220,1024,730,true,208,149,217,156,heuristic
6955,110979,6796,512,457,true,113,111,132,101,heuristic
6956,110980,3416,256,287,true,70,78,85,54,heuristic
6957,110981,5380,512,371,true,113,78,94,86,heuristic
6958,110982,7080,512,485,true,137,108,126,114,heuristic
6959,110983,7448,512,518,true,131,136,138,113,heuristic
6960,110984,11608,1024,687,true,159,190,182,156,heuristic
6961,110985,12068,1024,710,true,184,175,192,159,heuristic
6962,110986,7156,512,475,true,112,120,142,101,heuristic
6963,110987,10704,1024,636,true,169,164,157,146,heuristic
6964,110988,3160,256,259,true,73,54,66,66,heuristic
6965,110989,14628,1024,852,true,232,190,221,209,heuristic
6966,110990,11868,1024,692,true,211,137,175,169,heuristic
6967,110991,5464,512,386,true,95,102,86,103,heuristic
6968,110992,3232,256,265,true,73,67,69,56,heuristic
6969,110993,10332,1024,596,true,137,155,145,159,heuristic
6970,110994,3304,256,278,true,72,61,66,79,heuristic
6971,110995,12148,1024,717,true,175,195,191,156,heuristic
6972,110996,1840,128,184,true,45,42,51,46,heuristic
6973,110997,3852,256,315,true,86,69,99,61,heuristic
6974,110998,13904,1024,837,true,218,213,182,224,heuristic
6975,110999,14536,1024,851,true,230,188,248,185,heuristic
6976,111000,5320,512,363,true,106,75,102,80,heuristic
6977,111001,15312,1024,877,true,233,215,246,183,heuristic
6978,111002,3024,256,256,true,79,56,68,53,heuristic
6979,111003,10712,1024,626,true,165,152,160,149,heuristic
6980,111004,7080,512,482,true,129,108,133,112,heuristic
6981,111005,6436,512,447,true,141,92,121,93,heuristic
6982,111006,7092,512,485,true,129,113,126,117,heuristic
6983,111007,3220,256,259,true,78,59,70,52,heuristic
6984,111008,7120,512,491,true,118,122,155,96,heuristic
6985,111009,6548,512,449,true,115,109,108,117,heuristic
6986,111010,7052,512,475,true,119,107,122,127,heuristic
6987,111011,11940,1024,697,true,181,176,163,177,heuristic
6988,111012,7568,512,517,true,142,114,141,120,heuristic
6989,111013,7116,512,490,true,123,131,122,114,heuristic
6990,111014,6752,512,449,true,120,106,116,107,heuristic
6991,111015,7532,512,530,true,135,141,129,125,heuristic
6992,111016,7004,512,471,true,116,123,131,101,heuristic
6993,111017,5396,512,369,true,82,100,97,90,heuristic
6994,111018,5360,512,373,true,106,87,89,91,heuristic
6995,111019,6464,512,438,true,121,97,134,86,heuristic
6996,111020,4680,512,323,true,100,66,74,83,heuristic
6997,111021,12108,1024,720,true,196,164,198,162,heuristic
6998,111022,12088,1024,715,true,191,179,140,205,heuristic
6999,111023,7476,512,520,true,135,128,122,135,heuristic
7000,111024,7832,512,550,true,146,126,135,143,heuristic
7001,111025,6488,512,439,true,126,83,114,116,heuristic
7002,111026,7120,512,485,true,117,128,121,119,heuristic
7003,111027,7336,512,506,true,137,116,136,117,heuristic
7004,111028,11344,1024,650,true,166,160,184,140,heuristic
7005,111029,14992,1024,849,true,204,219,230,196,heuristic
7006,111030,5544,512,386,true,92,94,93,107,heuristic
7007,111031,5500,512,387,true,108,88,99,92,heuristic
7008,111032,7088,512,485,true,137,113,125,110,heuristic
7009,111033,14552,1024,856,true,232,201,215,208,heuristic
7010,111034,3180,256,262,true,54,70,87,51,heuristic
7011,111035,11064,1024,651,true,186,142,141,182,heuristic
7012,111036,7200,512,500,true,141,109,132,118,heuristic
7013,111037,15472,1024,905,true,205,250,246,204,heuristic
7014,111038,15416,1024,893,true,211,245,217,220,heuristic
7015,111039,5664,512,400,true,104,99,85,112,heuristic
7016,111040,8512,512,572,true,150,138,151,133,heuristic
7017,111041,3168,256,261,true,68,60,77,56,heuristic
7018,111042,7792,512,535,true,136,136,124,139,heuristic
7019,111043,7116,512,490,true,110,125,114,141,heuristic
7020,111044,6296,512,420,true,109,115,111,85,heuristic
7021,111045,15992,1024,922,true,234,251,213,224,heuristic
7022,111046,7320,512,499,true,135,110,156,98,heuristic
7023,111047,6596,512,445,true,108,113,138,86,heuristic
7024,111048,7484,512,508,true,112,136,129,131,heuristic
7025,111049,16032,1024,937,true,266,225,233,213,heuristic
7026,111050,5448,512,376,true,88,88,103,97,heuristic
7027,111051,12220,1024,730,true,170,194,210,156,heuristic
7028,111052,13592,1024,813,true,184,224,187,218,heuristic
7029,111053,12052,1024,706,true,213,149,179,165,heuristic
7030,111054,7216,512,502,true,135,114,147,106,heuristic
7031,111055,7244,512,510,true,134,129,121,126,heuristic
7032,111056,11432,1024,680,true,204,139,190,147,heuristic
7033,111057,12148,1024,725,true,199,161,186,179,heuristic
7034,111058,12096,1024,717,true,185,177,191,164,heuristic
7035,111059,5396,512,375,true,99,92,107,77,heuristic
7036,111060,7348,512,505,true,140,123,135,107,heuristic
7037,111061,3252,256,276,true,66,71,82,57,heuristic
7038,111062,7024,512,476,true,125,115,115,121,heuristic
7039,111063,7804,512,543,true,132,141,139,131,heuristic
7040,111064,7128,512,487,true,134,121,118,114,heuristic
7041,111065,10204,1024,580,true,123,169,127,161,heuristic
7042,111066,2560,256,220,true,56,58,60,46,heuristic
7043,111067,7340,512,507,true,115,141,149,102,heuristic
7044,111068,6492,512,437,true,115,106,120,96,heuristic
7045,111069,13992,1024,796,true,177,218,189,212,heuristic
7046,111070,10528,1024,616,true,161,136,161,158,heuristic
7047,111071,12396,1024,743,true,198,170,194,181,heuristic
7048,111072,6808,512,455,true,126,102,124,103,heuristic
7049,111073,10472,1024,610,true,144,157,168,141,heuristic
7050,111074,12240,1024,731,true,196,171,178,186,heuristic
7051,111075,14284,1024,832,true,204,212,238,178,heuristic
7052,111076,12584,1024,757,true,215,160,204,178,heuristic
7053,111077,3416,256,278,true,61,75,80,62,heuristic
7054,111078,11400,1024,667,true,182,171,156,158,heuristic
7055,111079,13980,1024,818,true,222,188,185,223,heuristic
7056,111080,12036,1024,712,true,191,156,192,173,heuristic
7057,111081,7204,512,491,true,128,114,134,115,heuristic
7058,111082,7140,512,489,true,144,88,127,130,heuristic
7059,111083,7088,512,485,true,130,121,127,107,heuristic
7060,111084,10392,1024,611,true,163,154,158,136,heuristic
7061,111085,5276,512,356,true,80,90,103,83,heuristic
7062,111086,6144,512,410,true,131,60,87,132,heuristic
7063,111087,11916,1024,704,true,202,149,161,192,heuristic
7064,111088,12348,1024,741,true,217,168,186,170,heuristic
7065,111089,10512,1024,620,true,178,135,143,164,heuristic
7066,111090,13928,1024,806,true,201,203,221,181,heuristic
7067,111091,15076,1024,867,true,217,222,231,197,heuristic
7068,111092,5408,512,372,true,104,88,95,85,heuristic
7069,111093,5696,512,403,true,114,80,92,117,heuristic
7070,111094,12080,1024,718,true,175,174,193,176,heuristic
7071,111095,3912,256,321,true,89,85,73,74,heuristic
7072,111096,5740,512,410,true,105,112,112,81,heuristic
7073,111097,3436,256,284,true,83,73,71,57,heuristic
7074,111098,11512,1024,670,true,148,193,159,170,heuristic
7075,111099,11560,1024,679,true,185,167,174,153,heuristic
7076,111100,1368,128,143,true,44,29,47,23,heuristic
7077,111101,12224,1024,730,true,200,159,173,198,heuristic
7078,111102,12052,1024,707,true,182,167,178,180,heuristic
7079,111103,11676,1024,681,true,195,143,164,179,heuristic
7080,111104,3888,256,317,true,76,74,91,76,heuristic
7081,111105,7572,512,514,true,158,115,107,134,heuristic
7082,111106,11924,1024,694,true,207,137,177,173,heuristic
7083,111107,6736,512,439,true,103,105,131,100,heuristic
7084,111108,6928,512,460,true,143,94,105,118,heuristic
7085,111109,14060,1024,820,true,213,192,207,208,heuristic
7086,111110,5412,512,377,true,101,89,85,102,heuristic
7087,111111,7724,512,519,true,175,100,103,141,heuristic
7088,111112,7508,512,514,true,118,134,140,122,heuristic
7089,111113,12368,1024,740,true,211,153,170,206,heuristic
7090,111114,7576,512,517,true,124,129,155,109,heuristic
7091,111115,16004,1024,941,true,264,216,216,245,heuristic
7092,111116,15336,1024,875,true,211,232,204,228,heuristic
7093,111117,12264,1024,737,true,144,217,209,167,heuristic
7094,111118,5600,512,388,true,98,93,104,93,heuristic
7095,111119,7148,512,491,true,125,120,141,105,heuristic
7096,111120,14416,1024,839,true,213,199,238,189,heuristic
7097,111121,12236,1024,734,true,184,185,197,168,heuristic
7098,111122,5352,512,371,true,94,83,88,106,heuristic
7099,111123,7072,512,488,true,100,150,120,118,heuristic
7100,111124,7088,512,488,true,143,103,132,110,heuristic
7101,111125,14500,1024,857,true,257,165,236,199,heuristic
7102,111126,6340,512,419,true,95,120,101,103,heuristic
7103,111127,16040,1024,934,true,215,258,242,219,heuristic
7104,111128,3148,256,256,true,67,62,55,72,heuristic
7105,111129,11656,1024,687,true,198,154,198,137,heuristic
7106,111130,3604,256,289,true,73,75,68,73,heuristic
7107,111131,5760,512,398,true,96,103,83,116,heuristic
7108,111132,6764,512,466,true,140,105,123,98,heuristic
7109,111133,5308,512,365,true,95,92,77,101,heuristic
7110,111134,7104,512,488,true,122,105,141,120,heuristic
7111,111135,11180,1024,648,true,183,155,170,140,heuristic
7112,111136,6972,512,473,true,96,134,134,109,heuristic
7113,111137,10376,1024,603,true,149,161,143,150,heuristic
7114,111138,7148,512,492,true,117,128,125,122,heuristic
7115,111139,7732,512,533,true,128,132,155,118,heuristic
7116,111140,7068,512,484,true,110,119,118,137,heuristic
7117,111141,3456,256,288,true,69,78,78,63,heuristic
7118,111142,15044,1024,858,true,217,226,233,182,heuristic
7119,111143,9012,512,571,true,152,138,159,122,heuristic
7120,111144,14384,1024,835,true,234,188,210,203,heuristic
7121,111145,12712,1024,758,true,184,188,203,183,heuristic
7122,111146,7632,512,527,true,133,136,123,135,heuristic
7123,111147,11432,1024,667,true,174,163,186,144,heuristic
7124,111148,7352,512,502,true,116,131,142,113,heuristic
7125,111149,6064,512,425,true,135,79,107,104,heuristic
7126,111150,12076,1024,712,true,178,177,195,162,heuristic
7127,111151,7108,512,489,true,140,112,143,94,heuristic
7128,111152,7088,512,476,true,129,112,126,109,heuristic
7129,111153,7076,512,481,true,132,117,116,116,heuristic
7130,111154,7204,512,500,true,152,102,119,127,heuristic
7131,111155,5468,512,383,true,101,92,90,100,heuristic
7132,111156,3112,256,259,true,70,63,63,63,heuristic
7133,111157,5644,512,396,true,100,96,104,96,heuristic
7134,111158,11520,1024,669,true,157,171,191,150,heuristic
7135,111159,3356,256,279,true,84,55,78,62,heuristic
7136,111160,7244,512,498,true,121,137,103,137,heuristic
7137,111161,2568,256,222,true,71,33,58,60,heuristic
7138,111162,6424,512,435,true,110,103,100,122,heuristic
7139,111163,12240,1024,731,true,191,181,183,176,heuristic
7140,111164,11644,1024,683,true,181,173,185,144,heuristic
7141,111165,7084,512,483,true,115,134,132,102,heuristic
7142,111166,5640,512,397,true,98,101,106,92,heuristic
7143,111167,2856,256,231,true,60,53,67,51,heuristic
7144,111168,5456,512,383,true,104,82,109,88,heuristic
7145,111169,14144,1024,817,true,217,200,230,170,heuristic
7146,111170,7512,512,514,true,132,131,129,122,heuristic
7147,111171,3368,256,279,true,64,76,78,61,heuristic
7148,111172,7152,512,492,true,126,117,120,129,heuristic
7149,111173,5388,512,379,true,96,89,94,100,heuristic
7150,111174,5580,512,387,true,101,102,82,102,heuristic
7151,111175,3508,256,282,true,68,73,79,62,heuristic
7152,111176,11700,1024,684,true,194,150,162,178,heuristic
7153,111177,5668,512,402,true,110,85,116,91,heuristic
7154,111178,5400,512,374,true,86,100,101,87,heuristic
7155,111179,14500,1024,853,true,197,228,222,206,heuristic
7156,111180,4936,256,382,true,101,98,105,78,heuristic
7157,111181,7592,512,519,true,135,114,138,132,heuristic
7158,111182,12480,1024,733,true,206,178,185,164,heuristic
7159,111183,7172,512,488,true,145,98,142,103,heuristic
7160,111184,3904,256,316,true,84,89,81,62,heuristic
7161,111185,7444,512,524,true,139,116,144,125,heuristic
7162,111186,12496,1024,756,true,192,201,187,176,heuristic
7163,111187,3228,256,272,true,92,41,63,76,heuristic
7164,111188,7152,512,492,true,121,113,135,123,heuristic
7165,111189,3280,256,269,true,63,74,82,50,heuristic
7166,111190,3152,256,257,true,61,79,59,58,heuristic
7167,111191,5444,512,377,true,107,81,93,96,heuristic
7168,111192,7600,512,519,true,149,125,122,123,heuristic
7169,111193,11804,1024,688,true,184,171,180,153,heuristic
7170,111194,7308,512,500,true,125,137,132,106,heuristic
7171,111195,12180,1024,722,true,188,176,174,184,heuristic
7172,111196,12456,1024,745,true,192,180,204,169,heuristic
7173,111197,12084,1024,714,true,188,163,203,160,heuristic
7174,111198,7080,512,485,true,129,108,141,107,heuristic
7175,111199,11240,1024,676,true,191,169,165,151,heuristic
7176,111200,11872,1024,704,true,203,180,162,159,heuristic
7177,111201,14484,1024,854,true,208,222,210,214,heuristic
7178,111202,5760,512,408,true,103,99,112,94,heuristic
7179,111203,7272,512,502,true,141,122,124,115,heuristic
7180,111204,5440,512,376,true,104,93,105,74,heuristic
7181,111205,3264,256,268,true,77,51,81,59,heuristic
7182,111206,5608,512,391,true,109,91,109,82,heuristic
7183,111207,11772,1024,684,true,181,164,193,146,heuristic
7184,111208,15480,1024,905,true,243,212,240,210,heuristic
7185,111209,3292,256,265,true,63,69,68,65,heuristic
7186,111210,5476,512,385,true,111,75,116,83,heuristic
7187,111211,12828,1024,775,true,189,191,200,195,heuristic
7188,111212,7584,512,520,true,148,124,144,104,heuristic
7189,111213,12444,1024,750,true,206,180,198,166,heuristic
7190,111214,8500,512,569,true,165,133,151,120,heuristic
7191,111215,6052,512,417,true,108,105,98,106,heuristic
7192,111216,6436,512,438,true,125,93,107,113,heuristic
7193,111217,5308,512,364,true,104,71,106,83,heuristic
7194,111218,11808,1024,689,true,192,146,181,170,heuristic
7195,111219,8020,512,565,true,166,115,172,112,heuristic
7196,111220,2908,256,243,true,76,49,61,57,heuristic
7197,111221,14448,1024,845,true,229,191,198,227,heuristic
7198,111222,7136,512,488,true,136,110,130,112,heuristic
7199,111223,12184,1024,726,true,182,182,199,163,heuristic
7200,111224,7136,512,496,true,140,120,109,127,heuristic
7201,111225,5344,512,369,true,102,81,116,70,heuristic
7202,111226,2484,256,207,true,61,42,53,51,heuristic
7203,111227,7396,512,506,true,133,125,138,110,heuristic
7204,111228,12392,1024,747,true,228,153,184,182,heuristic
7205,111229,2420,256,202,true,46,57,54,45,heuristic
7206,111230,7256,512,499,true,137,119,118,125,heuristic
7207,111231,15588,1024,905,true,215,242,233,215,heuristic
7208,111232,11980,1024,700,true,170,178,166,186,heuristic
7209,111233,5308,512,364,true,104,78,96,86,heuristic
7210,111234,7012,512,475,true,107,133,118,117,heuristic
7211,111235,3160,256,259,true,65,67,76,51,heuristic
7212,111236,12264,1024,738,true,184,195,191,168,heuristic
7213,111237,12160,1024,724,true,197,167,200,160,heuristic
7214,111238,7744,512,528,true,134,125,149,120,heuristic
7215,111239,10448,1024,612,true,184,124,154,150,heuristic
7216,111240,3068,256,252,true,72,57,63,60,heuristic
7217,111241,14436,1024,836,true,237,186,227,186,heuristic
7218,111242,16020,1024,929,true,241,222,233,233,heuristic
7219,111243,5432,512,378,true,103,96,92,87,heuristic
7220,111244,12128,1024,714,true,181,185,174,174,heuristic
7221,111245,7588,512,517,true,154,103,152,108,heuristic
7222,111246,6316,512,425,true,112,103,125,85,heuristic
7223,111247,7252,512,497,true,129,124,135,109,heuristic
7224,111248,5684,512,398,true,103,102,101,92,heuristic
7225,111249,12380,1024,733,true,187,188,182,176,heuristic
7226,111250,3404,256,276,true,70,73,65,68,heuristic
7227,111251,7492,512,513,true,160,102,130,121,heuristic
7228,111252,14516,1024,856,true,241,186,198,231,heuristic
7229,111253,3080,256,254,true,67,64,70,53,heuristic
7230,111254,3164,256,264,true,77,54,70,63,heuristic
7231,111255,6448,512,440,true,100,122,98,120,heuristic
7232,111256,5696,512,407,true,104,107,105,91,heuristic
7233,111257,12088,1024,710,true,194,155,173,188,heuristic
7234,111258,11368,1024,656,true,168,151,160,177,heuristic
7235,111259,6460,512,443,true,120,103,118,102,heuristic
7236,111260,3320,256,267,true,72,66,70,59,heuristic
7237,111261,13792,1024,800,true,199,211,206,184,heuristic
7238,111262,16052,1024,943,true,246,245,252,200,heuristic
7239,111263,18624,1024,1000,false,275,247,268,210,heuristic
7240,111264,3336,256,275,true,72,63,79,61,heuristic
7241,111265,7024,512,473,true,105,135,101,132,heuristic
7242,111266,15644,1024,916,true,219,235,216,246,heuristic
7243,111267,7428,512,517,true,134,124,127,132,heuristic
7244,111268,12228,1024,728,true,191,171,214,152,heuristic
7245,111269,7020,512,472,true,101,134,127,110,heuristic
7246,111270,7324,512,500,true,141,129,117,113,heuristic
7247,111271,6292,512,415,true,112,98,112,93,heuristic
7248,111272,6956,512,472,true,132,102,132,106,heuristic
7249,111273,12032,1024,715,true,194,161,197,163,heuristic
7250,111274,7196,512,499,true,153,99,120,127,heuristic
7251,111275,7204,512,499,true,121,128,127,123,heuristic
7252,111276,12488,1024,752,true,204,174,185,189,heuristic
7253,111277,6336,512,429,true,123,109,115,82,heuristic
7254,111278,12108,1024,719,true,183,177,172,187,heuristic
7255,111279,6096,512,431,true,99,114,111,107,heuristic
7256,111280,3932,256,323,true,95,68,76,84,heuristic
7257,111281,3172,256,261,true,72,59,56,74,heuristic
7258,111282,7380,512,509,true,135,118,133,123,heuristic
7259,111283,7096,512,483,true,124,107,131,121,heuristic
7260,111284,5416,512,375,true,85,107,92,91,heuristic
7261,111285,3268,256,273,true,61,75,71,66,heuristic
7262,111286,7240,512,495,true,121,126,129,119,heuristic
7263,111287,14800,1024,864,true,232,210,205,217,heuristic
7264,111288,3564,256,299,true,102,50,87,60,heuristic
7265,111289,11636,1024,686,true,168,185,194,139,heuristic
7266,111290,3384,256,282,true,65,81,68,68,heuristic
7267,111291,7520,512,516,true,134,138,116,128,heuristic
7268,111292,7112,512,490,true,131,120,106,133,heuristic
7269,111293,7120,512,491,true,131,104,112,144,heuristic
7270,111294,11776,1024,689,true,196,151,179,163,heuristic
7271,111295,7296,512,497,true,108,142,108,139,heuristic
7272,111296,5476,512,390,true,111,95,75,109,heuristic
7273,111297,12136,1024,714,true,170,186,216,142,heuristic
7274,111298,6460,512,442,true,113,115,112,102,heuristic
7275,111299,7084,512,486,true,132,113,126,115,heuristic
7276,111300,7256,512,499,true,147,92,138,122,heuristic
7277,111301,12176,1024,720,true,195,169,192,164,heuristic
7278,111302,7076,512,470,true,107,132,134,97,heuristic
7279,111303,7152,512,487,true,118,114,125,130,heuristic
7280,111304,15356,1024,892,true,206,245,233,208,heuristic
7281,111305,3368,256,279,true,84,52,83,60,heuristic
7282,111306,7112,512,490,true,134,118,134,104,heuristic
7283,111307,7020,512,476,true,123,124,132,97,heuristic
7284,111308,7152,512,488,true,150,101,110,127,heuristic
7285,111309,6964,512,468,true,118,116,131,103,heuristic
7286,111310,5740,512,411,true,104,103,99,105,heuristic
7287,111311,3376,256,280,true,70,79,68,63,heuristic
7288,111312,6584,512,447,true,136,96,117,98,heuristic
7289,111313,7060,512,478,true,122,125,119,112,heuristic
7290,111314,15548,1024,909,true,262,197,257,193,heuristic
7291,111315,12068,1024,708,true,165,209,179,155,heuristic
7292,111316,3160,256,258,true,53,72,59,74,heuristic
7293,111317,3420,256,279,true,80,64,76,59,heuristic
7294,111318,7200,512,494,true,143,107,126,118,heuristic
7295,111319,7260,512,506,true,161,111,117,117,heuristic
7296,111320,7052,512,480,true,141,103,112,124,heuristic
7297,111321,7792,512,536,true,152,128,131,125,heuristic
7298,111322,7308,512,507,true,136,117,139,115,heuristic
7299,111323,6268,512,443,true,117,113,102,111,heuristic
7300,111324,12188,1024,723,true,195,162,204,162,heuristic
7301,111325,7104,512,488,true,123,131,103,131,heuristic
7302,111326,12052,1024,705,true,178,173,169,185,heuristic
7303,111327,7092,512,486,true,132,119,110,125,heuristic
7304,111328,3416,256,285,true,83,61,72,69,heuristic
7305,111329,6668,512,446,true,119,112,103,112,heuristic
7306,111330,5496,512,389,true,110,85,101,93,heuristic
7307,111331,12148,1024,726,true,205,164,182,175,heuristic
7308,111332,3168,256,262,true,66,71,67,58,heuristic
7309,111333,16044,1024,936,true,248,232,237,219,heuristic
7310,111334,7296,512,503,true,148,108,137,110,heuristic
7311,111335,7068,512,483,true,135,111,138,99,heuristic
7312,111336,8512,512,572,true,156,130,184,102,heuristic
7313,111337,7108,512,482,true,127,126,105,124,heuristic
7314,111338,5276,512,357,true,92,85,88,92,heuristic
7315,111339,14080,1024,808,true,208,196,203,201,heuristic
7316,111340,5500,512,389,true,101,96,106,86,heuristic
7317,111341,3468,256,292,true,43,93,68,88,heuristic
7318,111342,7336,512,502,true,132,132,132,106,heuristic
7319,111343,5020,512,350,true,78,94,94,84,heuristic
7320,111344,6960,512,473,true,132,108,120,113,heuristic
7321,111345,7152,512,491,true,122,122,117,130,heuristic
7322,111346,6432,512,433,true,104,105,115,109,heuristic
7323,111347,12388,1024,745,true,184,189,206,166,heuristic
7324,111348,7052,512,477,true,118,121,123,115,heuristic
7325,111349,16344,1024,970,true,256,233,251,230,heuristic
7326,111350,7396,512,517,true,125,128,153,111,heuristic
7327,111351,7300,512,498,true,137,120,132,109,heuristic
7328,111352,7136,512,495,true,114,136,140,105,heuristic
7329,111353,6312,512,422,true,126,86,117,93,heuristic
7330,111354,7296,512,508,true,138,112,140,118,heuristic
7331,111355,11372,1024,664,true,191,131,181,161,heuristic
7332,111356,7064,512,488,true,129,132,129,98,heuristic
7333,111357,12184,1024,722,true,206,158,205,153,heuristic
7334,111358,7140,512,496,true,124,132,108,132,heuristic
7335,111359,5244,512,360,true,110,66,87,97,heuristic
7336,111360,9716,512,637,true,140,177,156,164,heuristic
7337,111361,12192,1024,729,true,168,209,173,179,heuristic
7338,111362,11856,1024,701,true,165,191,171,174,heuristic
7339,111363,10412,1024,611,true,146,169,153,143,heuristic
7340,111364,7220,512,493,true,126,126,120,121,heuristic
7341,111365,7184,512,496,true,133,110,128,125,heuristic
7342,111366,6964,512,466,true,101,128,138,99,heuristic
7343,111367,7248,512,507,true,122,137,124,124,heuristic
7344,111368,7196,512,498,true,143,108,147,100,heuristic
7345,111369,10508,1024,619,true,164,148,175,132,heuristic
7346,111370,7200,512,488,true,136,102,128,122,heuristic
7347,111371,3764,256,301,true,84,71,70,76,heuristic
7348,111372,7604,512,525,true,155,123,121,126,heuristic
7349,111373,14320,1024,825,true,192,220,196,217,heuristic
7350,111374,12128,1024,717,true,167,199,202,149,heuristic
7351,111375,7208,512,498,true,126,132,122,118,heuristic
7352,111376,10352,1024,605,true,148,157,189,111,heuristic
7353,111377,7092,512,485,true,135,122,106,122,heuristic
7354,111378,5344,512,369,true,83,96,112,78,heuristic
7355,111379,7040,512,482,true,139,114,127,102,heuristic
7356,111380,6720,512,460,true,142,107,100,111,heuristic
7357,111381,3364,256,278,true,72,67,71,68,heuristic
7358,111382,14156,1024,816,true,196,215,231,174,heuristic
7359,111383,7204,512,501,true,134,115,124,128,heuristic
7360,111384,12252,1024,738,true,186,175,195,182,heuristic
7361,111385,6364,512,431,true,108,118,106,99,heuristic
7362,111386,6292,512,418,true,102,102,109,105,heuristic
7363,111387,4860,512,332,true,95,75,95,67,heuristic
7364,111388,1476,128,157,true,36,39,46,36,heuristic
7365,111389,12092,1024,715,true,180,185,183,167,heuristic
7366,111390,12164,1024,732,true,186,197,169,180,heuristic
7367,111391,14532,1024,853,true,180,239,207,227,heuristic
7368,111392,3772,256,305,true,85,72,86,62,heuristic
7369,111393,7944,512,546,true,151,136,126,133,heuristic
7370,111394,10444,1024,614,true,156,168,151,139,heuristic
7371,111395,3460,256,285,true,65,69,76,75,heuristic
7372,111396,12564,1024,747,true,181,191,191,184,heuristic
7373,111397,7116,512,484,true,120,117,124,123,heuristic
7374,111398,7504,512,521,true,140,125,140,116,heuristic
7375,111399,5268,512,354,true,98,82,104,70,heuristic
7376,111400,5436,512,380,true,77,114,95,94,heuristic
7377,111401,7404,512,518,true,141,122,130,125,heuristic
7378,111402,5724,512,407,true,102,120,107,78,heuristic
7379,111403,11784,1024,683,true,199,157,159,168,heuristic
7380,111404,15296,1024,888,true,208,261,207,212,heuristic
7381,111405,7016,512,475,true,109,132,139,95,heuristic
7382,111406,10568,1024,616,true,176,138,154,148,heuristic
7383,111407,14360,1024,831,true,222,202,207,200,heuristic
7384,111408,7052,512,484,true,143,94,96,151,heuristic
7385,111409,6096,512,402,true,111,95,106,90,heuristic
7386,111410,6980,512,476,true,122,114,110,130,heuristic
7387,111411,6900,512,474,true,131,105,121,117,heuristic
7388,111412,7504,512,528,true,148,113,141,126,heuristic
7389,111413,7068,512,483,true,117,132,125,109,heuristic
7390,111414,14236,1024,823,true,217,198,217,191,heuristic
7391,111415,5712,512,404,true,117,97,84,106,heuristic
7392,111416,5768,512,414,true,117,90,130,77,heuristic
7393,111417,7184,512,496,true,142,109,130,115,heuristic
7394,111418,12540,1024,757,true,184,212,185,176,heuristic
7395,111419,6832,512,468,true,136,114,98,120,heuristic
7396,111420,12180,1024,725,true,201,153,173,198,heuristic
7397,111421,10340,1024,599,true,173,125,149,152,heuristic
7398,111422,12224,1024,736,true,178,217,213,128,heuristic
7399,111423,13740,1024,787,true,219,197,195,176,heuristic
7400,111424,14120,1024,807,true,205,205,195,202,heuristic
7401,111425,4088,256,334,true,112,41,85,96,heuristic
7402,111426,7272,512,494,true,104,154,121,115,heuristic
7403,111427,6420,512,438,true,105,112,122,99,heuristic
7404,111428,10452,1024,609,true,168,152,144,145,heuristic
7405,111429,7332,512,505,true,121,123,137,124,heuristic
7406,111430,6612,512,450,true,122,98,107,123,heuristic
7407,111431,6072,512,421,true,111,100,118,92,heuristic
7408,111432,11936,1024,708,true,204,159,166,179,heuristic
7409,111433,7064,512,478,true,126,124,128,100,heuristic
7410,111434,6308,512,415,true,120,86,122,87,heuristic
7411,111435,3940,256,324,true,91,78,74,81,heuristic
7412,111436,7920,512,550,true,162,117,135,136,heuristic
7413,111437,14360,1024,834,true,233,188,212,201,heuristic
7414,111438,2444,256,208,true,52,51,45,60,heuristic
7415,111439,7264,512,504,true,154,115,114,121,heuristic
7416,111440,12404,1024,737,true,184,169,185,199,heuristic
7417,111441,7788,512,539,true,139,133,151,116,heuristic
7418,111442,7028,512,474,true,110,136,123,105,heuristic
7419,111443,5484,512,379,true,120,71,95,93,heuristic
7420,111444,5512,512,393,true,118,78,99,98,heuristic
7421,111445,7396,512,512,true,139,138,122,113,heuristic
7422,111446,7156,512,493,true,130,121,110,132,heuristic
7423,111447,11708,1024,699,true,180,182,182,155,heuristic
7424,111448,7124,512,493,true,120,127,125,121,heuristic
7425,111449,10636,1024,619,true,169,135,187,128,heuristic
7426,111450,5544,512,396,true,119,87,98,92,heuristic
7427,111451,15432,1024,894,true,262,196,222,214,heuristic
7428,111452,7024,512,477,true,108,105,123,141,heuristic
7429,111453,3212,256,268,true,74,71,61,62,heuristic
7430,111454,6548,512,453,true,123,119,107,104,heuristic
7431,111455,7364,512,509,true,142,117,122,128,heuristic
7432,111456,12032,1024,700,true,185,144,184,187,heuristic
7433,111457,3940,256,325,true,86,77,89,73,heuristic
7434,111458,7144,512,486,true,133,113,129,111,heuristic
7435,111459,3192,256,266,true,83,50,80,53,heuristic
7436,111460,7108,512,493,true,149,106,120,118,heuristic
7437,111461,11952,1024,708,true,177,169,194,168,heuristic
7438,111462,3284,256,273,true,70,63,76,64,heuristic
7439,111463,10488,1024,618,true,165,143,161,149,heuristic
7440,111464,7196,512,498,true,163,96,106,133,heuristic
7441,111465,12944,1024,784,true,169,218,220,177,heuristic
7442,111466,6384,512,429,true,127,90,113,99,heuristic
7443,111467,3208,256,265,true,67,60,64,74,heuristic
7444,111468,6960,512,461,true,131,109,119,102,heuristic
7445,111469,7124,512,493,true,136,108,131,118,heuristic
7446,111470,7112,512,482,true,113,134,107,128,heuristic
7447,111471,14144,1024,825,true,244,194,195,192,heuristic
7448,111472,7232,512,505,true,108,147,140,110,heuristic
7449,111473,7008,512,480,true,128,117,101,134,heuristic
7450,111474,15360,1024,888,true,235,217,220,216,heuristic
7451,111475,8792,512,593,true,135,145,149,164,heuristic
7452,111476,7072,512,489,true,143,101,131,114,heuristic
7453,111477,2452,256,210,true,64,44,55,47,heuristic
7454,111478,5756,512,396,true,98,95,112,91,heuristic
7455,111479,12152,1024,714,true,213,141,190,170,heuristic
7456,111480,15532,1024,899,true,249,218,233,199,heuristic
7457,111481,12608,1024,758,true,164,206,162,226,heuristic
7458,111482,7112,512,486,true,145,107,120,114,heuristic
7459,111483,11812,1024,694,true,167,186,176,165,heuristic
7460,111484,6864,512,468,true,120,107,108,133,heuristic
7461,111485,3140,256,258,true,65,57,81,55,heuristic
7462,111486,12156,1024,723,true,199,147,176,201,heuristic
7463,111487,3464,256,285,true,71,78,82,54,heuristic
7464,111488,7504,512,513,true,139,119,116,139,heuristic
7465,111489,5444,512,386,true,102,93,102,89,heuristic
7466,111490,10680,1024,635,true,143,175,158,159,heuristic
7467,111491,12132,1024,709,true,201,166,200,142,heuristic
7468,111492,12616,1024,755,true,203,193,188,171,heuristic
7469,111493,3920,256,319,true,81,81,80,77,heuristic
7470,111494,5900,512,412,true,89,113,118,92,heuristic
7471,111495,11992,1024,705,true,176,172,171,186,heuristic
7472,111496,5412,512,373,true,98,89,96,90,heuristic
7473,111497,11440,1024,677,true,189,158,177,153,heuristic
7474,111498,7148,512,492,true,136,116,125,115,heuristic
7475,111499,7228,512,495,true,136,120,101,138,heuristic
7476,111500,12100,1024,718,true,154,211,183,170,heuristic
7477,111501,3884,256,316,true,94,72,83,67,heuristic
7478,111502,7380,512,513,true,150,121,145,97,heuristic
7479,111503,7152,512,501,true,145,96,123,137,heuristic
7480,111504,12144,1024,716,true,189,179,173,175,heuristic
7481,111505,5676,512,403,true,112,82,106,103,heuristic
7482,111506,11892,1024,698,true,198,152,186,162,heuristic
7483,111507,6960,512,479,true,127,116,117,119,heuristic
7484,111508,6636,512,456,true,127,116,116,97,heuristic
7485,111509,7284,512,501,true,130,126,120,125,heuristic
7486,111510,7080,512,486,true,108,132,122,124,heuristic
7487,111511,11400,1024,659,true,190,157,175,137,heuristic
7488,111512,6960,512,475,true,130,114,106,125,heuristic
7489,111513,7620,512,530,true,142,114,149,125,heuristic
7490,111514,6412,512,427,true,115,107,100,105,heuristic
7491,111515,16032,1024,936,true,240,226,213,257,heuristic
7492,111516,3472,256,293,true,89,48,83,73,heuristic
7493,111517,3920,256,319,true,71,99,71,78,heuristic
7494,111518,3056,256,248,true,74,58,69,47,heuristic
7495,111519,6740,512,454,true,120,110,106,118,heuristic
7496,111520,12296,1024,723,true,203,169,207,144,heuristic
7497,111521,6672,512,453,true,114,109,132,98,heuristic
7498,111522,16072,1024,941,true,212,257,218,254,heuristic
7499,111523,15752,1024,926,true,271,212,241,202,heuristic
7500,111524,5680,512,401,true,120,84,98,99,heuristic
7501,111525,12844,1024,774,true,227,180,197,170,heuristic
7502,111526,6348,512,432,true,118,100,107,107,heuristic
7503,111527,7716,512,537,true,114,155,135,133,heuristic
7504,111528,6672,512,460,true,112,125,113,110,heuristic
7505,111529,5664,512,400,true,104,100,121,75,heuristic
7506,111530,14776,1024,873,true,211,229,234,199,heuristic
7507,111531,3104,256,250,true,64,64,57,65,heuristic
7508,111532,6828,512,467,true,121,112,127,107,heuristic
7509,111533,7788,512,540,true,147,124,152,117,heuristic
7510,111534,3172,256,261,true,82,54,64,61,heuristic
7511,111535,7756,512,532,true,144,117,148,123,heuristic
7512,111536,6268,512,416,true,108,107,107,94,heuristic
7513,111537,6960,512,468,true,128,108,113,119,heuristic
7514,111538,7188,512,498,true,131,120,132,115,heuristic
7515,111539,5464,512,386,true,116,65,100,105,heuristic
7516,111540,10456,1024,610,true,122,172,149,167,heuristic
7517,111541,7044,512,478,true,108,140,135,95,heuristic
7518,111542,13968,1024,801,true,194,206,176,225,heuristic
7519,111543,7072,512,484,true,112,129,134,109,heuristic
7520,111544,12184,1024,727,true,203,166,184,174,heuristic
7521,111545,3400,256,276,true,72,67,83,54,heuristic
7522,111546,7144,512,493,true,132,121,106,134,heuristic
7523,111547,3340,256,283,true,77,68,58,80,heuristic
7524,111548,6140,512,427,true,104,105,117,101,heuristic
7525,111549,12256,1024,725,true,174,195,219,137,heuristic
7526,111550,8636,512,576,true,141,155,142,138,heuristic
7527,111551,14300,1024,814,true,211,222,195,186,heuristic
7528,111552,11948,1024,695,true,138,187,205,165,heuristic
7529,111553,7292,512,501,true,134,108,133,126,heuristic
7530,111554,7480,512,522,true,133,122,140,127,heuristic
7531,111555,7380,512,512,true,125,131,125,131,heuristic
7532,111556,7404,512,514,true,152,109,136,117,heuristic
7533,111557,5320,512,367,true,86,100,103,78,heuristic
7534,111558,5356,512,375,true,101,100,95,79,heuristic
7535,111559,3448,256,287,true,87,61,74,65,heuristic
7536,111560,3300,256,274,true,89,49,56,80,heuristic
7537,111561,14900,1024,889,true,224,231,240,194,heuristic
7538,111562,7132,512,484,true,151,107,116,110,heuristic
7539,111563,5396,512,373,true,86,102,92,93,heuristic
7540,111564,6824,512,455,true,130,109,129,87,heuristic
7541,111565,12204,1024,726,true,204,159,196,167,heuristic
7542,111566,7772,512,535,true,146,127,139,123,heuristic
7543,111567,6476,512,443,true,123,97,112,111,heuristic
7544,111568,12400,1024,747,true,208,159,185,195,heuristic
7545,111569,11960,1024,703,true,195,151,195,162,heuristic
7546,111570,6468,512,441,true,118,98,114,111,heuristic
7547,111571,3408,256,288,true,90,45,72,81,heuristic
7548,111572,6652,512,459,true,120,116,100,123,heuristic
7549,111573,3388,256,283,true,79,76,70,58,heuristic
7550,111574,11540,1024,674,true,139,197,169,169,heuristic
7551,111575,11408,1024,669,true,150,177,173,169,heuristic
7552,111576,5464,512,386,true,107,82,104,93,heuristic
7553,111577,7020,512,476,true,140,111,120,105,heuristic
7554,111578,7100,512,480,true,131,121,119,109,heuristic
7555,111579,5456,512,384,true,97,88,113,86,heuristic
7556,111580,5972,512,425,true,107,106,98,114,heuristic
7557,111581,7016,512,476,true,120,115,114,127,heuristic
7558,111582,6636,512,455,true,123,112,98,122,heuristic
7559,111583,3092,256,255,true,68,66,68,53,heuristic
7560,111584,10752,1024,636,true,146,170,158,162,heuristic
7561,111585,11084,1024,655,true,171,166,172,146,heuristic
7562,111586,7396,512,502,true,145,100,124,133,heuristic
7563,111587,4156,256,320,true,109,47,72,92,heuristic
7564,111588,14364,1024,836,true,222,205,196,213,heuristic
7565,111589,12072,1024,715,true,191,178,196,150,heuristic
7566,111590,12132,1024,720,true,200,185,157,178,heuristic
7567,111591,7040,512,481,true,114,121,125,121,heuristic
7568,111592,7256,512,512,true,143,107,130,132,heuristic
7569,111593,5972,512,403,true,91,109,103,100,heuristic
7570,111594,5516,512,384,true,87,102,108,87,heuristic
7571,111595,3512,256,296,true,88,70,77,61,heuristic
7572,111596,3228,256,265,true,62,60,68,75,heuristic
7573,111597,7088,512,485,true,126,130,108,121,heuristic
7574,111598,16260,1024,972,true,264,239,271,198,heuristic
7575,111599,6072,512,400,true,102,92,112,94,heuristic
7576,111600,6916,512,463,true,122,110,140,91,heuristic
7577,111601,5700,512,398,true,102,96,121,79,heuristic
7578,111602,7132,512,487,true,136,126,110,115,heuristic
7579,111603,7264,512,500,true,128,130,125,117,heuristic
7580,111604,3836,256,315,true,71,88,71,85,heuristic
7581,111605,7496,512,511,true,117,127,126,141,heuristic
7582,111606,12092,1024,715,true,150,203,188,174,heuristic
7583,111607,7372,512,510,true,110,130,129,141,heuristic
7584,111608,7400,512,499,true,138,125,116,120,heuristic
7585,111609,6856,512,469,true,97,133,124,115,heuristic
7586,111610,7104,512,488,true,148,97,138,105,heuristic
7587,111611,15316,1024,886,true,260,208,233,185,heuristic
7588,111612,7196,512,498,true,140,106,150,102,heuristic
7589,111613,6408,512,437,true,123,112,105,97,heuristic
7590,111614,14244,1024,818,true,198,214,199,207,heuristic
7591,111615,4444,256,343,true,97,73,91,82,heuristic
7592,111616,12180,1024,721,true,204,160,178,179,heuristic
7593,111617,6544,512,438,true,120,110,115,93,heuristic
7594,111618,7468,512,503,true,144,116,112,131,heuristic
7595,111619,5556,512,383,true,116,78,109,80,heuristic
7596,111620,14432,1024,842,true,219,218,202,203,heuristic
7597,111621,3356,256,286,true,84,68,61,73,heuristic
7598,111622,12028,1024,712,true,175,202,162,173,heuristic
7599,111623,5488,512,387,true,99,92,103,93,heuristic
7600,111624,6408,512,430,true,112,113,108,97,heuristic
7601,111625,7524,512,528,true,152,116,132,128,heuristic
7602,111626,4780,512,338,true,83,93,91,71,heuristic
7603,111627,14436,1024,842,true,200,224,205,213,heuristic
7604,111628,5396,512,375,true,94,101,95,85,heuristic
7605,111629,3556,256,304,true,75,74,91,64,heuristic
7606,111630,7204,512,501,true,141,106,138,116,heuristic
7607,111631,3724,256,303,true,82,76,78,67,heuristic
7608,111632,12208,1024,728,true,194,189,182,163,heuristic
7609,111633,7072,512,484,true,118,130,123,113,heuristic
7610,111634,3208,256,269,true,66,65,83,55,heuristic
7611,111635,11464,1024,670,true,198,144,149,179,heuristic
7612,111636,6788,512,462,true,132,94,125,111,heuristic
7613,111637,7212,512,497,true,138,110,127,122,heuristic
7614,111638,7172,512,488,true,135,106,136,111,heuristic
7615,111639,7128,512,494,true,131,104,126,133,heuristic
7616,111640,11996,1024,708,true,177,171,200,160,heuristic
7617,111641,7192,512,496,true,130,111,140,115,heuristic
7618,111642,7156,512,489,true,115,127,146,101,heuristic
7619,111643,4720,512,325,true,90,62,87,86,heuristic
7620,111644,14512,1024,845,true,226,173,249,197,heuristic
7621,111645,11704,1024,679,true,179,160,198,142,heuristic
7622,111646,6412,512,433,true,129,100,109,95,heuristic
7623,111647,6892,512,465,true,138,104,142,81,heuristic
7624,111648,5388,512,371,true,96,90,104,81,heuristic
7625,111649,4384,512,293,true,67,82,69,75,heuristic
7626,111650,6892,512,471,true,124,109,121,117,heuristic
7627,111651,6428,512,436,true,111,106,101,118,heuristic
7628,111652,7080,512,480,true,119,118,115,128,heuristic
7629,111653,6816,512,458,true,115,128,135,80,heuristic
7630,111654,3936,256,322,true,91,76,78,77,heuristic
7631,111655,15864,1024,927,true,259,202,203,263,heuristic
7632,111656,7196,512,494,true,137,128,136,93,heuristic
7633,111657,12228,1024,722,true,174,182,175,191,heuristic
7634,111658,12212,1024,728,true,169,209,179,171,heuristic
7635,111659,13740,1024,791,true,199,183,227,182,heuristic
7636,111660,5740,512,407,true,123,77,117,90,heuristic
7637,111661,12216,1024,734,true,193,172,183,186,heuristic
7638,111662,13112,1024,769,true,172,216,182,199,heuristic
7639,111663,14544,1024,851,true,246,193,232,180,heuristic
7640,111664,7376,512,513,true,137,129,109,138,heuristic
7641,111665,7132,512,488,true,132,108,123,125,heuristic
7642,111666,7140,512,490,true,131,115,124,120,heuristic
7643,111667,10556,1024,619,true,159,159,152,149,heuristic
7644,111668,5012,512,339,true,95,77,111,56,heuristic
7645,111669,7360,512,516,true,120,141,109,146,heuristic
7646,111670,7884,512,546,true,145,131,153,117,heuristic
7647,111671,12016,1024,708,true,175,189,181,163,heuristic
7648,111672,12580,1024,757,true,188,193,191,185,heuristic
7649,111673,12224,1024,717,true,177,169,191,180,heuristic
7650,111674,12100,1024,717,true,208,152,155,202,heuristic
7651,111675,3360,256,278,true,71,72,82,53,heuristic
7652,111676,14636,1024,855,true,221,220,231,183,heuristic
7653,111677,7820,512,542,true,132,139,159,112,heuristic
7654,111678,7112,512,490,true,125,126,106,133,heuristic
7655,111679,6384,512,430,true,103,111,115,101,heuristic
7656,111680,7136,512,485,true,133,113,119,120,heuristic
7657,111681,10476,1024,607,true,162,140,146,159,heuristic
7658,111682,11992,1024,707,true,183,154,193,177,heuristic
7659,111683,6452,512,442,true,125,106,108,103,heuristic
7660,111684,7228,512,496,true,139,125,128,104,heuristic
7661,111685,6808,512,477,true,107,131,129,110,heuristic
7662,111686,7352,512,504,true,124,128,137,115,heuristic
7663,111687,14336,1024,829,true,214,220,213,182,heuristic
7664,111688,5208,512,369,true,90,94,92,93,heuristic
7665,111689,12244,1024,724,true,201,180,185,158,heuristic
7666,111690,13600,1024,774,true,213,186,188,187,heuristic
7667,111691,5428,512,378,true,106,87,87,98,heuristic
7668,111692,6416,512,433,true,114,108,130,81,heuristic
7669,111693,7056,512,480,true,136,115,119,110,heuristic
7670,111694,6560,512,441,true,104,112,107,118,heuristic
7671,111695,8884,512,570,true,153,139,165,113,heuristic
7672,111696,5448,512,383,true,91,100,108,84,heuristic
7673,111697,5368,512,374,true,106,83,97,88,heuristic
7674,111698,7176,512,498,true,159,97,117,125,heuristic
7675,111699,7040,512,476,true,121,117,133,105,heuristic
7676,111700,6948,512,470,true,100,127,138,105,heuristic
7677,111701,14464,1024,849,true,194,217,219,219,heuristic
7678,111702,6100,512,422,true,111,100,93,118,heuristic
7679,111703,6088,512,425,true,98,105,113,109,heuristic
7680,111704,7260,512,499,true,122,116,139,122,heuristic
7681,111705,12384,1024,740,true,176,184,197,183,heuristic
7682,111706,7332,512,505,true,123,133,132,117,heuristic
7683,111707,12048,1024,705,true,184,196,194,131,heuristic
7684,111708,5312,512,373,true,104,77,91,101,heuristic
7685,111709,7408,512,515,true,132,116,121,146,heuristic
7686,111710,11652,1024,671,true,136,205,185,145,heuristic
7687,111711,7092,512,482,true,116,136,116,114,heuristic
7688,111712,7256,512,509,true,137,113,118,141,heuristic
7689,111713,16024,1024,935,true,243,222,266,204,heuristic
7690,111714,3056,256,245,true,78,45,64,58,heuristic
7691,111715,8292,512,566,true,149,132,153,132,heuristic
7692,111716,15144,1024,891,true,259,206,229,197,heuristic
7693,111717,7104,512,488,true,136,110,126,116,heuristic
7694,111718,10568,1024,622,true,172,142,156,152,heuristic
7695,111719,6936,512,469,true,115,115,129,110,heuristic
7696,111720,3220,256,272,true,60,68,72,72,heuristic
7697,111721,7048,512,480,true,116,118,109,137,heuristic
7698,111722,7376,512,512,true,142,106,155,109,heuristic
7699,111723,3484,256,290,true,71,67,81,71,heuristic
7700,111724,14244,1024,832,true,205,216,227,184,heuristic
7701,111725,6984,512,475,true,121,117,135,102,heuristic
7702,111726,7116,512,491,true,129,120,119,123,heuristic
7703,111727,3664,256,306,true,77,81,74,74,heuristic
7704,111728,3308,256,278,true,65,73,77,63,heuristic
7705,111729,12488,1024,737,true,196,165,186,190,heuristic
7706,111730,7096,512,486,true,116,136,114,120,heuristic
7707,111731,6960,512,469,true,131,106,104,128,heuristic
7708,111732,5040,512,346,true,78,96,90,82,heuristic
7709,111733,12548,1024,745,true,206,166,202,171,heuristic
7710,111734,5544,512,387,true,106,80,104,97,heuristic
7711,111735,6992,512,480,true,128,111,123,118,heuristic
7712,111736,7296,512,508,true,132,132,120,124,heuristic
7713,111737,6996,512,478,true,126,99,140,113,heuristic
7714,111738,7168,512,491,true,142,112,127,110,heuristic
7715,111739,3428,256,282,true,76,63,78,65,heuristic
7716,111740,12024,1024,702,true,189,156,169,188,heuristic
7717,111741,11912,1024,697,true,181,177,165,174,heuristic
7718,111742,3776,256,300,true,79,72,68,81,heuristic
7719,111743,3060,256,250,true,57,64,64,65,heuristic
7720,111744,3200,256,268,true,64,74,73,57,heuristic
7721,111745,12520,1024,741,true,172,188,196,185,heuristic
7722,111746,13876,1024,798,true,205,189,178,226,heuristic
7723,111747,14108,1024,807,true,239,183,209,176,heuristic
7724,111748,5704,512,409,true,112,99,98,100,heuristic
7725,111749,6032,512,417,true,98,106,119,94,heuristic
7726,111750,8052,512,537,true,135,140,132,130,heuristic
7727,111751,7180,512,494,true,142,109,127,116,heuristic
7728,111752,11928,1024,701,true,182,180,166,173,heuristic
7729,111753,12488,1024,749,true,191,183,194,181,heuristic
7730,111754,7132,512,489,true,138,113,125,113,heuristic
7731,111755,6808,512,462,true,145,98,125,94,heuristic
7732,111756,3228,256,270,true,77,60,92,41,heuristic
7733,111757,15732,1024,910,true,266,187,272,185,heuristic
7734,111758,7088,512,486,true,130,113,127,116,heuristic
7735,111759,5356,512,363,true,82,91,118,72,heuristic
7736,111760,7140,512,489,true,137,104,139,109,heuristic
7737,111761,11904,1024,715,true,191,168,186,170,heuristic
7738,111762,12752,1024,768,true,212,172,219,165,heuristic
7739,111763,6064,512,425,true,117,103,99,106,heuristic
7740,111764,3024,256,246,true,82,51,63,50,heuristic
7741,111765,11488,1024,677,true,172,168,184,153,heuristic
7742,111766,2996,256,239,true,65,47,66,61,heuristic
7743,111767,7052,512,476,true,99,144,146,87,heuristic
7744,111768,3040,256,246,true,70,48,63,65,heuristic
7745,111769,7748,512,541,true,137,133,134,137,heuristic
7746,111770,6484,512,444,true,124,109,113,98,heuristic
7747,111771,7044,512,478,true,132,101,141,104,heuristic
7748,111772,6744,512,465,true,130,102,129,104,heuristic
7749,111773,7008,512,480,true,120,120,124,116,heuristic
7750,111774,3328,256,278,true,54,79,73,72,heuristic
7751,111775,12096,1024,715,true,193,168,175,179,heuristic
7752,111776,12560,1024,752,true,201,180,202,169,heuristic
7753,111777,6504,512,438,true,106,106,129,97,heuristic
7754,111778,11528,1024,674,true,195,153,167,159,heuristic
7755,111779,5916,512,419,true,104,109,124,82,heuristic
7756,111780,7208,512,502,true,134,115,101,152,heuristic
7757,111781,6436,512,438,true,112,105,115,106,heuristic
7758,111782,7016,512,475,true,125,117,133,100,heuristic
7759,111783,3060,256,250,true,62,55,64,69,heuristic
7760,111784,14368,1024,837,true,206,219,210,202,heuristic
7761,111785,7156,512,489,true,124,125,146,94,heuristic
7762,111786,12292,1024,738,true,200,154,186,198,heuristic
7763,111787,6140,512,431,true,107,110,110,104,heuristic
7764,111788,7188,512,496,true,121,153,118,104,heuristic
7765,111789,12132,1024,726,true,162,193,178,193,heuristic
7766,111790,3184,256,264,true,67,66,53,78,heuristic
7767,111791,3628,256,296,true,82,73,73,68,heuristic
7768,111792,10376,1024,602,true,153,145,144,160,heuristic
7769,111793,12568,1024,743,true,183,203,181,176,heuristic
7770,111794,5460,512,375,true,106,87,102,80,heuristic
7771,111795,7240,512,494,true,137,117,136,104,heuristic
7772,111796,6984,512,482,true,131,111,132,108,heuristic
7773,111797,5292,512,359,true,92,86,100,81,heuristic
7774,111798,5700,512,401,true,123,77,108,93,heuristic
7775,111799,4868,512,334,true,91,72,90,81,heuristic
7776,111800,7352,512,506,true,131,117,129,129,heuristic
7777,111801,7160,512,490,true,128,114,111,137,heuristic
7778,111802,4128,256,317,true,91,70,91,65,heuristic
7779,111803,6436,512,437,true,127,92,120,98,heuristic
7780,111804,6884,512,469,true,106,127,136,100,heuristic
7781,111805,12264,1024,738,true,136,208,231,163,heuristic
7782,111806,3192,256,267,true,72,63,77,55,heuristic
7783,111807,7100,512,486,true,120,109,133,124,heuristic
7784,111808,14640,1024,854,true,215,195,249,195,heuristic
7785,111809,7292,512,492,true,125,125,130,112,heuristic
7786,111810,3184,256,260,true,64,65,87,44,heuristic
7787,111811,7084,512,483,true,124,124,133,102,heuristic
7788,111812,6968,512,475,true,113,122,131,109,heuristic
7789,111813,6556,512,447,true,143,89,124,91,heuristic
7790,111814,6676,512,458,true,120,98,123,117,heuristic
7791,111815,12164,1024,718,true,188,174,180,176,heuristic
7792,111816,16216,1024,960,true,260,227,246,227,heuristic
7793,111817,5296,512,361,true,113,71,94,83,heuristic
7794,111818,12040,1024,702,true,149,197,174,182,heuristic
7795,111819,6896,512,469,true,141,100,121,107,heuristic
7796,111820,3324,256,272,true,71,61,75,65,heuristic
7797,111821,12172,1024,725,true,157,195,166,207,heuristic
7798,111822,6524,512,444,true,112,109,114,109,heuristic
7799,111823,7112,512,483,true,131,98,131,123,heuristic
7800,111824,12104,1024,714,true,182,169,180,183,heuristic
7801,111825,14252,1024,813,true,201,209,196,207,heuristic
7802,111826,7040,512,477,true,118,130,125,104,heuristic
7803,111827,15380,1024,893,true,232,220,235,206,heuristic
7804,111828,14760,1024,871,true,236,188,226,221,heuristic
7805,111829,13628,1024,780,true,187,202,196,195,heuristic
7806,111830,12168,1024,724,true,187,196,174,167,heuristic
7807,111831,5412,512,377,true,109,88,107,73,heuristic
7808,111832,17592,1024,1000,false,267,242,259,232,heuristic
7809,111833,7312,512,495,true,136,106,135,118,heuristic
7810,111834,8652,512,548,true,127,159,120,142,heuristic
7811,111835,5596,512,388,true,97,99,103,89,heuristic
7812,111836,1388,128,141,true,35,37,35,34,heuristic
7813,111837,13812,1024,829,true,210,199,207,213,heuristic
7814,111838,12340,1024,733,true,197,182,145,209,heuristic
7815,111839,14380,1024,835,true,220,182,222,211,heuristic
7816,111840,6956,512,471,true,113,116,118,124,heuristic
7817,111841,6612,512,463,true,119,113,122,109,heuristic
7818,111842,12092,1024,714,true,212,152,174,176,heuristic
7819,111843,5324,512,368,true,75,105,92,96,heuristic
7820,111844,11368,1024,660,true,175,157,167,161,heuristic
7821,111845,7328,512,505,true,148,105,121,131,heuristic
7822,111846,4908,512,344,true,84,100,80,80,heuristic
7823,111847,7092,512,488,true,128,103,129,128,heuristic
7824,111848,5524,512,382,true,87,113,94,88,heuristic
7825,111849,7188,512,497,true,133,118,127,119,heuristic
7826,111850,11812,1024,709,true,199,159,200,151,heuristic
7827,111851,7024,512,472,true,118,113,103,138,heuristic
7828,111852,7208,512,499,true,119,134,135,111,heuristic
7829,111853,5288,512,363,true,100,92,95,76,heuristic
7830,111854,5536,512,389,true,93,88,111,97,heuristic
7831,111855,3320,256,272,true,75,74,71,52,heuristic
7832,111856,13200,1024,807,true,207,209,207,184,heuristic
7833,111857,8860,512,606,true,154,161,157,134,heuristic
7834,111858,13456,1024,801,true,215,182,194,210,heuristic
7835,111859,7040,512,478,true,138,106,137,97,heuristic
7836,111860,7152,512,488,true,115,124,130,119,heuristic
7837,111861,6180,512,437,true,134,99,101,103,heuristic
7838,111862,7136,512,495,true,118,126,118,133,heuristic
7839,111863,5880,512,411,true,125,80,105,101,heuristic
7840,111864,16224,1024,963,true,243,256,250,214,heuristic
7841,111865,5848,512,410,true,109,88,103,110,heuristic
7842,111866,11712,1024,697,true,176,169,174,178,heuristic
7843,111867,15152,1024,877,true,249,200,207,221,heuristic
7844,111868,10456,1024,606,true,138,164,162,142,heuristic
7845,111869,7140,512,490,true,123,128,123,116,heuristic
7846,111870,7076,512,486,true,124,115,123,124,heuristic
7847,111871,12056,1024,707,true,164,180,216,147,heuristic
7848,111872,7124,512,482,true,118,134,124,106,heuristic
7849,111873,7472,512,513,true,133,139,119,122,heuristic
7850,111874,13636,1024,777,true,187,200,187,203,heuristic
7851,111875,7052,512,475,true,122,120,113,120,heuristic
7852,111876,7336,512,508,true,153,121,141,93,heuristic
7853,111877,11584,1024,668,true,148,180,172,168,heuristic
7854,111878,5628,512,396,true,125,85,90,96,heuristic
7855,111879,5296,512,372,true,106,92,92,82,heuristic
7856,111880,7120,512,486,true,114,128,126,118,heuristic
7857,111881,2444,256,208,true,61,50,56,41,heuristic
7858,111882,3384,256,278,true,75,62,78,63,heuristic
7859,111883,7240,512,498,true,156,103,119,120,heuristic
7860,111884,7332,512,505,true,120,132,133,120,heuristic
7861,111885,7028,512,474,true,142,102,94,136,heuristic
7862,111886,7004,512,479,true,144,99,121,115,heuristic
7863,111887,6532,512,449,true,101,115,128,105,heuristic
7864,111888,7108,512,488,true,115,130,126,117,heuristic
7865,111889,3312,256,270,true,87,52,79,52,heuristic
7866,111890,14084,1024,818,true,209,199,204,206,heuristic
7867,111891,7068,512,480,true,139,112,132,97,heuristic
7868,111892,10604,1024,631,true,177,138,162,154,heuristic
7869,111893,11644,1024,684,true,175,181,168,160,heuristic
7870,111894,6508,512,444,true,109,103,135,97,heuristic
7871,111895,14216,1024,810,true,222,180,220,188,heuristic
7872,111896,7208,512,497,true,107,143,124,123,heuristic
7873,111897,5568,512,396,true,107,83,110,96,heuristic
7874,111898,14220,1024,827,true,233,188,225,181,heuristic
7875,111899,11440,1024,668,true,153,177,172,166,heuristic
7876,111900,6804,512,450,true,105,108,114,123,heuristic
7877,111901,3208,256,271,true,76,63,77,55,heuristic
7878,111902,7012,512,475,true,118,103,149,105,heuristic
7879,111903,11732,1024,679,true,168,157,148,206,heuristic
7880,111904,12148,1024,718,true,167,187,190,174,heuristic
7881,111905,12464,1024,747,true,180,194,215,158,heuristic
7882,111906,10780,1024,642,true,183,145,168,146,heuristic
7883,111907,6820,512,459,true,101,121,123,114,heuristic
7884,111908,7136,512,484,true,116,128,114,126,heuristic
7885,111909,7812,512,545,true,156,133,121,135,heuristic
7886,111910,7140,512,489,true,117,121,123,128,heuristic
7887,111911,12080,1024,713,true,195,154,183,181,heuristic
7888,111912,12160,1024,720,true,205,162,183,170,heuristic
7889,111913,12836,1024,772,true,197,180,176,219,heuristic
7890,111914,15560,1024,899,true,243,196,225,235,heuristic
7891,111915,7784,512,534,true,141,131,143,119,heuristic
7892,111916,6752,512,453,true,139,103,98,113,heuristic
7893,111917,7260,512,514,true,137,128,112,137,heuristic
7894,111918,15116,1024,896,true,228,231,226,211,heuristic
7895,111919,3800,256,307,true,79,80,74,74,heuristic
7896,111920,3776,256,301,true,76,82,69,74,heuristic
7897,111921,7036,512,476,true,133,106,113,124,heuristic
7898,111922,7172,512,494,true,131,126,119,118,heuristic
7899,111923,7372,512,510,true,138,122,134,116,heuristic
7900,111924,5824,512,417,true,99,121,105,92,heuristic
7901,111925,7144,512,490,true,126,120,129,115,heuristic
7902,111926,6520,512,442,true,123,104,122,93,heuristic
7903,111927,10632,1024,633,true,160,149,161,163,heuristic
7904,111928,5608,512,391,true,104,88,114,85,heuristic
7905,111929,14036,1024,803,true,227,177,208,191,heuristic
7906,111930,10716,1024,639,true,170,156,172,141,heuristic
7907,111931,3372,256,279,true,82,63,77,57,heuristic
7908,111932,7120,512,485,true,112,116,143,114,heuristic
7909,111933,14340,1024,825,true,194,200,258,173,heuristic
7910,111934,10668,1024,631,true,164,132,156,179,heuristic
7911,111935,15396,1024,901,true,224,227,264,186,heuristic
7912,111936,11976,1024,703,true,183,183,146,191,heuristic
7913,111937,6128,512,424,true,114,97,110,103,heuristic
7914,111938,6972,512,477,true,126,114,133,104,heuristic
7915,111939,3420,256,287,true,82,66,83,56,heuristic
7916,111940,1564,128,164,true,45,41,54,24,heuristic
7917,111941,14188,1024,818,true,214,175,224,205,heuristic
7918,111942,7112,512,483,true,141,117,127,98,heuristic
7919,111943,7124,512,485,true,123,128,126,108,heuristic
7920,111944,14628,1024,857,true,196,226,195,240,heuristic
7921,111945,7116,512,494,true,127,123,121,123,heuristic
7922,111946,12248,1024,731,true,190,181,168,192,heuristic
7923,111947,3368,256,277,true,63,78,72,64,heuristic
7924,111948,7536,512,509,true,156,99,119,135,heuristic
7925,111949,7096,512,490,true,155,104,133,98,heuristic
7926,111950,10708,1024,637,true,170,148,164,155,heuristic
7927,111951,7916,512,532,true,141,124,124,143,heuristic
7928,111952,7388,512,514,true,127,131,128,128,heuristic
7929,111953,7092,512,485,true,124,116,119,126,heuristic
7930,111954,7416,512,515,true,135,117,136,127,heuristic
7931,111955,6372,512,421,true,134,79,97,111,heuristic
7932,111956,7096,512,486,true,114,125,115,132,heuristic
7933,111957,11584,1024,669,true,180,168,175,146,heuristic
7934,111958,1900,128,184,true,47,49,56,32,heuristic
7935,111959,5372,512,376,true,104,89,98,85,heuristic
7936,111960,11648,1024,684,true,180,168,201,135,heuristic
7937,111961,7292,512,500,true,114,121,119,146,heuristic
7938,111962,5448,512,378,true,118,81,104,75,heuristic
7939,111963,12368,1024,737,true,220,155,204,158,heuristic
7940,111964,14344,1024,832,true,208,215,205,204,heuristic
7941,111965,11904,1024,700,true,167,193,164,176,heuristic
7942,111966,7240,512,495,true,131,112,125,127,heuristic
7943,111967,5412,512,374,true,117,70,103,84,heuristic
7944,111968,11636,1024,680,true,167,158,204,151,heuristic
7945,111969,3820,256,311,true,78,76,99,58,heuristic
7946,111970,5356,512,372,true,102,84,103,83,heuristic
7947,111971,14504,1024,854,true,241,209,210,194,heuristic
7948,111972,12176,1024,719,true,170,191,181,177,heuristic
7949,111973,15056,1024,865,true,240,183,232,210,heuristic
7950,111974,7128,512,486,true,131,119,102,134,heuristic
7951,111975,5320,512,367,true,88,92,111,76,heuristic
7952,111976,7080,512,482,true,115,119,130,118,heuristic
7953,111977,11980,1024,708,true,197,155,182,174,heuristic
7954,111978,7056,512,481,true,132,114,121,114,heuristic
7955,111979,7328,512,501,true,127,116,116,142,heuristic
7956,111980,6800,512,460,true,123,110,123,104,heuristic
7957,111981,14660,1024,854,true,206,217,249,182,heuristic
7958,111982,3260,256,272,true,67,61,75,69,heuristic
7959,111983,5456,512,380,true,116,83,88,93,heuristic
7960,111984,12240,1024,720,true,175,188,197,160,heuristic
7961,111985,6800,512,448,true,124,109,104,111,heuristic
7962,111986,7456,512,520,true,140,115,147,118,heuristic
7963,111987,3060,256,251,true,55,79,56,61,heuristic
7964,111988,5600,512,388,true,108,85,111,84,heuristic
7965,111989,3184,256,264,true,80,58,70,56,heuristic
7966,111990,3924,256,320,true,89,82,74,75,heuristic
7967,111991,6896,512,472,true,117,120,134,101,heuristic
7968,111992,12236,1024,731,true,198,176,208,149,heuristic
7969,111993,3476,256,290,true,87,59,73,71,heuristic
7970,111994,3100,256,261,true,74,60,69,58,heuristic
7971,111995,6852,512,462,true,123,119,136,84,heuristic
7972,111996,3420,256,273,true,77,64,83,49,heuristic
7973,111997,7060,512,481,true,135,122,111,113,heuristic
7974,111998,7076,512,481,true,125,122,124,110,heuristic
7975,111999,7124,512,491,true,120,113,130,128,heuristic
7976,112000,10500,1024,621,true,168,139,167,147,heuristic
7977,112001,3228,256,271,true,63,62,73,73,heuristic
7978,112002,11668,1024,689,true,193,166,194,136,heuristic
7979,112003,6260,512,422,true,115,95,113,99,heuristic
7980,112004,6620,512,451,true,119,115,114,103,heuristic
7981,112005,6396,512,432,true,108,103,78,143,heuristic
7982,112006,14336,1024,833,true,249,172,222,190,heuristic
7983,112007,10524,1024,620,true,174,141,158,147,heuristic
7984,112008,7184,512,495,true,129,122,126,118,heuristic
7985,112009,7444,512,501,true,165,90,119,127,heuristic
7986,112010,12224,1024,733,true,198,179,180,176,heuristic
7987,112011,6068,512,429,true,110,116,90,113,heuristic
7988,112012,5600,512,400,true,107,93,105,95,heuristic
7989,112013,16124,1024,954,true,238,244,241,231,heuristic
7990,112014,7120,512,485,true,131,119,128,107,heuristic
7991,112015,11736,1024,687,true,209,157,145,176,heuristic
7992,112016,7160,512,495,true,135,115,144,101,heuristic
7993,112017,5616,512,391,true,93,112,102,84,heuristic
7994,112018,13744,1024,790,true,183,206,212,189,heuristic
7995,112019,4724,512,321,true,77,79,94,71,heuristic
7996,112020,3296,256,275,true,70,64,68,73,heuristic
7997,112021,12372,1024,738,true,202,165,160,211,heuristic
7998,112022,11408,1024,661,true,155,172,168,166,heuristic
7999,112023,7136,512,489,true,130,104,140,115,heuristic
8000,112024,3868,256,318,true,101,66,80,71,heuristic
8001,112025,11860,1024,697,true,200,142,158,197,heuristic
8002,112026,12156,1024,717,true,172,185,191,169,heuristic
8003,112027,12388,1024,741,true,227,153,206,155,heuristic
8004,112028,7552,512,521,true,136,118,140,127,heuristic
8005,112029,3204,256,268,true,74,68,82,44,heuristic
8006,112030,11604,1024,677,true,175,171,158,173,heuristic
8007,112031,4568,256,358,true,101,85,88,84,heuristic
8008,112032,5664,512,400,true,89,110,110,91,heuristic
8009,112033,7160,512,490,true,127,118,115,130,heuristic
8010,112034,7828,512,545,true,165,122,129,129,heuristic
8011,112035,7016,512,486,true,131,114,126,115,heuristic
8012,112036,7216,512,504,true,123,128,142,111,heuristic
8013,112037,10496,1024,619,true,155,155,163,146,heuristic
8014,112038,2860,256,247,true,67,53,60,67,heuristic
8015,112039,7124,512,486,true,124,130,113,119,heuristic
8016,112040,7112,512,490,true,135,120,132,103,heuristic
8017,112041,2996,256,246,true,62,68,74,42,heuristic
8018,112042,6800,512,459,true,107,119,110,123,heuristic
8019,112043,6408,512,437,true,125,102,120,90,heuristic
8020,112044,7200,512,499,true,146,106,132,115,heuristic
8021,112045,7468,512,523,true,124,141,124,134,heuristic
8022,112046,7332,512,501,true,119,134,129,119,heuristic
8023,112047,15804,1024,938,true,255,217,238,228,heuristic
8024,112048,7108,512,486,true,116,128,121,121,heuristic
8025,112049,11988,1024,694,true,149,193,182,170,heuristic
8026,112050,7088,512,488,true,102,143,124,119,heuristic
8027,112051,12008,1024,695,true,182,161,182,170,heuristic
8028,112052,7012,512,471,true,99,130,116,126,heuristic
8029,112053,6916,512,477,true,137,110,124,106,heuristic
8030,112054,7408,512,501,true,136,107,135,123,heuristic
8031,112055,5372,512,374,true,113,79,88,94,heuristic
8032,112056,11988,1024,694,true,193,149,219,133,heuristic
8033,112057,7196,512,499,true,129,116,149,105,heuristic
8034,112058,6860,512,467,true,105,121,139,102,heuristic
8035,112059,14484,1024,838,true,192,225,230,191,heuristic
8036,112060,5652,512,383,true,110,87,110,76,heuristic
8037,112061,10368,1024,604,true,172,125,160,147,heuristic
8038,112062,12240,1024,735,true,209,168,199,159,heuristic
8039,112063,7332,512,501,true,155,98,133,115,heuristic
8040,112064,7460,512,520,true,158,99,128,135,heuristic
8041,112065,7168,512,492,true,140,123,129,100,heuristic
8042,112066,7560,512,520,true,132,131,122,135,heuristic
8043,112067,12272,1024,738,true,194,189,185,170,heuristic
8044,112068,7488,512,513,true,143,110,138,122,heuristic
8045,112069,7356,512,507,true,143,111,138,115,heuristic
8046,112070,10812,1024,646,true,204,133,169,140,heuristic
8047,112071,7304,512,498,true,113,127,142,116,heuristic
8048,112072,6936,512,477,true,124,114,120,119,heuristic
8049,112073,7456,512,501,true,133,123,133,112,heuristic
8050,112074,11916,1024,705,true,204,146,184,171,heuristic
8051,112075,6404,512,434,true,119,97,113,105,heuristic
8052,112076,5708,512,400,true,98,103,106,93,heuristic
8053,112077,14328,1024,826,true,224,186,212,204,heuristic
8054,112078,11444,1024,665,true,170,147,187,161,heuristic
8055,112079,7048,512,480,true,138,115,111,116,heuristic
8056,112080,12208,1024,726,true,205,161,175,185,heuristic
8057,112081,3380,256,267,true,65,66,66,70,heuristic
8058,112082,15636,1024,914,true,198,249,248,219,heuristic
8059,112083,10488,1024,618,true,159,152,156,151,heuristic
8060,112084,7032,512,475,true,130,111,119,115,heuristic
8061,112085,7152,512,489,true,123,120,113,133,heuristic
8062,112086,10584,1024,629,true,163,145,170,151,heuristic
8063,112087,5448,512,383,true,107,87,85,104,heuristic
8064,112088,6180,512,436,true,127,97,118,94,heuristic
8065,112089,7128,512,487,true,140,101,100,146,heuristic
8066,112090,11796,1024,699,true,184,185,191,139,heuristic
8067,112091,5088,512,360,true,105,81,103,71,heuristic
8068,112092,6864,512,465,true,103,128,114,120,heuristic
8069,112093,7240,512,494,true,129,125,114,126,heuristic
8070,112094,12208,1024,718,true,171,181,181,185,heuristic
8071,112095,7260,512,503,true,152,102,135,114,heuristic
8072,112096,10496,1024,615,true,174,138,142,161,heuristic
8073,112097,5704,512,403,true,92,102,107,102,heuristic
8074,112098,7188,512,498,true,133,134,124,107,heuristic
8075,112099,6492,512,447,true,102,113,126,106,heuristic
8076,112100,12508,1024,755,true,200,172,209,174,heuristic
8077,112101,6476,512,442,true,136,78,121,107,heuristic
8078,112102,6928,512,468,true,121,124,102,121,heuristic
8079,112103,3268,256,272,true,71,67,67,67,heuristic
8080,112104,13844,1024,832,true,207,215,223,187,heuristic
8081,112105,7456,512,520,true,117,137,144,122,heuristic
8082,112106,6388,512,426,true,101,112,119,94,heuristic
8083,112107,7156,512,493,true,131,120,119,123,heuristic
8084,112108,5496,512,394,true,105,92,96,101,heuristic
8085,112109,14212,1024,813,true,204,213,213,183,heuristic
8086,112110,2668,256,229,true,64,57,48,60,heuristic
8087,112111,12284,1024,731,true,186,188,195,162,heuristic
8088,112112,7116,512,491,true,139,117,105,130,heuristic
8089,112113,6880,512,475,true,117,116,114,128,heuristic
8090,112114,3820,256,310,true,83,75,92,60,heuristic
8091,112115,14744,1024,866,true,229,211,183,243,heuristic
8092,112116,4360,512,288,true,56,80,94,58,heuristic
8093,112117,3576,256,301,true,64,81,81,75,heuristic
8094,112118,11056,1024,650,true,192,140,194,124,heuristic
8095,112119,12288,1024,738,true,187,191,209,151,heuristic
8096,112120,7204,512,497,true,117,123,131,126,heuristic
8097,112121,12492,1024,751,true,201,176,213,161,heuristic
8098,112122,7852,512,540,true,151,119,140,130,heuristic
8099,112123,3552,256,296,true,93,56,78,69,heuristic
8100,112124,5384,512,379,true,93,98,85,103,heuristic
8101,112125,7564,512,516,true,123,138,124,131,heuristic
8102,112126,15360,1024,889,true,215,222,226,226,heuristic
8103,112127,10588,1024,613,true,163,152,140,158,heuristic
8104,112128,5456,512,384,true,107,87,83,107,heuristic
8105,112129,7188,512,496,true,144,108,119,125,heuristic
8106,112130,7088,512,473,true,118,122,129,104,heuristic
8107,112131,6912,512,472,true,134,99,127,112,heuristic
8108,112132,11980,1024,708,true,205,158,185,160,heuristic
8109,112133,5424,512,377,true,99,86,96,96,heuristic
8110,112134,5584,512,384,true,129,64,86,105,heuristic
8111,112135,6652,512,459,true,98,125,140,96,heuristic
8112,112136,6804,512,475,true,127,115,121,112,heuristic
8113,112137,7148,512,487,true,128,114,121,124,heuristic
8114,112138,7076,512,486,true,143,105,129,109,heuristic
8115,112139,7160,512,494,true,134,117,117,126,heuristic
8116,112140,12216,1024,730,true,214,167,166,183,heuristic
8117,112141,7036,512,476,true,118,120,129,109,heuristic
8118,112142,10428,1024,608,true,153,155,148,152,heuristic
8119,112143,14500,1024,848,true,248,187,205,208,heuristic
8120,112144,12732,1024,764,true,176,211,183,194,heuristic
8121,112145,6648,512,458,true,130,110,129,89,heuristic
8122,112146,14764,1024,856,true,207,214,231,204,heuristic
8123,112147,7816,512,542,true,141,126,144,131,heuristic
8124,112148,5376,512,369,true,111,87,82,89,heuristic
8125,112149,7180,512,492,true,103,133,137,119,heuristic
8126,112150,3056,256,249,true,72,53,56,68,heuristic
8127,112151,14300,1024,824,true,213,209,198,204,heuristic
8128,112152,7528,512,533,true,141,128,136,128,heuristic
8129,112153,6536,512,448,true,118,96,116,118,heuristic
8130,112154,11460,1024,665,true,149,202,165,149,heuristic
8131,112155,7120,512,492,true,145,110,144,93,heuristic
8132,112156,12448,1024,744,true,199,193,162,190,heuristic
8133,112157,8056,512,539,true,136,130,129,144,heuristic
8134,112158,12076,1024,712,true,191,171,182,168,heuristic
8135,112159,5292,512,359,true,79,100,96,84,heuristic
8136,112160,6852,512,461,true,127,111,117,106,heuristic
8137,112161,6420,512,433,true,122,105,103,103,heuristic
8138,112162,7112,512,482,true,133,112,137,100,heuristic
8139,112163,11196,1024,660,true,179,146,160,175,heuristic
8140,112164,15524,1024,885,true,237,226,212,210,heuristic
8141,112165,7336,512,506,true,114,136,145,111,heuristic
8142,112166,11796,1024,689,true,167,165,174,183,heuristic
8143,112167,7348,512,505,true,111,137,111,146,heuristic
8144,112168,14456,1024,846,true,221,193,253,179,heuristic
8145,112169,7612,512,523,true,143,122,149,109,heuristic
8146,112170,4656,512,318,true,80,83,91,64,heuristic
8147,112171,10092,1024,569,true,139,158,142,130,heuristic
8148,112172,7348,512,505,true,122,126,143,114,heuristic
8149,112173,14408,1024,835,true,199,230,242,164,heuristic
8150,112174,7460,512,517,true,113,144,130,130,heuristic
8151,112175,15460,1024,902,true,220,219,224,239,heuristic
8152,112176,11324,1024,651,true,171,159,177,144,heuristic
8153,112177,7224,512,500,true,135,126,111,128,heuristic
8154,112178,3472,256,288,true,76,61,81,70,heuristic
8155,112179,7592,512,525,true,126,145,117,137,heuristic
8156,112180,3300,256,276,true,78,56,72,70,heuristic
8157,112181,9936,1024,578,true,150,145,148,135,heuristic
8158,112182,14136,1024,822,true,226,199,205,192,heuristic
8159,112183,7132,512,484,true,126,130,122,106,heuristic
8160,112184,5328,512,369,true,92,82,87,108,heuristic
8161,112185,6028,512,416,true,128,77,111,100,heuristic
8162,112186,7028,512,473,true,114,126,105,128,heuristic
8163,112187,6788,512,451,true,113,109,126,103,heuristic
8164,112188,3364,256,278,true,72,69,91,46,heuristic
8165,112189,11824,1024,685,true,163,174,188,160,heuristic
8166,112190,7100,512,486,true,108,125,125,128,heuristic
8167,112191,10828,1024,651,true,157,170,160,164,heuristic
8168,112192,7076,512,484,true,120,115,161,88,heuristic
8169,112193,7436,512,519,true,129,126,134,130,heuristic
8170,112194,3920,256,320,true,87,81,74,78,heuristic
8171,112195,12052,1024,710,true,185,172,180,173,heuristic
8172,112196,7360,512,512,true,137,110,129,136,heuristic
8173,112197,5408,512,373,true,115,81,97,80,heuristic
8174,112198,6284,512,416,true,133,86,85,112,heuristic
8175,112199,6816,512,457,true,126,107,111,113,heuristic
8176,112200,3492,256,293,true,83,66,66,78,heuristic
8177,112201,15968,1024,942,true,223,242,259,218,heuristic
8178,112202,3744,256,297,true,107,49,78,63,heuristic
8179,112203,7240,512,495,true,135,123,107,130,heuristic
8180,112204,7408,512,509,true,153,107,131,118,heuristic
8181,112205,7068,512,484,true,125,124,119,116,heuristic
8182,112206,7076,512,485,true,131,116,123,115,heuristic
8183,112207,11440,1024,666,true,147,191,142,186,heuristic
8184,112208,3148,256,267,true,70,59,80,58,heuristic
8185,112209,6256,512,425,true,106,115,95,109,heuristic
8186,112210,3132,256,256,true,68,63,56,69,heuristic
8187,112211,3296,256,275,true,67,76,79,53,heuristic
8188,112212,12148,1024,718,true,189,176,176,177,heuristic
8189,112213,9732,512,641,true,158,178,164,141,heuristic
8190,112214,16032,1024,936,true,232,233,240,231,heuristic
8191,112215,6864,512,464,true,135,96,124,109,heuristic
8192,112216,6120,512,427,true,96,109,110,112,heuristic
8193,112217,7960,512,551,true,137,147,159,108,heuristic
8194,112218,6968,512,468,true,130,114,106,118,heuristic
8195,112219,14292,1024,821,true,212,193,200,216,heuristic
8196,112220,16544,1024,976,true,241,250,291,194,heuristic
8197,112221,5596,512,391,true,90,105,108,88,heuristic
8198,112222,11568,1024,681,true,188,137,216,140,heuristic
8199,112223,12372,1024,741,true,197,186,206,152,heuristic
8200,112224,6804,512,466,true,123,118,124,101,heuristic
8201,112225,7196,512,495,true,129,120,142,104,heuristic
8202,112226,7096,512,486,true,124,130,105,127,heuristic
8203,112227,7576,512,526,true,142,126,130,128,heuristic
8204,112228,7224,512,502,true,126,121,136,119,heuristic
8205,112229,10492,1024,604,true,148,163,136,157,heuristic
8206,112230,7596,512,519,true,126,133,141,119,heuristic
8207,112231,10136,1024,599,true,152,143,160,144,heuristic
8208,112232,6988,512,475,true,134,109,112,120,heuristic
8209,112233,7308,512,496,true,114,133,136,113,heuristic
8210,112234,12080,1024,708,true,200,168,178,162,heuristic
8211,112235,5504,512,381,true,106,88,99,88,heuristic
8212,112236,7148,512,491,true,133,115,119,124,heuristic
8213,112237,5436,512,379,true,97,92,98,92,heuristic
8214,112238,8188,512,558,true,148,135,143,132,heuristic
8215,112239,3068,256,249,true,68,59,69,53,heuristic
8216,112240,3092,256,253,true,80,56,62,55,heuristic
8217,112241,10652,1024,620,true,158,150,183,129,heuristic
8218,112242,7240,512,494,true,131,117,146,100,heuristic
8219,112243,12320,1024,735,true,201,170,189,175,heuristic
8220,112244,7180,512,498,true,129,110,127,132,heuristic
8221,112245,8692,512,558,true,153,126,138,141,heuristic
8222,112246,14568,1024,857,true,200,223,187,247,heuristic
8223,112247,7328,512,501,true,115,117,141,128,heuristic
8224,112248,12472,1024,746,true,174,212,175,185,heuristic
8225,112249,3776,256,301,true,87,68,68,78,heuristic
8226,112250,5356,512,371,true,92,100,95,84,heuristic
8227,112251,5712,512,404,true,114,90,104,96,heuristic
8228,112252,6896,512,473,true,141,104,122,106,heuristic
8229,112253,11684,1024,690,true,156,197,181,156,heuristic
8230,112254,6464,512,440,true,122,94,128,96,heuristic
8231,112255,7084,512,487,true,126,111,95,155,heuristic
8232,112256,9460,512,617,true,143,174,149,151,heuristic
8233,112257,6404,512,434,true,109,104,101,120,heuristic
8234,112258,12392,1024,750,true,180,189,202,179,heuristic
8235,112259,5428,512,377,true,81,106,91,99,heuristic
8236,112260,5476,512,390,true,106,96,106,82,heuristic
8237,112261,3496,256,293,true,74,73,77,69,heuristic
8238,112262,11996,1024,704,true,169,175,165,195,heuristic
8239,112263,3876,256,321,true,61,99,88,73,heuristic
8240,112264,5388,512,378,true,106,96,87,89,heuristic
8241,112265,2916,256,241,true,67,49,61,64,heuristic
8242,112266,2836,256,230,true,58,57,67,48,heuristic
8243,112267,7012,512,475,true,133,102,123,117,heuristic
8244,112268,5652,512,393,true,114,82,96,101,heuristic
8245,112269,7240,512,504,true,149,105,110,140,heuristic
8246,112270,11880,1024,698,true,204,158,192,144,heuristic
8247,112271,7368,512,514,true,159,98,150,107,heuristic
8248,112272,3456,256,289,true,63,75,79,72,heuristic
8249,112273,7244,512,506,true,149,109,120,128,heuristic
8250,112274,7172,512,494,true,142,113,127,112,heuristic
8251,112275,10448,1024,613,true,160,154,162,137,heuristic
8252,112276,9732,1024,559,true,136,150,161,112,heuristic
8253,112277,11484,1024,674,true,168,173,164,169,heuristic
8254,112278,6816,512,478,true,123,113,135,107,heuristic
8255,112279,2804,256,245,true,71,58,71,45,heuristic
8256,112280,7052,512,479,true,119,134,104,122,heuristic
8257,112281,7168,512,491,true,123,112,142,114,heuristic
8258,112282,3340,256,271,true,68,68,75,60,heuristic
8259,112283,3772,256,299,true,80,79,74,66,heuristic
8260,112284,12684,1024,758,true,174,203,192,189,heuristic
8261,112285,7892,512,529,true,135,122,139,133,heuristic
8262,112286,14660,1024,861,true,199,224,228,210,heuristic
8263,112287,5452,512,383,true,99,104,92,88,heuristic
8264,112288,12212,1024,728,true,197,171,219,141,heuristic
8265,112289,3136,256,257,true,82,46,77,52,heuristic
8266,112290,7204,512,500,true,138,115,139,108,heuristic
8267,112291,15116,1024,895,true,233,221,211,230,heuristic
8268,112292,8124,512,544,true,142,147,122,133,heuristic
8269,112293,3448,256,287,true,70,84,73,60,heuristic
8270,112294,7748,512,529,true,136,119,133,141,heuristic
8271,112295,5320,512,367,true,103,86,95,83,heuristic
8272,112296,6560,512,446,true,113,100,114,119,heuristic
8273,112297,6920,512,474,true,126,114,120,114,heuristic
8274,112298,12452,1024,752,true,170,221,193,168,heuristic
8275,112299,6144,512,432,true,121,105,111,95,heuristic
8276,112300,7200,512,496,true,134,122,125,115,heuristic
8277,112301,7388,512,514,true,137,130,130,117,heuristic
8278,112302,10880,1024,646,true,158,162,182,144,heuristic
8279,112303,3204,256,269,true,69,65,88,47,heuristic
8280,112304,5752,512,410,true,107,96,111,96,heuristic
8281,112305,15432,1024,906,true,203,242,240,221,heuristic
8282,112306,6816,512,458,true,170,77,95,116,heuristic
8283,112307,3020,256,241,true,64,55,61,61,heuristic
8284,112308,7076,512,482,true,146,110,118,108,heuristic
8285,112309,7076,512,485,true,133,124,121,107,heuristic
8286,112310,7072,512,485,true,127,118,118,122,heuristic
8287,112311,11876,1024,693,true,196,151,186,160,heuristic
8288,112312,5924,512,416,true,115,95,115,91,heuristic
8289,112313,15444,1024,902,true,271,170,249,212,heuristic
8290,112314,3704,256,302,true,86,59,67,90,heuristic
8291,112315,7184,512,495,true,135,102,137,121,heuristic
8292,112316,14360,1024,835,true,212,218,190,215,heuristic
8293,112317,7196,512,483,true,128,106,136,113,heuristic
8294,112318,15220,1024,874,true,209,250,194,221,heuristic
8295,112319,10188,1024,587,true,161,151,138,137,heuristic
8296,112320,7772,512,532,true,154,118,133,127,heuristic
8297,112321,2852,256,230,true,63,53,64,50,heuristic
8298,112322,6664,512,456,true,135,85,127,109,heuristic
8299,112323,5724,512,402,true,83,116,93,110,heuristic
8300,112324,6700,512,468,true,114,122,89,143,heuristic
8301,112325,3476,256,288,true,71,67,72,78,heuristic
8302,112326,3212,256,261,true,83,51,67,60,heuristic
8303,112327,5632,512,398,true,108,90,100,100,heuristic
8304,112328,7188,512,497,true,118,121,146,112,heuristic
8305,112329,7332,512,505,true,141,114,134,116,heuristic
8306,112330,3060,256,250,true,67,56,66,61,heuristic
8307,112331,6348,512,427,true,113,104,123,87,heuristic
8308,112332,14348,1024,836,true,240,187,179,230,heuristic
8309,112333,15304,1024,883,true,232,195,208,248,heuristic
8310,112334,3760,256,301,true,93,63,89,56,heuristic
8311,112335,7368,512,506,true,134,118,126,128,heuristic
8312,112336,3452,256,287,true,64,89,74,60,heuristic
8313,112337,7244,512,496,true,134,110,135,117,heuristic
8314,112338,8328,512,562,true,150,130,155,127,heuristic
8315,112339,4040,256,334,true,77,86,89,82,heuristic
8316,112340,7184,512,496,true,131,122,125,118,heuristic
8317,112341,12620,1024,755,true,179,196,199,181,heuristic
8318,112342,7440,512,515,true,150,110,132,123,heuristic
8319,112343,7092,512,481,true,117,119,109,136,heuristic
8320,112344,7000,512,471,true,139,96,128,108,heuristic
8321,112345,11996,1024,703,true,181,173,186,163,heuristic
8322,112346,5548,512,386,true,111,85,107,83,heuristic
8323,112347,6136,512,431,true,121,104,107,99,heuristic
8324,112348,7736,512,538,true,147,117,149,125,heuristic
8325,112349,15408,1024,893,true,249,202,232,210,heuristic
8326,112350,3132,256,257,true,68,61,54,74,heuristic
8327,112351,15344,1024,888,true,242,223,226,197,heuristic
8328,112352,5204,512,357,true,89,98,91,79,heuristic
8329,112353,14684,1024,868,true,215,219,197,237,heuristic
8330,112354,7328,512,504,true,131,126,130,117,heuristic
8331,112355,15328,1024,903,true,205,244,244,210,heuristic
8332,112356,7324,512,511,true,124,124,135,128,heuristic
8333,112357,6480,512,441,true,107,109,100,125,heuristic
8334,112358,10380,1024,603,true,149,147,174,133,heuristic
8335,112359,12068,1024,709,true,177,182,178,172,heuristic
8336,112360,6736,512,449,true,122,101,107,119,heuristic
8337,112361,5412,512,373,true,112,81,90,90,heuristic
8338,112362,6888,512,469,true,130,106,125,108,heuristic
8339,112363,15828,1024,923,true,239,245,232,207,heuristic
8340,112364,6440,512,437,true,122,89,114,112,heuristic
8341,112365,7188,512,496,true,137,117,115,127,heuristic
8342,112366,7076,512,480,true,120,109,139,112,heuristic
8343,112367,2976,256,241,true,66,62,56,57,heuristic
8344,112368,6884,512,470,true,130,103,116,121,heuristic
8345,112369,7088,512,483,true,128,121,114,120,heuristic
8346,112370,7044,512,483,true,117,119,119,128,heuristic
8347,112371,14628,1024,855,true,241,203,197,214,heuristic
8348,112372,13708,1024,783,true,218,169,221,175,heuristic
8349,112373,3396,256,281,true,86,61,78,56,heuristic
8350,112374,7108,512,489,true,120,128,135,106,heuristic
8351,112375,7524,512,532,true,133,130,132,137,heuristic
8352,112376,5560,512,379,true,96,97,84,102,heuristic
8353,112377,5492,512,385,true,110,90,98,87,heuristic
8354,112378,12908,1024,779,true,199,198,194,188,heuristic
8355,112379,3200,256,268,true,77,60,70,61,heuristic
8356,112380,5632,512,396,true,124,75,103,94,heuristic
8357,112381,6504,512,443,true,107,125,100,111,heuristic
8358,112382,7008,512,470,true,127,108,117,118,heuristic
8359,112383,13084,1024,771,true,167,202,198,204,heuristic
8360,112384,5300,512,362,true,109,73,90,90,heuristic
8361,112385,3060,256,250,true,74,53,75,48,heuristic
8362,112386,5464,512,386,true,104,98,94,90,heuristic
8363,112387,10508,1024,618,true,143,166,147,162,heuristic
8364,112388,5036,512,354,true,84,90,85,95,heuristic
8365,112389,6932,512,476,true,135,115,128,98,heuristic
8366,112390,7160,512,489,true,134,107,117,131,heuristic
8367,112391,15104,1024,873,true,208,226,229,210,heuristic
8368,112392,3236,256,270,true,73,61,80,56,heuristic
8369,112393,7036,512,480,true,109,126,114,131,heuristic
8370,112394,5568,512,385,true,103,94,107,81,heuristic
8371,112395,12480,1024,751,true,189,195,184,183,heuristic
8372,112396,7184,512,500,true,115,138,122,125,heuristic
8373,112397,15628,1024,915,true,211,232,241,231,heuristic
8374,112398,3912,256,318,true,93,72,90,63,heuristic
8375,112399,3028,256,248,true,58,65,75,50,heuristic
8376,112400,7180,512,494,true,132,135,134,93,heuristic
8377,112401,3192,256,267,true,79,60,82,46,heuristic
8378,112402,7092,512,482,true,135,108,109,130,heuristic
8379,112403,12324,1024,741,true,229,136,199,177,heuristic
8380,112404,3444,256,286,true,85,68,61,72,heuristic
8381,112405,14140,1024,811,true,200,212,220,179,heuristic
8382,112406,12092,1024,720,true,222,146,158,194,heuristic
8383,112407,12048,1024,714,true,188,172,152,202,heuristic
8384,112408,7204,512,500,true,101,141,129,129,heuristic
8385,112409,15324,1024,883,true,212,222,231,218,heuristic
8386,112410,7200,512,494,true,128,125,130,111,heuristic
8387,112411,7624,512,525,true,144,124,133,124,heuristic
8388,112412,12456,1024,735,true,169,180,210,176,heuristic
8389,112413,10696,1024,633,true,175,146,170,142,heuristic
8390,112414,7112,512,490,true,123,129,120,118,heuristic
8391,112415,6844,512,459,true,123,106,111,119,heuristic
8392,112416,11848,1024,699,true,191,157,183,168,heuristic
8393,112417,6768,512,472,true,132,97,145,98,heuristic
8394,112418,6296,512,419,true,91,115,103,110,heuristic
8395,112419,12472,1024,735,true,225,136,192,182,heuristic
8396,112420,6764,512,471,true,142,90,107,132,heuristic
8397,112421,7380,512,505,true,116,142,129,118,heuristic
8398,112422,5412,512,374,true,98,95,97,84,heuristic
8399,112423,5608,512,394,true,88,108,98,100,heuristic
8400,112424,5436,512,380,true,121,72,90,97,heuristic
8401,112425,6512,512,444,true,113,105,118,108,heuristic
8402,112426,12044,1024,704,true,171,181,174,178,heuristic
8403,112427,7196,512,499,true,134,127,113,125,heuristic
8404,112428,7124,512,486,true,122,117,140,107,heuristic
8405,112429,12364,1024,737,true,201,174,195,167,heuristic
8406,112430,7200,512,500,true,121,134,137,108,heuristic
8407,112431,12316,1024,734,true,196,172,183,183,heuristic
8408,112432,7088,512,484,true,142,115,97,130,heuristic
8409,112433,14416,1024,845,true,200,220,217,208,heuristic
8410,112434,5568,512,397,true,111,96,94,96,heuristic
8411,112435,2416,256,202,true,62,46,50,44,heuristic
8412,112436,7144,512,487,true,138,114,150,85,heuristic
8413,112437,10548,1024,630,true,176,143,169,142,heuristic
8414,112438,5360,512,375,true,132,63,98,82,heuristic
8415,112439,7028,512,479,true,122,125,100,132,heuristic
8416,112440,10468,1024,609,true,145,164,164,136,heuristic
8417,112441,2812,256,245,true,67,55,58,65,heuristic
8418,112442,2940,256,247,true,66,64,53,64,heuristic
8419,112443,7064,512,478,true,129,112,132,105,heuristic
8420,112444,7084,512,483,true,138,107,123,115,heuristic
8421,112445,14216,1024,830,true,231,207,184,208,heuristic
8422,112446,3408,256,284,true,70,74,57,83,heuristic
8423,112447,5492,512,375,true,109,82,94,90,heuristic
8424,112448,7216,512,483,true,123,112,117,131,heuristic
8425,112449,7180,512,488,true,130,114,127,117,heuristic
8426,112450,10340,1024,598,true,152,153,159,134,heuristic
8427,112451,12328,1024,742,true,205,180,210,147,heuristic
8428,112452,15420,1024,896,true,208,247,222,219,heuristic
8429,112453,14336,1024,825,true,190,254,221,160,heuristic
8430,112454,3172,256,261,true,80,54,82,45,heuristic
8431,112455,14516,1024,845,true,221,222,227,175,heuristic
8432,112456,7256,512,500,true,125,127,123,125,heuristic
8433,112457,6972,512,470,true,119,96,133,122,heuristic
8434,112458,3632,256,296,true,75,76,79,66,heuristic
8435,112459,7180,512,494,true,124,119,137,114,heuristic
8436,112460,3776,256,305,true,85,67,71,82,heuristic
8437,112461,5488,512,388,true,112,87,87,102,heuristic
8438,112462,7296,512,503,true,159,109,106,129,heuristic
8439,112463,12404,1024,744,true,199,183,204,158,heuristic
8440,112464,6448,512,439,true,112,108,106,113,heuristic
8441,112465,5304,512,363,true,109,76,96,82,heuristic
8442,112466,12216,1024,729,true,191,190,191,157,heuristic
8443,112467,3248,256,275,true,74,61,73,67,heuristic
8444,112468,7188,512,493,true,125,117,151,100,heuristic
8445,112469,7848,512,537,true,131,129,154,123,heuristic
8446,112470,7192,512,497,true,134,131,113,119,heuristic
8447,112471,6696,512,444,true,123,102,98,121,heuristic
8448,112472,11672,1024,691,true,200,149,187,155,heuristic
8449,112473,7204,512,500,true,130,109,144,117,heuristic
8450,112474,5432,512,379,true,113,77,95,94,heuristic
8451,112475,3920,256,320,true,81,78,82,79,heuristic
8452,112476,15032,1024,879,true,231,224,182,242,heuristic
8453,112477,14156,1024,816,true,237,169,247,163,heuristic
8454,112478,5576,512,382,true,107,92,109,74,heuristic
8455,112479,6664,512,450,true,130,101,128,91,heuristic
8456,112480,15232,1024,873,true,221,220,218,214,heuristic
8457,112481,6776,512,454,true,108,118,116,112,heuristic
8458,112482,7040,512,477,true,117,112,132,116,heuristic
8459,112483,12088,1024,715,true,198,169,199,149,heuristic
8460,112484,2240,128,219,true,70,38,62,49,heuristic
8461,112485,3020,256,251,true,65,64,65,57,heuristic
8462,112486,7136,512,488,true,113,136,122,117,heuristic
8463,112487,12288,1024,733,true,205,157,172,199,heuristic
8464,112488,11512,1024,682,true,181,176,152,173,heuristic
8465,112489,7152,512,500,true,158,99,113,130,heuristic
8466,112490,7132,512,487,true,134,117,114,122,heuristic
8467,112491,10832,1024,646,true,147,170,166,163,heuristic
8468,112492,10604,1024,620,true,168,139,171,142,heuristic
8469,112493,6496,512,448,true,114,125,118,91,heuristic
8470,112494,10344,1024,600,true,163,145,145,147,heuristic
8471,112495,6972,512,479,true,118,126,126,109,heuristic
8472,112496,11472,1024,669,true,169,165,175,160,heuristic
8473,112497,7072,512,485,true,119,118,137,111,heuristic
8474,112498,7932,512,554,true,157,112,154,131,heuristic
8475,112499,7108,512,485,true,116,133,123,113,heuristic
8476,112500,7156,512,489,true,142,105,125,117,heuristic
8477,112501,6904,512,475,true,142,110,134,89,heuristic
8478,112502,5432,512,374,true,92,97,110,75,heuristic
8479,112503,12056,1024,706,true,174,177,206,149,heuristic
8480,112504,3340,256,272,true,60,82,72,58,heuristic
8481,112505,7048,512,482,true,140,100,122,120,heuristic
8482,112506,10376,1024,594,true,154,142,152,146,heuristic
8483,112507,6924,512,475,true,119,126,122,108,heuristic
8484,112508,2924,256,247,true,66,60,72,49,heuristic
8485,112509,16044,1024,934,true,242,219,262,211,heuristic
8486,112510,12392,1024,741,true,200,163,191,187,heuristic
8487,112511,6636,512,452,true,118,116,114,104,heuristic
8488,112512,3108,256,259,true,79,52,70,58,heuristic
8489,112513,7148,512,487,true,108,137,116,126,heuristic
8490,112514,12180,1024,721,true,188,174,172,187,heuristic
8491,112515,10764,1024,644,true,178,143,151,172,heuristic
8492,112516,12404,1024,738,true,192,174,214,158,heuristic
8493,112517,11768,1024,702,true,184,155,201,162,heuristic
8494,112518,3184,256,264,true,78,55,67,64,heuristic
8495,112519,10604,1024,619,true,139,171,168,141,heuristic
8496,112520,7052,512,480,true,142,99,132,107,heuristic
8497,112521,7820,512,542,true,142,127,129,144,heuristic
8498,112522,10744,1024,633,true,167,146,156,164,heuristic
8499,112523,8996,512,601,true,176,129,163,133,heuristic
8500,112524,3488,256,277,true,81,67,58,71,heuristic
8501,112525,12188,1024,723,true,187,179,186,171,heuristic
8502,112526,5628,512,399,true,115,86,121,77,heuristic
8503,112527,3188,256,258,true,56,75,69,58,heuristic
8504,112528,11676,1024,692,true,179,157,153,203,heuristic
8505,112529,12352,1024,731,true,190,173,204,164,heuristic
8506,112530,6856,512,462,true,128,96,133,105,heuristic
8507,112531,11960,1024,710,true,176,175,191,168,heuristic
8508,112532,8988,512,611,true,164,146,154,147,heuristic
8509,112533,7284,512,494,true,149,104,114,127,heuristic
8510,112534,11672,1024,680,true,189,149,197,145,heuristic
8511,112535,12212,1024,732,true,199,161,198,174,heuristic
8512,112536,8632,512,585,true,162,139,158,126,heuristic
8513,112537,11784,1024,703,true,222,134,188,159,heuristic
8514,112538,7424,512,513,true,142,111,131,129,heuristic
8515,112539,3240,256,268,true,63,68,82,55,heuristic
8516,112540,11900,1024,695,true,204,158,163,170,heuristic
8517,112541,3248,256,261,true,69,63,79,50,heuristic
8518,112542,16380,1024,973,true,261,221,276,215,heuristic
8519,112543,15916,1024,934,true,247,208,230,249,heuristic
8520,112544,5748,512,398,true,95,93,127,83,heuristic
8521,112545,11884,1024,694,true,175,164,191,164,heuristic
8522,112546,10604,1024,630,true,176,138,150,166,heuristic
8523,112547,6784,512,456,true,106,131,107,112,heuristic
8524,112548,10516,1024,617,true,173,143,162,139,heuristic
8525,112549,7136,512,489,true,119,124,112,134,heuristic
8526,112550,6792,512,463,true,126,106,127,104,heuristic
8527,112551,7328,512,504,true,129,120,137,118,heuristic
8528,112552,12148,1024,714,true,184,168,195,167,heuristic
8529,112553,3960,256,315,true,74,86,86,69,heuristic
8530,112554,3072,256,249,true,64,59,65,61,heuristic
8531,112555,7468,512,503,true,134,111,136,122,heuristic
8532,112556,7036,512,476,true,127,116,117,116,heuristic
8533,112557,12200,1024,724,true,189,170,192,173,heuristic
8534,112558,12160,1024,717,true,178,186,194,159,heuristic
8535,112559,2864,256,233,true,51,63,72,47,heuristic
8536,112560,9784,1024,555,true,139,151,134,131,heuristic
8537,112561,7140,512,485,true,140,99,132,114,heuristic
8538,112562,7080,512,482,true,120,126,118,118,heuristic
8539,112563,3316,256,274,true,88,51,78,57,heuristic
8540,112564,7416,512,510,true,128,132,130,120,heuristic
8541,112565,7092,512,489,true,129,107,133,120,heuristic
8542,112566,7036,512,475,true,117,116,126,116,heuristic
8543,112567,5444,512,385,true,107,72,114,92,heuristic
8544,112568,12152,1024,713,true,181,190,164,178,heuristic
8545,112569,7204,512,496,true,123,121,123,129,heuristic
8546,112570,7028,512,477,true,120,119,142,96,heuristic
8547,112571,7380,512,511,true,128,143,123,117,heuristic
8548,112572,11036,1024,653,true,190,136,183,144,heuristic
8549,112573,7140,512,489,true,126,129,108,126,heuristic
8550,112574,7288,512,496,true,130,118,159,89,heuristic
8551,112575,5584,512,395,true,99,97,96,103,heuristic
8552,112576,7284,512,506,true,138,131,106,131,heuristic
8553,112577,10548,1024,630,true,164,157,135,174,heuristic
8554,112578,7004,512,473,true,106,136,135,96,heuristic
8555,112579,3396,256,285,true,78,66,79,62,heuristic
8556,112580,7060,512,481,true,129,116,126,110,heuristic
8557,112581,3108,256,252,true,71,56,65,60,heuristic
8558,112582,12192,1024,724,true,168,193,170,193,heuristic
8559,112583,5468,512,383,true,64,122,98,99,heuristic
8560,112584,8080,512,545,true,148,127,131,139,heuristic
8561,112585,14464,1024,845,true,228,189,219,209,heuristic
8562,112586,7148,512,495,true,100,149,138,108,heuristic
8563,112587,6232,512,439,true,108,111,112,108,heuristic
8564,112588,6748,512,466,true,129,102,141,94,heuristic
8565,112589,7760,512,532,true,139,133,141,119,heuristic
8566,112590,1752,128,178,true,41,47,43,47,heuristic
8567,112591,7192,512,498,true,108,144,117,129,heuristic
8568,112592,15884,1024,916,true,228,236,240,212,heuristic
8569,112593,14788,1024,869,true,239,187,221,222,heuristic
8570,112594,6960,512,468,true,115,116,120,117,heuristic
8571,112595,12504,1024,754,true,223,167,161,203,heuristic
8572,112596,6264,512,422,true,136,81,104,101,heuristic
8573,112597,7116,512,484,true,124,109,155,96,heuristic
8574,112598,10768,1024,639,true,170,151,155,163,heuristic
8575,112599,7020,512,473,true,115,108,108,142,heuristic
8576,112600,7776,512,536,true,139,131,160,106,heuristic
8577,112601,15516,1024,910,true,236,223,258,193,heuristic
8578,112602,3240,256,262,true,74,67,74,47,heuristic
8579,112603,15724,1024,927,true,214,259,214,240,heuristic
8580,112604,7100,512,480,true,139,97,136,108,heuristic
8581,112605,12272,1024,720,true,205,154,192,169,heuristic
8582,112606,5712,512,389,true,105,88,109,87,heuristic
8583,112607,6820,512,450,true,125,111,114,100,heuristic
8584,112608,11148,1024,640,true,163,169,180,128,heuristic
8585,112609,7308,512,500,true,130,121,145,104,heuristic
8586,112610,11400,1024,660,true,156,172,164,168,heuristic
8587,112611,14340,1024,817,true,195,210,213,199,heuristic
8588,112612,10516,1024,610,true,157,155,172,126,heuristic
8589,112613,7088,512,488,true,124,116,118,130,heuristic
8590,112614,7184,512,494,true,118,125,142,109,heuristic
8591,112615,7064,512,483,true,123,117,155,88,heuristic
8592,112616,7184,512,501,true,121,128,112,140,heuristic
8593,112617,3160,256,262,true,77,71,57,57,heuristic
8594,112618,3404,256,283,true,77,60,69,77,heuristic
8595,112619,5636,512,390,true,116,78,103,93,heuristic
8596,112620,7084,512,477,true,128,118,109,122,heuristic
8597,112621,7272,512,502,true,138,128,130,106,heuristic
8598,112622,7088,512,483,true,126,117,119,121,heuristic
8599,112623,7080,512,482,true,126,130,115,111,heuristic
8600,112624,6424,512,435,true,133,90,103,109,heuristic
8601,112625,5604,512,390,true,108,91,100,91,heuristic
8602,112626,7292,512,496,true,137,120,124,115,heuristic
8603,112627,12080,1024,712,true,182,163,196,171,heuristic
8604,112628,2996,256,250,true,73,48,74,55,heuristic
8605,112629,3636,256,290,true,76,66,68,80,heuristic
8606,112630,15684,1024,924,true,214,246,241,223,heuristic
8607,112631,7128,512,489,true,111,128,123,127,heuristic
8608,112632,12172,1024,728,true,151,206,201,170,heuristic
8609,112633,12160,1024,727,true,184,183,169,191,heuristic
8610,112634,7064,512,482,true,134,115,113,120,heuristic
8611,112635,6368,512,426,true,109,117,109,91,heuristic
8612,112636,7336,512,508,true,110,147,137,114,heuristic
8613,112637,12148,1024,724,true,179,180,194,171,heuristic
8614,112638,15372,1024,895,true,266,196,239,194,heuristic
8615,112639,14500,1024,851,true,202,231,189,229,heuristic
8616,112640,3192,256,265,true,67,63,73,62,heuristic
8617,112641,12188,1024,719,true,201,161,174,183,heuristic
8618,112642,7032,512,479,true,132,123,112,112,heuristic
8619,112643,5412,512,374,true,78,102,120,74,heuristic
8620,112644,7112,512,490,true,149,100,132,109,heuristic
8621,112645,6976,512,477,true,124,115,125,113,heuristic
8622,112646,14468,1024,844,true,228,194,207,215,heuristic
8623,112647,7348,512,506,true,123,132,147,104,heuristic
8624,112648,11376,1024,665,true,174,154,173,164,heuristic
8625,112649,12172,1024,719,true,203,158,170,188,heuristic
8626,112650,20680,2048,1000,false,260,253,291,196,heuristic
8627,112651,3172,256,251,true,68,71,49,63,heuristic
8628,112652,11880,1024,705,true,176,180,179,170,heuristic
8629,112653,3172,256,262,true,58,77,80,47,heuristic
8630,112654,6812,512,460,true,135,94,119,112,heuristic
8631,112655,3396,256,281,true,69,71,55,86,heuristic
8632,112656,6624,512,449,true,109,104,125,111,heuristic
8633,112657,7184,512,496,true,130,110,113,143,heuristic
8634,112658,14408,1024,837,true,211,221,205,200,heuristic
8635,112659,7020,512,476,true,119,124,122,111,heuristic
8636,112660,7788,512,534,true,139,134,137,124,heuristic
8637,112661,12176,1024,724,true,182,180,164,198,heuristic
8638,112662,7056,512,480,true,127,130,117,106,heuristic
8639,112663,14080,1024,808,true,232,176,179,221,heuristic
8640,112664,6712,512,462,true,122,107,121,112,heuristic
8641,112665,3596,256,292,true,77,70,78,67,heuristic
8642,112666,12212,1024,725,true,197,169,179,180,heuristic
8643,112667,1488,128,156,true,31,39,51,35,heuristic
8644,112668,7476,512,520,true,138,128,141,113,heuristic
8645,112669,7532,512,523,true,139,128,117,139,heuristic
8646,112670,5436,512,380,true,94,100,100,86,heuristic
8647,112671,6816,512,458,true,129,95,132,102,heuristic
8648,112672,7816,512,527,true,157,123,126,121,heuristic
8649,112673,7056,512,476,true,126,129,109,112,heuristic
8650,112674,7380,512,511,true,156,116,121,118,heuristic
8651,112675,7056,512,481,true,132,104,128,117,heuristic
8652,112676,10548,1024,615,true,190,118,164,143,heuristic
8653,112677,14600,1024,850,true,218,212,236,184,heuristic
8654,112678,15592,1024,902,true,253,214,271,164,heuristic
8655,112679,7224,512,504,true,112,142,120,130,heuristic
8656,112680,5380,512,370,true,112,83,96,79,heuristic
8657,112681,16736,1024,965,true,266,218,278,203,heuristic
8658,112682,7064,512,482,true,128,110,130,114,heuristic
8659,112683,7140,512,489,true,132,111,133,113,heuristic
8660,112684,7200,512,495,true,142,107,108,138,heuristic
8661,112685,3112,256,258,true,56,67,76,59,heuristic
8662,112686,6460,512,444,true,115,107,116,106,heuristic
8663,112687,7284,512,508,true,137,121,139,111,heuristic
8664,112688,3180,256,263,true,61,72,71,59,heuristic
8665,112689,7360,512,508,true,124,135,123,126,heuristic
8666,112690,7108,512,489,true,124,133,120,112,heuristic
8667,112691,7800,512,538,true,131,132,151,124,heuristic
8668,112692,12052,1024,706,true,193,165,176,172,heuristic
8669,112693,3672,256,306,true,67,89,93,57,heuristic
8670,112694,12280,1024,733,true,180,200,162,191,heuristic
8671,112695,7216,512,499,true,128,123,126,122,heuristic
8672,112696,7784,512,534,true,119,164,148,103,heuristic
8673,112697,7480,512,521,true,159,110,126,126,heuristic
8674,112698,11896,1024,706,true,214,145,150,197,heuristic
8675,112699,3652,256,301,true,77,67,91,66,heuristic
8676,112700,3196,256,268,true,69,59,85,55,heuristic
8677,112701,4896,512,341,true,90,87,89,75,heuristic
8678,112702,10548,1024,622,true,171,146,140,165,heuristic
8679,112703,12364,1024,740,true,220,155,181,184,heuristic
8680,112704,2900,256,238,true,90,40,66,42,heuristic
8681,112705,5416,512,374,true,73,107,90,104,heuristic
8682,112706,12084,1024,709,true,204,161,189,155,heuristic
8683,112707,10404,1024,605,true,156,154,157,138,heuristic
8684,112708,7140,512,484,true,118,135,121,110,heuristic
8685,112709,7368,512,510,true,127,139,123,121,heuristic
8686,112710,6344,512,431,true,111,90,135,95,heuristic
8687,112711,7036,512,476,true,128,103,128,117,heuristic
8688,112712,7024,512,477,true,126,124,111,116,heuristic
8689,112713,7336,512,506,true,128,122,140,116,heuristic
8690,112714,7216,512,504,true,150,106,117,131,heuristic
8691,112715,10628,1024,632,true,159,145,181,147,heuristic
8692,112716,2956,256,237,true,74,46,68,49,heuristic
8693,112717,11436,1024,660,true,153,181,174,152,heuristic
8694,112718,12208,1024,729,true,194,183,182,170,heuristic
8695,112719,6756,512,454,true,131,94,115,114,heuristic
8696,112720,15408,1024,894,true,229,229,209,227,heuristic
8697,112721,11712,1024,669,true,171,164,187,147,heuristic
8698,112722,11912,1024,704,true,186,165,179,174,heuristic
8699,112723,4880,256,369,true,104,91,96,78,heuristic
8700,112724,7520,512,510,true,143,123,117,127,heuristic
8701,112725,7260,512,502,true,149,116,122,115,heuristic
8702,112726,7072,512,477,true,123,113,105,136,heuristic
8703,112727,20596,2048,1000,false,228,288,261,223,heuristic
8704,112728,6468,512,445,true,104,112,116,113,heuristic
8705,112729,13784,1024,798,true,216,200,196,186,heuristic
8706,112730,11392,1024,669,true,180,161,171,157,heuristic
8707,112731,12228,1024,728,true,189,181,182,176,heuristic
8708,112732,7068,512,483,true,119,117,125,122,heuristic
8709,112733,7024,512,477,true,132,118,113,114,heuristic
8710,112734,3120,256,260,true,46,80,73,61,heuristic
8711,112735,6364,512,424,true,95,120,125,84,heuristic
8712,112736,7144,512,486,true,131,113,129,113,heuristic
8713,112737,12052,1024,710,true,203,162,181,164,heuristic
8714,112738,7752,512,537,true,153,109,154,121,heuristic
8715,112739,3220,256,269,true,75,64,70,60,heuristic
8716,112740,7132,512,484,true,109,141,144,90,heuristic
8717,112741,7164,512,487,true,136,107,128,116,heuristic
8718,112742,5460,512,385,true,117,81,77,110,heuristic
8719,112743,7516,512,511,true,139,117,130,125,heuristic
8720,112744,11328,1024,657,true,163,170,145,179,heuristic
8721,112745,7116,512,491,true,149,109,94,139,heuristic
8722,112746,6928,512,465,true,117,109,112,127,heuristic
8723,112747,3820,256,311,true,86,71,90,64,heuristic
8724,112748,7284,512,503,true,145,112,123,123,heuristic
8725,112749,5992,512,392,true,101,104,114,73,heuristic
8726,112750,12200,1024,726,true,179,172,183,192,heuristic
8727,112751,15760,1024,919,true,262,216,241,200,heuristic
8728,112752,12196,1024,725,true,207,164,162,192,heuristic
8729,112753,15676,1024,928,true,249,214,228,237,heuristic
8730,112754,6628,512,453,true,137,97,117,102,heuristic
8731,112755,7376,512,509,true,140,127,129,113,heuristic
8732,112756,3240,256,275,true,69,66,74,66,heuristic
8733,112757,11408,1024,661,true,188,147,142,184,heuristic
8734,112758,6036,512,399,true,123,90,98,88,heuristic
8735,112759,7052,512,483,true,115,111,131,126,heuristic
8736,112760,7212,512,504,true,144,115,142,103,heuristic
8737,112761,11684,1024,697,true,205,150,155,187,heuristic
8738,112762,3284,256,273,true,82,49,74,68,heuristic
8739,112763,7584,512,534,true,130,131,153,120,heuristic
8740,112764,5552,512,381,true,104,82,107,88,heuristic
8741,112765,10424,1024,610,true,149,169,159,133,heuristic
8742,112766,7056,512,481,true,121,116,135,109,heuristic
8743,112767,3336,256,271,true,74,57,76,64,heuristic
8744,112768,5816,512,415,true,108,100,88,119,heuristic
8745,112769,6516,512,453,true,117,108,135,93,heuristic
8746,112770,3468,256,288,true,82,64,67,75,heuristic
8747,112771,3536,256,300,true,86,67,84,63,heuristic
8748,112772,7068,512,483,true,126,110,124,123,heuristic
8749,112773,15444,1024,901,true,214,224,231,232,heuristic
8750,112774,16212,1024,965,true,249,224,246,246,heuristic
8751,112775,10544,1024,606,true,148,162,147,149,heuristic
8752,112776,7144,512,486,true,132,120,135,99,heuristic
8753,112777,3584,256,289,true,82,65,66,76,heuristic
8754,112778,6912,512,470,true,125,118,110,117,heuristic
8755,112779,10984,1024,647,true,190,126,154,177,heuristic
8756,112780,5584,512,395,true,113,103,88,91,heuristic
8757,112781,5108,256,397,true,96,97,128,76,heuristic
8758,112782,5424,512,377,true,79,119,92,87,heuristic
8759,112783,7264,512,501,true,151,102,130,118,heuristic
8760,112784,6876,512,463,true,143,95,114,111,heuristic
8761,112785,7264,512,500,true,136,117,143,104,heuristic
8762,112786,7012,512,470,true,123,114,108,125,heuristic
8763,112787,1892,128,194,true,59,37,55,43,heuristic
8764,112788,5328,512,364,true,94,95,91,84,heuristic
8765,112789,3172,256,262,true,70,59,79,54,heuristic
8766,112790,11912,1024,698,true,178,165,176,179,heuristic
8767,112791,3328,256,273,true,70,72,69,62,heuristic
8768,112792,5328,512,364,true,99,77,96,92,heuristic
8769,112793,6524,512,437,true,113,101,106,117,heuristic
8770,112794,3112,256,258,true,67,67,57,67,heuristic
8771,112795,1324,128,136,true,38,36,40,22,heuristic
8772,112796,10824,1024,648,true,180,159,163,146,heuristic
8773,112797,3224,256,270,true,56,76,64,74,heuristic
8774,112798,4044,256,303,true,93,63,71,76,heuristic
8775,112799,12172,1024,723,true,205,163,190,165,heuristic
8776,112800,3476,256,288,true,64,79,74,71,heuristic
8777,112801,5448,512,378,true,80,97,99,102,heuristic
8778,112802,12348,1024,731,true,201,176,195,159,heuristic
8779,112803,4736,512,321,true,78,86,87,70,heuristic
8780,112804,7212,512,495,true,132,109,137,117,heuristic
8781,112805,5624,512,394,true,98,105,115,76,heuristic
8782,112806,15372,1024,892,true,250,197,251,194,heuristic
8783,112807,7272,512,506,true,112,131,150,113,heuristic
8784,112808,16132,1024,956,true,270,215,251,220,heuristic
8785,112809,6412,512,436,true,116,97,130,93,heuristic
8786,112810,6716,512,449,true,125,112,92,120,heuristic
8787,112811,6500,512,441,true,113,107,107,114,heuristic
8788,112812,7096,512,479,true,139,101,125,114,heuristic
8789,112813,11736,1024,694,true,187,161,150,196,heuristic
8790,112814,3156,256,257,true,73,68,60,56,heuristic
8791,112815,6704,512,460,true,119,116,99,126,heuristic
8792,112816,7232,512,503,true,121,125,132,125,heuristic
8793,112817,11544,1024,683,true,187,164,177,155,heuristic
8794,112818,3224,256,269,true,69,64,67,69,heuristic
8795,112819,12160,1024,717,true,214,149,194,160,heuristic
8796,112820,11528,1024,675,true,198,156,165,156,heuristic
8797,112821,12312,1024,726,true,201,175,202,148,heuristic
8798,112822,13848,1024,801,true,216,198,192,195,heuristic
8799,112823,9752,1024,564,true,139,146,142,137,heuristic
8800,112824,6372,512,434,true,129,99,113,93,heuristic
8801,112825,6864,512,470,true,119,117,143,91,heuristic
8802,112826,6716,512,464,true,139,110,111,104,heuristic
8803,112827,6304,512,421,true,92,112,105,112,heuristic
8804,112828,7144,512,490,true,117,121,126,126,heuristic
8805,112829,5692,512,399,true,114,87,98,100,heuristic
8806,112830,7380,512,513,true,119,139,141,114,heuristic
8807,112831,8020,512,535,true,124,144,129,138,heuristic
8808,112832,5592,512,391,true,112,82,90,107,heuristic
8809,112833,3212,256,266,true,60,67,78,61,heuristic
8810,112834,7404,512,511,true,150,122,106,133,heuristic
8811,112835,12232,1024,734,true,195,177,185,177,heuristic
8812,112836,15804,1024,923,true,230,235,205,253,heuristic
8813,112837,5752,512,410,true,101,91,124,94,heuristic
8814,112838,5884,512,411,true,113,98,100,100,heuristic
8815,112839,7056,512,481,true,122,127,127,105,heuristic
8816,112840,15640,1024,914,true,240,232,209,233,heuristic
8817,112841,6852,512,473,true,120,118,129,106,heuristic
8818,112842,15800,1024,922,true,252,199,253,218,heuristic
8819,112843,11960,1024,709,true,180,182,148,199,heuristic
8820,112844,7328,512,500,true,143,112,117,128,heuristic
8821,112845,14508,1024,851,true,237,189,213,212,heuristic
8822,112846,6704,512,460,true,126,103,114,117,heuristic
8823,112847,14472,1024,842,true,217,203,218,204,heuristic
8824,112848,8120,512,550,true,170,126,157,97,heuristic
8825,112849,3276,256,268,true,80,53,82,53,heuristic
8826,112850,11256,1024,671,true,168,166,179,158,heuristic
8827,112851,14516,1024,852,true,211,216,242,183,heuristic
8828,112852,14364,1024,829,true,231,180,211,207,heuristic
8829,112853,6976,512,476,true,115,123,119,119,heuristic
8830,112854,2488,256,214,true,72,30,65,47,heuristic
8831,112855,7368,512,509,true,111,134,133,131,heuristic
8832,112856,5364,512,377,true,114,84,92,87,heuristic
8833,112857,7140,512,493,true,108,142,122,121,heuristic
8834,112858,3888,256,316,true,81,91,74,70,heuristic
8835,112859,3404,256,282,true,80,63,83,56,heuristic
8836,112860,14624,1024,856,true,241,186,186,243,heuristic
8837,112861,5448,512,387,true,124,75,102,86,heuristic
8838,112862,12060,1024,712,true,175,163,172,202,heuristic
8839,112863,7852,512,549,true,156,124,147,122,heuristic
8840,112864,12416,1024,752,true,204,185,206,157,heuristic
8841,112865,7120,512,486,true,120,127,136,103,heuristic
8842,112866,12196,1024,720,true,210,162,185,163,heuristic
8843,112867,6600,512,436,true,122,101,117,96,heuristic
8844,112868,2424,256,204,true,55,46,68,35,heuristic
8845,112869,6904,512,469,true,130,100,128,111,heuristic
8846,112870,3536,256,296,true,98,53,77,68,heuristic
8847,112871,7084,512,483,true,138,111,133,101,heuristic
8848,112872,12252,1024,723,true,185,187,189,162,heuristic
8849,112873,8984,512,624,true,151,178,167,128,heuristic
8850,112874,14476,1024,848,true,211,211,240,186,heuristic
8851,112875,3164,256,259,true,82,48,74,55,heuristic
8852,112876,10584,1024,626,true,147,165,170,144,heuristic
8853,112877,12964,1024,788,true,236,160,210,182,heuristic
8854,112878,5576,512,394,true,113,84,106,91,heuristic
8855,112879,10376,1024,603,true,173,134,155,141,heuristic
8856,112880,7384,512,513,true,151,113,131,118,heuristic
8857,112881,13864,1024,810,true,209,214,208,179,heuristic
8858,112882,7108,512,492,true,127,120,134,111,heuristic
8859,112883,3152,256,258,true,59,70,79,50,heuristic
8860,112884,6364,512,430,true,113,102,103,112,heuristic
8861,112885,12360,1024,733,true,191,185,168,189,heuristic
8862,112886,7476,512,525,true,129,143,136,117,heuristic
8863,112887,7364,512,508,true,157,101,115,135,heuristic
8864,112888,15648,1024,917,true,269,193,255,200,heuristic
8865,112889,2964,256,242,true,76,46,62,58,heuristic
8866,112890,5316,512,367,true,107,79,97,84,heuristic
8867,112891,14312,1024,827,true,230,181,195,221,heuristic
8868,112892,12168,1024,730,true,201,162,185,182,heuristic
8869,112893,16152,1024,961,true,261,213,258,229,heuristic
8870,112894,3460,256,286,true,73,70,94,49,heuristic
8871,112895,8328,512,563,true,150,140,147,126,heuristic
8872,112896,11552,1024,691,true,206,134,198,153,heuristic
8873,112897,5948,512,412,true,88,123,116,85,heuristic
8874,112898,6412,512,431,true,108,111,113,99,heuristic
8875,112899,14496,1024,851,true,206,231,202,212,heuristic
8876,112900,7480,512,524,true,139,111,129,145,heuristic
8877,112901,3144,256,266,true,74,63,78,51,heuristic
8878,112902,1592,128,159,true,41,36,44,38,heuristic
8879,112903,6116,512,426,true,111,102,102,111,heuristic
8880,112904,7812,512,536,true,146,122,120,148,heuristic
8881,112905,11596,1024,686,true,185,155,190,156,heuristic
8882,112906,12260,1024,726,true,181,194,180,171,heuristic
8883,112907,15376,1024,891,true,199,235,252,205,heuristic
8884,112908,5436,512,380,true,101,78,122,79,heuristic
8885,112909,7092,512,485,true,145,92,133,115,heuristic
8886,112910,7284,512,494,true,122,126,119,127,heuristic
8887,112911,6504,512,449,true,124,93,126,106,heuristic
8888,112912,5056,512,340,true,80,93,90,77,heuristic
8889,112913,7012,512,481,true,113,124,115,129,heuristic
8890,112914,6856,512,463,true,128,109,119,107,heuristic
8891,112915,13688,1024,783,true,199,200,182,202,heuristic
8892,112916,7056,512,480,true,114,117,114,135,heuristic
8893,112917,6488,512,446,true,109,118,137,82,heuristic
8894,112918,7116,512,484,true,117,127,131,109,heuristic
8895,112919,9168,512,587,true,139,155,145,148,heuristic
8896,112920,6868,512,466,true,145,97,115,109,heuristic
8897,112921,14436,1024,842,true,230,210,224,178,heuristic
8898,112922,5108,512,354,true,111,67,97,79,heuristic
8899,112923,7064,512,481,true,121,126,127,107,heuristic
8900,112924,14372,1024,836,true,219,215,191,211,heuristic
8901,112925,7252,512,507,true,131,127,137,112,heuristic
8902,112926,5268,512,366,true,99,82,83,102,heuristic
8903,112927,12232,1024,734,true,194,181,193,166,heuristic
8904,112928,4976,512,345,true,73,103,94,75,heuristic
8905,112929,13684,1024,778,true,216,172,183,207,heuristic
8906,112930,16136,1024,956,true,220,266,242,228,heuristic
8907,112931,7636,512,529,true,141,118,134,136,heuristic
8908,112932,7088,512,488,true,126,125,120,117,heuristic
8909,112933,7596,512,530,true,140,115,138,137,heuristic
8910,112934,2424,256,202,true,51,47,55,49,heuristic
8911,112935,7012,512,482,true,131,107,129,115,heuristic
8912,112936,7004,512,472,true,117,121,124,110,heuristic
8913,112937,6376,512,434,true,127,100,116,91,heuristic
8914,112938,5348,512,364,true,98,89,89,88,heuristic
8915,112939,7188,512,501,true,136,121,135,109,heuristic
8916,112940,7036,512,471,true,135,116,117,103,heuristic
8917,112941,12144,1024,711,true,200,179,174,158,heuristic
8918,112942,5300,512,373,true,86,98,101,88,heuristic
8919,112943,5456,512,380,true,107,96,90,87,heuristic
8920,112944,7072,512,488,true,123,128,114,123,heuristic
8921,112945,12176,1024,724,true,161,190,194,179,heuristic
8922,112946,12184,1024,727,true,191,172,174,190,heuristic
8923,112947,6924,512,474,true,127,112,107,128,heuristic
8924,112948,15080,1024,886,true,259,194,222,211,heuristic
8925,112949,7108,512,482,true,122,112,131,117,heuristic
8926,112950,7372,512,511,true,128,132,137,114,heuristic
8927,112951,7188,512,492,true,132,114,137,109,heuristic
8928,112952,11488,1024,672,true,180,152,150,190,heuristic
8929,112953,3192,256,266,true,77,68,67,54,heuristic
8930,112954,15212,1024,906,true,214,241,244,207,heuristic
8931,112955,5456,512,384,true,79,111,114,80,heuristic
8932,112956,12152,1024,724,true,184,178,175,187,heuristic
8933,112957,3512,256,296,true,86,62,86,62,heuristic
8934,112958,5732,512,408,true,104,103,107,94,heuristic
8935,112959,8056,512,539,true,142,130,142,125,heuristic
8936,112960,6364,512,424,true,90,119,109,106,heuristic
8937,112961,7056,512,476,true,127,113,111,125,heuristic
8938,112962,3132,256,256,true,61,65,73,57,heuristic
8939,112963,7088,512,488,true,149,90,129,120,heuristic
8940,112964,3188,256,266,true,71,69,72,54,heuristic
8941,112965,7288,512,505,true,115,131,140,119,heuristic
8942,112966,3392,256,284,true,80,60,84,60,heuristic
8943,112967,5592,512,401,true,120,84,104,93,heuristic
8944,112968,2784,256,229,true,76,41,74,38,heuristic
8945,112969,1776,128,180,true,40,51,51,38,heuristic
8946,112970,12156,1024,719,true,172,187,206,154,heuristic
8947,112971,10752,1024,647,true,193,144,164,146,heuristic
8948,112972,12288,1024,731,true,179,176,197,179,heuristic
8949,112973,6384,512,436,true,114,98,113,111,heuristic
8950,112974,7216,512,503,true,116,141,125,121,heuristic
8951,112975,3128,256,256,true,75,51,73,57,heuristic
8952,112976,11932,1024,703,true,168,184,187,164,heuristic
8953,112977,15992,1024,942,true,267,199,238,238,heuristic
8954,112978,6964,512,461,true,119,118,123,101,heuristic
8955,112979,2236,128,209,true,66,33,67,43,heuristic
8956,112980,11548,1024,687,true,162,170,165,190,heuristic
8957,112981,3120,256,254,true,85,49,56,64,heuristic
8958,112982,7272,512,502,true,133,106,131,132,heuristic
8959,112983,11796,1024,705,true,172,175,200,158,heuristic
8960,112984,4896,512,340,true,91,79,89,81,heuristic
8961,112985,7988,512,538,true,146,134,118,140,heuristic
8962,112986,12372,1024,737,true,242,143,204,148,heuristic
8963,112987,14024,1024,812,true,209,197,221,185,heuristic
8964,112988,6416,512,433,true,115,95,128,95,heuristic
8965,112989,7696,512,528,true,120,149,135,124,heuristic
8966,112990,7328,512,503,true,117,121,135,130,heuristic
8967,112991,7104,512,488,true,118,137,123,110,heuristic
8968,112992,7048,512,479,true,127,105,131,116,heuristic
8969,112993,5676,512,402,true,111,94,101,96,heuristic
8970,112994,5636,512,393,true,118,80,93,102,heuristic
8971,112995,3348,256,274,true,77,63,76,58,heuristic
8972,112996,7056,512,477,true,131,119,143,84,heuristic
8973,112997,3140,256,258,true,69,60,68,61,heuristic
8974,112998,3176,256,262,true,75,62,73,52,heuristic
8975,112999,14320,1024,822,true,189,226,202,205,heuristic
8976,113000,7144,512,486,true,127,125,115,119,heuristic
8977,113001,12808,1024,777,true,202,187,221,167,heuristic
8978,113002,7392,512,512,true,134,136,129,113,heuristic
8979,113003,5520,512,386,true,99,90,110,87,heuristic
8980,113004,6712,512,457,true,104,129,111,113,heuristic
8981,113005,14332,1024,827,true,208,200,211,208,heuristic
8982,113006,5156,512,358,true,93,94,107,64,heuristic
8983,113007,6796,512,461,true,130,110,116,105,heuristic
8984,113008,13716,1024,790,true,194,201,207,188,heuristic
8985,113009,7036,512,477,true,146,81,132,118,heuristic
8986,113010,11624,1024,683,true,162,169,155,197,heuristic
8987,113011,3172,256,261,true,75,63,64,59,heuristic
8988,113012,1708,128,167,true,40,36,32,59,heuristic
8989,113013,7304,512,498,true,144,109,123,122,heuristic
8990,113014,12404,1024,740,true,196,192,165,187,heuristic
8991,113015,14428,1024,847,true,230,205,219,193,heuristic
8992,113016,7148,512,492,true,118,121,143,110,heuristic
8993,113017,7060,512,481,true,120,132,137,92,heuristic
8994,113018,7096,512,490,true,124,129,128,109,heuristic
8995,113019,3428,256,282,true,82,58,73,69,heuristic
8996,113020,12048,1024,709,true,195,171,170,173,heuristic
8997,113021,3196,256,264,true,87,52,67,58,heuristic
8998,113022,7144,512,486,true,124,125,113,124,heuristic
8999,113023,6768,512,452,true,103,122,143,84,heuristic
9000,113024,3384,256,283,true,74,70,64,75,heuristic
9001,113025,6452,512,441,true,108,119,96,118,heuristic
9002,113026,6684,512,463,true,107,115,143,98,heuristic
9003,113027,7080,512,486,true,133,118,124,111,heuristic
9004,113028,5644,512,395,true,95,109,77,114,heuristic
9005,113029,6080,512,422,true,119,106,101,96,heuristic
9006,113030,6976,512,473,true,124,100,118,131,heuristic
9007,113031,7500,512,526,true,143,117,127,139,heuristic
9008,113032,6548,512,452,true,98,128,128,98,heuristic
9009,113033,7168,512,492,true,128,120,136,108,heuristic
9010,113034,7180,512,498,true,144,98,146,110,heuristic
9011,113035,6428,512,435,true,116,102,107,110,heuristic
9012,113036,6448,512,440,true,110,115,116,99,heuristic
9013,113037,12348,1024,736,true,188,185,171,192,heuristic
9014,113038,7104,512,492,true,142,107,123,120,heuristic
9015,113039,7148,512,493,true,125,131,103,134,heuristic
9016,113040,7088,512,488,true,132,123,117,116,heuristic
9017,113041,3196,256,268,true,68,66,76,58,heuristic
9018,113042,5608,512,390,true,109,86,101,94,heuristic
9019,113043,11992,1024,706,true,190,177,170,169,heuristic
9020,113044,7012,512,479,true,107,142,113,117,heuristic
9021,113045,6312,512,442,true,118,101,113,110,heuristic
9022,113046,6320,512,435,true,100,112,127,96,heuristic
9023,113047,7056,512,481,true,155,96,124,106,heuristic
9024,113048,12212,1024,729,true,215,148,181,185,heuristic
9025,113049,3716,256,302,true,86,68,92,56,heuristic
9026,113050,11772,1024,699,true,187,176,171,165,heuristic
9027,113051,7164,512,492,true,127,108,138,119,heuristic
9028,113052,3140,256,253,true,81,51,68,53,heuristic
9029,113053,3464,256,285,true,76,67,62,80,heuristic
9030,113054,12472,1024,761,true,174,219,181,187,heuristic
9031,113055,11420,1024,664,true,163,178,157,166,heuristic
9032,113056,4252,256,324,true,71,80,83,90,heuristic
9033,113057,15336,1024,886,true,235,202,214,235,heuristic
9034,113058,7284,512,501,true,105,141,147,108,heuristic
9035,113059,5472,512,384,true,101,89,93,101,heuristic
9036,113060,12180,1024,720,true,173,191,161,195,heuristic
9037,113061,3600,256,302,true,82,77,52,91,heuristic
9038,113062,6984,512,467,true,131,104,129,103,heuristic
9039,113063,16092,1024,940,true,262,203,264,211,heuristic
9040,113064,3600,256,292,true,73,80,72,67,heuristic
9041,113065,3516,256,283,true,78,63,73,69,heuristic
9042,113066,7148,512,487,true,146,98,139,104,heuristic
9043,113067,16020,1024,934,true,235,252,256,191,heuristic
9044,113068,11760,1024,682,true,173,175,169,165,heuristic
9045,113069,3032,256,247,true,65,59,78,45,heuristic
9046,113070,3268,256,273,true,65,64,86,58,heuristic
9047,113071,6924,512,479,true,124,121,109,125,heuristic
9048,113072,12328,1024,726,true,194,174,180,178,heuristic
9049,113073,10416,1024,600,true,160,146,164,130,heuristic
9050,113074,7476,512,506,true,128,110,125,143,heuristic
9051,113075,12216,1024,730,true,175,193,200,162,heuristic
9052,113076,11808,1024,693,true,172,170,181,170,heuristic
9053,113077,3048,256,251,true,76,58,64,53,heuristic
9054,113078,3396,256,285,true,74,71,75,65,heuristic
9055,113079,5684,512,403,true,96,106,101,100,heuristic
9056,113080,7080,512,481,true,122,107,129,123,heuristic
9057,113081,11928,1024,710,true,159,193,201,157,heuristic
9058,113082,5588,512,387,true,101,96,97,93,heuristic
9059,113083,6584,512,458,true,112,116,104,126,heuristic
9060,113084,12312,1024,733,true,167,201,198,167,heuristic
9061,113085,3108,256,257,true,63,56,79,59,heuristic
9062,113086,5440,512,381,true,130,68,99,84,heuristic
9063,113087,3808,256,308,true,79,73,99,57,heuristic
9064,113088,14492,1024,835,true,211,204,186,234,heuristic
9065,113089,3232,256,271,true,83,59,49,80,heuristic
9066,113090,4748,512,332,true,93,72,77,90,heuristic
9067,113091,5368,512,374,true,102,83,99,90,heuristic
9068,113092,10128,1024,581,true,151,138,140,152,heuristic
9069,113093,7180,512,495,true,135,106,146,108,heuristic
9070,113094,15820,1024,926,true,284,180,240,222,heuristic
9071,113095,12084,1024,709,true,181,176,193,159,heuristic
9072,113096,7040,512,476,true,128,119,127,102,heuristic
9073,113097,3196,256,267,true,76,55,67,69,heuristic
9074,113098,7448,512,518,true,148,110,124,136,heuristic
9075,113099,10500,1024,622,true,154,157,172,139,heuristic
9076,113100,2952,256,239,true,64,54,45,76,heuristic
9077,113101,6384,512,433,true,121,90,96,126,heuristic
9078,113102,10464,1024,612,true,163,145,163,141,heuristic
9079,113103,7084,512,483,true,127,119,152,85,heuristic
9080,113104,6984,512,473,true,122,129,123,99,heuristic
9081,113105,7056,512,486,true,128,131,113,114,heuristic
9082,113106,11880,1024,694,true,177,185,187,145,heuristic
9083,113107,15008,1024,888,true,192,257,212,227,heuristic
9084,113108,6376,512,427,true,95,117,112,103,heuristic
9085,113109,5484,512,387,true,107,90,99,91,heuristic
9086,113110,3424,256,281,true,76,67,75,63,heuristic
9087,113111,12432,1024,752,true,183,189,179,201,heuristic
9088,113112,5440,512,377,true,116,83,104,74,heuristic
9089,113113,7096,512,484,true,119,118,130,117,heuristic
9090,113114,2364,128,219,true,59,61,44,55,heuristic
9091,113115,10528,1024,613,true,181,137,168,127,heuristic
9092,113116,7160,512,494,true,116,121,128,129,heuristic
9093,113117,7228,512,495,true,98,146,134,117,heuristic
9094,113118,5424,512,379,true,102,94,108,75,heuristic
9095,113119,7280,512,500,true,126,122,114,138,heuristic
9096,113120,7104,512,488,true,162,92,135,99,heuristic
9097,113121,6928,512,466,true,117,129,109,111,heuristic
9098,113122,7160,512,490,true,112,139,148,91,heuristic
9099,113123,12232,1024,732,true,178,199,159,196,heuristic
9100,113124,7508,512,528,true,121,132,146,129,heuristic
9101,113125,5612,512,392,true,99,86,104,103,heuristic
9102,113126,6384,512,430,true,115,103,109,103,heuristic
9103,113127,12088,1024,719,true,150,199,182,188,heuristic
9104,113128,7088,512,483,true,130,124,117,112,heuristic
9105,113129,6892,512,466,true,113,119,136,98,heuristic
9106,113130,4748,512,332,true,100,63,96,73,heuristic
9107,113131,5484,512,391,true,103,96,106,86,heuristic
9108,113132,10752,1024,633,true,150,177,140,166,heuristic
9109,113133,7252,512,509,true,140,112,137,120,heuristic
9110,113134,12152,1024,726,true,218,161,195,152,heuristic
9111,113135,7084,512,488,true,126,119,114,129,heuristic
9112,113136,7044,512,476,true,120,113,149,94,heuristic
9113,113137,7464,512,503,true,126,124,127,126,heuristic
9114,113138,12148,1024,718,true,184,179,187,168,heuristic
9115,113139,5348,512,363,true,88,106,97,72,heuristic
9116,113140,7760,512,528,true,140,124,141,123,heuristic
9117,113141,2828,256,225,true,46,65,65,49,heuristic
9118,113142,7276,512,503,true,141,108,128,126,heuristic
9119,113143,6748,512,467,true,132,111,125,99,heuristic
9120,113144,7144,512,490,true,129,118,129,114,heuristic
9121,113145,6200,512,441,true,109,100,113,119,heuristic
9122,113146,6124,512,428,true,109,112,112,95,heuristic
9123,113147,7112,512,490,true,137,113,144,96,heuristic
9124,113148,6336,512,425,true,95,128,100,102,heuristic
9125,113149,3888,256,317,true,88,73,73,83,heuristic
9126,113150,7464,512,503,true,143,122,131,107,heuristic
9127,113151,3164,256,261,true,74,56,81,50,heuristic
9128,113152,2956,256,240,true,65,65,53,57,heuristic
9129,113153,6320,512,425,true,124,98,109,94,heuristic
9130,113154,5408,512,376,true,104,89,91,92,heuristic
9131,113155,3384,256,277,true,82,67,73,55,heuristic
9132,113156,7464,512,521,true,116,141,129,135,heuristic
9133,113157,15516,1024,895,true,244,205,196,250,heuristic
9134,113158,7172,512,496,true,122,132,117,125,heuristic
9135,113159,6508,512,449,true,105,125,110,109,heuristic
9136,113160,7060,512,482,true,123,127,129,103,heuristic
9137,113161,3476,256,290,true,76,75,81,58,heuristic
9138,113162,12632,1024,758,true,182,208,192,176,heuristic
9139,113163,11176,1024,673,true,175,148,188,162,heuristic
9140,113164,6624,512,453,true,117,126,113,97,heuristic
9141,113165,4920,256,377,true,111,94,93,79,heuristic
9142,113166,3364,256,279,true,67,74,67,71,heuristic
9143,113167,5732,512,405,true,123,79,109,94,heuristic
9144,113168,11976,1024,699,true,172,170,183,174,heuristic
9145,113169,5344,512,370,true,106,85,97,82,heuristic
9146,113170,3352,256,280,true,85,63,91,41,heuristic
9147,113171,6396,512,432,true,104,107,92,129,heuristic
9148,113172,7024,512,473,true,132,109,132,100,heuristic
9149,113173,6480,512,443,true,122,88,117,116,heuristic
9150,113174,3192,256,263,true,57,79,59,68,heuristic
9151,113175,7032,512,475,true,142,102,105,126,heuristic
9152,113176,7036,512,480,true,131,114,130,105,heuristic
9153,113177,7052,512,475,true,124,113,124,114,heuristic
9154,113178,7268,512,502,true,133,114,127,128,heuristic
9155,113179,7184,512,496,true,126,119,130,121,heuristic
9156,113180,8220,512,563,true,157,148,132,126,heuristic
9157,113181,6940,512,477,true,124,108,124,121,heuristic
9158,113182,10688,1024,632,true,154,164,151,163,heuristic
9159,113183,6656,512,461,true,136,101,113,111,heuristic
9160,113184,8032,512,567,true,141,148,139,139,heuristic
9161,113185,5716,512,404,true,123,87,92,102,heuristic
9162,113186,5744,512,408,true,99,95,107,107,heuristic
9163,113187,11888,1024,697,true,175,169,165,188,heuristic
9164,113188,6020,512,420,true,112,100,111,97,heuristic
9165,113189,7368,512,506,true,146,127,120,113,heuristic
9166,113190,5164,512,355,true,98,85,62,110,heuristic
9167,113191,7084,512,487,true,126,120,124,117,heuristic
9168,113192,7076,512,480,true,128,124,116,112,heuristic
9169,113193,7244,512,500,true,115,137,127,121,heuristic
9170,113194,3636,256,301,true,78,79,91,53,heuristic
9171,113195,10712,1024,637,true,146,171,170,150,heuristic
9172,113196,14068,1024,824,true,225,205,197,197,heuristic
9173,113197,7336,512,502,true,121,123,119,139,heuristic
9174,113198,7460,512,520,true,153,103,104,160,heuristic
9175,113199,3300,256,277,true,77,68,75,57,heuristic
9176,113200,12232,1024,732,true,222,159,198,153,heuristic
9177,113201,3212,256,271,true,83,61,73,54,heuristic
9178,113202,12476,1024,747,true,190,185,197,175,heuristic
9179,113203,7088,512,488,true,105,148,137,98,heuristic
9180,113204,6928,512,470,true,133,108,103,126,heuristic
9181,113205,10596,1024,629,true,152,157,157,163,heuristic
9182,113206,15648,1024,927,true,250,222,243,212,heuristic
9183,113207,7760,512,533,true,116,140,148,129,heuristic
9184,113208,7064,512,482,true,119,136,113,114,heuristic
9185,113209,7016,512,482,true,118,120,115,129,heuristic
9186,113210,11192,1024,637,true,148,166,165,158,heuristic
9187,113211,6372,512,426,true,103,94,117,112,heuristic
9188,113212,14436,1024,841,true,175,240,196,230,heuristic
9189,113213,5636,512,386,true,105,86,99,96,heuristic
9190,113214,14120,1024,826,true,211,199,227,189,heuristic
9191,113215,14300,1024,820,true,228,173,210,209,heuristic
9192,113216,7108,512,493,true,125,124,137,107,heuristic
9193,113217,12108,1024,711,true,210,156,173,172,heuristic
9194,113218,7184,512,496,true,140,113,140,103,heuristic
9195,113219,5384,512,379,true,81,112,103,83,heuristic
9196,113220,12168,1024,724,true,185,194,200,145,heuristic
9197,113221,6984,512,474,true,124,107,118,125,heuristic
9198,113222,6448,512,436,true,130,104,102,100,heuristic
9199,113223,3116,256,252,true,79,57,58,58,heuristic
9200,113224,7276,512,503,true,130,131,127,115,heuristic
9201,113225,7140,512,486,true,139,114,103,130,heuristic
9202,113226,6492,512,436,true,112,113,112,99,heuristic
9203,113227,7120,512,484,true,140,116,119,109,heuristic
9204,113228,11876,1024,693,true,179,165,154,195,heuristic
9205,113229,7016,512,481,true,119,128,135,99,heuristic
9206,113230,6380,512,428,true,121,96,116,95,heuristic
9207,113231,7144,512,490,true,125,118,132,115,heuristic
9208,113232,7124,512,496,true,128,116,114,138,heuristic
9209,113233,7136,512,487,true,128,125,134,100,heuristic
9210,113234,12064,1024,712,true,190,166,191,165,heuristic
9211,113235,4984,256,373,true,106,82,91,94,heuristic
9212,113236,7084,512,487,true,119,128,119,121,heuristic
9213,113237,3224,256,259,true,71,61,66,61,heuristic
9214,113238,5420,512,376,true,89,89,94,104,heuristic
9215,113239,5560,512,394,true,104,98,91,101,heuristic
9216,113240,7092,512,488,true,114,128,122,124,heuristic
9217,113241,16012,1024,939,true,235,247,254,203,heuristic
9218,113242,3164,256,259,true,71,56,77,55,heuristic
9219,113243,6296,512,419,true,112,111,94,102,heuristic
9220,113244,14756,1024,851,true,232,202,253,164,heuristic
9221,113245,10404,1024,610,true,146,149,166,149,heuristic
9222,113246,7148,512,499,true,124,137,123,115,heuristic
9223,113247,3360,256,278,true,67,68,94,49,heuristic
9224,113248,14484,1024,849,true,203,233,216,197,heuristic
9225,113249,12148,1024,714,true,174,177,175,188,heuristic
9226,113250,11408,1024,673,true,184,163,177,149,heuristic
9227,113251,13624,1024,810,true,181,217,198,214,heuristic
9228,113252,7180,512,495,true,122,118,118,137,heuristic
9229,113253,3896,256,313,true,81,74,101,57,heuristic
9230,113254,11448,1024,666,true,136,188,170,172,heuristic
9231,113255,5744,512,393,true,99,93,109,92,heuristic
9232,113256,7196,512,498,true,133,104,131,130,heuristic
9233,113257,12088,1024,714,true,159,204,156,195,heuristic
9234,113258,12244,1024,738,true,223,149,180,186,heuristic
9235,113259,7248,512,498,true,128,136,116,118,heuristic
9236,113260,3216,256,268,true,71,71,69,57,heuristic
9237,113261,7172,512,497,true,126,124,125,122,heuristic
9238,113262,6900,512,459,true,122,94,130,113,heuristic
9239,113263,7112,512,483,true,123,112,121,127,heuristic
9240,113264,3112,256,255,true,72,53,62,68,heuristic
9241,113265,7048,512,480,true,134,109,131,106,heuristic
9242,113266,7004,512,468,true,114,112,139,103,heuristic
9243,113267,6388,512,456,true,122,116,104,114,heuristic
9244,113268,6420,512,434,true,122,92,125,95,heuristic
9245,113269,14132,1024,809,true,223,195,167,224,heuristic
9246,113270,7604,512,521,true,134,126,137,124,heuristic
9247,113271,10604,1024,615,true,156,138,177,144,heuristic
9248,113272,7124,512,486,true,114,126,134,112,heuristic
9249,113273,5396,512,377,true,100,93,92,92,heuristic
9250,113274,6484,512,445,true,120,95,114,116,heuristic
9251,113275,7116,512,492,true,120,130,126,116,heuristic
9252,113276,7140,512,485,true,123,130,125,107,heuristic
9253,113277,12120,1024,723,true,192,163,179,189,heuristic
9254,113278,5460,512,385,true,84,108,88,105,heuristic
9255,113279,7028,512,474,true,126,111,132,105,heuristic
9256,113280,7464,512,521,true,149,118,112,142,heuristic
9257,113281,12156,1024,719,true,196,166,183,174,heuristic
9258,113282,7096,512,491,true,139,103,121,128,heuristic
9259,113283,11560,1024,678,true,160,174,176,168,heuristic
9260,113284,5584,512,390,true,98,89,104,99,heuristic
9261,113285,5360,512,373,true,96,101,104,72,heuristic
9262,113286,7052,512,480,true,138,111,113,118,heuristic
9263,113287,12076,1024,722,true,191,180,190,161,heuristic
9264,113288,11332,1024,654,true,164,165,162,163,heuristic
9265,113289,10808,1024,645,true,168,155,175,147,heuristic
9266,113290,12364,1024,739,true,182,195,193,169,heuristic
9267,113291,5548,512,391,true,108,91,89,103,heuristic
9268,113292,2444,256,208,true,55,49,50,54,heuristic
9269,113293,12244,1024,733,true,197,165,197,174,heuristic
9270,113294,3224,256,269,true,78,60,85,46,heuristic
9271,113295,14064,1024,808,true,229,190,188,201,heuristic
9272,113296,7088,512,481,true,122,125,125,109,heuristic
9273,113297,3188,256,266,true,63,69,90,44,heuristic
9274,113298,15340,1024,888,true,238,207,205,238,heuristic
9275,113299,12000,1024,709,true,185,172,172,180,heuristic
9276,113300,7148,512,483,true,136,120,103,124,heuristic
9277,113301,11652,1024,679,true,184,163,171,161,heuristic
9278,113302,1428,128,150,true,39,41,47,23,heuristic
9279,113303,7164,512,495,true,128,109,130,128,heuristic
9280,113304,12072,1024,711,true,167,173,184,187,heuristic
9281,113305,10452,1024,609,true,165,128,155,161,heuristic
9282,113306,11808,1024,687,true,188,156,173,170,heuristic
9283,113307,7008,512,481,true,136,115,109,121,heuristic
9284,113308,16052,1024,937,true,209,279,222,227,heuristic
9285,113309,4020,256,328,true,78,69,94,87,heuristic
9286,113310,7148,512,488,true,127,120,135,106,heuristic
9287,113311,7304,512,509,true,109,134,128,138,heuristic
9288,113312,15356,1024,891,true,229,218,231,213,heuristic
9289,113313,7776,512,532,true,124,137,160,111,heuristic
9290,113314,11716,1024,676,true,195,140,178,163,heuristic
9291,113315,11684,1024,687,true,168,172,202,145,heuristic
9292,113316,11576,1024,693,true,168,174,185,166,heuristic
9293,113317,3244,256,270,true,87,45,82,56,heuristic
9294,113318,5360,512,372,true,106,81,105,80,heuristic
9295,113319,10328,1024,595,true,159,141,149,146,heuristic
9296,113320,7264,512,498,true,127,121,133,117,heuristic
9297,113321,7140,512,489,true,137,118,119,115,heuristic
9298,113322,12340,1024,729,true,202,168,225,134,heuristic
9299,113323,5440,512,380,true,105,87,88,100,heuristic
9300,113324,3216,256,267,true,89,48,59,71,heuristic
9301,113325,10772,1024,642,true,170,151,144,177,heuristic
9302,113326,11840,1024,685,true,191,154,168,172,heuristic
9303,113327,7356,512,507,true,152,101,122,132,heuristic
9304,113328,7312,512,508,true,133,123,130,122,heuristic
9305,113329,7028,512,482,true,128,113,113,128,heuristic
9306,113330,3160,256,259,true,72,59,63,65,heuristic
9307,113331,7124,512,485,true,120,131,115,119,heuristic
9308,113332,6568,512,438,true,117,103,109,109,heuristic
9309,113333,12072,1024,726,true,218,154,193,161,heuristic
9310,113334,16016,1024,949,true,241,233,262,213,heuristic
9311,113335,12076,1024,712,true,182,185,133,212,heuristic
9312,113336,16052,1024,938,true,253,224,235,226,heuristic
9313,113337,15900,1024,932,true,230,244,258,200,heuristic
9314,113338,5412,512,377,true,78,101,99,99,heuristic
9315,113339,3264,256,269,true,67,68,69,65,heuristic
9316,113340,5480,512,386,true,115,73,92,106,heuristic
9317,113341,7224,512,496,true,134,110,117,135,heuristic
9318,113342,7204,512,500,true,136,118,119,127,heuristic
9319,113343,6472,512,446,true,107,117,105,117,heuristic
9320,113344,7584,512,523,true,132,133,131,127,heuristic
9321,113345,14752,1024,857,true,203,211,239,204,heuristic
9322,113346,6020,512,414,true,134,80,103,97,heuristic
9323,113347,10600,1024,630,true,180,151,149,150,heuristic
9324,113348,14296,1024,824,true,223,200,184,217,heuristic
9325,113349,7632,512,527,true,153,121,135,118,heuristic
9326,113350,5504,512,385,true,100,98,104,83,heuristic
9327,113351,7048,512,478,true,128,117,109,124,heuristic
9328,113352,7080,512,483,true,96,139,152,96,heuristic
9329,113353,12188,1024,723,true,196,170,191,166,heuristic
9330,113354,9280,512,592,true,134,166,164,128,heuristic
9331,113355,5524,512,390,true,95,101,86,108,heuristic
9332,113356,10516,1024,620,true,159,153,155,153,heuristic
9333,113357,7112,512,489,true,144,108,127,110,heuristic
9334,113358,6404,512,430,true,102,113,103,112,heuristic
9335,113359,7292,512,496,true,135,101,127,133,heuristic
9336,113360,7068,512,485,true,128,131,112,114,heuristic
9337,113361,7088,512,484,true,131,114,120,119,heuristic
9338,113362,6736,512,464,true,114,106,124,120,heuristic
9339,113363,6460,512,442,true,108,107,121,106,heuristic
9340,113364,14332,1024,840,true,205,212,212,211,heuristic
9341,113365,12460,1024,746,true,200,174,224,148,heuristic
9342,113366,7240,512,499,true,141,105,138,115,heuristic
9343,113367,12160,1024,727,true,181,180,173,193,heuristic
9344,113368,15724,1024,919,true,243,212,199,265,heuristic
9345,113369,6484,512,445,true,128,92,115,110,heuristic
9346,113370,12264,1024,741,true,175,191,208,167,heuristic
9347,113371,10524,1024,616,true,141,169,148,158,heuristic
9348,113372,5452,512,383,true,103,88,113,79,heuristic
9349,113373,6952,512,460,true,116,110,112,122,heuristic
9350,113374,7132,512,485,true,123,120,139,103,heuristic
9351,113375,11824,1024,707,true,168,191,173,175,heuristic
9352,113376,16088,1024,950,true,262,217,227,244,heuristic
9353,113377,12224,1024,732,true,190,189,194,159,heuristic
9354,113378,5460,512,384,true,111,90,93,90,heuristic
9355,113379,6996,512,482,true,128,116,116,122,heuristic
9356,113380,7580,512,515,true,127,117,126,145,heuristic
9357,113381,5548,512,385,true,107,95,99,84,heuristic
9358,113382,11848,1024,698,true,196,143,162,197,heuristic
9359,113383,3232,256,272,true,72,67,80,53,heuristic
9360,113384,5348,512,374,true,99,90,99,86,heuristic
9361,113385,7232,512,503,true,140,110,152,101,heuristic
9362,113386,7192,512,498,true,129,120,139,110,heuristic
9363,113387,6428,512,435,true,121,92,119,103,heuristic
9364,113388,7024,512,473,true,123,118,111,121,heuristic
9365,113389,3248,256,269,true,63,68,65,73,heuristic
9366,113390,7344,512,508,true,143,117,144,104,heuristic
9367,113391,6380,512,428,true,123,92,101,112,heuristic
9368,113392,6732,512,463,true,118,108,109,128,heuristic
9369,113393,7240,512,495,true,126,122,112,135,heuristic
9370,113394,6524,512,464,true,135,88,132,109,heuristic
9371,113395,7776,512,517,true,138,123,152,104,heuristic
9372,113396,12076,1024,711,true,195,157,209,150,heuristic
9373,113397,5428,512,378,true,88,93,91,106,heuristic
9374,113398,3380,256,277,true,84,59,61,73,heuristic
9375,113399,7264,512,496,true,146,104,124,122,heuristic
9376,113400,12344,1024,737,true,186,196,181,174,heuristic
9377,113401,7100,512,486,true,121,115,122,128,heuristic
9378,113402,12224,1024,731,true,182,198,159,192,heuristic
9379,113403,10448,1024,607,true,163,134,173,137,heuristic
9380,113404,14380,1024,839,true,229,212,244,154,heuristic
9381,113405,12032,1024,705,true,191,161,151,202,heuristic
9382,113406,9124,512,581,true,166,135,133,147,heuristic
9383,113407,7196,512,495,true,133,121,125,116,heuristic
9384,113408,14100,1024,815,true,222,202,211,180,heuristic
9385,113409,5384,512,377,true,99,94,122,62,heuristic
9386,113410,6884,512,465,true,126,100,124,115,heuristic
9387,113411,3160,256,259,true,59,73,73,54,heuristic
9388,113412,15084,1024,868,true,223,202,252,191,heuristic
9389,113413,7516,512,511,true,140,121,115,135,heuristic
9390,113414,12124,1024,715,true,172,188,169,186,heuristic
9391,113415,7024,512,474,true,125,119,114,116,heuristic
9392,113416,11952,1024,708,true,181,172,173,182,heuristic
9393,113417,14420,1024,836,true,231,188,208,209,heuristic
9394,113418,6980,512,466,true,114,124,121,107,heuristic
9395,113419,11368,1024,659,true,192,146,165,156,heuristic
9396,113420,15324,1024,879,true,258,183,206,232,heuristic
9397,113421,3208,256,269,true,70,72,64,63,heuristic
9398,113422,7044,512,473,true,147,104,101,121,heuristic
9399,113423,11692,1024,689,true,186,163,166,174,heuristic
9400,113424,6800,512,456,true,118,113,134,91,heuristic
9401,113425,5956,512,414,true,110,97,110,97,heuristic
9402,113426,15432,1024,894,true,213,225,217,239,heuristic
9403,113427,14480,1024,848,true,201,225,220,202,heuristic
9404,113428,6636,512,455,true,106,117,117,115,heuristic
9405,113429,6552,512,449,true,111,104,119,115,heuristic
9406,113430,12344,1024,742,true,212,160,168,202,heuristic
9407,113431,10504,1024,617,true,185,114,164,154,heuristic
9408,113432,3524,256,285,true,72,75,70,68,heuristic
9409,113433,7188,512,496,true,107,142,128,119,heuristic
9410,113434,10676,1024,629,true,148,163,176,142,heuristic
9411,113435,12044,1024,708,true,190,177,164,177,heuristic
9412,113436,14752,1024,866,true,224,210,219,213,heuristic
9413,113437,7124,512,485,true,143,97,120,125,heuristic
9414,113438,10472,1024,615,true,170,143,167,135,heuristic
9415,113439,2416,256,200,true,61,37,51,51,heuristic
9416,113440,7392,512,504,true,108,129,144,123,heuristic
9417,113441,10380,1024,605,true,141,162,163,139,heuristic
9418,113442,6496,512,432,true,123,92,115,102,heuristic
9419,113443,7896,512,557,true,146,128,142,141,heuristic
9420,113444,6924,512,479,true,116,121,125,117,heuristic
9421,113445,3556,256,293,true,68,74,85,66,heuristic
9422,113446,7100,512,491,true,141,111,126,113,heuristic
9423,113447,3912,256,321,true,78,88,74,81,heuristic
9424,113448,7348,512,505,true,142,118,136,109,heuristic
9425,113449,7128,512,487,true,119,137,115,116,heuristic
9426,113450,7884,512,526,true,133,125,161,107,heuristic
9427,113451,6628,512,453,true,112,113,126,102,heuristic
9428,113452,7064,512,479,true,125,118,117,119,heuristic
9429,113453,5572,512,382,true,81,113,103,85,heuristic
9430,113454,7104,512,481,true,143,106,117,115,heuristic
9431,113455,7476,512,505,true,125,132,140,108,heuristic
9432,113456,5572,512,386,true,112,92,88,94,heuristic
9433,113457,6384,512,436,true,99,120,103,114,heuristic
9434,113458,7308,512,506,true,119,128,130,129,heuristic
9435,113459,3184,256,265,true,78,57,56,74,heuristic
9436,113460,6436,512,433,true,110,109,136,78,heuristic
9437,113461,15888,1024,931,true,220,232,259,220,heuristic
9438,113462,5704,512,402,true,104,106,105,87,heuristic
9439,113463,3552,256,296,true,73,70,69,84,heuristic
9440,113464,5412,512,374,true,86,93,110,85,heuristic
9441,113465,6588,512,449,true,98,128,127,96,heuristic
9442,113466,7124,512,483,true,124,125,137,97,heuristic
9443,113467,7384,512,513,true,139,106,151,117,heuristic
9444,113468,16052,1024,938,true,225,243,255,215,heuristic
9445,113469,3760,256,298,true,95,56,89,58,heuristic
9446,113470,11324,1024,664,true,153,176,177,158,heuristic
9447,113471,5460,512,380,true,87,91,92,110,heuristic
9448,113472,5564,512,380,true,92,97,92,99,heuristic
9449,113473,6436,512,437,true,130,89,109,109,heuristic
9450,113474,12088,1024,713,true,201,165,182,165,heuristic
9451,113475,10752,1024,622,true,150,154,173,145,heuristic
9452,113476,7068,512,483,true,131,128,127,97,heuristic
9453,113477,10624,1024,621,true,150,161,148,162,heuristic
9454,113478,4848,256,375,true,99,96,81,99,heuristic
9455,113479,7084,512,482,true,101,136,114,131,heuristic
9456,113480,7988,512,555,true,142,140,141,132,heuristic
9457,113481,11368,1024,663,true,172,159,184,148,heuristic
9458,113482,7180,512,495,true,107,137,124,127,heuristic
9459,113483,6204,512,439,true,144,92,103,100,heuristic
9460,113484,2880,256,233,true,64,60,66,43,heuristic
9461,113485,12164,1024,733,true,186,193,171,183,heuristic
9462,113486,5436,512,379,true,111,78,96,94,heuristic
9463,113487,11928,1024,706,true,168,182,176,180,heuristic
9464,113488,3208,256,269,true,77,62,73,57,heuristic
9465,113489,3120,256,258,true,66,57,76,59,heuristic
9466,113490,7052,512,480,true,132,106,127,115,heuristic
9467,113491,10352,1024,597,true,141,155,163,138,heuristic
9468,113492,14452,1024,845,true,217,219,205,204,heuristic
9469,113493,7044,512,477,true,135,108,114,120,heuristic
9470,113494,12124,1024,723,true,198,164,208,153,heuristic
9471,113495,15456,1024,900,true,234,216,222,228,heuristic
9472,113496,6976,512,480,true,136,115,119,110,heuristic
9473,113497,7104,512,492,true,119,129,110,134,heuristic
9474,113498,7144,512,494,true,124,113,133,124,heuristic
9475,113499,7104,512,488,true,134,110,115,129,heuristic
9476,113500,2400,256,197,true,45,50,69,33,heuristic
9477,113501,5440,512,381,true,91,94,99,97,heuristic
9478,113502,7036,512,476,true,124,111,115,126,heuristic
9479,113503,7536,512,534,true,137,131,152,114,heuristic
9480,113504,3164,256,264,true,91,48,47,78,heuristic
9481,113505,7232,512,507,true,113,126,136,132,heuristic
9482,113506,1428,128,147,true,37,33,44,33,heuristic
9483,113507,11804,1024,691,true,186,179,165,161,heuristic
9484,113508,10456,1024,614,true,167,154,147,146,heuristic
9485,113509,5356,512,365,true,98,89,102,76,heuristic
9486,113510,3068,256,252,true,69,54,56,73,heuristic
9487,113511,7724,512,531,true,125,132,149,125,heuristic
9488,113512,11908,1024,702,true,187,169,171,175,heuristic
9489,113513,5404,512,376,true,83,111,90,92,heuristic
9490,113514,5608,512,390,true,106,94,86,104,heuristic
9491,113515,7080,512,479,true,121,103,143,112,heuristic
9492,113516,6304,512,420,true,115,103,100,102,heuristic
9493,113517,6576,512,445,true,110,110,128,97,heuristic
9494,113518,6684,512,456,true,127,120,110,99,heuristic
9495,113519,6548,512,438,true,117,107,110,104,heuristic
9496,113520,7156,512,493,true,132,118,129,114,heuristic
9497,113521,7580,512,486,true,154,90,129,113,heuristic
9498,113522,7408,512,520,true,144,115,158,103,heuristic
9499,113523,6408,512,435,true,102,110,126,97,heuristic
9500,113524,7864,512,549,true,159,126,110,154,heuristic
9501,113525,3848,256,314,true,84,89,88,53,heuristic
9502,113526,7108,512,483,true,140,112,133,98,heuristic
9503,113527,6088,512,425,true,104,108,110,103,heuristic
9504,113528,7484,512,509,true,134,118,115,142,heuristic
9505,113529,3436,256,282,true,79,61,81,61,heuristic
9506,113530,7440,512,512,true,128,132,129,123,heuristic
9507,113531,3284,256,273,true,91,57,72,53,heuristic
9508,113532,11876,1024,694,true,180,181,169,164,heuristic
9509,113533,6812,512,475,true,118,129,120,108,heuristic
9510,113534,5416,512,374,true,92,92,124,66,heuristic
9511,113535,10480,1024,620,true,156,164,139,161,heuristic
9512,113536,6940,512,463,true,119,119,109,116,heuristic
9513,113537,14800,1024,883,true,257,216,188,222,heuristic
9514,113538,7376,512,511,true,133,124,133,121,heuristic
9515,113539,12160,1024,721,true,212,149,163,197,heuristic
9516,113540,7152,512,492,true,133,119,126,114,heuristic
9517,113541,6928,512,474,true,114,133,117,110,heuristic
9518,113542,5556,512,383,true,109,81,100,93,heuristic
9519,113543,5860,512,425,true,109,96,99,121,heuristic
9520,113544,7760,512,536,true,120,147,140,129,heuristic
9521,113545,7196,512,499,true,119,137,131,112,heuristic
9522,113546,5500,512,384,true,82,98,106,98,heuristic
9523,113547,3116,256,259,true,83,59,57,60,heuristic
9524,113548,7068,512,483,true,121,123,138,101,heuristic
9525,113549,3224,256,273,true,65,74,80,54,heuristic
9526,113550,14232,1024,820,true,171,203,234,212,heuristic
9527,113551,11928,1024,705,true,199,141,186,179,heuristic
9528,113552,6476,512,439,true,82,123,119,115,heuristic
9529,113553,11684,1024,689,true,149,203,158,179,heuristic
9530,113554,3388,256,280,true,65,80,78,57,heuristic
9531,113555,7404,512,519,true,148,105,116,150,heuristic
9532,113556,6992,512,469,true,97,142,123,107,heuristic
9533,113557,6932,512,466,true,120,129,113,104,heuristic
9534,113558,7000,512,478,true,137,110,122,109,heuristic
9535,113559,7048,512,482,true,132,115,113,122,heuristic
9536,113560,7300,512,498,true,134,108,136,120,heuristic
9537,113561,11980,1024,707,true,194,159,194,160,heuristic
9538,113562,4136,256,342,true,88,82,93,79,heuristic
9539,113563,5436,512,380,true,96,86,94,104,heuristic
9540,113564,11996,1024,703,true,176,174,197,156,heuristic
9541,113565,12192,1024,724,true,192,180,181,171,heuristic
9542,113566,10512,1024,612,true,171,146,139,156,heuristic
9543,113567,6960,512,469,true,146,92,128,103,heuristic
9544,113568,8776,512,562,true,170,113,126,153,heuristic
9545,113569,10440,1024,606,true,148,157,141,160,heuristic
9546,113570,7040,512,480,true,157,99,126,98,heuristic
9547,113571,7692,512,527,true,139,140,118,130,heuristic
9548,113572,3420,256,286,true,92,59,65,70,heuristic
9549,113573,6532,512,447,true,117,109,96,125,heuristic
9550,113574,12212,1024,741,true,197,181,159,204,heuristic
9551,113575,10972,1024,658,true,163,160,155,180,heuristic
9552,113576,7188,512,497,true,96,144,141,116,heuristic
9553,113577,3428,256,288,true,68,64,77,79,heuristic
9554,113578,7080,512,482,true,134,116,123,109,heuristic
9555,113579,10392,1024,598,true,147,165,148,138,heuristic
9556,113580,3076,256,253,true,76,61,64,52,heuristic
9557,113581,7104,512,491,true,133,114,140,104,heuristic
9558,113582,7156,512,490,true,125,129,116,120,heuristic
9559,113583,6548,512,453,true,110,114,130,99,heuristic
9560,113584,7120,512,483,true,137,109,116,121,heuristic
9561,113585,14532,1024,856,true,200,249,232,175,heuristic
9562,113586,6960,512,470,true,136,113,111,110,heuristic
9563,113587,6824,512,459,true,121,119,104,115,heuristic
9564,113588,3532,256,294,true,75,74,74,71,heuristic
9565,113589,12524,1024,739,true,196,161,201,181,heuristic
9566,113590,7212,512,504,true,113,144,113,134,heuristic
9567,113591,12128,1024,725,true,195,169,184,177,heuristic
9568,113592,7088,512,484,true,116,120,134,114,heuristic
9569,113593,6612,512,453,true,110,120,120,103,heuristic
9570,113594,10400,1024,610,true,168,132,148,162,heuristic
9571,113595,3452,256,290,true,75,76,79,60,heuristic
9572,113596,7172,512,493,true,133,119,123,118,heuristic
9573,113597,3948,256,323,true,106,62,87,68,heuristic
9574,113598,11860,1024,690,true,196,142,190,162,heuristic
9575,113599,7020,512,475,true,103,120,134,118,heuristic
9576,113600,3868,256,311,true,81,71,75,84,heuristic
9577,113601,3052,256,248,true,73,52,59,64,heuristic
9578,113602,11816,1024,705,true,182,185,198,140,heuristic
9579,113603,5544,512,380,true,94,90,102,94,heuristic
9580,113604,5928,512,417,true,109,91,133,84,heuristic
9581,113605,12168,1024,722,true,176,194,190,162,heuristic
9582,113606,6628,512,449,true,108,100,126,115,heuristic
9583,113607,4016,256,331,true,95,73,85,78,heuristic
9584,113608,7740,512,527,true,130,139,130,128,heuristic
9585,113609,7180,512,500,true,162,87,130,121,heuristic
9586,113610,7140,512,484,true,137,110,136,101,heuristic
9587,113611,7396,512,506,true,126,135,125,120,heuristic
9588,113612,6420,512,434,true,111,105,104,114,heuristic
9589,113613,7184,512,496,true,119,130,147,100,heuristic
9590,113614,6624,512,453,true,118,109,129,97,heuristic
9591,113615,7788,512,515,true,128,137,136,114,heuristic
9592,113616,3496,256,294,true,88,68,60,78,heuristic
9593,113617,12356,1024,721,true,154,196,205,166,heuristic
9594,113618,7108,512,489,true,118,130,137,104,heuristic
9595,113619,11560,1024,684,true,181,176,139,188,heuristic
9596,113620,3232,256,272,true,87,49,69,67,heuristic
9597,113621,4088,256,329,true,81,89,87,72,heuristic
9598,113622,7408,512,515,true,133,117,145,120,heuristic
9599,113623,5704,512,410,true,85,126,97,102,heuristic
9600,113624,10960,1024,656,true,151,189,163,153,heuristic
9601,113625,6988,512,475,true,148,87,108,132,heuristic
9602,113626,7096,512,479,true,125,117,116,121,heuristic
9603,113627,8584,512,544,true,141,136,145,122,heuristic
9604,113628,5620,512,393,true,110,93,106,84,heuristic
9605,113629,5552,512,388,true,105,92,99,92,heuristic
9606,113630,3360,256,276,true,75,52,74,75,heuristic
9607,113631,7124,512,489,true,135,104,134,116,heuristic
9608,113632,10544,1024,620,true,171,139,148,162,heuristic
9609,113633,9420,512,607,true,169,147,147,144,heuristic
9610,113634,12524,1024,748,true,194,168,197,189,heuristic
9611,113635,3272,256,271,true,75,57,77,62,heuristic
9612,113636,3280,256,269,true,87,55,74,53,heuristic
9613,113637,6668,512,459,true,133,102,119,105,heuristic
9614,113638,7112,512,484,true,140,121,105,118,heuristic
9615,113639,3184,256,264,true,69,69,60,66,heuristic
9616,113640,5416,512,374,true,100,78,113,83,heuristic
9617,113641,12500,1024,738,true,221,157,173,187,heuristic
9618,113642,6900,512,487,true,113,129,109,136,heuristic
9619,113643,3460,256,284,true,78,69,68,69,heuristic
9620,113644,7536,512,528,true,138,125,134,131,heuristic
9621,113645,3388,256,284,true,79,59,68,78,heuristic
9622,113646,2164,128,202,true,47,57,63,35,heuristic
9623,113647,3344,256,276,true,75,59,66,76,heuristic
9624,113648,7068,512,480,true,112,137,122,109,heuristic
9625,113649,15296,1024,877,true,269,161,227,220,heuristic
9626,113650,7160,512,495,true,126,124,132,113,heuristic
9627,113651,3028,256,252,true,82,51,60,59,heuristic
9628,113652,12012,1024,711,true,202,167,186,156,heuristic
9629,113653,1736,128,174,true,55,31,41,47,heuristic
9630,113654,7436,512,511,true,114,132,116,149,heuristic
9631,113655,6896,512,472,true,126,124,105,117,heuristic
9632,113656,3016,256,240,true,60,57,71,52,heuristic
9633,113657,5920,512,421,true,116,88,106,111,heuristic
9634,113658,7400,512,510,true,141,121,141,107,heuristic
9635,113659,12072,1024,710,true,211,164,166,169,heuristic
9636,113660,7296,512,501,true,126,117,126,132,heuristic
9637,113661,10408,1024,611,true,164,147,159,141,heuristic
9638,113662,11084,1024,649,true,158,157,176,158,heuristic
9639,113663,5452,512,383,true,117,83,95,88,heuristic
9640,113664,7044,512,478,true,127,115,120,116,heuristic
9641,113665,3388,256,284,true,65,71,74,74,heuristic
9642,113666,4040,256,307,true,79,78,85,65,heuristic
9643,113667,14596,1024,849,true,220,194,221,214,heuristic
9644,113668,3868,256,311,true,101,57,73,80,heuristic
9645,113669,5424,512,376,true,102,82,85,107,heuristic
9646,113670,12076,1024,710,true,184,166,187,173,heuristic
9647,113671,7152,512,496,true,137,117,133,109,heuristic
9648,113672,5396,512,370,true,95,90,98,87,heuristic
9649,113673,14316,1024,825,true,233,200,214,178,heuristic
9650,113674,7180,512,495,true,123,140,131,101,heuristic
9651,113675,7148,512,488,true,136,116,135,101,heuristic
9652,113676,3720,256,298,true,81,78,70,69,heuristic
9653,113677,3100,256,255,true,83,48,77,47,heuristic
9654,113678,7148,512,491,true,125,132,127,107,heuristic
9655,113679,6920,512,464,true,122,103,133,106,heuristic
9656,113680,7744,512,536,true,145,143,120,128,heuristic
9657,113681,7012,512,474,true,140,103,105,126,heuristic
9658,113682,7116,512,491,true,117,132,150,92,heuristic
9659,113683,7064,512,482,true,117,116,143,106,heuristic
9660,113684,11416,1024,663,true,154,155,159,195,heuristic
9661,113685,7232,512,501,true,139,112,114,136,heuristic
9662,113686,5548,512,394,true,97,95,106,96,heuristic
9663,113687,7100,512,490,true,124,123,121,122,heuristic
9664,113688,5564,512,393,true,99,93,104,97,heuristic
9665,113689,5704,512,398,true,102,99,102,95,heuristic
9666,113690,6968,512,475,true,129,115,140,91,heuristic
9667,113691,2916,256,241,true,56,57,62,66,heuristic
9668,113692,5600,512,389,true,99,85,115,90,heuristic
9669,113693,15820,1024,916,true,236,236,221,223,heuristic
9670,113694,14524,1024,858,true,234,202,225,197,heuristic
9671,113695,12088,1024,715,true,190,161,191,173,heuristic
9672,113696,7416,512,517,true,127,133,123,134,heuristic
9673,113697,6340,512,430,true,117,101,117,95,heuristic
9674,113698,5604,512,385,true,105,92,94,94,heuristic
9675,113699,11856,1024,695,true,190,164,176,165,heuristic
9676,113700,3456,256,288,true,70,74,69,75,heuristic
9677,113701,3364,256,277,true,68,67,65,77,heuristic
9678,113702,6428,512,439,true,112,102,112,113,heuristic
9679,113703,7064,512,478,true,124,121,153,80,heuristic
9680,113704,12044,1024,707,true,199,152,193,163,heuristic
9681,113705,15940,1024,930,true,266,200,241,223,heuristic
9682,113706,3500,256,291,true,84,69,85,53,heuristic
9683,113707,7484,512,525,true,113,134,141,137,heuristic
9684,113708,7036,512,479,true,116,127,119,117,heuristic
9685,113709,7008,512,473,true,128,123,101,121,heuristic
9686,113710,16736,1024,1000,true,245,263,281,211,heuristic
9687,113711,12236,1024,727,true,175,189,182,181,heuristic
9688,113712,7108,512,484,true,121,128,121,114,heuristic
9689,113713,5420,512,376,true,114,70,91,101,heuristic
9690,113714,5504,512,391,true,114,100,83,94,heuristic
9691,113715,11856,1024,692,true,167,183,168,174,heuristic
9692,113716,7172,512,497,true,133,128,129,107,heuristic
9693,113717,12324,1024,748,true,189,191,204,164,heuristic
9694,113718,4600,512,313,true,90,63,87,73,heuristic
9695,113719,6880,512,467,true,136,99,116,116,heuristic
9696,113720,6608,512,459,true,96,130,130,103,heuristic
9697,113721,3160,256,258,true,63,66,59,70,heuristic
9698,113722,7116,512,484,true,140,103,132,109,heuristic
9699,113723,12052,1024,709,true,149,195,173,192,heuristic
9700,113724,5648,512,397,true,95,107,111,84,heuristic
9701,113725,2888,256,238,true,68,54,70,46,heuristic
9702,113726,5316,512,366,true,114,77,74,101,heuristic
9703,113727,6424,512,435,true,137,81,120,97,heuristic
9704,113728,7120,512,491,true,139,128,111,113,heuristic
9705,113729,12112,1024,721,true,206,173,175,167,heuristic
9706,113730,6660,512,456,true,129,101,102,124,heuristic
9707,113731,7068,512,483,true,108,132,131,112,heuristic
9708,113732,6920,512,474,true,98,133,109,134,heuristic
9709,113733,11924,1024,705,true,174,167,186,178,heuristic
9710,113734,5484,512,384,true,97,93,99,95,heuristic
9711,113735,6440,512,438,true,127,105,113,93,heuristic
9712,113736,7160,512,490,true,128,116,111,135,heuristic
9713,113737,12224,1024,735,true,203,174,167,191,heuristic
9714,113738,7176,512,491,true,125,118,132,116,heuristic
9715,113739,6444,512,440,true,140,84,117,99,heuristic
9716,113740,12160,1024,724,true,191,163,195,175,heuristic
9717,113741,11508,1024,682,true,179,168,178,157,heuristic
9718,113742,6716,512,444,true,117,116,105,106,heuristic
9719,113743,3112,256,251,true,68,59,72,52,heuristic
9720,113744,12176,1024,731,true,205,159,209,158,heuristic
9721,113745,7108,512,492,true,111,136,132,113,heuristic
9722,113746,14308,1024,833,true,218,214,208,193,heuristic
9723,113747,10484,1024,614,true,175,160,156,123,heuristic
9724,113748,12132,1024,718,true,185,178,196,159,heuristic
9725,113749,7176,512,493,true,120,123,136,114,heuristic
9726,113750,6568,512,439,true,115,102,122,100,heuristic
9727,113751,7120,512,481,true,126,117,132,106,heuristic
9728,113752,7128,512,488,true,140,110,137,101,heuristic
9729,113753,7088,512,483,true,129,116,137,101,heuristic
9730,113754,11128,1024,636,true,159,151,191,135,heuristic
9731,113755,5328,512,368,true,94,86,96,92,heuristic
9732,113756,7004,512,471,true,129,108,121,113,heuristic
9733,113757,3248,256,274,true,71,60,78,65,heuristic
9734,113758,6172,512,435,true,126,94,86,129,heuristic
9735,113759,7460,512,521,true,139,123,150,109,heuristic
9736,113760,12144,1024,729,true,210,161,174,184,heuristic
9737,113761,10628,1024,621,true,151,149,167,154,heuristic
9738,113762,6620,512,452,true,117,110,111,114,heuristic
9739,113763,15360,1024,892,true,240,206,210,236,heuristic
9740,113764,14500,1024,853,true,225,207,232,189,heuristic
9741,113765,14364,1024,829,true,193,224,221,191,heuristic
9742,113766,7020,512,471,true,129,114,118,110,heuristic
9743,113767,7224,512,504,true,142,118,133,111,heuristic
9744,113768,6784,512,468,true,103,136,121,108,heuristic
9745,113769,13144,1024,779,true,197,185,150,247,heuristic
9746,113770,7212,512,502,true,113,137,128,124,heuristic
9747,113771,7068,512,480,true,128,121,121,110,heuristic
9748,113772,10580,1024,629,true,161,146,168,154,heuristic
9749,113773,5556,512,383,true,92,99,103,89,heuristic
9750,113774,14588,1024,852,true,200,237,214,201,heuristic
9751,113775,14796,1024,879,true,244,194,228,213,heuristic
9752,113776,7236,512,493,true,129,114,136,114,heuristic
9753,113777,5700,512,402,true,113,78,107,104,heuristic
9754,113778,5324,512,364,true,115,73,85,91,heuristic
9755,113779,12284,1024,738,true,187,192,192,167,heuristic
9756,113780,12308,1024,726,true,191,162,178,195,heuristic
9757,113781,6340,512,425,true,119,100,107,99,heuristic
9758,113782,5432,512,378,true,104,93,87,94,heuristic
9759,113783,5496,512,385,true,110,88,98,89,heuristic
9760,113784,12604,1024,770,true,197,197,165,211,heuristic
9761,113785,6956,512,482,true,137,110,122,113,heuristic
9762,113786,12332,1024,731,true,168,199,146,218,heuristic
9763,113787,3268,256,269,true,70,67,73,59,heuristic
9764,113788,14856,1024,874,true,235,206,212,221,heuristic
9765,113789,6284,512,416,true,130,72,104,110,heuristic
9766,113790,12256,1024,740,true,189,186,192,173,heuristic
9767,113791,15404,1024,899,true,225,239,224,211,heuristic
9768,113792,12204,1024,727,true,216,161,189,161,heuristic
9769,113793,6200,512,441,true,120,96,117,108,heuristic
9770,113794,7460,512,515,true,140,112,150,113,heuristic
9771,113795,6884,512,468,true,126,105,127,110,heuristic
9772,113796,3484,256,290,true,77,80,62,71,heuristic
9773,113797,7168,512,496,true,144,101,127,124,heuristic
9774,113798,7020,512,472,true,103,134,132,103,heuristic
9775,113799,7048,512,478,true,144,102,135,97,heuristic
9776,113800,11732,1024,690,true,153,198,171,168,heuristic
9777,113801,7792,512,535,true,143,130,129,133,heuristic
9778,113802,5628,512,395,true,95,98,84,118,heuristic
9779,113803,3228,256,271,true,85,53,62,71,heuristic
9780,113804,5460,512,385,true,109,87,96,93,heuristic
9781,113805,5656,512,395,true,122,73,91,109,heuristic
9782,113806,14336,1024,828,true,206,216,224,182,heuristic
9783,113807,3164,256,263,true,65,61,63,74,heuristic
9784,113808,3448,256,286,true,70,69,80,67,heuristic
9785,113809,12208,1024,732,true,180,181,186,185,heuristic
9786,113810,6904,512,464,true,108,119,138,99,heuristic
9787,113811,3660,256,299,true,60,88,88,63,heuristic
9788,113812,10660,1024,635,true,154,163,174,144,heuristic
9789,113813,6472,512,442,true,107,130,116,89,heuristic
9790,113814,5920,512,420,true,121,92,96,111,heuristic
9791,113815,5876,512,413,true,130,87,89,107,heuristic
9792,113816,12164,1024,732,true,186,175,191,180,heuristic
9793,113817,11632,1024,676,true,179,151,172,174,heuristic
9794,113818,6428,512,442,true,127,106,122,87,heuristic
9795,113819,5364,512,373,true,114,70,106,83,heuristic
9796,113820,9920,1024,573,true,156,126,143,148,heuristic
9797,113821,7512,512,515,true,138,121,162,94,heuristic
9798,113822,7012,512,486,true,128,124,105,129,heuristic
9799,113823,7008,512,469,true,111,118,138,102,heuristic
9800,113824,6836,512,463,true,126,106,112,119,heuristic
9801,113825,6968,512,474,true,128,115,142,89,heuristic
9802,113826,14476,1024,836,true,214,209,234,179,heuristic
9803,113827,12208,1024,728,true,192,166,182,188,heuristic
9804,113828,11628,1024,675,true,187,138,183,167,heuristic
9805,113829,5424,512,376,true,93,96,85,102,heuristic
9806,113830,3400,256,275,true,73,75,58,69,heuristic
9807,113831,6180,512,437,true,114,107,122,94,heuristic
9808,113832,7132,512,494,true,108,141,123,122,heuristic
9809,113833,6880,512,472,true,120,116,125,111,heuristic
9810,113834,7020,512,483,true,120,117,140,106,heuristic
9811,113835,14520,1024,847,true,247,172,229,199,heuristic
9812,113836,7040,512,477,true,132,114,112,119,heuristic
9813,113837,3420,256,284,true,76,69,63,76,heuristic
9814,113838,15784,1024,918,true,255,210,222,231,heuristic
9815,113839,6968,512,475,true,132,104,132,107,heuristic
9816,113840,7720,512,508,true,143,106,125,134,heuristic
9817,113841,11968,1024,701,true,197,159,193,152,heuristic
9818,113842,6548,512,452,true,125,121,102,104,heuristic
9819,113843,10656,1024,638,true,176,149,141,172,heuristic
9820,113844,7884,512,552,true,144,136,157,115,heuristic
9821,113845,14356,1024,826,true,203,198,215,210,heuristic
9822,113846,5420,512,375,true,101,93,96,85,heuristic
9823,113847,7304,512,505,true,128,127,130,120,heuristic
9824,113848,7132,512,484,true,143,93,124,124,heuristic
9825,113849,5608,512,394,true,100,102,116,76,heuristic
9826,113850,12216,1024,729,true,195,185,202,147,heuristic
9827,113851,5764,512,413,true,96,102,115,100,heuristic
9828,113852,14528,1024,845,true,227,200,233,185,heuristic
9829,113853,7128,512,487,true,119,129,121,118,heuristic
9830,113854,11768,1024,697,true,218,145,150,184,heuristic
9831,113855,11472,1024,673,true,170,172,160,171,heuristic
9832,113856,7332,512,510,true,135,114,163,98,heuristic
9833,113857,11908,1024,716,true,168,187,202,159,heuristic
9834,113858,12176,1024,727,true,175,184,166,202,heuristic
9835,113859,7092,512,485,true,116,126,128,115,heuristic
9836,113860,12208,1024,728,true,186,175,215,152,heuristic
9837,113861,7304,512,498,true,146,94,122,136,heuristic
9838,113862,3068,256,253,true,76,56,54,67,heuristic
9839,113863,11956,1024,698,true,166,180,196,156,heuristic
9840,113864,7764,512,534,true,143,132,146,113,heuristic
9841,113865,7212,512,502,true,130,121,152,99,heuristic
9842,113866,7064,512,479,true,126,118,101,134,heuristic
9843,113867,3196,256,263,true,92,45,63,63,heuristic
9844,113868,16040,1024,940,true,249,227,228,236,heuristic
9845,113869,6928,512,466,true,134,97,99,136,heuristic
9846,113870,6396,512,440,true,132,101,106,101,heuristic
9847,113871,8248,512,548,true,165,97,157,129,heuristic
9848,113872,7512,512,528,true,145,112,148,123,heuristic
9849,113873,7528,512,517,true,142,126,147,102,heuristic
9850,113874,4892,512,340,true,101,69,87,83,heuristic
9851,113875,7028,512,472,true,115,115,118,124,heuristic
9852,113876,4244,256,333,true,91,69,76,97,heuristic
9853,113877,3416,256,279,true,73,68,89,49,heuristic
9854,113878,12212,1024,729,true,150,224,201,154,heuristic
9855,113879,6932,512,463,true,152,97,114,100,heuristic
9856,113880,6344,512,432,true,122,101,85,124,heuristic
9857,113881,14364,1024,835,true,234,165,215,221,heuristic
9858,113882,3684,256,294,true,76,68,86,64,heuristic
9859,113883,7128,512,493,true,116,128,127,122,heuristic
9860,113884,14308,1024,818,true,187,213,211,207,heuristic
9861,113885,3496,256,280,true,77,60,81,62,heuristic
9862,113886,11996,1024,697,true,181,160,183,173,heuristic
9863,113887,7048,512,483,true,125,132,107,119,heuristic
9864,113888,5416,512,374,true,99,93,99,83,heuristic
9865,113889,12148,1024,717,true,193,178,174,172,heuristic
9866,113890,7164,512,492,true,124,133,130,105,heuristic
9867,113891,7048,512,479,true,140,97,120,122,heuristic
9868,113892,11488,1024,667,true,172,167,167,161,heuristic
9869,113893,12264,1024,727,true,180,190,186,171,heuristic
9870,113894,10512,1024,620,true,156,151,143,170,heuristic
9871,113895,3784,256,303,true,86,69,86,62,heuristic
9872,113896,12336,1024,733,true,228,126,229,150,heuristic
9873,113897,7328,512,501,true,143,104,142,112,heuristic
9874,113898,7504,512,513,true,128,137,139,109,heuristic
9875,113899,6624,512,452,true,113,103,136,100,heuristic
9876,113900,8048,512,537,true,146,130,134,127,heuristic
9877,113901,7080,512,483,true,108,137,113,125,heuristic
9878,113902,14744,1024,850,true,208,226,227,189,heuristic
9879,113903,6740,512,449,true,112,111,136,90,heuristic
9880,113904,10460,1024,612,true,145,166,142,159,heuristic
9881,113905,7240,512,500,true,121,130,131,118,heuristic
9882,113906,11360,1024,657,true,163,161,163,170,heuristic
9883,113907,7496,512,525,true,141,125,126,133,heuristic
9884,113908,6636,512,454,true,113,112,114,115,heuristic
9885,113909,8064,512,540,true,121,164,136,119,heuristic
9886,113910,6820,512,465,true,131,90,138,106,heuristic
9887,113911,13148,1024,783,true,189,206,224,164,heuristic
9888,113912,12020,1024,709,true,165,192,167,185,heuristic
9889,113913,6616,512,450,true,120,109,130,91,heuristic
9890,113914,6912,512,476,true,145,87,133,111,heuristic
9891,113915,14836,1024,868,true,227,222,206,213,heuristic
9892,113916,1768,128,182,true,65,35,34,48,heuristic
9893,113917,1616,128,161,true,41,42,37,41,heuristic
9894,113918,7532,512,526,true,122,138,146,120,heuristic
9895,113919,3048,256,247,true,67,58,59,63,heuristic
9896,113920,5524,512,385,true,95,102,95,93,heuristic
9897,113921,12160,1024,722,true,187,171,212,152,heuristic
9898,113922,7164,512,492,true,117,131,128,116,heuristic
9899,113923,3440,256,285,true,80,63,85,57,heuristic
9900,113924,7212,512,503,true,125,116,137,125,heuristic
9901,113925,16168,1024,959,true,231,261,245,222,heuristic
9902,113926,13412,1024,762,true,182,194,186,200,heuristic
9903,113927,11704,1024,694,true,172,178,199,145,heuristic
9904,113928,12200,1024,725,true,206,160,211,148,heuristic
9905,113929,3136,256,263,true,74,57,65,67,heuristic
9906,113930,9920,1024,573,true,134,170,141,128,heuristic
9907,113931,2368,256,201,true,49,53,51,48,heuristic
9908,113932,4688,256,353,true,101,63,99,90,heuristic
9909,113933,8120,512,550,true,138,145,130,137,heuristic
9910,113934,12444,1024,753,true,233,162,177,181,heuristic
9911,113935,8016,512,538,true,135,150,132,121,heuristic
9912,113936,7344,512,504,true,126,129,114,135,heuristic
9913,113937,6660,512,458,true,128,106,128,96,heuristic
9914,113938,3148,256,255,true,64,61,73,57,heuristic
9915,113939,3172,256,260,true,72,60,70,58,heuristic
9916,113940,7428,512,514,true,116,144,126,128,heuristic
9917,113941,6380,512,427,true,116,107,109,95,heuristic
9918,113942,7836,512,520,true,149,111,130,130,heuristic
9919,113943,14436,1024,840,true,232,184,207,217,heuristic
9920,113944,7456,512,520,true,156,129,112,123,heuristic
9921,113945,7200,512,499,true,128,122,134,115,heuristic
9922,113946,7296,512,497,true,93,153,119,132,heuristic
9923,113947,6452,512,439,true,126,96,95,122,heuristic
9924,113948,11156,1024,661,true,164,163,160,174,heuristic
9925,113949,11156,1024,668,true,153,175,169,171,heuristic
9926,113950,5604,512,390,true,116,81,80,113,heuristic
9927,113951,3180,256,252,true,64,63,67,58,heuristic
9928,113952,7180,512,495,true,133,124,116,122,heuristic
9929,113953,7128,512,494,true,126,118,122,128,heuristic
9930,113954,15928,1024,917,true,244,208,216,249,heuristic
9931,113955,11472,1024,672,true,203,153,166,150,heuristic
9932,113956,6392,512,431,true,137,89,109,96,heuristic
9933,113957,15172,1024,903,true,224,224,243,212,heuristic
9934,113958,7208,512,501,true,123,124,119,135,heuristic
9935,113959,7196,512,498,true,120,124,135,119,heuristic
9936,113960,12836,1024,774,true,217,186,227,144,heuristic
9937,113961,5496,512,389,true,115,88,94,92,heuristic
9938,113962,14516,1024,843,true,220,198,222,203,heuristic
9939,113963,5308,512,365,true,104,79,109,73,heuristic
9940,113964,7148,512,476,true,104,129,125,118,heuristic
9941,113965,12160,1024,721,true,211,159,170,181,heuristic
9942,113966,5436,512,384,true,100,93,105,86,heuristic
9943,113967,6652,512,454,true,132,82,126,114,heuristic
9944,113968,5564,512,394,true,111,101,104,78,heuristic
9945,113969,6956,512,471,true,131,109,130,101,heuristic
9946,113970,7744,512,525,true,149,124,132,120,heuristic
9947,113971,14036,1024,797,true,217,184,193,203,heuristic
9948,113972,3252,256,266,true,75,56,49,86,heuristic
9949,113973,3256,256,266,true,79,50,64,73,heuristic
9950,113974,4592,512,313,true,89,70,88,66,heuristic
9951,113975,16116,1024,953,true,197,284,248,224,heuristic
9952,113976,7108,512,490,true,123,121,143,103,heuristic
9953,113977,3448,256,290,true,72,66,80,72,heuristic
9954,113978,6708,512,461,true,143,98,113,107,heuristic
9955,113979,7136,512,488,true,101,131,139,117,heuristic
9956,113980,6404,512,441,true,123,108,127,83,heuristic
9957,113981,3288,256,274,true,86,56,62,70,heuristic
9958,113982,12092,1024,717,true,215,155,170,177,heuristic
9959,113983,14444,1024,843,true,227,214,196,206,heuristic
9960,113984,3636,256,287,true,81,58,69,79,heuristic
9961,113985,7496,512,521,true,126,133,115,147,heuristic
9962,113986,8720,512,589,true,162,140,131,156,heuristic
9963,113987,5720,512,403,true,110,91,109,93,heuristic
9964,113988,7324,512,504,true,123,137,119,125,heuristic
9965,113989,14496,1024,847,true,216,229,202,200,heuristic
9966,113990,6756,512,452,true,123,106,117,106,heuristic
9967,113991,9176,512,591,true,138,164,176,113,heuristic
9968,113992,12116,1024,718,true,184,169,192,173,heuristic
9969,113993,7296,512,511,true,131,111,135,134,heuristic
9970,113994,5380,512,381,true,81,114,101,85,heuristic
9971,113995,14608,1024,862,true,243,203,230,186,heuristic
9972,113996,14548,1024,838,true,248,162,227,201,heuristic
9973,113997,6720,512,464,true,121,106,127,110,heuristic
9974,113998,6424,512,434,true,132,95,102,105,heuristic
9975,113999,6668,512,460,true,131,102,112,115,heuristic
9976,114000,3308,256,279,true,93,48,70,68,heuristic
9977,114001,7180,512,494,true,139,95,130,130,heuristic
9978,114002,13704,1024,786,true,224,170,201,191,heuristic
9979,114003,7192,512,493,true,120,127,121,125,heuristic
9980,114004,7108,512,483,true,110,120,118,135,heuristic
9981,114005,7752,512,530,true,130,130,129,141,heuristic
9982,114006,7220,512,500,true,144,115,137,104,heuristic
9983,114007,7180,512,502,true,138,108,154,102,heuristic
9984,114008,3428,256,271,true,67,77,63,64,heuristic
9985,114009,7288,512,495,true,126,132,126,111,heuristic
9986,114010,3376,256,276,true,70,61,70,75,heuristic
9987,114011,5612,512,392,true,95,86,107,104,heuristic
9988,114012,16160,1024,951,true,243,246,208,254,heuristic
9989,114013,6544,512,448,true,120,111,138,79,heuristic
9990,114014,7160,512,490,true,128,117,134,111,heuristic
9991,114015,5424,512,376,true,83,114,89,90,heuristic
9992,114016,3892,256,313,true,67,90,97,59,heuristic
9993,114017,7064,512,486,true,131,120,108,127,heuristic
9994,114018,7476,512,525,true,137,120,126,142,heuristic
9995,114019,7208,512,502,true,120,131,136,115,heuristic
9996,114020,8200,512,554,true,106,171,130,147,heuristic
9997,114021,12000,1024,704,true,184,174,179,167,heuristic
9998,114022,8412,512,564,true,127,150,151,136,heuristic
9999,114023,11440,1024,664,true,180,154,156,174,heuristic
